{"type":"FeatureCollection","features":[{"type":"Feature","geometry":{"type":"Point","coordinates":[34.628463,0.209263]},"properties":{"id":"523244158","n":"Eshiembekho PD3","t":"pdw","c":"Kakamega"}},{"type":"Feature","geometry":{"type":"Point","coordinates":[34.62092,0.273583]},"properties":{"id":"523194095","n":"EsokonePD 7","t":"pdw","c":"Kakamega"}},{"type":"Feature","geometry":{"type":"Point","coordinates":[34.635988,0.215578]},"properties":{"id":"523290692","n":"Bukalama PD12","t":"pdw","c":"Kakamega"}},{"type":"Feature","geometry":{"type":"Point","coordinates":[34.631057,0.257755]},"properties":{"id":"523264932","n":"Eshitua PD2","t":"pdw","c":"Kakamega"}},{"type":"Feature","geometry":{"type":"Point","coordinates":[34.630795,0.208083]},"properties":{"id":"523331986","n":"Soi PD7","t":"pdw","c":"Kakamega"}},{"type":"Feature","geometry":{"type":"Point","coordinates":[34.616783,0.198298]},"properties":{"id":"523204813","n":"Ebuyemi PD3","t":"pdw","c":"Kakamega"}},{"type":"Feature","geometry":{"type":"Point","coordinates":[34.628855,0.254922]},"properties":{"id":"523329152","n":"Eshitua PD8","t":"pdw","c":"Kakamega"}},{"type":"Feature","geometry":{"type":"Point","coordinates":[34.633848,0.265918]},"properties":{"id":"523227102","n":"Eshibakala PD9","t":"pdw","c":"Kakamega"}},{"type":"Feature","geometry":{"type":"Point","coordinates":[34.613748,0.211325]},"properties":{"id":"523282381","n":"Ekhananga PS1","t":"ps","c":"Kakamega"}},{"type":"Feature","geometry":{"type":"Point","coordinates":[34.617181,0.282852]},"properties":{"id":"523327411","n":"Eshiaka PD 10","t":"pdw","c":"Kakamega"}},{"type":"Feature","geometry":{"type":"Point","coordinates":[34.619427,0.218207]},"properties":{"id":"523200417","n":"Emakhatsa PD6","t":"pdw","c":"Kakamega"}},{"type":"Feature","geometry":{"type":"Point","coordinates":[34.616642,0.217912]},"properties":{"id":"523264554","n":"Emakhatsa PD1","t":"pdw","c":"Kakamega"}},{"type":"Feature","geometry":{"type":"Point","coordinates":[34.636802,0.251322]},"properties":{"id":"523240862","n":"Mulwanda US1","t":"us","c":"Kakamega"}},{"type":"Feature","geometry":{"type":"Point","coordinates":[34.623588,0.19977]},"properties":{"id":"523230731","n":"Mwitsayi PS2","t":"ps","c":"Kakamega"}},{"type":"Feature","geometry":{"type":"Point","coordinates":[34.61515,0.246152]},"properties":{"id":"523315326","n":"Emirikunyi US 1","t":"us","c":"Kakamega"}},{"type":"Feature","geometry":{"type":"Point","coordinates":[34.63407,0.216552]},"properties":{"id":"523196712","n":"Bukalama PD18","t":"pdw","c":"Kakamega"}},{"type":"Feature","geometry":{"type":"Point","coordinates":[34.617043,0.25734]},"properties":{"id":"523206334","n":"Eshirembe PD7","t":"pdw","c":"Kakamega"}},{"type":"Feature","geometry":{"type":"Point","coordinates":[34.630303,0.240698]},"properties":{"id":"523290173","n":"Ebukhang'a PD2","t":"pdw","c":"Kakamega"}},{"type":"Feature","geometry":{"type":"Point","coordinates":[34.634307,0.26442]},"properties":{"id":"523311195","n":"Eshibakala PD11","t":"pdw","c":"Kakamega"}},{"type":"Feature","geometry":{"type":"Point","coordinates":[34.625985,0.206167]},"properties":{"id":"471340418","n":"Mwikholo Community, Festo Kuboka Spring - 22146","t":"ps","c":"Kakamega"}},{"type":"Feature","geometry":{"type":"Point","coordinates":[34.617975,0.19424]},"properties":{"id":"523210878","n":"Ebukulima PD6","t":"pdw","c":"Kakamega"}},{"type":"Feature","geometry":{"type":"Point","coordinates":[34.610863,0.198063]},"properties":{"id":"523224329","n":"Elukhambi B PS2","t":"ps","c":"Kakamega"}},{"type":"Feature","geometry":{"type":"Point","coordinates":[34.621637,0.259718]},"properties":{"id":"523309684","n":"Eshirembe PD19","t":"pdw","c":"Kakamega"}},{"type":"Feature","geometry":{"type":"Point","coordinates":[34.622425,0.25688]},"properties":{"id":"523203537","n":"Eshirembe PD9","t":"pdw","c":"Kakamega"}},{"type":"Feature","geometry":{"type":"Point","coordinates":[34.63606,0.256857]},"properties":{"id":"523317115","n":"Eshibakala PD3","t":"pdw","c":"Kakamega"}},{"type":"Feature","geometry":{"type":"Point","coordinates":[34.617283,0.250202]},"properties":{"id":"523288992","n":"Eshitoto PS3","t":"ps","c":"Kakamega"}},{"type":"Feature","geometry":{"type":"Point","coordinates":[34.61985,0.274463]},"properties":{"id":"523326939","n":"Esokone PD10","t":"pdw","c":"Kakamega"}},{"type":"Feature","geometry":{"type":"Point","coordinates":[34.625785,0.280781]},"properties":{"id":"523215134","n":"Isango A PD 11","t":"pdw","c":"Kakamega"}},{"type":"Feature","geometry":{"type":"Point","coordinates":[34.632275,0.20834]},"properties":{"id":"523266848","n":"Soi PD10","t":"pdw","c":"Kakamega"}},{"type":"Feature","geometry":{"type":"Point","coordinates":[34.641928,0.259088]},"properties":{"id":"523200187","n":"Emuraka UD1","t":"udw","c":"Kakamega"}},{"type":"Feature","geometry":{"type":"Point","coordinates":[34.629232,0.26347]},"properties":{"id":"523351203","n":"Eshirembe PD25","t":"pdw","c":"Kakamega"}},{"type":"Feature","geometry":{"type":"Point","coordinates":[34.623142,0.197883]},"properties":{"id":"523298061","n":"Mwitsayi US2","t":"us","c":"Kakamega"}},{"type":"Feature","geometry":{"type":"Point","coordinates":[34.618382,0.219877]},"properties":{"id":"523311236","n":"Emakhatsa PD12","t":"pdw","c":"Kakamega"}},{"type":"Feature","geometry":{"type":"Point","coordinates":[34.636557,0.247107]},"properties":{"id":"523278380","n":"Mulwanda BH1","t":"bh","c":"Kakamega"}},{"type":"Feature","geometry":{"type":"Point","coordinates":[34.643317,0.264783]},"properties":{"id":"523260574","n":"Emuraka B PD2","t":"pdw","c":"Kakamega"}},{"type":"Feature","geometry":{"type":"Point","coordinates":[34.647025,0.26315]},"properties":{"id":"523286660","n":"Emuraka BPS2","t":"ps","c":"Kakamega"}},{"type":"Feature","geometry":{"type":"Point","coordinates":[34.619518,0.262713]},"properties":{"id":"523214607","n":"Ematsayi US2","t":"us","c":"Kakamega"}},{"type":"Feature","geometry":{"type":"Point","coordinates":[34.61541,0.27509]},"properties":{"id":"523235200","n":"Esokone PD4","t":"pdw","c":"Kakamega"}},{"type":"Feature","geometry":{"type":"Point","coordinates":[34.62717,0.228668]},"properties":{"id":"523230779","n":"Eshirumba PS4","t":"ps","c":"Kakamega"}},{"type":"Feature","geometry":{"type":"Point","coordinates":[34.617375,0.274188]},"properties":{"id":"523332107","n":"Esokone PS2","t":"ps","c":"Kakamega"}},{"type":"Feature","geometry":{"type":"Point","coordinates":[34.617495,0.266387]},"properties":{"id":"523203252","n":"Ematsayi PD5","t":"us","c":"Kakamega"}},{"type":"Feature","geometry":{"type":"Point","coordinates":[34.619028,0.202093]},"properties":{"id":"523327538","n":"Shiamshinjiri PD1","t":"pdw","c":"Kakamega"}},{"type":"Feature","geometry":{"type":"Point","coordinates":[34.615737,0.204128]},"properties":{"id":"523300173","n":"Shiamshinjiri PS1","t":"ps","c":"Kakamega"}},{"type":"Feature","geometry":{"type":"Point","coordinates":[34.63482,0.210965]},"properties":{"id":"523235293","n":"Bukalama PD4","t":"pdw","c":"Kakamega"}},{"type":"Feature","geometry":{"type":"Point","coordinates":[34.634302,0.209895]},"properties":{"id":"523234223","n":"Bukalama PD2","t":"pdw","c":"Kakamega"}},{"type":"Feature","geometry":{"type":"Point","coordinates":[34.61844,0.195302]},"properties":{"id":"523193599","n":"Mwitsayi PD3","t":"pdw","c":"Kakamega"}},{"type":"Feature","geometry":{"type":"Point","coordinates":[34.637078,0.21305]},"properties":{"id":"523305116","n":"Mwiyenga A PD4","t":"pdw","c":"Kakamega"}},{"type":"Feature","geometry":{"type":"Point","coordinates":[34.622898,0.267618]},"properties":{"id":"523338976","n":"Emukangu PD10","t":"pdw","c":"Kakamega"}},{"type":"Feature","geometry":{"type":"Point","coordinates":[34.617282,0.247413]},"properties":{"id":"523303444","n":"Eshitoto PS2","t":"ps","c":"Kakamega"}},{"type":"Feature","geometry":{"type":"Point","coordinates":[34.632942,0.262325]},"properties":{"id":"523282116","n":"Eshibakala PD8","t":"pdw","c":"Kakamega"}},{"type":"Feature","geometry":{"type":"Point","coordinates":[34.630302,0.210838]},"properties":{"id":"563537591","n":"Mwikholo Community, Olunyiriri Spring - 23128","t":"ps","c":"Kakamega"}},{"type":"Feature","geometry":{"type":"Point","coordinates":[34.609078,0.251045]},"properties":{"id":"523336864","n":"Mumbinga US1","t":"us","c":"Kakamega"}},{"type":"Feature","geometry":{"type":"Point","coordinates":[34.629658,0.263442]},"properties":{"id":"523291796","n":"Eshirembe PD26","t":"pdw","c":"Kakamega"}},{"type":"Feature","geometry":{"type":"Point","coordinates":[34.625285,0.260005]},"properties":{"id":"523204143","n":"Eshirembe PWS2","t":"pdw","c":"Kakamega"}},{"type":"Feature","geometry":{"type":"Point","coordinates":[34.613822,0.261478]},"properties":{"id":"432093465","n":"Ematende Primary School - 22261","t":"bh","c":"Kakamega","d":60.0}},{"type":"Feature","geometry":{"type":"Point","coordinates":[34.624372,0.264443]},"properties":{"id":"523257598","n":"Eshimichini PD4","t":"pdw","c":"Kakamega"}},{"type":"Feature","geometry":{"type":"Point","coordinates":[34.643917,0.252657]},"properties":{"id":"523309378","n":"Ikuywa US3","t":"us","c":"Kakamega"}},{"type":"Feature","geometry":{"type":"Point","coordinates":[34.620003,0.254797]},"properties":{"id":"523244055","n":"Esokone PD2","t":"pdw","c":"Kakamega"}},{"type":"Feature","geometry":{"type":"Point","coordinates":[34.64219,0.262388]},"properties":{"id":"523213974","n":"Emuraka A US2","t":"us","c":"Kakamega"}},{"type":"Feature","geometry":{"type":"Point","coordinates":[34.629222,0.210323]},"properties":{"id":"523236751","n":"Eshiembekho PD2","t":"pdw","c":"Kakamega"}},{"type":"Feature","geometry":{"type":"Point","coordinates":[34.631222,0.256715]},"properties":{"id":"523228512","n":"Eshitua PD9","t":"pdw","c":"Kakamega"}},{"type":"Feature","geometry":{"type":"Point","coordinates":[34.635475,0.210907]},"properties":{"id":"523268431","n":"Mwiyenga A PD7","t":"pdw","c":"Kakamega"}},{"type":"Feature","geometry":{"type":"Point","coordinates":[34.632882,0.215358]},"properties":{"id":"523222114","n":"Bukalama PD22","t":"pdw","c":"Kakamega"}},{"type":"Feature","geometry":{"type":"Point","coordinates":[34.638917,0.210618]},"properties":{"id":"523259569","n":"Mwiyenga A PD9","t":"pdw","c":"Kakamega"}},{"type":"Feature","geometry":{"type":"Point","coordinates":[34.615453,0.236502]},"properties":{"id":"523289515","n":"Eshisendo PD2","t":"pdw","c":"Kakamega"}},{"type":"Feature","geometry":{"type":"Point","coordinates":[34.639502,0.207488]},"properties":{"id":"523300238","n":"Mwiyenga A PD10","t":"pdw","c":"Kakamega"}},{"type":"Feature","geometry":{"type":"Point","coordinates":[34.631385,0.207635]},"properties":{"id":"523332578","n":"Soi PD1","t":"pdw","c":"Kakamega"}},{"type":"Feature","geometry":{"type":"Point","coordinates":[34.633255,0.246873]},"properties":{"id":"523249579","n":"Mulwanda US2","t":"us","c":"Kakamega"}},{"type":"Feature","geometry":{"type":"Point","coordinates":[34.62925,0.208393]},"properties":{"id":"523207957","n":"Soi PD5","t":"pdw","c":"Kakamega"}},{"type":"Feature","geometry":{"type":"Point","coordinates":[34.63156,0.223295]},"properties":{"id":"523199588","n":"Emuyinda PD5","t":"pdw","c":"Kakamega"}},{"type":"Feature","geometry":{"type":"Point","coordinates":[34.621082,0.275515]},"properties":{"id":"523270186","n":"Esokone PD16","t":"pdw","c":"Kakamega"}},{"type":"Feature","geometry":{"type":"Point","coordinates":[34.620077,0.235702]},"properties":{"id":"523238595","n":"Elunani PS1","t":"ps","c":"Kakamega"}},{"type":"Feature","geometry":{"type":"Point","coordinates":[34.611212,0.25069]},"properties":{"id":"523208831","n":"Mumbinga UD1","t":"udw","c":"Kakamega"}},{"type":"Feature","geometry":{"type":"Point","coordinates":[34.63605,0.210168]},"properties":{"id":"523348791","n":"Mwiyenga A PD8","t":"pdw","c":"Kakamega"}},{"type":"Feature","geometry":{"type":"Point","coordinates":[34.630343,0.272147]},"properties":{"id":"523249445","n":"Emukangu PD6","t":"pdw","c":"Kakamega"}},{"type":"Feature","geometry":{"type":"Point","coordinates":[34.638813,0.255928]},"properties":{"id":"523273897","n":"Ikuywa US3","t":"us","c":"Kakamega"}},{"type":"Feature","geometry":{"type":"Point","coordinates":[34.622795,0.192847]},"properties":{"id":"523286464","n":"Mwitsayi","t":"pdw","c":"Kakamega"}},{"type":"Feature","geometry":{"type":"Point","coordinates":[34.621862,0.261193]},"properties":{"id":"523291356","n":"Eshirembe PS4","t":"ps","c":"Kakamega"}},{"type":"Feature","geometry":{"type":"Point","coordinates":[34.617508,0.19993]},"properties":{"id":"523195869","n":"Ebuyemi US1","t":"us","c":"Kakamega"}},{"type":"Feature","geometry":{"type":"Point","coordinates":[34.64338,0.255618]},"properties":{"id":"523205151","n":"Ikuywa UD1","t":"udw","c":"Kakamega"}},{"type":"Feature","geometry":{"type":"Point","coordinates":[34.629377,0.233117]},"properties":{"id":"523293578","n":"Eshirumba PS3","t":"ps","c":"Kakamega"}},{"type":"Feature","geometry":{"type":"Point","coordinates":[34.627072,0.207308]},"properties":{"id":"523284149","n":"Eshiembekho PD4","t":"pdw","c":"Kakamega"}},{"type":"Feature","geometry":{"type":"Point","coordinates":[34.610138,0.193153]},"properties":{"id":"523219059","n":"Ebutenje PD3","t":"pdw","c":"Kakamega"}},{"type":"Feature","geometry":{"type":"Point","coordinates":[34.620078,0.194022]},"properties":{"id":"523304548","n":"Mwitsayi PD2","t":"pdw","c":"Kakamega"}},{"type":"Feature","geometry":{"type":"Point","coordinates":[34.623727,0.282918]},"properties":{"id":"523231464","n":"Isango A PD 3","t":"pdw","c":"Kakamega"}},{"type":"Feature","geometry":{"type":"Point","coordinates":[34.63493,0.216433]},"properties":{"id":"523249782","n":"Bukalama PD17","t":"pdw","c":"Kakamega"}},{"type":"Feature","geometry":{"type":"Point","coordinates":[34.614504,0.278137]},"properties":{"id":"523296791","n":"Eshiaka PD 13","t":"pdw","c":"Kakamega"}},{"type":"Feature","geometry":{"type":"Point","coordinates":[34.626283,0.25924]},"properties":{"id":"523314538","n":"Eshirembe PD17","t":"pdw","c":"Kakamega"}},{"type":"Feature","geometry":{"type":"Point","coordinates":[34.628093,0.262872]},"properties":{"id":"523351193","n":"Eshirembe PD24","t":"pdw","c":"Kakamega"}},{"type":"Feature","geometry":{"type":"Point","coordinates":[34.628553,0.265128]},"properties":{"id":"523309440","n":"Eshirembe 2001","t":"pdw","c":"Kakamega"}},{"type":"Feature","geometry":{"type":"Point","coordinates":[34.636208,0.243367]},"properties":{"id":"523214140","n":"Ebukhang'a US2","t":"us","c":"Kakamega"}},{"type":"Feature","geometry":{"type":"Point","coordinates":[34.62414,0.252623]},"properties":{"id":"523328072","n":"Eshirembe PD11","t":"pdw","c":"Kakamega"}},{"type":"Feature","geometry":{"type":"Point","coordinates":[34.622513,0.233713]},"properties":{"id":"523316970","n":"Emukombera PS1","t":"ps","c":"Kakamega"}},{"type":"Feature","geometry":{"type":"Point","coordinates":[34.61993,0.27456]},"properties":{"id":"523341983","n":"Esokone BH1","t":"bh","c":"Kakamega"}},{"type":"Feature","geometry":{"type":"Point","coordinates":[34.626523,0.261642]},"properties":{"id":"523326898","n":"Eshirembe US5","t":"us","c":"Kakamega"}},{"type":"Feature","geometry":{"type":"Point","coordinates":[34.637472,0.259775]},"properties":{"id":"523192787","n":"Eshibakala PS2","t":"ps","c":"Kakamega"}},{"type":"Feature","geometry":{"type":"Point","coordinates":[34.621098,0.275541]},"properties":{"id":"661122378","n":"Ematsayi Primary School - 23009","t":"bh","c":"Kakamega","d":80.0}},{"type":"Feature","geometry":{"type":"Point","coordinates":[34.615612,0.245867]},"properties":{"id":"523225722","n":"Eshitoto PS1","t":"ps","c":"Kakamega"}},{"type":"Feature","geometry":{"type":"Point","coordinates":[34.632522,0.256023]},"properties":{"id":"523258001","n":"Eshitua PD4","t":"pdw","c":"Kakamega"}},{"type":"Feature","geometry":{"type":"Point","coordinates":[34.620282,0.221267]},"properties":{"id":"385569666","n":"Kilimo Deb Primary School - 22289","t":"bh","c":"Kakamega","d":42.0}},{"type":"Feature","geometry":{"type":"Point","coordinates":[34.620518,0.221005]},"properties":{"id":"523324195","n":"Emakhatsa BH2","t":"bh","c":"Kakamega"}},{"type":"Feature","geometry":{"type":"Point","coordinates":[34.642303,0.261008]},"properties":{"id":"523210043","n":"Emuraka A US1","t":"us","c":"Kakamega"}},{"type":"Feature","geometry":{"type":"Point","coordinates":[34.631052,0.224962]},"properties":{"id":"523227566","n":"Emuyinda PD4","t":"pdw","c":"Kakamega"}},{"type":"Feature","geometry":{"type":"Point","coordinates":[34.626402,0.249285]},"properties":{"id":"523284228","n":"Ebukatsi PD3","t":"pdw","c":"Kakamega"}},{"type":"Feature","geometry":{"type":"Point","coordinates":[34.614227,0.200273]},"properties":{"id":"523303891","n":"Shiamshinjiri US1","t":"us","c":"Kakamega"}},{"type":"Feature","geometry":{"type":"Point","coordinates":[34.63966,0.254752]},"properties":{"id":"523312828","n":"Ikuywa PD4","t":"pdw","c":"Kakamega"}},{"type":"Feature","geometry":{"type":"Point","coordinates":[34.629017,0.269983]},"properties":{"id":"523280121","n":"Emukangu PD7","t":"pdw","c":"Kakamega"}},{"type":"Feature","geometry":{"type":"Point","coordinates":[34.616898,0.211485]},"properties":{"id":"523207531","n":"Enyakwaka PD2","t":"pdw","c":"Kakamega"}},{"type":"Feature","geometry":{"type":"Point","coordinates":[34.632393,0.221982]},"properties":{"id":"523205900","n":"Emuyinda PD8","t":"pdw","c":"Kakamega"}},{"type":"Feature","geometry":{"type":"Point","coordinates":[34.616422,0.266438]},"properties":{"id":"523307400","n":"Ematsayi PD9","t":"pdw","c":"Kakamega"}},{"type":"Feature","geometry":{"type":"Point","coordinates":[34.611382,0.21801]},"properties":{"id":"523327284","n":"Esokomi PD2","t":"pdw","c":"Kakamega"}},{"type":"Feature","geometry":{"type":"Point","coordinates":[34.619333,0.279435]},"properties":{"id":"523280358","n":"Esokone UD1","t":"udw","c":"Kakamega"}},{"type":"Feature","geometry":{"type":"Point","coordinates":[34.623173,0.264947]},"properties":{"id":"523330363","n":"Eshimichini US1","t":"us","c":"Kakamega"}},{"type":"Feature","geometry":{"type":"Point","coordinates":[34.617257,0.253558]},"properties":{"id":"523218869","n":"Eshitoto PS4","t":"ps","c":"Kakamega"}},{"type":"Feature","geometry":{"type":"Point","coordinates":[34.64037,0.256143]},"properties":{"id":"523278878","n":"Ikuywa PS1","t":"ps","c":"Kakamega"}},{"type":"Feature","geometry":{"type":"Point","coordinates":[34.641403,0.2638]},"properties":{"id":"523219341","n":"Emuraka A US3","t":"us","c":"Kakamega"}},{"type":"Feature","geometry":{"type":"Point","coordinates":[34.621095,0.267418]},"properties":{"id":"523234742","n":"Ematsayi PD10","t":"pdw","c":"Kakamega"}},{"type":"Feature","geometry":{"type":"Point","coordinates":[34.632593,0.223427]},"properties":{"id":"523336967","n":"Emuyinda PD7","t":"pdw","c":"Kakamega"}},{"type":"Feature","geometry":{"type":"Point","coordinates":[34.640432,0.246825]},"properties":{"id":"523254007","n":"Elwabembe US2","t":"us","c":"Kakamega"}},{"type":"Feature","geometry":{"type":"Point","coordinates":[34.619208,0.220193]},"properties":{"id":"523351131","n":"Emakhatsa BH1","t":"bh","c":"Kakamega"}},{"type":"Feature","geometry":{"type":"Point","coordinates":[34.619287,0.195487]},"properties":{"id":"523257646","n":"MwitsayiPD4","t":"pdw","c":"Kakamega"}},{"type":"Feature","geometry":{"type":"Point","coordinates":[34.625873,0.275353]},"properties":{"id":"523241870","n":"Emukangu PD5","t":"pdw","c":"Kakamega"}},{"type":"Feature","geometry":{"type":"Point","coordinates":[34.636843,0.270023]},"properties":{"id":"523193252","n":"Isembe PD1","t":"pdw","c":"Kakamega"}},{"type":"Feature","geometry":{"type":"Point","coordinates":[34.614792,0.218695]},"properties":{"id":"523296083","n":"Esokomi PD5","t":"pdw","c":"Kakamega"}},{"type":"Feature","geometry":{"type":"Point","coordinates":[34.62805,0.262558]},"properties":{"id":"523233961","n":"Eshirembe PD23","t":"pdw","c":"Kakamega"}},{"type":"Feature","geometry":{"type":"Point","coordinates":[34.638963,0.252443]},"properties":{"id":"523234247","n":"Eshibakala PD16","t":"pdw","c":"Kakamega"}},{"type":"Feature","geometry":{"type":"Point","coordinates":[34.620242,0.262383]},"properties":{"id":"523232874","n":"Ematsayi US1","t":"us","c":"Kakamega"}},{"type":"Feature","geometry":{"type":"Point","coordinates":[34.625612,0.259222]},"properties":{"id":"523196327","n":"Eshirembe PD16","t":"pdw","c":"Kakamega"}},{"type":"Feature","geometry":{"type":"Point","coordinates":[34.618975,0.218375]},"properties":{"id":"523202804","n":"Emakhatsa PWS10","t":"pdw","c":"Kakamega"}},{"type":"Feature","geometry":{"type":"Point","coordinates":[34.61719,0.284306]},"properties":{"id":"523336888","n":"Eshiaka PD 8","t":"pdw","c":"Kakamega"}},{"type":"Feature","geometry":{"type":"Point","coordinates":[34.634625,0.259927]},"properties":{"id":"523240044","n":"Eshibakala PD5","t":"pdw","c":"Kakamega"}},{"type":"Feature","geometry":{"type":"Point","coordinates":[34.629483,0.205992]},"properties":{"id":"523315151","n":"Mulwanda A PD4","t":"pdw","c":"Kakamega"}},{"type":"Feature","geometry":{"type":"Point","coordinates":[34.632205,0.210678]},"properties":{"id":"523203207","n":"Soi PD12","t":"pdw","c":"Kakamega"}},{"type":"Feature","geometry":{"type":"Point","coordinates":[34.629985,0.246382]},"properties":{"id":"523227384","n":"Ebukatsi PD1","t":"pdw","c":"Kakamega"}},{"type":"Feature","geometry":{"type":"Point","coordinates":[34.615665,0.193893]},"properties":{"id":"523225076","n":"Ebuyemi PD4","t":"pdw","c":"Kakamega"}},{"type":"Feature","geometry":{"type":"Point","coordinates":[34.624683,0.23801]},"properties":{"id":"523265957","n":"Elunani PD1","t":"pdw","c":"Kakamega"}},{"type":"Feature","geometry":{"type":"Point","coordinates":[34.613485,0.247205]},"properties":{"id":"523225997","n":"Mumbinga PD2","t":"pdw","c":"Kakamega"}},{"type":"Feature","geometry":{"type":"Point","coordinates":[34.62589,0.232447]},"properties":{"id":"523330916","n":"Eshirumba PD5","t":"pdw","c":"Kakamega"}},{"type":"Feature","geometry":{"type":"Point","coordinates":[34.625868,0.263573]},"properties":{"id":"523343583","n":"Eshirembe 22","t":"pdw","c":"Kakamega"}},{"type":"Feature","geometry":{"type":"Point","coordinates":[34.626118,0.20684]},"properties":{"id":"523326520","n":"Mulwanda A PS1","t":"ps","c":"Kakamega"}},{"type":"Feature","geometry":{"type":"Point","coordinates":[34.616181,0.243884]},"properties":{"id":"13035037","n":"Mulundu, Fanice Mwango Spring - 4755","t":"ps","c":"Kakamega"}},{"type":"Feature","geometry":{"type":"Point","coordinates":[34.619743,0.276965]},"properties":{"id":"523243281","n":"EsokonePD14","t":"pdw","c":"Kakamega"}},{"type":"Feature","geometry":{"type":"Point","coordinates":[34.636183,0.261882]},"properties":{"id":"523213936","n":"Eshibakala PD13","t":"pdw","c":"Kakamega"}},{"type":"Feature","geometry":{"type":"Point","coordinates":[34.646173,0.264255]},"properties":{"id":"523221302","n":"Emuraka B PS1","t":"ps","c":"Kakamega"}},{"type":"Feature","geometry":{"type":"Point","coordinates":[34.630323,0.207337]},"properties":{"id":"523258692","n":"Soi PD4","t":"pdw","c":"Kakamega"}},{"type":"Feature","geometry":{"type":"Point","coordinates":[34.619393,0.276153]},"properties":{"id":"523329073","n":"Esokone PD13","t":"pdw","c":"Kakamega"}},{"type":"Feature","geometry":{"type":"Point","coordinates":[34.632023,0.253487]},"properties":{"id":"523215828","n":"Eshitua PD6","t":"pdw","c":"Kakamega"}},{"type":"Feature","geometry":{"type":"Point","coordinates":[34.641755,0.258223]},"properties":{"id":"523276553","n":"Ikuywa PD1","t":"pdw","c":"Kakamega"}},{"type":"Feature","geometry":{"type":"Point","coordinates":[34.613724,0.278025]},"properties":{"id":"523251671","n":"Eshiaka PD15","t":"pdw","c":"Kakamega"}},{"type":"Feature","geometry":{"type":"Point","coordinates":[34.610645,0.192772]},"properties":{"id":"523350422","n":"Ebutenje PD6","t":"pdw","c":"Kakamega"}},{"type":"Feature","geometry":{"type":"Point","coordinates":[34.620574,0.241326]},"properties":{"id":"432093403","n":"Echiviywa Community, Echiviywa spring - 22133","t":"ps","c":"Kakamega"}},{"type":"Feature","geometry":{"type":"Point","coordinates":[34.635792,0.215728]},"properties":{"id":"523339551","n":"Bukalama PD13","t":"pdw","c":"Kakamega"}},{"type":"Feature","geometry":{"type":"Point","coordinates":[34.634877,0.259403]},"properties":{"id":"523338309","n":"Eshibakala PD4","t":"pdw","c":"Kakamega"}},{"type":"Feature","geometry":{"type":"Point","coordinates":[34.631577,0.25961]},"properties":{"id":"523212313","n":"Eshitua PD1","t":"pdw","c":"Kakamega"}},{"type":"Feature","geometry":{"type":"Point","coordinates":[34.618495,0.272748]},"properties":{"id":"523263072","n":"Esokone PD6","t":"pdw","c":"Kakamega"}},{"type":"Feature","geometry":{"type":"Point","coordinates":[34.61679,0.217412]},"properties":{"id":"523204040","n":"PWS8","t":"us","c":"Kakamega"}},{"type":"Feature","geometry":{"type":"Point","coordinates":[34.614485,0.21847]},"properties":{"id":"523306193","n":"Esokomi PD4","t":"pdw","c":"Kakamega"}},{"type":"Feature","geometry":{"type":"Point","coordinates":[34.609652,0.192427]},"properties":{"id":"523254667","n":"Ebutenje PD4","t":"pdw","c":"Kakamega"}},{"type":"Feature","geometry":{"type":"Point","coordinates":[34.639478,0.211585]},"properties":{"id":"523326915","n":"Mwiyenga A PD1","t":"pdw","c":"Kakamega"}},{"type":"Feature","geometry":{"type":"Point","coordinates":[34.613908,0.21834]},"properties":{"id":"523203276","n":"Esokomi PWS2","t":"pdw","c":"Kakamega"}},{"type":"Feature","geometry":{"type":"Point","coordinates":[34.62043,0.255727]},"properties":{"id":"523305563","n":"Eshirembe US1","t":"us","c":"Kakamega"}},{"type":"Feature","geometry":{"type":"Point","coordinates":[34.62721,0.232402]},"properties":{"id":"523244402","n":"Eshirumba PS4","t":"ps","c":"Kakamega"}},{"type":"Feature","geometry":{"type":"Point","coordinates":[34.612525,0.189567]},"properties":{"id":"523253707","n":"Etono PD1","t":"pdw","c":"Kakamega"}},{"type":"Feature","geometry":{"type":"Point","coordinates":[34.609112,0.254533]},"properties":{"id":"523286677","n":"Mumbinga PS1","t":"ps","c":"Kakamega"}},{"type":"Feature","geometry":{"type":"Point","coordinates":[34.624915,0.256075]},"properties":{"id":"523230614","n":"Eshirembe US4","t":"us","c":"Kakamega"}},{"type":"Feature","geometry":{"type":"Point","coordinates":[34.621377,0.236003]},"properties":{"id":"523313207","n":"Elunani US1","t":"us","c":"Kakamega"}},{"type":"Feature","geometry":{"type":"Point","coordinates":[34.630723,0.208772]},"properties":{"id":"523250807","n":"Soi PD9","t":"pdw","c":"Kakamega"}},{"type":"Feature","geometry":{"type":"Point","coordinates":[34.626952,0.231043]},"properties":{"id":"523199959","n":"EshirumbaUS3","t":"us","c":"Kakamega"}},{"type":"Feature","geometry":{"type":"Point","coordinates":[34.635458,0.207902]},"properties":{"id":"523305934","n":"Mwiyenga A PD14","t":"pdw","c":"Kakamega"}},{"type":"Feature","geometry":{"type":"Point","coordinates":[34.623547,0.210532]},"properties":{"id":"523195656","n":"Eshiembekho PD6","t":"pdw","c":"Kakamega"}},{"type":"Feature","geometry":{"type":"Point","coordinates":[34.624657,0.264918]},"properties":{"id":"523301916","n":"Eshimichini PS1","t":"ps","c":"Kakamega"}},{"type":"Feature","geometry":{"type":"Point","coordinates":[34.62682,0.283402]},"properties":{"id":"523295350","n":"Isango A BH 13","t":"bh","c":"Kakamega"}},{"type":"Feature","geometry":{"type":"Point","coordinates":[34.61577,0.208173]},"properties":{"id":"523193805","n":"Enyakwaka PD1","t":"pdw","c":"Kakamega"}},{"type":"Feature","geometry":{"type":"Point","coordinates":[34.625777,0.255222]},"properties":{"id":"523203939","n":"Eshirembe US3","t":"pdw","c":"Kakamega"}},{"type":"Feature","geometry":{"type":"Point","coordinates":[34.615202,0.19079]},"properties":{"id":"523204648","n":"Etono PS1","t":"ps","c":"Kakamega"}},{"type":"Feature","geometry":{"type":"Point","coordinates":[34.625978,0.254282]},"properties":{"id":"523297510","n":"Eshirembe PD14","t":"pdw","c":"Kakamega"}},{"type":"Feature","geometry":{"type":"Point","coordinates":[34.614057,0.215962]},"properties":{"id":"523241069","n":"Ekhananga PD1","t":"pdw","c":"Kakamega"}},{"type":"Feature","geometry":{"type":"Point","coordinates":[34.613998,0.198858]},"properties":{"id":"523347855","n":"Elukhambi B US1","t":"us","c":"Kakamega"}},{"type":"Feature","geometry":{"type":"Point","coordinates":[34.624902,0.227122]},"properties":{"id":"523216867","n":"Ekabala PD3","t":"pdw","c":"Kakamega"}},{"type":"Feature","geometry":{"type":"Point","coordinates":[34.61981,0.256785]},"properties":{"id":"523241485","n":"Eshirembe PS1","t":"ps","c":"Kakamega"}},{"type":"Feature","geometry":{"type":"Point","coordinates":[34.614013,0.193305]},"properties":{"id":"523239716","n":"Ebukulima PD5","t":"pdw","c":"Kakamega"}},{"type":"Feature","geometry":{"type":"Point","coordinates":[34.613705,0.196588]},"properties":{"id":"523321161","n":"Ebukulima PD1","t":"pdw","c":"Kakamega"}},{"type":"Feature","geometry":{"type":"Point","coordinates":[34.636842,0.25263]},"properties":{"id":"523348832","n":"Eshibakala US1","t":"us","c":"Kakamega"}},{"type":"Feature","geometry":{"type":"Point","coordinates":[34.619782,0.22758]},"properties":{"id":"523238784","n":"Shianda PD4","t":"pdw","c":"Kakamega"}},{"type":"Feature","geometry":{"type":"Point","coordinates":[34.61798,0.24258]},"properties":{"id":"3750425","n":"Emulundu Primary School Borehole - 4212","t":"bh","c":"Kakamega"}},{"type":"Feature","geometry":{"type":"Point","coordinates":[34.622287,0.210672]},"properties":{"id":"523269085","n":"Mwikholo PS1","t":"us","c":"Kakamega"}},{"type":"Feature","geometry":{"type":"Point","coordinates":[34.64091,0.24553]},"properties":{"id":"523301662","n":"Elwabembe PD1","t":"pdw","c":"Kakamega"}},{"type":"Feature","geometry":{"type":"Point","coordinates":[34.63298,0.209708]},"properties":{"id":"523303530","n":"Soi PD11","t":"pdw","c":"Kakamega"}},{"type":"Feature","geometry":{"type":"Point","coordinates":[34.616618,0.265163]},"properties":{"id":"523351155","n":"Ematsayi PD8","t":"pdw","c":"Kakamega"}},{"type":"Feature","geometry":{"type":"Point","coordinates":[34.617925,0.214515]},"properties":{"id":"523203726","n":"Emakhatsa PS1","t":"pdw","c":"Kakamega"}},{"type":"Feature","geometry":{"type":"Point","coordinates":[34.640528,0.249033]},"properties":{"id":"523351234","n":"Elwabembe US4","t":"us","c":"Kakamega"}},{"type":"Feature","geometry":{"type":"Point","coordinates":[34.619322,0.240077]},"properties":{"id":"523349084","n":"Emulundu PS3","t":"ps","c":"Kakamega"}},{"type":"Feature","geometry":{"type":"Point","coordinates":[34.621572,0.254497]},"properties":{"id":"523310888","n":"Eshirembe PD1","t":"pdw","c":"Kakamega"}},{"type":"Feature","geometry":{"type":"Point","coordinates":[34.63776,0.27028]},"properties":{"id":"523263948","n":"Isembe US1","t":"us","c":"Kakamega"}},{"type":"Feature","geometry":{"type":"Point","coordinates":[34.61126,0.216888]},"properties":{"id":"523342403","n":"Emucherera PD4","t":"pdw","c":"Kakamega"}},{"type":"Feature","geometry":{"type":"Point","coordinates":[34.627522,0.271328]},"properties":{"id":"523204796","n":"Emukangu PD8","t":"pdw","c":"Kakamega"}},{"type":"Feature","geometry":{"type":"Point","coordinates":[34.614081,0.278173]},"properties":{"id":"523343590","n":"Eshiaka PD14","t":"pdw","c":"Kakamega"}},{"type":"Feature","geometry":{"type":"Point","coordinates":[34.63387,0.214175]},"properties":{"id":"523282666","n":"Bukalama PD7","t":"pdw","c":"Kakamega"}},{"type":"Feature","geometry":{"type":"Point","coordinates":[34.63577,0.215303]},"properties":{"id":"523267739","n":"Bukalama PD10","t":"pdw","c":"Kakamega"}},{"type":"Feature","geometry":{"type":"Point","coordinates":[34.622557,0.279963]},"properties":{"id":"523205010","n":"Isango A PD 8","t":"pdw","c":"Kakamega"}},{"type":"Feature","geometry":{"type":"Point","coordinates":[34.626878,0.236335]},"properties":{"id":"523283124","n":"Elunani PS2","t":"ps","c":"Kakamega"}},{"type":"Feature","geometry":{"type":"Point","coordinates":[34.643044,0.271978]},"properties":{"id":"523272683","n":"Emulele PD 20","t":"pdw","c":"Kakamega"}},{"type":"Feature","geometry":{"type":"Point","coordinates":[34.623865,0.272772]},"properties":{"id":"523229441","n":"Emukangu PD1","t":"pdw","c":"Kakamega"}},{"type":"Feature","geometry":{"type":"Point","coordinates":[34.619053,0.218408]},"properties":{"id":"523228804","n":"Emakhatsa PD7","t":"pdw","c":"Kakamega"}},{"type":"Feature","geometry":{"type":"Point","coordinates":[34.617242,0.220077]},"properties":{"id":"523193788","n":"Emakhatsa PD9","t":"pdw","c":"Kakamega"}},{"type":"Feature","geometry":{"type":"Point","coordinates":[34.631603,0.211722]},"properties":{"id":"523322564","n":"Eshiembekho PD1","t":"pdw","c":"Kakamega"}},{"type":"Feature","geometry":{"type":"Point","coordinates":[34.634957,0.249778]},"properties":{"id":"523316451","n":"Mulwanda PD3","t":"pdw","c":"Kakamega"}},{"type":"Feature","geometry":{"type":"Point","coordinates":[34.611728,0.193635]},"properties":{"id":"523227009","n":"Elukhambi PD1","t":"pdw","c":"Kakamega"}},{"type":"Feature","geometry":{"type":"Point","coordinates":[34.623764,0.284608]},"properties":{"id":"523228581","n":"Isango A PS 12","t":"ps","c":"Kakamega"}},{"type":"Feature","geometry":{"type":"Point","coordinates":[34.614177,0.214412]},"properties":{"id":"523259370","n":"Emucherera PS2","t":"ps","c":"Kakamega"}},{"type":"Feature","geometry":{"type":"Point","coordinates":[34.625253,0.241312]},"properties":{"id":"523298841","n":"Echibiywa PS2","t":"ps","c":"Kakamega"}},{"type":"Feature","geometry":{"type":"Point","coordinates":[34.616474,0.285216]},"properties":{"id":"523337023","n":"Eshiaka PD7","t":"pdw","c":"Kakamega"}},{"type":"Feature","geometry":{"type":"Point","coordinates":[34.625342,0.206433]},"properties":{"id":"523291129","n":"Mwikholo US2","t":"us","c":"Kakamega"}},{"type":"Feature","geometry":{"type":"Point","coordinates":[34.608385,0.212983]},"properties":{"id":"523261537","n":"Emucherera PD2","t":"pdw","c":"Kakamega"}},{"type":"Feature","geometry":{"type":"Point","coordinates":[34.627333,0.245737]},"properties":{"id":"523326159","n":"Ebukatsi PD3","t":"pdw","c":"Kakamega"}},{"type":"Feature","geometry":{"type":"Point","coordinates":[34.626835,0.266007]},"properties":{"id":"523234254","n":"Eshimichini PD8","t":"pdw","c":"Kakamega"}},{"type":"Feature","geometry":{"type":"Point","coordinates":[34.630342,0.208463]},"properties":{"id":"523217105","n":"Soi PD8","t":"pdw","c":"Kakamega"}},{"type":"Feature","geometry":{"type":"Point","coordinates":[34.620378,0.218923]},"properties":{"id":"523273024","n":"Emakhatsa PD13","t":"pdw","c":"Kakamega"}},{"type":"Feature","geometry":{"type":"Point","coordinates":[34.632015,0.208953]},"properties":{"id":"523339276","n":"Soi PD13","t":"pdw","c":"Kakamega"}},{"type":"Feature","geometry":{"type":"Point","coordinates":[34.611292,0.21217]},"properties":{"id":"523269315","n":"Emucherera PS1","t":"ps","c":"Kakamega"}},{"type":"Feature","geometry":{"type":"Point","coordinates":[34.620983,0.251383]},"properties":{"id":"523305477","n":"Eshitoto BH1","t":"bh","c":"Kakamega"}},{"type":"Feature","geometry":{"type":"Point","coordinates":[34.620775,0.284329]},"properties":{"id":"523247560","n":"Eshiaka PD 3","t":"pdw","c":"Kakamega"}},{"type":"Feature","geometry":{"type":"Point","coordinates":[34.617732,0.219957]},"properties":{"id":"523262985","n":"Emakhatsa PD10","t":"pdw","c":"Kakamega"}},{"type":"Feature","geometry":{"type":"Point","coordinates":[34.624358,0.235797]},"properties":{"id":"523309660","n":"Elunani US2","t":"us","c":"Kakamega"}},{"type":"Feature","geometry":{"type":"Point","coordinates":[34.636025,0.214983]},"properties":{"id":"523337391","n":"Bukalama PD11","t":"pdw","c":"Kakamega"}},{"type":"Feature","geometry":{"type":"Point","coordinates":[34.623897,0.25354]},"properties":{"id":"523329901","n":"Eshirembe PD10","t":"pdw","c":"Kakamega"}},{"type":"Feature","geometry":{"type":"Point","coordinates":[34.640627,0.246772]},"properties":{"id":"523216740","n":"Elwabembe US1","t":"us","c":"Kakamega"}},{"type":"Feature","geometry":{"type":"Point","coordinates":[34.618208,0.277538]},"properties":{"id":"523214810","n":"Esokone PD15","t":"pdw","c":"Kakamega"}},{"type":"Feature","geometry":{"type":"Point","coordinates":[34.624748,0.258068]},"properties":{"id":"523204277","n":"Eshirembe PS2","t":"ps","c":"Kakamega"}},{"type":"Feature","geometry":{"type":"Point","coordinates":[34.635655,0.21285]},"properties":{"id":"523241564","n":"Mwiyenga A PD6","t":"pdw","c":"Kakamega"}},{"type":"Feature","geometry":{"type":"Point","coordinates":[34.610377,0.210843]},"properties":{"id":"523263759","n":"Emucherera. PD3","t":"pdw","c":"Kakamega"}},{"type":"Feature","geometry":{"type":"Point","coordinates":[34.623948,0.194315]},"properties":{"id":"523298683","n":"Mwitsayi US1","t":"us","c":"Kakamega"}},{"type":"Feature","geometry":{"type":"Point","coordinates":[34.620687,0.261525]},"properties":{"id":"523319643","n":"Eshirembe PS3","t":"ps","c":"Kakamega"}},{"type":"Feature","geometry":{"type":"Point","coordinates":[34.611507,0.204247]},"properties":{"id":"523339180","n":"Elukhambi A PS1","t":"ps","c":"Kakamega"}},{"type":"Feature","geometry":{"type":"Point","coordinates":[34.612723,0.203212]},"properties":{"id":"523243528","n":"Elukhambi A PS2","t":"ps","c":"Kakamega"}},{"type":"Feature","geometry":{"type":"Point","coordinates":[34.639867,0.21215]},"properties":{"id":"523333108","n":"Mwiyenga A PD3","t":"pdw","c":"Kakamega"}},{"type":"Feature","geometry":{"type":"Point","coordinates":[34.61271,0.247767]},"properties":{"id":"523347927","n":"Mumbinga PD1","t":"pdw","c":"Kakamega"}},{"type":"Feature","geometry":{"type":"Point","coordinates":[34.63438,0.212493]},"properties":{"id":"523300070","n":"Bukalama PD5","t":"pdw","c":"Kakamega"}},{"type":"Feature","geometry":{"type":"Point","coordinates":[34.610485,0.207785]},"properties":{"id":"523301576","n":"Enyakwaka PS1","t":"ps","c":"Kakamega"}},{"type":"Feature","geometry":{"type":"Point","coordinates":[34.617572,0.257597]},"properties":{"id":"523346627","n":"Eshirembe PD6","t":"pdw","c":"Kakamega"}},{"type":"Feature","geometry":{"type":"Point","coordinates":[34.634043,0.208242]},"properties":{"id":"523256607","n":"Bukalama PD1","t":"pdw","c":"Kakamega"}},{"type":"Feature","geometry":{"type":"Point","coordinates":[34.641325,0.269618]},"properties":{"id":"523316712","n":"Emulele US5","t":"us","c":"Kakamega"}},{"type":"Feature","geometry":{"type":"Point","coordinates":[34.626178,0.264918]},"properties":{"id":"523255369","n":"Eshimichini PD7","t":"pdw","c":"Kakamega"}},{"type":"Feature","geometry":{"type":"Point","coordinates":[34.61242,0.196155]},"properties":{"id":"523313489","n":"Ebukulima PD2","t":"pdw","c":"Kakamega"}},{"type":"Feature","geometry":{"type":"Point","coordinates":[34.619967,0.274208]},"properties":{"id":"523302151","n":"Esokone PD9","t":"pdw","c":"Kakamega"}},{"type":"Feature","geometry":{"type":"Point","coordinates":[34.625852,0.21279]},"properties":{"id":"523255534","n":"Eshiembekho US1","t":"us","c":"Kakamega"}},{"type":"Feature","geometry":{"type":"Point","coordinates":[34.613222,0.245768]},"properties":{"id":"523247931","n":"Eshibanga PD3","t":"pdw","c":"Kakamega"}},{"type":"Feature","geometry":{"type":"Point","coordinates":[34.614373,0.217948]},"properties":{"id":"523224666","n":"Esokomi PD3","t":"pdw","c":"Kakamega"}},{"type":"Feature","geometry":{"type":"Point","coordinates":[34.61809,0.23309]},"properties":{"id":"3750535","n":"Eshiandukusi Primary School Hand-Dug Well - 4211","t":"pdw","c":"Kakamega"}},{"type":"Feature","geometry":{"type":"Point","coordinates":[34.613113,0.218868]},"properties":{"id":"523331618","n":"EsokomiPD8","t":"pdw","c":"Kakamega"}},{"type":"Feature","geometry":{"type":"Point","coordinates":[34.611155,0.2426]},"properties":{"id":"523250656","n":"Eshibanga PS1","t":"ps","c":"Kakamega"}},{"type":"Feature","geometry":{"type":"Point","coordinates":[34.623618,0.202057]},"properties":{"id":"523277626","n":"Eshiekomola PD1","t":"pdw","c":"Kakamega"}},{"type":"Feature","geometry":{"type":"Point","coordinates":[34.623546,0.28208]},"properties":{"id":"523272061","n":"Isango A PD 2","t":"pdw","c":"Kakamega"}},{"type":"Feature","geometry":{"type":"Point","coordinates":[34.632793,0.216063]},"properties":{"id":"523233868","n":"Bukalama PD21","t":"pdw","c":"Kakamega"}},{"type":"Feature","geometry":{"type":"Point","coordinates":[34.629178,0.206257]},"properties":{"id":"523234618","n":"Mulwanda APD3","t":"pdw","c":"Kakamega"}},{"type":"Feature","geometry":{"type":"Point","coordinates":[34.633187,0.216423]},"properties":{"id":"523340803","n":"Bukalama PD20","t":"pdw","c":"Kakamega"}},{"type":"Feature","geometry":{"type":"Point","coordinates":[34.640153,0.210227]},"properties":{"id":"523285638","n":"Mwiyenga A PS3","t":"ps","c":"Kakamega"}},{"type":"Feature","geometry":{"type":"Point","coordinates":[34.62226,0.250905]},"properties":{"id":"523313685","n":"Eshitoto US1","t":"us","c":"Kakamega"}},{"type":"Feature","geometry":{"type":"Point","coordinates":[34.625085,0.271263]},"properties":{"id":"523265579","n":"Emukangu PS3","t":"ps","c":"Kakamega"}},{"type":"Feature","geometry":{"type":"Point","coordinates":[34.636517,0.215442]},"properties":{"id":"523347185","n":"Bukalama PD15","t":"pdw","c":"Kakamega"}},{"type":"Feature","geometry":{"type":"Point","coordinates":[34.61879,0.227677]},"properties":{"id":"523229733","n":"Shianda PD3","t":"pdw","c":"Kakamega"}},{"type":"Feature","geometry":{"type":"Point","coordinates":[34.618578,0.233405]},"properties":{"id":"523341488","n":"Shianda PD1","t":"pdw","c":"Kakamega"}},{"type":"Feature","geometry":{"type":"Point","coordinates":[34.630167,0.208208]},"properties":{"id":"523304201","n":"Soi PD6","t":"pdw","c":"Kakamega"}},{"type":"Feature","geometry":{"type":"Point","coordinates":[34.622895,0.233247]},"properties":{"id":"523250144","n":"Emukombera US1","t":"us","c":"Kakamega"}},{"type":"Feature","geometry":{"type":"Point","coordinates":[34.620348,0.191493]},"properties":{"id":"523271572","n":"Eshilibo PD5","t":"pdw","c":"Kakamega"}},{"type":"Feature","geometry":{"type":"Point","coordinates":[34.6231,0.197885]},"properties":{"id":"459133601","n":"Mwitsai Community, Mwitsai Spring - 22145","t":"ps","c":"Kakamega"}},{"type":"Feature","geometry":{"type":"Point","coordinates":[34.634023,0.214673]},"properties":{"id":"523252713","n":"Bukalama PD8","t":"pdw","c":"Kakamega"}},{"type":"Feature","geometry":{"type":"Point","coordinates":[34.61658,0.265697]},"properties":{"id":"523238904","n":"Ematsayi PD7","t":"pdw","c":"Kakamega"}},{"type":"Feature","geometry":{"type":"Point","coordinates":[34.62365,0.270583]},"properties":{"id":"523247405","n":"Emukangu PS4","t":"ps","c":"Kakamega"}},{"type":"Feature","geometry":{"type":"Point","coordinates":[34.612585,0.24648]},"properties":{"id":"523262765","n":"Eshibanga US1","t":"us","c":"Kakamega"}},{"type":"Feature","geometry":{"type":"Point","coordinates":[34.613327,0.245228]},"properties":{"id":"523292395","n":"Eshibanga PD2","t":"pdw","c":"Kakamega"}},{"type":"Feature","geometry":{"type":"Point","coordinates":[34.625208,0.261892]},"properties":{"id":"523221072","n":"Eshirembe PD21","t":"pdw","c":"Kakamega"}},{"type":"Feature","geometry":{"type":"Point","coordinates":[34.628553,0.273718]},"properties":{"id":"523349046","n":"Emukangu PS1","t":"ps","c":"Kakamega"}},{"type":"Feature","geometry":{"type":"Point","coordinates":[34.63043,0.223213]},"properties":{"id":"523290568","n":"Emuyinda PS1","t":"ps","c":"Kakamega"}},{"type":"Feature","geometry":{"type":"Point","coordinates":[34.614943,0.197448]},"properties":{"id":"523292663","n":"Ebukulima PS1","t":"ps","c":"Kakamega"}},{"type":"Feature","geometry":{"type":"Point","coordinates":[34.628728,0.245907]},"properties":{"id":"523315900","n":"Ebukatsi PS1","t":"ps","c":"Kakamega"}},{"type":"Feature","geometry":{"type":"Point","coordinates":[34.62011,0.24877]},"properties":{"id":"523328821","n":"Eshitoto PS5","t":"ps","c":"Kakamega"}},{"type":"Feature","geometry":{"type":"Point","coordinates":[34.617393,0.265468]},"properties":{"id":"523233411","n":"Ematsayi PD6","t":"pdw","c":"Kakamega"}},{"type":"Feature","geometry":{"type":"Point","coordinates":[34.617267,0.206453]},"properties":{"id":"523326771","n":"Shiamshinjiri PD2","t":"pdw","c":"Kakamega"}},{"type":"Feature","geometry":{"type":"Point","coordinates":[34.630292,0.227698]},"properties":{"id":"523260505","n":"Emuyinda PD2","t":"pdw","c":"Kakamega"}},{"type":"Feature","geometry":{"type":"Point","coordinates":[34.625455,0.274518]},"properties":{"id":"523346706","n":"Emukangu PD 2","t":"pdw","c":"Kakamega"}},{"type":"Feature","geometry":{"type":"Point","coordinates":[34.63252,0.252668]},"properties":{"id":"523332183","n":"Mulwanda PS1","t":"ps","c":"Kakamega"}},{"type":"Feature","geometry":{"type":"Point","coordinates":[34.624282,0.208675]},"properties":{"id":"523316114","n":"Eshiembekho PS1","t":"ps","c":"Kakamega"}},{"type":"Feature","geometry":{"type":"Point","coordinates":[34.620595,0.227283]},"properties":{"id":"523293224","n":"Shianda PD5","t":"pdw","c":"Kakamega"}},{"type":"Feature","geometry":{"type":"Point","coordinates":[34.640052,0.252783]},"properties":{"id":"523330765","n":"Ikuywa PD3","t":"pdw","c":"Kakamega"}},{"type":"Feature","geometry":{"type":"Point","coordinates":[34.63318,0.260625]},"properties":{"id":"523213981","n":"Eshibakala PS1","t":"ps","c":"Kakamega"}},{"type":"Feature","geometry":{"type":"Point","coordinates":[34.61485,0.274613]},"properties":{"id":"523309402","n":"Esokone PD1","t":"pdw","c":"Kakamega"}},{"type":"Feature","geometry":{"type":"Point","coordinates":[34.621158,0.229207]},"properties":{"id":"523273488","n":"Ekabala PD1","t":"pdw","c":"Kakamega"}},{"type":"Feature","geometry":{"type":"Point","coordinates":[34.62484,0.194107]},"properties":{"id":"25704169","n":"Matendechere Water Spring No 298","t":"ps","c":"Kakamega"}},{"type":"Feature","geometry":{"type":"Point","coordinates":[34.615552,0.21771]},"properties":{"id":"523213486","n":"Emakhatsa PD3","t":"pdw","c":"Kakamega"}},{"type":"Feature","geometry":{"type":"Point","coordinates":[34.624855,0.206802]},"properties":{"id":"523234319","n":"Mwikholo PS1","t":"ps","c":"Kakamega"}},{"type":"Feature","geometry":{"type":"Point","coordinates":[34.62144,0.272442]},"properties":{"id":"523351162","n":"Esokone PD7","t":"pdw","c":"Kakamega"}},{"type":"Feature","geometry":{"type":"Point","coordinates":[34.623227,0.247648]},"properties":{"id":"523255675","n":"Echibiywa PS1","t":"ps","c":"Kakamega"}},{"type":"Feature","geometry":{"type":"Point","coordinates":[34.62888,0.243472]},"properties":{"id":"471340267","n":"Ebukatshi Community, Ebukatshi Spring - 22142","t":"ps","c":"Kakamega"}},{"type":"Feature","geometry":{"type":"Point","coordinates":[34.61418,0.216824]},"properties":{"id":"412744530","n":"Ekapwonje Primary School - 22268","t":"bh","c":"Kakamega","d":100.0}},{"type":"Feature","geometry":{"type":"Point","coordinates":[34.632777,0.212865]},"properties":{"id":"523304005","n":"Bukalama PD6","t":"pdw","c":"Kakamega"}},{"type":"Feature","geometry":{"type":"Point","coordinates":[34.623096,0.281029]},"properties":{"id":"523275064","n":"Isango A PD 9","t":"pdw","c":"Kakamega"}},{"type":"Feature","geometry":{"type":"Point","coordinates":[34.612727,0.243957]},"properties":{"id":"523313173","n":"Eshibanga PD1","t":"pdw","c":"Kakamega"}},{"type":"Feature","geometry":{"type":"Point","coordinates":[34.618282,0.229248]},"properties":{"id":"523258197","n":"Shianda PS3","t":"ps","c":"Kakamega"}},{"type":"Feature","geometry":{"type":"Point","coordinates":[34.621288,0.264188]},"properties":{"id":"523231543","n":"Ematsayi PD2","t":"pdw","c":"Kakamega"}},{"type":"Feature","geometry":{"type":"Point","coordinates":[34.611955,0.25532]},"properties":{"id":"523292515","n":"Emachina PS1","t":"ps","c":"Kakamega"}},{"type":"Feature","geometry":{"type":"Point","coordinates":[34.642378,0.257478]},"properties":{"id":"523212904","n":"Ebukhube PD4","t":"pdw","c":"Kakamega"}},{"type":"Feature","geometry":{"type":"Point","coordinates":[34.62784,0.245823]},"properties":{"id":"523215811","n":"EbukatsiPD2","t":"pdw","c":"Kakamega"}},{"type":"Feature","geometry":{"type":"Point","coordinates":[34.621695,0.28104]},"properties":{"id":"523226620","n":"Isango A PD 6","t":"pdw","c":"Kakamega"}},{"type":"Feature","geometry":{"type":"Point","coordinates":[34.642162,0.262422]},"properties":{"id":"523332358","n":"Emuraka B US1","t":"us","c":"Kakamega"}},{"type":"Feature","geometry":{"type":"Point","coordinates":[34.618597,0.227725]},"properties":{"id":"523330796","n":"Shianda PD2","t":"pdw","c":"Kakamega"}},{"type":"Feature","geometry":{"type":"Point","coordinates":[34.624047,0.27475]},"properties":{"id":"523219750","n":"Emukangu PD3","t":"pdw","c":"Kakamega"}},{"type":"Feature","geometry":{"type":"Point","coordinates":[34.610315,0.246027]},"properties":{"id":"523256315","n":"Eshibanga US2","t":"us","c":"Kakamega"}},{"type":"Feature","geometry":{"type":"Point","coordinates":[34.611952,0.19393]},"properties":{"id":"523342393","n":"Ebukulima PD3","t":"pdw","c":"Kakamega"}},{"type":"Feature","geometry":{"type":"Point","coordinates":[34.614168,0.192785]},"properties":{"id":"523277705","n":"Ebukulima UD1","t":"udw","c":"Kakamega"}},{"type":"Feature","geometry":{"type":"Point","coordinates":[34.625653,0.264468]},"properties":{"id":"523323675","n":"EshimichiniPD6","t":"pdw","c":"Kakamega"}},{"type":"Feature","geometry":{"type":"Point","coordinates":[34.632927,0.257862]},"properties":{"id":"523278555","n":"Eshitua UD1","t":"udw","c":"Kakamega"}},{"type":"Feature","geometry":{"type":"Point","coordinates":[34.645265,0.262]},"properties":{"id":"523273330","n":"Emuraka B PD5","t":"pdw","c":"Kakamega"}},{"type":"Feature","geometry":{"type":"Point","coordinates":[34.64244,0.247542]},"properties":{"id":"523232654","n":"Elwabembe UD1","t":"udw","c":"Kakamega"}},{"type":"Feature","geometry":{"type":"Point","coordinates":[34.616612,0.212515]},"properties":{"id":"523274616","n":"Enyakwaka PS3","t":"ps","c":"Kakamega"}},{"type":"Feature","geometry":{"type":"Point","coordinates":[34.639753,0.259287]},"properties":{"id":"523294892","n":"Emuraka A PS1","t":"ps","c":"Kakamega"}},{"type":"Feature","geometry":{"type":"Point","coordinates":[34.62056,0.274836]},"properties":{"id":"403751796","n":"Esokone Secondary School - 22252","t":"bh","c":"Kakamega","d":100.0}},{"type":"Feature","geometry":{"type":"Point","coordinates":[34.623522,0.22834]},"properties":{"id":"523250797","n":"PD2","t":"pdw","c":"Kakamega"}},{"type":"Feature","geometry":{"type":"Point","coordinates":[34.631497,0.255372]},"properties":{"id":"523195209","n":"Eshitua PD10","t":"pdw","c":"Kakamega"}},{"type":"Feature","geometry":{"type":"Point","coordinates":[34.619609,0.274955]},"properties":{"id":"334787527","n":"Esokone Primary School - 21265","t":"bh","c":"Kakamega","d":80.0}},{"type":"Feature","geometry":{"type":"Point","coordinates":[34.632372,0.254487]},"properties":{"id":"523237972","n":"Eshitua PD5","t":"pdw","c":"Kakamega"}},{"type":"Feature","geometry":{"type":"Point","coordinates":[34.64399,0.265867]},"properties":{"id":"523344474","n":"Emuraka B PD4","t":"pdw","c":"Kakamega"}},{"type":"Feature","geometry":{"type":"Point","coordinates":[34.637312,0.207407]},"properties":{"id":"523254791","n":"Mwiyenga A PD12","t":"pdw","c":"Kakamega"}},{"type":"Feature","geometry":{"type":"Point","coordinates":[34.638802,0.207635]},"properties":{"id":"523195876","n":"Mwiyenga A PD11","t":"pdw","c":"Kakamega"}},{"type":"Feature","geometry":{"type":"Point","coordinates":[34.61143,0.249597]},"properties":{"id":"523231787","n":"Mumbinga PS2","t":"ps","c":"Kakamega"}},{"type":"Feature","geometry":{"type":"Point","coordinates":[34.637175,0.25613]},"properties":{"id":"523237893","n":"Eshibakala PD1","t":"pdw","c":"Kakamega"}},{"type":"Feature","geometry":{"type":"Point","coordinates":[34.636358,0.243207]},"properties":{"id":"523197407","n":"Ebukhang'a PS1","t":"ps","c":"Kakamega"}},{"type":"Feature","geometry":{"type":"Point","coordinates":[34.614902,0.280004]},"properties":{"id":"523205663","n":"Eshiaka PD12","t":"pdw","c":"Kakamega"}},{"type":"Feature","geometry":{"type":"Point","coordinates":[34.628283,0.20621]},"properties":{"id":"523207737","n":"Mulwanda A PD5","t":"pdw","c":"Kakamega"}},{"type":"Feature","geometry":{"type":"Point","coordinates":[34.614907,0.196208]},"properties":{"id":"82139245","n":"Ewamakhumbi, Mukungu Spring - 19125","t":"ps","c":"Kakamega"}},{"type":"Feature","geometry":{"type":"Point","coordinates":[34.621043,0.275945]},"properties":{"id":"523302058","n":"Esokone PD12","t":"pdw","c":"Kakamega"}},{"type":"Feature","geometry":{"type":"Point","coordinates":[34.621802,0.233358]},"properties":{"id":"523276467","n":"Emukombera UD1","t":"udw","c":"Kakamega"}},{"type":"Feature","geometry":{"type":"Point","coordinates":[34.619487,0.285727]},"properties":{"id":"523337384","n":"Eshiaka PD 4","t":"pdw","c":"Kakamega"}},{"type":"Feature","geometry":{"type":"Point","coordinates":[34.626762,0.2095]},"properties":{"id":"523213132","n":"Eshiembekho PD5","t":"pdw","c":"Kakamega"}},{"type":"Feature","geometry":{"type":"Point","coordinates":[34.61522,0.218118]},"properties":{"id":"523289663","n":"Emakhatsa PD4","t":"pdw","c":"Kakamega"}},{"type":"Feature","geometry":{"type":"Point","coordinates":[34.613698,0.2772]},"properties":{"id":"523272566","n":"Eshiaka PD 16","t":"pdw","c":"Kakamega"}},{"type":"Feature","geometry":{"type":"Point","coordinates":[34.621252,0.281114]},"properties":{"id":"523283038","n":"Isango A PD 5","t":"pdw","c":"Kakamega"}},{"type":"Feature","geometry":{"type":"Point","coordinates":[34.620607,0.252115]},"properties":{"id":"523236184","n":"Eshitoto PD1","t":"pdw","c":"Kakamega"}},{"type":"Feature","geometry":{"type":"Point","coordinates":[34.609985,0.215582]},"properties":{"id":"523316279","n":"EmuchereraPD1","t":"pdw","c":"Kakamega"}},{"type":"Feature","geometry":{"type":"Point","coordinates":[34.623711,0.281193]},"properties":{"id":"523218371","n":"Isango A PD 10","t":"pdw","c":"Kakamega"}},{"type":"Feature","geometry":{"type":"Point","coordinates":[34.6204,0.265265]},"properties":{"id":"523298542","n":"Ematsayi PD3","t":"pdw","c":"Kakamega"}},{"type":"Feature","geometry":{"type":"Point","coordinates":[34.628957,0.23289]},"properties":{"id":"523314143","n":"Eshirumba BH1","t":"bh","c":"Kakamega"}},{"type":"Feature","geometry":{"type":"Point","coordinates":[34.620912,0.259648]},"properties":{"id":"523235183","n":"Eshirembe PD20","t":"pdw","c":"Kakamega"}},{"type":"Feature","geometry":{"type":"Point","coordinates":[34.615182,0.255155]},"properties":{"id":"523342379","n":"Emachina PS1","t":"ps","c":"Kakamega"}},{"type":"Feature","geometry":{"type":"Point","coordinates":[34.622174,0.280604]},"properties":{"id":"523217583","n":"Isango A PD 7","t":"pdw","c":"Kakamega"}},{"type":"Feature","geometry":{"type":"Point","coordinates":[34.622973,0.281583]},"properties":{"id":"523289261","n":"Isango A PD 4","t":"pdw","c":"Kakamega"}},{"type":"Feature","geometry":{"type":"Point","coordinates":[34.620512,0.204308]},"properties":{"id":"416580824","n":"Matioli Primary School - 22285","t":"bh","c":"Kakamega","d":70.0}},{"type":"Feature","geometry":{"type":"Point","coordinates":[34.628323,0.205797]},"properties":{"id":"523286938","n":"Mulwanda A PD6","t":"pdw","c":"Kakamega"}},{"type":"Feature","geometry":{"type":"Point","coordinates":[34.620979,0.251429]},"properties":{"id":"3750456","n":"Emulundu Community - 408","t":"bh","c":"Kakamega"}},{"type":"Feature","geometry":{"type":"Point","coordinates":[34.61419,0.189597]},"properties":{"id":"523318422","n":"Etono PD2","t":"pdw","c":"Kakamega"}},{"type":"Feature","geometry":{"type":"Point","coordinates":[34.637183,0.24633]},"properties":{"id":"523247027","n":"Mulwanda PD6","t":"pdw","c":"Kakamega"}},{"type":"Feature","geometry":{"type":"Point","coordinates":[34.623147,0.19634]},"properties":{"id":"523274984","n":"Mwitsayi PS1","t":"ps","c":"Kakamega"}},{"type":"Feature","geometry":{"type":"Point","coordinates":[34.614663,0.218915]},"properties":{"id":"523339104","n":"Esokomi PD7","t":"pdw","c":"Kakamega"}},{"type":"Feature","geometry":{"type":"Point","coordinates":[34.623733,0.262718]},"properties":{"id":"523322090","n":"Eshimichini PD5","t":"pdw","c":"Kakamega"}},{"type":"Feature","geometry":{"type":"Point","coordinates":[34.626505,0.205852]},"properties":{"id":"523276034","n":"Mwikholo US3","t":"us","c":"Kakamega"}},{"type":"Feature","geometry":{"type":"Point","coordinates":[34.619497,0.265098]},"properties":{"id":"523255723","n":"Ematsayi PD4","t":"pdw","c":"Kakamega"}},{"type":"Feature","geometry":{"type":"Point","coordinates":[34.635985,0.256492]},"properties":{"id":"523203661","n":"Eshibakala PD2","t":"pdw","c":"Kakamega"}},{"type":"Feature","geometry":{"type":"Point","coordinates":[34.643603,0.261892]},"properties":{"id":"523302838","n":"Emuraka B","t":"pdw","c":"Kakamega"}},{"type":"Feature","geometry":{"type":"Point","coordinates":[34.619797,0.232213]},"properties":{"id":"523210610","n":"Emukombera PD1","t":"pdw","c":"Kakamega"}},{"type":"Feature","geometry":{"type":"Point","coordinates":[34.644353,0.254688]},"properties":{"id":"523214683","n":"Ikuywa US1","t":"us","c":"Kakamega"}},{"type":"Feature","geometry":{"type":"Point","coordinates":[34.631925,0.252448]},"properties":{"id":"523216685","n":"Mulwanda PD2","t":"pdw","c":"Kakamega"}},{"type":"Feature","geometry":{"type":"Point","coordinates":[34.633517,0.24626]},"properties":{"id":"523240611","n":"Mulwanda PD5","t":"pdw","c":"Kakamega"}},{"type":"Feature","geometry":{"type":"Point","coordinates":[34.619453,0.25476]},"properties":{"id":"523230559","n":"Eshirembe UD1","t":"pdw","c":"Kakamega"}},{"type":"Feature","geometry":{"type":"Point","coordinates":[34.61675,0.275258]},"properties":{"id":"523199186","n":"Esokone PD5","t":"pdw","c":"Kakamega"}},{"type":"Feature","geometry":{"type":"Point","coordinates":[34.619298,0.258975]},"properties":{"id":"523287317","n":"Eshirembe PD8","t":"pdw","c":"Kakamega"}},{"type":"Feature","geometry":{"type":"Point","coordinates":[34.629757,0.212192]},"properties":{"id":"523200596","n":"Soi PS1","t":"ps","c":"Kakamega"}},{"type":"Feature","geometry":{"type":"Point","coordinates":[34.624942,0.254905]},"properties":{"id":"523326472","n":"Eshirembe PD15","t":"pdw","c":"Kakamega"}},{"type":"Feature","geometry":{"type":"Point","coordinates":[34.617857,0.219937]},"properties":{"id":"523307503","n":"Emakhatsa PD11","t":"pdw","c":"Kakamega"}},{"type":"Feature","geometry":{"type":"Point","coordinates":[34.635398,0.264887]},"properties":{"id":"523351210","n":"Eshibakala US2","t":"us","c":"Kakamega"}},{"type":"Feature","geometry":{"type":"Point","coordinates":[34.629987,0.207745]},"properties":{"id":"523232300","n":"Soi PD3","t":"pdw","c":"Kakamega"}},{"type":"Feature","geometry":{"type":"Point","coordinates":[34.617482,0.283661]},"properties":{"id":"523305178","n":"Eshiaka PD 9","t":"pdw","c":"Kakamega"}},{"type":"Feature","geometry":{"type":"Point","coordinates":[34.636243,0.215298]},"properties":{"id":"523281768","n":"Bukalama PD14","t":"pdw","c":"Kakamega"}},{"type":"Feature","geometry":{"type":"Point","coordinates":[34.616444,0.282801]},"properties":{"id":"523195168","n":"Eshiaka PD 11","t":"pdw","c":"Kakamega"}},{"type":"Feature","geometry":{"type":"Point","coordinates":[34.620772,0.276622]},"properties":{"id":"523319636","n":"Esokone PD11","t":"pdw","c":"Kakamega"}},{"type":"Feature","geometry":{"type":"Point","coordinates":[34.614965,0.21898]},"properties":{"id":"523311597","n":"Esokomi PD6","t":"pdw","c":"Kakamega"}},{"type":"Feature","geometry":{"type":"Point","coordinates":[34.62271,0.229883]},"properties":{"id":"523251406","n":"Ekabala PS1","t":"ps","c":"Kakamega"}},{"type":"Feature","geometry":{"type":"Point","coordinates":[34.770337,0.304872]},"properties":{"id":"523220868","n":"Emukangu PD14","t":"pdw","c":"Kakamega"}},{"type":"Feature","geometry":{"type":"Point","coordinates":[34.782303,0.315311]},"properties":{"id":"523316169","n":"Ichina PS 7","t":"ps","c":"Kakamega"}},{"type":"Feature","geometry":{"type":"Point","coordinates":[34.784451,0.310856]},"properties":{"id":"523322241","n":"Lyanungu B PS 24","t":"ps","c":"Kakamega"}},{"type":"Feature","geometry":{"type":"Point","coordinates":[34.771778,0.3137]},"properties":{"id":"523228127","n":"Embwambwa PD","t":"pdw","c":"Kakamega"}},{"type":"Feature","geometry":{"type":"Point","coordinates":[34.771669,0.301926]},"properties":{"id":"523308281","n":"Mwiyala PD 2","t":"pdw","c":"Kakamega"}},{"type":"Feature","geometry":{"type":"Point","coordinates":[34.772066,0.309982]},"properties":{"id":"523215529","n":"Embwambwa PS1","t":"ps","c":"Kakamega"}},{"type":"Feature","geometry":{"type":"Point","coordinates":[34.791555,0.31337]},"properties":{"id":"523278940","n":"Sakali PS 6","t":"ps","c":"Kakamega"}},{"type":"Feature","geometry":{"type":"Point","coordinates":[34.786721,0.319162]},"properties":{"id":"523287568","n":"Ichina PS 5","t":"ps","c":"Kakamega"}},{"type":"Feature","geometry":{"type":"Point","coordinates":[34.768603,0.287886]},"properties":{"id":"523290434","n":"Munzakula A PD 11","t":"pdw","c":"Kakamega"}},{"type":"Feature","geometry":{"type":"Point","coordinates":[34.788709,0.317976]},"properties":{"id":"523258331","n":"Sakali BH 11","t":"bh","c":"Kakamega"}},{"type":"Feature","geometry":{"type":"Point","coordinates":[34.768945,0.294071]},"properties":{"id":"523265146","n":"Makhomo PD 14","t":"pdw","c":"Kakamega"}},{"type":"Feature","geometry":{"type":"Point","coordinates":[34.753623,0.28982]},"properties":{"id":"523299237","n":"Masingo US 3","t":"us","c":"Kakamega"}},{"type":"Feature","geometry":{"type":"Point","coordinates":[34.788489,0.315395]},"properties":{"id":"523327174","n":"Sakali PS 1","t":"ps","c":"Kakamega"}},{"type":"Feature","geometry":{"type":"Point","coordinates":[34.771396,0.299844]},"properties":{"id":"523261142","n":"Mahiakalo PD 5","t":"pdw","c":"Kakamega"}},{"type":"Feature","geometry":{"type":"Point","coordinates":[34.767207,0.290032]},"properties":{"id":"523296117","n":"Makhomo PS 11","t":"ps","c":"Kakamega"}},{"type":"Feature","geometry":{"type":"Point","coordinates":[34.769932,0.306248]},"properties":{"id":"523213493","n":"Emukangu PD12","t":"pdw","c":"Kakamega"}},{"type":"Feature","geometry":{"type":"Point","coordinates":[34.786846,0.31374]},"properties":{"id":"523293475","n":"Ichina PD 2","t":"pdw","c":"Kakamega"}},{"type":"Feature","geometry":{"type":"Point","coordinates":[34.775567,0.310052]},"properties":{"id":"412744585","n":"Muyala Community, David Alumasa Spring - 22067","t":"ps","c":"Kakamega"}},{"type":"Feature","geometry":{"type":"Point","coordinates":[34.7904,0.319002]},"properties":{"id":"11515933","n":"Handidi, Kadasia Spring - 4730","t":"ps","c":"Kakamega"}},{"type":"Feature","geometry":{"type":"Point","coordinates":[34.764975,0.303402]},"properties":{"id":"523199526","n":"Sichirayi PD","t":"pdw","c":"Kakamega"}},{"type":"Feature","geometry":{"type":"Point","coordinates":[34.777456,0.304369]},"properties":{"id":"523205515","n":"Lyanungu A PS 1","t":"ps","c":"Kakamega"}},{"type":"Feature","geometry":{"type":"Point","coordinates":[34.754543,0.288262]},"properties":{"id":"523264475","n":"Masingo US 2","t":"us","c":"Kakamega"}},{"type":"Feature","geometry":{"type":"Point","coordinates":[34.786061,0.313979]},"properties":{"id":"523340322","n":"Ichina BH 3","t":"bh","c":"Kakamega"}},{"type":"Feature","geometry":{"type":"Point","coordinates":[34.75351,0.28858]},"properties":{"id":"3749946","n":"Masingo Slum / Pillar Project Borehole Well - 404","t":"bh","c":"Kakamega"}},{"type":"Feature","geometry":{"type":"Point","coordinates":[34.775755,0.308287]},"properties":{"id":"523205694","n":"Lyanungu B US 11","t":"us","c":"Kakamega"}},{"type":"Feature","geometry":{"type":"Point","coordinates":[34.768768,0.298205]},"properties":{"id":"523204260","n":"Mahiakalo PWS 21","t":"us","c":"Kakamega"}},{"type":"Feature","geometry":{"type":"Point","coordinates":[34.789123,0.316029]},"properties":{"id":"523283605","n":"Sakali PS 2","t":"ps","c":"Kakamega"}},{"type":"Feature","geometry":{"type":"Point","coordinates":[34.783966,0.313397]},"properties":{"id":"523290496","n":"Ichina PS 4","t":"ps","c":"Kakamega"}},{"type":"Feature","geometry":{"type":"Point","coordinates":[34.778137,0.31775]},"properties":{"id":"4208699","n":"Ematere, Barnes Spring - 4416","t":"ps","c":"Kakamega"}},{"type":"Feature","geometry":{"type":"Point","coordinates":[34.788481,0.318447]},"properties":{"id":"523247632","n":"Sakali PS 12","t":"ps","c":"Kakamega"}},{"type":"Feature","geometry":{"type":"Point","coordinates":[34.772987,0.298573]},"properties":{"id":"523322038","n":"Mahiakalo PS 4","t":"ps","c":"Kakamega"}},{"type":"Feature","geometry":{"type":"Point","coordinates":[34.778474,0.31137]},"properties":{"id":"523236593","n":"Lyanungu B PD 15","t":"pdw","c":"Kakamega"}},{"type":"Feature","geometry":{"type":"Point","coordinates":[34.770515,0.297414]},"properties":{"id":"523336826","n":"Mahiakalo PD 12","t":"pdw","c":"Kakamega"}},{"type":"Feature","geometry":{"type":"Point","coordinates":[34.778409,0.310984]},"properties":{"id":"523348856","n":"Lyanungu B PD 14","t":"pdw","c":"Kakamega"}},{"type":"Feature","geometry":{"type":"Point","coordinates":[34.772348,0.3133]},"properties":{"id":"523333287","n":"Embwambwa US","t":"us","c":"Kakamega"}},{"type":"Feature","geometry":{"type":"Point","coordinates":[34.785304,0.327633]},"properties":{"id":"523285762","n":"Isembe US 5","t":"us","c":"Kakamega"}},{"type":"Feature","geometry":{"type":"Point","coordinates":[34.768412,0.296536]},"properties":{"id":"523273873","n":"Mahiakalo PD 19","t":"pdw","c":"Kakamega"}},{"type":"Feature","geometry":{"type":"Point","coordinates":[34.778918,0.310339]},"properties":{"id":"523243432","n":"Lyanungu B PD 19","t":"pdw","c":"Kakamega"}},{"type":"Feature","geometry":{"type":"Point","coordinates":[34.770492,0.303393]},"properties":{"id":"523299330","n":"Emukangu PD13","t":"pdw","c":"Kakamega"}},{"type":"Feature","geometry":{"type":"Point","coordinates":[34.783798,0.315572]},"properties":{"id":"523348911","n":"Ichina PS 6","t":"ps","c":"Kakamega"}},{"type":"Feature","geometry":{"type":"Point","coordinates":[34.774391,0.307129]},"properties":{"id":"523300180","n":"Mwiyala PS 8","t":"ps","c":"Kakamega"}},{"type":"Feature","geometry":{"type":"Point","coordinates":[34.76919,0.304882]},"properties":{"id":"523257316","n":"Emukangu PS5","t":"ps","c":"Kakamega"}},{"type":"Feature","geometry":{"type":"Point","coordinates":[34.783856,0.321996]},"properties":{"id":"523245180","n":"Elubambo PD 4","t":"pdw","c":"Kakamega"}},{"type":"Feature","geometry":{"type":"Point","coordinates":[34.77072,0.299168]},"properties":{"id":"523278885","n":"Mahiakalo PD 6","t":"pdw","c":"Kakamega"}},{"type":"Feature","geometry":{"type":"Point","coordinates":[34.771841,0.303016]},"properties":{"id":"523330040","n":"Mwiyala PD 4","t":"pdw","c":"Kakamega"}},{"type":"Feature","geometry":{"type":"Point","coordinates":[34.775734,0.310216]},"properties":{"id":"523246387","n":"Lyanungu B PS 1","t":"ps","c":"Kakamega"}},{"type":"Feature","geometry":{"type":"Point","coordinates":[34.778477,0.310867]},"properties":{"id":"523354392","n":"Lyanungu B PD 16","t":"pdw","c":"Kakamega"}},{"type":"Feature","geometry":{"type":"Point","coordinates":[34.774847,0.299071]},"properties":{"id":"523199636","n":"Mahiakalo PS 3","t":"ps","c":"Kakamega"}},{"type":"Feature","geometry":{"type":"Point","coordinates":[34.787786,0.316044]},"properties":{"id":"523222839","n":"Sakali PD 14","t":"pdw","c":"Kakamega"}},{"type":"Feature","geometry":{"type":"Point","coordinates":[34.75381,0.288795]},"properties":{"id":"523295006","n":"Masingo BH","t":"bh","c":"Kakamega"}},{"type":"Feature","geometry":{"type":"Point","coordinates":[34.776772,0.302149]},"properties":{"id":"523200668","n":"Lyanungu A PD 3","t":"pdw","c":"Kakamega"}},{"type":"Feature","geometry":{"type":"Point","coordinates":[34.776755,0.3003]},"properties":{"id":"523249380","n":"Lyanungu A PS 4","t":"ps","c":"Kakamega"}},{"type":"Feature","geometry":{"type":"Point","coordinates":[34.78053,0.315373]},"properties":{"id":"523249744","n":"Ichina PS 8","t":"ps","c":"Kakamega"}},{"type":"Feature","geometry":{"type":"Point","coordinates":[34.790083,0.317951]},"properties":{"id":"523227827","n":"Sakali PS 10","t":"ps","c":"Kakamega"}},{"type":"Feature","geometry":{"type":"Point","coordinates":[34.766205,0.293114]},"properties":{"id":"523303798","n":"Makhomo PS 10","t":"ps","c":"Kakamega"}},{"type":"Feature","geometry":{"type":"Point","coordinates":[34.766611,0.294717]},"properties":{"id":"523199258","n":"Makhomo PD 5","t":"pdw","c":"Kakamega"}},{"type":"Feature","geometry":{"type":"Point","coordinates":[34.7698,0.297074]},"properties":{"id":"523257103","n":"Mahiakalo PD 13","t":"pdw","c":"Kakamega"}},{"type":"Feature","geometry":{"type":"Point","coordinates":[34.773477,0.301624]},"properties":{"id":"523278249","n":"Mwiyala PS 1","t":"ps","c":"Kakamega"}},{"type":"Feature","geometry":{"type":"Point","coordinates":[34.791207,0.314215]},"properties":{"id":"523329114","n":"Sakali PD 7","t":"pdw","c":"Kakamega"}},{"type":"Feature","geometry":{"type":"Point","coordinates":[34.76847,0.288787]},"properties":{"id":"523196114","n":"Munzakula A PS 14","t":"ps","c":"Kakamega"}},{"type":"Feature","geometry":{"type":"Point","coordinates":[34.775423,0.306458]},"properties":{"id":"495251","n":"Decommissioned 2019 - Benard Spring","t":"ps","c":"Kakamega"}},{"type":"Feature","geometry":{"type":"Point","coordinates":[34.769979,0.295942]},"properties":{"id":"523228976","n":"Mahiakalo PD 16","t":"pdw","c":"Kakamega"}},{"type":"Feature","geometry":{"type":"Point","coordinates":[34.777492,0.309949]},"properties":{"id":"523206822","n":"Lyanungu B PD 8","t":"pdw","c":"Kakamega"}},{"type":"Feature","geometry":{"type":"Point","coordinates":[34.767838,0.303918]},"properties":{"id":"523349871","n":"Sichirayi PS","t":"ps","c":"Kakamega"}},{"type":"Feature","geometry":{"type":"Point","coordinates":[34.781625,0.324752]},"properties":{"id":"523291480","n":"Elubambo PS 1","t":"ps","c":"Kakamega"}},{"type":"Feature","geometry":{"type":"Point","coordinates":[34.78149,0.32375]},"properties":{"id":"3749599","n":"Standi Mboga, Bwetsulu Spring - 4291","t":"ps","c":"Kakamega"}},{"type":"Feature","geometry":{"type":"Point","coordinates":[34.761896,0.300363]},"properties":{"id":"523298999","n":"Sichirayi US","t":"us","c":"Kakamega"}},{"type":"Feature","geometry":{"type":"Point","coordinates":[34.791308,0.314904]},"properties":{"id":"523210184","n":"Sakali PD 8","t":"pdw","c":"Kakamega"}},{"type":"Feature","geometry":{"type":"Point","coordinates":[34.759348,0.294873]},"properties":{"id":"523204222","n":"Munyanya PS1","t":"pdw","c":"Kakamega"}},{"type":"Feature","geometry":{"type":"Point","coordinates":[34.776364,0.30857]},"properties":{"id":"523305343","n":"Lyanungu B PS 10","t":"ps","c":"Kakamega"}},{"type":"Feature","geometry":{"type":"Point","coordinates":[34.76935,0.305915]},"properties":{"id":"523232960","n":"Emukangu PS4","t":"ps","c":"Kakamega"}},{"type":"Feature","geometry":{"type":"Point","coordinates":[34.77402,0.307435]},"properties":{"id":"3749702","n":"Mwiyala, Lihanda Spring - 4289","t":"ps","c":"Kakamega"}},{"type":"Feature","geometry":{"type":"Point","coordinates":[34.782605,0.323648]},"properties":{"id":"523209090","n":"Elubambo PS 2","t":"ps","c":"Kakamega"}},{"type":"Feature","geometry":{"type":"Point","coordinates":[34.787422,0.316098]},"properties":{"id":"523255967","n":"Sakali PD 15","t":"pdw","c":"Kakamega"}},{"type":"Feature","geometry":{"type":"Point","coordinates":[34.779728,0.310942]},"properties":{"id":"523225430","n":"Lyanungu B PD 21","t":"pdw","c":"Kakamega"}},{"type":"Feature","geometry":{"type":"Point","coordinates":[34.771932,0.29847]},"properties":{"id":"523294555","n":"Mahiakalo PD 10","t":"pdw","c":"Kakamega"}},{"type":"Feature","geometry":{"type":"Point","coordinates":[34.770196,0.296687]},"properties":{"id":"523272360","n":"Mahiakalo UD 14","t":"udw","c":"Kakamega"}},{"type":"Feature","geometry":{"type":"Point","coordinates":[34.790812,0.314279]},"properties":{"id":"523354419","n":"Sakali PD 4","t":"pdw","c":"Kakamega"}},{"type":"Feature","geometry":{"type":"Point","coordinates":[34.789145,0.319178]},"properties":{"id":"8518527","n":"Handidi, Malezi Spring - 4725","t":"ps","c":"Kakamega"}},{"type":"Feature","geometry":{"type":"Point","coordinates":[34.76753,0.305475]},"properties":{"id":"523325684","n":"Emukangu PD9","t":"pdw","c":"Kakamega"}},{"type":"Feature","geometry":{"type":"Point","coordinates":[34.770184,0.286286]},"properties":{"id":"523318006","n":"Munzakula A PD 6","t":"pdw","c":"Kakamega"}},{"type":"Feature","geometry":{"type":"Point","coordinates":[34.78296,0.32312]},"properties":{"id":"523238997","n":"Elubambo PS 3","t":"ps","c":"Kakamega"}},{"type":"Feature","geometry":{"type":"Point","coordinates":[34.772344,0.305202]},"properties":{"id":"423406588","n":"Mwiyala Mixed Secondary School - 22288","t":"bh","c":"Kakamega","d":70.0}},{"type":"Feature","geometry":{"type":"Point","coordinates":[34.770482,0.286495]},"properties":{"id":"523194002","n":"Munzakula A PD 7","t":"pdw","c":"Kakamega"}},{"type":"Feature","geometry":{"type":"Point","coordinates":[34.754243,0.287715]},"properties":{"id":"523242675","n":"Masingo US1","t":"us","c":"Kakamega"}},{"type":"Feature","geometry":{"type":"Point","coordinates":[34.76856,0.285739]},"properties":{"id":"523323802","n":"Mlimani PS 2","t":"ps","c":"Kakamega"}},{"type":"Feature","geometry":{"type":"Point","coordinates":[34.775822,0.330186]},"properties":{"id":"523312574","n":"Emusala A US 4","t":"us","c":"Kakamega"}},{"type":"Feature","geometry":{"type":"Point","coordinates":[34.744528,0.299578]},"properties":{"id":"523218948","n":"Lwatingu BPD5","t":"pdw","c":"Kakamega"}},{"type":"Feature","geometry":{"type":"Point","coordinates":[34.725162,0.289142]},"properties":{"id":"523204370","n":"Shitungu B-Middle, RW, 8","t":"pdw","c":"Kakamega"}},{"type":"Feature","geometry":{"type":"Point","coordinates":[34.752152,0.298165]},"properties":{"id":"523245609","n":"Likwiro B PD","t":"pdw","c":"Kakamega"}},{"type":"Feature","geometry":{"type":"Point","coordinates":[34.757803,0.300483]},"properties":{"id":"523323840","n":"Lurambi PD","t":"pdw","c":"Kakamega"}},{"type":"Feature","geometry":{"type":"Point","coordinates":[34.761953,0.305736]},"properties":{"id":"523289814","n":"Sichirayi PD1","t":"pdw","c":"Kakamega"}},{"type":"Feature","geometry":{"type":"Point","coordinates":[34.722777,0.2833]},"properties":{"id":"523342221","n":"Mundoli Upper B PD8","t":"pdw","c":"Kakamega"}},{"type":"Feature","geometry":{"type":"Point","coordinates":[34.77141,0.323088]},"properties":{"id":"47024766","n":"Elutali, Obati Spring - 18167","t":"ps","c":"Kakamega"}},{"type":"Feature","geometry":{"type":"Point","coordinates":[34.758246,0.306541]},"properties":{"id":"523276577","n":"Shikangania PD","t":"pdw","c":"Kakamega"}},{"type":"Feature","geometry":{"type":"Point","coordinates":[34.784572,0.329125]},"properties":{"id":"523312770","n":"Isembe US 3","t":"us","c":"Kakamega"}},{"type":"Feature","geometry":{"type":"Point","coordinates":[34.749718,0.293987]},"properties":{"id":"523232757","n":"Likwiro A PD","t":"pdw","c":"Kakamega"}},{"type":"Feature","geometry":{"type":"Point","coordinates":[34.76927,0.317253]},"properties":{"id":"523195807","n":"Ebushishe PS","t":"ps","c":"Kakamega"}},{"type":"Feature","geometry":{"type":"Point","coordinates":[34.76001,0.308683]},"properties":{"id":"523341505","n":"Mulunyu PD2","t":"pdw","c":"Kakamega"}},{"type":"Feature","geometry":{"type":"Point","coordinates":[34.738637,0.29788]},"properties":{"id":"523199928","n":"Maraba A PD 1","t":"pdw","c":"Kakamega"}},{"type":"Feature","geometry":{"type":"Point","coordinates":[34.746883,0.288057]},"properties":{"id":"523230717","n":"Makuburini PD 1","t":"pdw","c":"Kakamega"}},{"type":"Feature","geometry":{"type":"Point","coordinates":[34.744433,0.29599]},"properties":{"id":"523266336","n":"Lwatingu B PD1","t":"pdw","c":"Kakamega"}},{"type":"Feature","geometry":{"type":"Point","coordinates":[34.726712,0.289471]},"properties":{"id":"523320081","n":"Shitungu B, UD, 18","t":"udw","c":"Kakamega"}},{"type":"Feature","geometry":{"type":"Point","coordinates":[34.746128,0.284425]},"properties":{"id":"523316901","n":"Scheme B US 1","t":"us","c":"Kakamega"}},{"type":"Feature","geometry":{"type":"Point","coordinates":[34.721169,0.28469]},"properties":{"id":"523323864","n":"Mundoli Upper B PD10","t":"bh","c":"Kakamega"}},{"type":"Feature","geometry":{"type":"Point","coordinates":[34.74511,0.305157]},"properties":{"id":"523278029","n":"Elwanda A, PD, 4","t":"pdw","c":"Kakamega"}},{"type":"Feature","geometry":{"type":"Point","coordinates":[34.7449,0.28603]},"properties":{"id":"3749960","n":"Nabongo Primary School Borehole Well - 419","t":"bh","c":"Kakamega"}},{"type":"Feature","geometry":{"type":"Point","coordinates":[34.733415,0.296153]},"properties":{"id":"523255785","n":"Mulaha A PD","t":"pdw","c":"Kakamega"}},{"type":"Feature","geometry":{"type":"Point","coordinates":[34.775997,0.333546]},"properties":{"id":"523268792","n":"Emakuche PS 9","t":"ps","c":"Kakamega"}},{"type":"Feature","geometry":{"type":"Point","coordinates":[34.726565,0.286049]},"properties":{"id":"523286282","n":"Shitungu B-Middle, PD, 14","t":"pdw","c":"Kakamega"}},{"type":"Feature","geometry":{"type":"Point","coordinates":[34.72288,0.282942]},"properties":{"id":"523260976","n":"Mundoli Upper B PD6","t":"pdw","c":"Kakamega"}},{"type":"Feature","geometry":{"type":"Point","coordinates":[34.77633,0.327083]},"properties":{"id":"523346830","n":"Emunyambukho PS 1","t":"ps","c":"Kakamega"}},{"type":"Feature","geometry":{"type":"Point","coordinates":[34.769095,0.329647]},"properties":{"id":"523320397","n":"Emakuche PD 1","t":"pdw","c":"Kakamega"}},{"type":"Feature","geometry":{"type":"Point","coordinates":[34.75229,0.298012]},"properties":{"id":"523246590","n":"Likwiro B PD","t":"pdw","c":"Kakamega"}},{"type":"Feature","geometry":{"type":"Point","coordinates":[34.746297,0.298195]},"properties":{"id":"523193173","n":"Lwatingu B PD3","t":"pdw","c":"Kakamega"}},{"type":"Feature","geometry":{"type":"Point","coordinates":[34.766562,0.328157]},"properties":{"id":"523278634","n":"Isanjiro PS 2","t":"ps","c":"Kakamega"}},{"type":"Feature","geometry":{"type":"Point","coordinates":[34.754923,0.301253]},"properties":{"id":"523230425","n":"Munyanya PD2","t":"pdw","c":"Kakamega"}},{"type":"Feature","geometry":{"type":"Point","coordinates":[34.743627,0.307585]},"properties":{"id":"523200644","n":"Elwanda A, PS, 2","t":"ps","c":"Kakamega"}},{"type":"Feature","geometry":{"type":"Point","coordinates":[34.716315,0.274074]},"properties":{"id":"523278012","n":"Munzeywe C PD 2","t":"pdw","c":"Kakamega"}},{"type":"Feature","geometry":{"type":"Point","coordinates":[34.732751,0.305809]},"properties":{"id":"523241540","n":"Shitirira South A, PD, 4","t":"pdw","c":"Kakamega"}},{"type":"Feature","geometry":{"type":"Point","coordinates":[34.73996,0.2961]},"properties":{"id":"7458349","n":"Musiero, Litali Spring - 4586","t":"ps","c":"Kakamega"}},{"type":"Feature","geometry":{"type":"Point","coordinates":[34.745482,0.300343]},"properties":{"id":"523334415","n":"Lwatingu B","t":"ps","c":"Kakamega"}},{"type":"Feature","geometry":{"type":"Point","coordinates":[34.750744,0.314737]},"properties":{"id":"523253439","n":"Elutali PS 9","t":"ps","c":"Kakamega"}},{"type":"Feature","geometry":{"type":"Point","coordinates":[34.751728,0.315835]},"properties":{"id":"523228701","n":"Womuketi PD 12","t":"pdw","c":"Kakamega"}},{"type":"Feature","geometry":{"type":"Point","coordinates":[34.761152,0.308497]},"properties":{"id":"523217057","n":"Mulunyu PD5","t":"pdw","c":"Kakamega"}},{"type":"Feature","geometry":{"type":"Point","coordinates":[34.72027,0.284193]},"properties":{"id":"523260206","n":"Mundoli Upper B PD11","t":"pdw","c":"Kakamega"}},{"type":"Feature","geometry":{"type":"Point","coordinates":[34.751627,0.311663]},"properties":{"id":"523348289","n":"Womuketi PD 5","t":"pdw","c":"Kakamega"}},{"type":"Feature","geometry":{"type":"Point","coordinates":[34.759287,0.299778]},"properties":{"id":"523225959","n":"Lurambi SW","t":"us","c":"Kakamega"}},{"type":"Feature","geometry":{"type":"Point","coordinates":[34.720581,0.280798]},"properties":{"id":"523257213","n":"Mundoli Upper B PD1","t":"pdw","c":"Kakamega"}},{"type":"Feature","geometry":{"type":"Point","coordinates":[34.741283,0.309101]},"properties":{"id":"523312086","n":"Shiamala B, BH, 1","t":"bh","c":"Kakamega"}},{"type":"Feature","geometry":{"type":"Point","coordinates":[34.756725,0.296223]},"properties":{"id":"523326836","n":"Munyanya US1","t":"us","c":"Kakamega"}},{"type":"Feature","geometry":{"type":"Point","coordinates":[34.747471,0.286693]},"properties":{"id":"523306753","n":"Scheme B PS 2","t":"ps","c":"Kakamega"}},{"type":"Feature","geometry":{"type":"Point","coordinates":[34.717073,0.276618]},"properties":{"id":"523313386","n":"Munzeywe C PS1","t":"ps","c":"Kakamega"}},{"type":"Feature","geometry":{"type":"Point","coordinates":[34.727821,0.289239]},"properties":{"id":"523302412","n":"Shitungu B, PD, 1","t":"pdw","c":"Kakamega"}},{"type":"Feature","geometry":{"type":"Point","coordinates":[34.72865,0.291409]},"properties":{"id":"523295226","n":"Shitungu B, PD, 15","t":"pdw","c":"Kakamega"}},{"type":"Feature","geometry":{"type":"Point","coordinates":[34.759148,0.323212]},"properties":{"id":"523192653","n":"Ematundiva PS 10","t":"ps","c":"Kakamega"}},{"type":"Feature","geometry":{"type":"Point","coordinates":[34.721685,0.282298]},"properties":{"id":"523224491","n":"Mundoli Upper B PD17","t":"pdw","c":"Kakamega"}},{"type":"Feature","geometry":{"type":"Point","coordinates":[34.754772,0.327195]},"properties":{"id":"523226651","n":"Elukho PS 11","t":"ps","c":"Kakamega"}},{"type":"Feature","geometry":{"type":"Point","coordinates":[34.759375,0.305047]},"properties":{"id":"523223562","n":"Sichirayi PS 1","t":"ps","c":"Kakamega"}},{"type":"Feature","geometry":{"type":"Point","coordinates":[34.76713,0.305508]},"properties":{"id":"523206671","n":"Emukangu PD8","t":"pdw","c":"Kakamega"}},{"type":"Feature","geometry":{"type":"Point","coordinates":[34.76232,0.30911]},"properties":{"id":"523224848","n":"Mulunyu PD6","t":"pdw","c":"Kakamega"}},{"type":"Feature","geometry":{"type":"Point","coordinates":[34.744438,0.295987]},"properties":{"id":"523257732","n":"Lwatingu B PD2","t":"pdw","c":"Kakamega"}},{"type":"Feature","geometry":{"type":"Point","coordinates":[34.720792,0.282931]},"properties":{"id":"523232551","n":"Mundoli Upper B PD14","t":"pdw","c":"Kakamega"}},{"type":"Feature","geometry":{"type":"Point","coordinates":[34.753833,0.319301]},"properties":{"id":"523300434","n":"Shiandivsi PS 4","t":"ps","c":"Kakamega"}},{"type":"Feature","geometry":{"type":"Point","coordinates":[34.724399,0.281479]},"properties":{"id":"523215725","n":"Mundoli Upper B BH1","t":"bh","c":"Kakamega"}},{"type":"Feature","geometry":{"type":"Point","coordinates":[34.758688,0.307935]},"properties":{"id":"523225887","n":"Shikangania PD","t":"pdw","c":"Kakamega"}},{"type":"Feature","geometry":{"type":"Point","coordinates":[34.731858,0.299507]},"properties":{"id":"523296849","n":"Mungulu, US, 7","t":"us","c":"Kakamega"}},{"type":"Feature","geometry":{"type":"Point","coordinates":[34.72721,0.292436]},"properties":{"id":"523197517","n":"Shitungu B, PD, 17","t":"pdw","c":"Kakamega"}},{"type":"Feature","geometry":{"type":"Point","coordinates":[34.726769,0.28934]},"properties":{"id":"523347817","n":"Shitungu B-Middle, PD, 32","t":"pdw","c":"Kakamega"}},{"type":"Feature","geometry":{"type":"Point","coordinates":[34.72286,0.276975]},"properties":{"id":"523214542","n":"Shibiriri PD","t":"pdw","c":"Kakamega"}},{"type":"Feature","geometry":{"type":"Point","coordinates":[34.718908,0.276]},"properties":{"id":"523253666","n":"Munzeywe PD9","t":"pdw","c":"Kakamega"}},{"type":"Feature","geometry":{"type":"Point","coordinates":[34.7657,0.30727]},"properties":{"id":"523270849","n":"Emukangu PD2","t":"pdw","c":"Kakamega"}},{"type":"Feature","geometry":{"type":"Point","coordinates":[34.734641,0.294468]},"properties":{"id":"3749771","n":"Shikhambi United Pentecostal Church - 4259","t":"bh","c":"Kakamega"}},{"type":"Feature","geometry":{"type":"Point","coordinates":[34.758246,0.327313]},"properties":{"id":"523354512","n":"Ematundiva PD 1","t":"pdw","c":"Kakamega"}},{"type":"Feature","geometry":{"type":"Point","coordinates":[34.72654,0.288742]},"properties":{"id":"523271345","n":"Shitungu B-Middle, PD, 30","t":"pdw","c":"Kakamega"}},{"type":"Feature","geometry":{"type":"Point","coordinates":[34.744435,0.300633]},"properties":{"id":"523230061","n":"Lwatingu B PD7","t":"pdw","c":"Kakamega"}},{"type":"Feature","geometry":{"type":"Point","coordinates":[34.769705,0.318543]},"properties":{"id":"523318989","n":"Ebushishe US","t":"us","c":"Kakamega"}},{"type":"Feature","geometry":{"type":"Point","coordinates":[34.748582,0.295047]},"properties":{"id":"523306337","n":"Lwatingu A PD6","t":"pdw","c":"Kakamega"}},{"type":"Feature","geometry":{"type":"Point","coordinates":[34.744741,0.289437]},"properties":{"id":"523318109","n":"Shikhambi US","t":"us","c":"Kakamega"}},{"type":"Feature","geometry":{"type":"Point","coordinates":[34.750127,0.316814]},"properties":{"id":"523230267","n":"Emakusi PD 16","t":"pdw","c":"Kakamega"}},{"type":"Feature","geometry":{"type":"Point","coordinates":[34.746818,0.290502]},"properties":{"id":"523329808","n":"Maraba B","t":"pdw","c":"Kakamega"}},{"type":"Feature","geometry":{"type":"Point","coordinates":[34.753636,0.296929]},"properties":{"id":"523217356","n":"Likwiro B PS","t":"ps","c":"Kakamega"}},{"type":"Feature","geometry":{"type":"Point","coordinates":[34.719265,0.275812]},"properties":{"id":"523240965","n":"Munzeywe C PD 7","t":"pdw","c":"Kakamega"}},{"type":"Feature","geometry":{"type":"Point","coordinates":[34.739106,0.29988]},"properties":{"id":"523333043","n":"Maraba A PD","t":"pdw","c":"Kakamega"}},{"type":"Feature","geometry":{"type":"Point","coordinates":[34.758758,0.307253]},"properties":{"id":"523347958","n":"Shikangania PS","t":"ps","c":"Kakamega"}},{"type":"Feature","geometry":{"type":"Point","coordinates":[34.75337,0.299497]},"properties":{"id":"523322739","n":"Munyanya PS2","t":"ps","c":"Kakamega"}},{"type":"Feature","geometry":{"type":"Point","coordinates":[34.729232,0.291806]},"properties":{"id":"523314370","n":"Shitungu B, PD, 14","t":"pdw","c":"Kakamega"}},{"type":"Feature","geometry":{"type":"Point","coordinates":[34.739918,0.301713]},"properties":{"id":"523302601","n":"Maraba A US","t":"us","c":"Kakamega"}},{"type":"Feature","geometry":{"type":"Point","coordinates":[34.754434,0.328213]},"properties":{"id":"523266893","n":"Elukho PD 8","t":"pdw","c":"Kakamega"}},{"type":"Feature","geometry":{"type":"Point","coordinates":[34.726844,0.28633]},"properties":{"id":"523203977","n":"Shitungu B-Middle, RW, 17","t":"us","c":"Kakamega"}},{"type":"Feature","geometry":{"type":"Point","coordinates":[34.743634,0.307703]},"properties":{"id":"523234845","n":"Elwanda A, PS, 1","t":"ps","c":"Kakamega"}},{"type":"Feature","geometry":{"type":"Point","coordinates":[34.728334,0.287766]},"properties":{"id":"523320713","n":"Shitungu B, PD, 7","t":"pdw","c":"Kakamega"}},{"type":"Feature","geometry":{"type":"Point","coordinates":[34.771538,0.315387]},"properties":{"id":"523324889","n":"Embwambwa PD","t":"pdw","c":"Kakamega"}},{"type":"Feature","geometry":{"type":"Point","coordinates":[34.746227,0.288532]},"properties":{"id":"523270832","n":"Maraba B PD","t":"pdw","c":"Kakamega"}},{"type":"Feature","geometry":{"type":"Point","coordinates":[34.726324,0.286822]},"properties":{"id":"523256700","n":"Shitungu B-Middle, UD, 13","t":"udw","c":"Kakamega"}},{"type":"Feature","geometry":{"type":"Point","coordinates":[34.723237,0.283259]},"properties":{"id":"523253941","n":"Mundoli Upper B PD3","t":"pdw","c":"Kakamega"}},{"type":"Feature","geometry":{"type":"Point","coordinates":[34.78,0.33]},"properties":{"id":"3615618","n":"Decommissioned 2019 - Munanga Spring","t":"ps","c":"Kakamega"}},{"type":"Feature","geometry":{"type":"Point","coordinates":[34.747548,0.300103]},"properties":{"id":"523293592","n":"Lwatingu B PD10","t":"pdw","c":"Kakamega"}},{"type":"Feature","geometry":{"type":"Point","coordinates":[34.735425,0.289459]},"properties":{"id":"523241739","n":"Mulaha A PS","t":"ps","c":"Kakamega"}},{"type":"Feature","geometry":{"type":"Point","coordinates":[34.74165,0.291543]},"properties":{"id":"523249218","n":"Shikhambi PD","t":"pdw","c":"Kakamega"}},{"type":"Feature","geometry":{"type":"Point","coordinates":[34.723493,0.28298]},"properties":{"id":"523303626","n":"Mundoli Upper B PD2","t":"pdw","c":"Kakamega"}},{"type":"Feature","geometry":{"type":"Point","coordinates":[34.734374,0.28406]},"properties":{"id":"3749984","n":"Mutsembi Nursery School Borehole - 446","t":"bh","c":"Kakamega"}},{"type":"Feature","geometry":{"type":"Point","coordinates":[34.73928,0.293985]},"properties":{"id":"523269913","n":"Shikhambi PS","t":"ps","c":"Kakamega"}},{"type":"Feature","geometry":{"type":"Point","coordinates":[34.759923,0.314712]},"properties":{"id":"523218766","n":"Emulele PS 2","t":"ps","c":"Kakamega"}},{"type":"Feature","geometry":{"type":"Point","coordinates":[34.725394,0.287564]},"properties":{"id":"523256092","n":"Shitungu B, PD, 6","t":"pdw","c":"Kakamega"}},{"type":"Feature","geometry":{"type":"Point","coordinates":[34.763108,0.309555]},"properties":{"id":"523265476","n":"Mulunyu PD8","t":"pdw","c":"Kakamega"}},{"type":"Feature","geometry":{"type":"Point","coordinates":[34.77252,0.32157]},"properties":{"id":"4011875","n":"Lutali, Lukoye Spring - 4736","t":"ps","c":"Kakamega"}},{"type":"Feature","geometry":{"type":"Point","coordinates":[34.753347,0.312866]},"properties":{"id":"523262538","n":"Womuketi PD 2","t":"pdw","c":"Kakamega"}},{"type":"Feature","geometry":{"type":"Point","coordinates":[34.784247,0.32823]},"properties":{"id":"523319052","n":"Isembe PS 2","t":"ps","c":"Kakamega"}},{"type":"Feature","geometry":{"type":"Point","coordinates":[34.723278,0.277845]},"properties":{"id":"523330198","n":"Shibiriri PS","t":"ps","c":"Kakamega"}},{"type":"Feature","geometry":{"type":"Point","coordinates":[34.742227,0.297257]},"properties":{"id":"523329413","n":"Maraba A PD","t":"pdw","c":"Kakamega"}},{"type":"Feature","geometry":{"type":"Point","coordinates":[34.720898,0.280218]},"properties":{"id":"523288208","n":"Mundoli Upper B","t":"pdw","c":"Kakamega"}},{"type":"Feature","geometry":{"type":"Point","coordinates":[34.777632,0.322732]},"properties":{"id":"523224886","n":"Ematere PD","t":"pdw","c":"Kakamega"}},{"type":"Feature","geometry":{"type":"Point","coordinates":[34.719855,0.282743]},"properties":{"id":"523204208","n":"Mundoli Upper B PD13","t":"us","c":"Kakamega"}},{"type":"Feature","geometry":{"type":"Point","coordinates":[34.723733,0.282799]},"properties":{"id":"523299165","n":"Mundoli Upper B PD1","t":"pdw","c":"Kakamega"}},{"type":"Feature","geometry":{"type":"Point","coordinates":[34.759628,0.325488]},"properties":{"id":"523332750","n":"Ematundiva PS 5","t":"ps","c":"Kakamega"}},{"type":"Feature","geometry":{"type":"Point","coordinates":[34.74837,0.286512]},"properties":{"id":"523289890","n":"Scheme B PD 1","t":"pdw","c":"Kakamega"}},{"type":"Feature","geometry":{"type":"Point","coordinates":[34.76567,0.31693]},"properties":{"id":"530941","n":"Ebwambwa, Mwibichiri Spring - 4575","t":"ps","c":"Kakamega"}},{"type":"Feature","geometry":{"type":"Point","coordinates":[34.738695,0.287296]},"properties":{"id":"523196286","n":"Mulaha A PS","t":"ps","c":"Kakamega"}},{"type":"Feature","geometry":{"type":"Point","coordinates":[34.735828,0.285272]},"properties":{"id":"523284297","n":"Emusonga PD","t":"pdw","c":"Kakamega"}},{"type":"Feature","geometry":{"type":"Point","coordinates":[34.767538,0.306137]},"properties":{"id":"523343071","n":"Emukangu PD10","t":"pdw","c":"Kakamega"}},{"type":"Feature","geometry":{"type":"Point","coordinates":[34.766162,0.319872]},"properties":{"id":"523286206","n":"Ebushishe PS","t":"ps","c":"Kakamega"}},{"type":"Feature","geometry":{"type":"Point","coordinates":[34.776483,0.32173]},"properties":{"id":"523294074","n":"Ematere PS","t":"ps","c":"Kakamega"}},{"type":"Feature","geometry":{"type":"Point","coordinates":[34.754218,0.302115]},"properties":{"id":"523237367","n":"Munyanya PS3","t":"ps","c":"Kakamega"}},{"type":"Feature","geometry":{"type":"Point","coordinates":[34.726148,0.286972]},"properties":{"id":"523248561","n":"Shitungu B-Middle, UD, 11","t":"udw","c":"Kakamega"}},{"type":"Feature","geometry":{"type":"Point","coordinates":[34.730388,0.28964]},"properties":{"id":"41049013","n":"Eshikhugula, Shaban Opuka Spring - 19126","t":"ps","c":"Kakamega"}},{"type":"Feature","geometry":{"type":"Point","coordinates":[34.725589,0.290579]},"properties":{"id":"523298573","n":"Shitungu B-Middle, PD, 6","t":"pdw","c":"Kakamega"}},{"type":"Feature","geometry":{"type":"Point","coordinates":[34.723178,0.280818]},"properties":{"id":"523248334","n":"Mundoli Upper B PD3","t":"pdw","c":"Kakamega"}},{"type":"Feature","geometry":{"type":"Point","coordinates":[34.774942,0.32279]},"properties":{"id":"523288930","n":"Ematere PS","t":"ps","c":"Kakamega"}},{"type":"Feature","geometry":{"type":"Point","coordinates":[34.744775,0.286006]},"properties":{"id":"523283674","n":"Scheme A PD 1","t":"pdw","c":"Kakamega"}},{"type":"Feature","geometry":{"type":"Point","coordinates":[34.780046,0.330715]},"properties":{"id":"523291466","n":"Emusala A PD 2","t":"pdw","c":"Kakamega"}},{"type":"Feature","geometry":{"type":"Point","coordinates":[34.75981,0.30894]},"properties":{"id":"523310493","n":"Mulunyu PD3","t":"pdw","c":"Kakamega"}},{"type":"Feature","geometry":{"type":"Point","coordinates":[34.770143,0.310673]},"properties":{"id":"523308085","n":"Embwambwa PD","t":"pdw","c":"Kakamega"}},{"type":"Feature","geometry":{"type":"Point","coordinates":[34.745133,0.290662]},"properties":{"id":"523332217","n":"Maraba B PD","t":"pdw","c":"Kakamega"}},{"type":"Feature","geometry":{"type":"Point","coordinates":[34.73295,0.285293]},"properties":{"id":"523207919","n":"Shikhungula PS2","t":"ps","c":"Kakamega"}},{"type":"Feature","geometry":{"type":"Point","coordinates":[34.762588,0.329433]},"properties":{"id":"523249108","n":"Eshibutse US 2","t":"us","c":"Kakamega"}},{"type":"Feature","geometry":{"type":"Point","coordinates":[34.752301,0.314916]},"properties":{"id":"523247436","n":"Womuketi PD 10","t":"pdw","c":"Kakamega"}},{"type":"Feature","geometry":{"type":"Point","coordinates":[34.72823,0.291679]},"properties":{"id":"523267461","n":"Shitungu B, PD, 12","t":"pdw","c":"Kakamega"}},{"type":"Feature","geometry":{"type":"Point","coordinates":[34.780831,0.327212]},"properties":{"id":"523246497","n":"Emunyambukho PD 2","t":"pdw","c":"Kakamega"}},{"type":"Feature","geometry":{"type":"Point","coordinates":[34.727555,0.289976]},"properties":{"id":"9606072","n":"Shitungu, Hussein Spring - 4698","t":"ps","c":"Kakamega"}},{"type":"Feature","geometry":{"type":"Point","coordinates":[34.754375,0.328073]},"properties":{"id":"6039886","n":"Elukho Community A - 18284","t":"pdw","c":"Kakamega"}},{"type":"Feature","geometry":{"type":"Point","coordinates":[34.739153,0.294388]},"properties":{"id":"523269937","n":"Shikhambi PS 2","t":"ps","c":"Kakamega"}},{"type":"Feature","geometry":{"type":"Point","coordinates":[34.746127,0.308065]},"properties":{"id":"523302292","n":"Elwanda B, PS, 1","t":"ps","c":"Kakamega"}},{"type":"Feature","geometry":{"type":"Point","coordinates":[34.776796,0.331105]},"properties":{"id":"523268871","n":"Emusala A PD 5","t":"pdw","c":"Kakamega"}},{"type":"Feature","geometry":{"type":"Point","coordinates":[34.770638,0.310508]},"properties":{"id":"523219798","n":"Embwambwa PD","t":"pdw","c":"Kakamega"}},{"type":"Feature","geometry":{"type":"Point","coordinates":[34.727165,0.286656]},"properties":{"id":"523320531","n":"Shitungu B-Middle, PD, 20","t":"pdw","c":"Kakamega"}},{"type":"Feature","geometry":{"type":"Point","coordinates":[34.78057,0.327017]},"properties":{"id":"523284716","n":"Emunyambukho US 3","t":"us","c":"Kakamega"}},{"type":"Feature","geometry":{"type":"Point","coordinates":[34.774869,0.330626]},"properties":{"id":"523306375","n":"Emakuche PD 7","t":"pdw","c":"Kakamega"}},{"type":"Feature","geometry":{"type":"Point","coordinates":[34.753109,0.296849]},"properties":{"id":"523320902","n":"Likwiro B PD","t":"pdw","c":"Kakamega"}},{"type":"Feature","geometry":{"type":"Point","coordinates":[34.764413,0.33015]},"properties":{"id":"523238409","n":"Eshibutse US 1","t":"us","c":"Kakamega"}},{"type":"Feature","geometry":{"type":"Point","coordinates":[34.779543,0.329922]},"properties":{"id":"736923277","n":"Emusala Primary School - 410055","t":"bh","c":"Kakamega","d":90.0}},{"type":"Feature","geometry":{"type":"Point","coordinates":[34.727868,0.289624]},"properties":{"id":"523225155","n":"Shitungu B, PS, 10","t":"ps","c":"Kakamega"}},{"type":"Feature","geometry":{"type":"Point","coordinates":[34.755558,0.298263]},"properties":{"id":"523345080","n":"Munyanya PD1","t":"pdw","c":"Kakamega"}},{"type":"Feature","geometry":{"type":"Point","coordinates":[34.744532,0.301723]},"properties":{"id":"523309275","n":"Munyanya PD4","t":"pdw","c":"Kakamega"}},{"type":"Feature","geometry":{"type":"Point","coordinates":[34.766472,0.306657]},"properties":{"id":"523245049","n":"Emukangu PS1","t":"ps","c":"Kakamega"}},{"type":"Feature","geometry":{"type":"Point","coordinates":[34.744257,0.295262]},"properties":{"id":"523236050","n":"Maraba A BH","t":"bh","c":"Kakamega"}},{"type":"Feature","geometry":{"type":"Point","coordinates":[34.757333,0.306385]},"properties":{"id":"523345451","n":"Shikangania PS","t":"ps","c":"Kakamega"}},{"type":"Feature","geometry":{"type":"Point","coordinates":[34.744305,0.302432]},"properties":{"id":"523289474","n":"Munyanya US2","t":"us","c":"Kakamega"}},{"type":"Feature","geometry":{"type":"Point","coordinates":[34.72059,0.280796]},"properties":{"id":"523320658","n":"Mundoli Upper B US1","t":"us","c":"Kakamega"}},{"type":"Feature","geometry":{"type":"Point","coordinates":[34.744401,0.306703]},"properties":{"id":"523257866","n":"Elwanda A, PD, 6","t":"pdw","c":"Kakamega"}},{"type":"Feature","geometry":{"type":"Point","coordinates":[34.770478,0.310478]},"properties":{"id":"523292467","n":"Embwambwa PD","t":"pdw","c":"Kakamega"}},{"type":"Feature","geometry":{"type":"Point","coordinates":[34.764643,0.322207]},"properties":{"id":"523337487","n":"Mwibichiri PS 1","t":"ps","c":"Kakamega"}},{"type":"Feature","geometry":{"type":"Point","coordinates":[34.758302,0.299517]},"properties":{"id":"523217590","n":"Lurambi PD","t":"pdw","c":"Kakamega"}},{"type":"Feature","geometry":{"type":"Point","coordinates":[34.774367,0.329575]},"properties":{"id":"523196695","n":"Emakuche PS 6","t":"ps","c":"Kakamega"}},{"type":"Feature","geometry":{"type":"Point","coordinates":[34.752133,0.312977]},"properties":{"id":"523354457","n":"Womuketi PD 8","t":"pdw","c":"Kakamega"}},{"type":"Feature","geometry":{"type":"Point","coordinates":[34.764665,0.32613]},"properties":{"id":"523219444","n":"Isanjiro US 1","t":"us","c":"Kakamega"}},{"type":"Feature","geometry":{"type":"Point","coordinates":[34.754938,0.327378]},"properties":{"id":"523322117","n":"Elukho PS 10","t":"ps","c":"Kakamega"}},{"type":"Feature","geometry":{"type":"Point","coordinates":[34.774386,0.332995]},"properties":{"id":"523319722","n":"Emakuche PS 8","t":"ps","c":"Kakamega"}},{"type":"Feature","geometry":{"type":"Point","coordinates":[34.726506,0.288513]},"properties":{"id":"523331412","n":"Shitungu B-Middle, PD, 29","t":"pdw","c":"Kakamega"}},{"type":"Feature","geometry":{"type":"Point","coordinates":[34.743444,0.288951]},"properties":{"id":"523269243","n":"Shikhambi PD","t":"pdw","c":"Kakamega"}},{"type":"Feature","geometry":{"type":"Point","coordinates":[34.72748,0.292534]},"properties":{"id":"523331508","n":"Shitungu A, PD, 2","t":"pdw","c":"Kakamega"}},{"type":"Feature","geometry":{"type":"Point","coordinates":[34.725991,0.287609]},"properties":{"id":"523214559","n":"Shitungu B-Middle, PD, 10","t":"pdw","c":"Kakamega"}},{"type":"Feature","geometry":{"type":"Point","coordinates":[34.752402,0.317524]},"properties":{"id":"523264695","n":"Shiandivsi PS 10","t":"ps","c":"Kakamega"}},{"type":"Feature","geometry":{"type":"Point","coordinates":[34.719581,0.283381]},"properties":{"id":"523328106","n":"Mundoli Upper B PD12","t":"pdw","c":"Kakamega"}},{"type":"Feature","geometry":{"type":"Point","coordinates":[34.735244,0.285042]},"properties":{"id":"523220208","n":"Emusonga PS","t":"ps","c":"Kakamega"}},{"type":"Feature","geometry":{"type":"Point","coordinates":[34.768047,0.308118]},"properties":{"id":"523291868","n":"Emukangu PD5","t":"pdw","c":"Kakamega"}},{"type":"Feature","geometry":{"type":"Point","coordinates":[34.722977,0.283063]},"properties":{"id":"523229630","n":"Mundoli Upper B PD4","t":"pdw","c":"Kakamega"}},{"type":"Feature","geometry":{"type":"Point","coordinates":[34.756849,0.322723]},"properties":{"id":"523241681","n":"Ematundiva PD 9","t":"pdw","c":"Kakamega"}},{"type":"Feature","geometry":{"type":"Point","coordinates":[34.727828,0.288992]},"properties":{"id":"523287018","n":"Shitungu B, PD, 4","t":"pdw","c":"Kakamega"}},{"type":"Feature","geometry":{"type":"Point","coordinates":[34.727769,0.289088]},"properties":{"id":"523325550","n":"Shitungu B, PD, 2","t":"pdw","c":"Kakamega"}},{"type":"Feature","geometry":{"type":"Point","coordinates":[34.74432,0.30057]},"properties":{"id":"523319076","n":"Lwatingu B PD6","t":"pdw","c":"Kakamega"}},{"type":"Feature","geometry":{"type":"Point","coordinates":[34.742795,0.306425]},"properties":{"id":"11517461","n":"Shikoti, Alunyoli Spring - 4734","t":"ps","c":"Kakamega"}},{"type":"Feature","geometry":{"type":"Point","coordinates":[34.76015,0.308177]},"properties":{"id":"523282161","n":"Mulunyu PD1","t":"pdw","c":"Kakamega"}},{"type":"Feature","geometry":{"type":"Point","coordinates":[34.74767,0.295045]},"properties":{"id":"523236706","n":"Lwatingu PD4","t":"pdw","c":"Kakamega"}},{"type":"Feature","geometry":{"type":"Point","coordinates":[34.749755,0.295881]},"properties":{"id":"523258025","n":"Likwiro A PS","t":"ps","c":"Kakamega"}},{"type":"Feature","geometry":{"type":"Point","coordinates":[34.758348,0.300452]},"properties":{"id":"523304153","n":"Lurambi PD","t":"pdw","c":"Kakamega"}},{"type":"Feature","geometry":{"type":"Point","coordinates":[34.750443,0.308897]},"properties":{"id":"51546029","n":"Shikangania, Abunga'na Spring - 19160","t":"ps","c":"Kakamega"}},{"type":"Feature","geometry":{"type":"Point","coordinates":[34.765927,0.307097]},"properties":{"id":"523271778","n":"Emukangu PD3","t":"pdw","c":"Kakamega"}},{"type":"Feature","geometry":{"type":"Point","coordinates":[34.74843,0.294182]},"properties":{"id":"523265115","n":"Lwatingu A PD5","t":"pdw","c":"Kakamega"}},{"type":"Feature","geometry":{"type":"Point","coordinates":[34.750795,0.311807]},"properties":{"id":"523340133","n":"Elutali PD 2","t":"pdw","c":"Kakamega"}},{"type":"Feature","geometry":{"type":"Point","coordinates":[34.731819,0.301333]},"properties":{"id":"523299392","n":"Mungulu, PD, 8","t":"pdw","c":"Kakamega"}},{"type":"Feature","geometry":{"type":"Point","coordinates":[34.740518,0.292548]},"properties":{"id":"523294634","n":"Shikhambi PD","t":"pdw","c":"Kakamega"}},{"type":"Feature","geometry":{"type":"Point","coordinates":[34.768202,0.30693]},"properties":{"id":"523234230","n":"Emukangu PD6","t":"pdw","c":"Kakamega"}},{"type":"Feature","geometry":{"type":"Point","coordinates":[34.741027,0.294118]},"properties":{"id":"523227810","n":"Maraba A PS","t":"ps","c":"Kakamega"}},{"type":"Feature","geometry":{"type":"Point","coordinates":[34.728671,0.291391]},"properties":{"id":"523257440","n":"Shitungu B, PD, 13","t":"pdw","c":"Kakamega"}},{"type":"Feature","geometry":{"type":"Point","coordinates":[34.757825,0.320389]},"properties":{"id":"523316963","n":"Ematundiva PS 11","t":"ps","c":"Kakamega"}},{"type":"Feature","geometry":{"type":"Point","coordinates":[34.754641,0.324216]},"properties":{"id":"523243023","n":"Mukangu PS 8","t":"ps","c":"Kakamega"}},{"type":"Feature","geometry":{"type":"Point","coordinates":[34.76086,0.308295]},"properties":{"id":"523283698","n":"Mulunyu PD4","t":"pdw","c":"Kakamega"}},{"type":"Feature","geometry":{"type":"Point","coordinates":[34.749822,0.285884]},"properties":{"id":"523264774","n":"Juakali PD 1","t":"pdw","c":"Kakamega"}},{"type":"Feature","geometry":{"type":"Point","coordinates":[34.731195,0.282332]},"properties":{"id":"523270973","n":"Mulwanda PS","t":"ps","c":"Kakamega"}},{"type":"Feature","geometry":{"type":"Point","coordinates":[34.72345,0.280955]},"properties":{"id":"523275521","n":"Mundoli Upper B PD7","t":"pdw","c":"Kakamega"}},{"type":"Feature","geometry":{"type":"Point","coordinates":[34.770193,0.329221]},"properties":{"id":"523321783","n":"Emakuche PS 2","t":"ps","c":"Kakamega"}},{"type":"Feature","geometry":{"type":"Point","coordinates":[34.748763,0.295898]},"properties":{"id":"523217033","n":"Lwatingu A PD3","t":"pdw","c":"Kakamega"}},{"type":"Feature","geometry":{"type":"Point","coordinates":[34.766775,0.306083]},"properties":{"id":"523230054","n":"Emukangu PS2","t":"ps","c":"Kakamega"}},{"type":"Feature","geometry":{"type":"Point","coordinates":[34.760575,0.315091]},"properties":{"id":"523239163","n":"Emulele PS 1","t":"ps","c":"Kakamega"}},{"type":"Feature","geometry":{"type":"Point","coordinates":[34.758393,0.299897]},"properties":{"id":"523210256","n":"Lurambi PD","t":"pdw","c":"Kakamega"}},{"type":"Feature","geometry":{"type":"Point","coordinates":[34.732692,0.303051]},"properties":{"id":"523307053","n":"Mungulu, PD, 5","t":"pdw","c":"Kakamega"}},{"type":"Feature","geometry":{"type":"Point","coordinates":[34.733666,0.302914]},"properties":{"id":"523307871","n":"Shiamala A, US, 1","t":"us","c":"Kakamega"}},{"type":"Feature","geometry":{"type":"Point","coordinates":[34.723353,0.277892]},"properties":{"id":"523332121","n":"Shibiriri PD","t":"pdw","c":"Kakamega"}},{"type":"Feature","geometry":{"type":"Point","coordinates":[34.782984,0.329411]},"properties":{"id":"523331553","n":"Isembe US 1","t":"us","c":"Kakamega"}},{"type":"Feature","geometry":{"type":"Point","coordinates":[34.746187,0.288402]},"properties":{"id":"523298621","n":"Maraba B PD","t":"pdw","c":"Kakamega"}},{"type":"Feature","geometry":{"type":"Point","coordinates":[34.753344,0.306307]},"properties":{"id":"366203","n":"Munyanya, Munyanya Spring - 4556","t":"ps","c":"Kakamega"}},{"type":"Feature","geometry":{"type":"Point","coordinates":[34.740403,0.29372]},"properties":{"id":"523302395","n":"Shikhambi BH","t":"bh","c":"Kakamega"}},{"type":"Feature","geometry":{"type":"Point","coordinates":[34.722713,0.283458]},"properties":{"id":"523193180","n":"Mundoli Upper B PD7","t":"pdw","c":"Kakamega"}},{"type":"Feature","geometry":{"type":"Point","coordinates":[34.743288,0.305402]},"properties":{"id":"523207744","n":"Elwanda A, PS, 3","t":"ps","c":"Kakamega"}},{"type":"Feature","geometry":{"type":"Point","coordinates":[34.748063,0.296328]},"properties":{"id":"523318903","n":"Lwatingu PD2","t":"pdw","c":"Kakamega"}},{"type":"Feature","geometry":{"type":"Point","coordinates":[34.729918,0.293632]},"properties":{"id":"523231495","n":"Mulaha A PS","t":"ps","c":"Kakamega"}},{"type":"Feature","geometry":{"type":"Point","coordinates":[34.753384,0.296603]},"properties":{"id":"523244206","n":"LikwiroB PD","t":"pdw","c":"Kakamega"}},{"type":"Feature","geometry":{"type":"Point","coordinates":[34.758226,0.325979]},"properties":{"id":"523218058","n":"Ematundiva PD 6","t":"pdw","c":"Kakamega"}},{"type":"Feature","geometry":{"type":"Point","coordinates":[34.736533,0.29526]},"properties":{"id":"11517973","n":"Shikhambi, Daniel Inganga Spring - 4735","t":"ps","c":"Kakamega"}},{"type":"Feature","geometry":{"type":"Point","coordinates":[34.766165,0.319098]},"properties":{"id":"523318927","n":"Ebushishe PD","t":"pdw","c":"Kakamega"}},{"type":"Feature","geometry":{"type":"Point","coordinates":[34.742012,0.304418]},"properties":{"id":"523220796","n":"Shiamala B, US, 2","t":"us","c":"Kakamega"}},{"type":"Feature","geometry":{"type":"Point","coordinates":[34.722687,0.28166]},"properties":{"id":"523215127","n":"Mundoli Upper B PD5","t":"pdw","c":"Kakamega"}},{"type":"Feature","geometry":{"type":"Point","coordinates":[34.743689,0.307705]},"properties":{"id":"7458363","n":"Elande, Elande Spring - 4588","t":"ps","c":"Kakamega"}},{"type":"Feature","geometry":{"type":"Point","coordinates":[34.745163,0.30506]},"properties":{"id":"523243126","n":"Elwanda A, PS, 5","t":"ps","c":"Kakamega"}},{"type":"Feature","geometry":{"type":"Point","coordinates":[34.771078,0.312362]},"properties":{"id":"523219231","n":"Embwambwa PD","t":"pdw","c":"Kakamega"}},{"type":"Feature","geometry":{"type":"Point","coordinates":[34.727947,0.289544]},"properties":{"id":"523248853","n":"Shitungu B, UD, 8","t":"udw","c":"Kakamega"}},{"type":"Feature","geometry":{"type":"Point","coordinates":[34.767078,0.306877]},"properties":{"id":"523312543","n":"EmukanguPS3","t":"ps","c":"Kakamega"}},{"type":"Feature","geometry":{"type":"Point","coordinates":[34.750906,0.313613]},"properties":{"id":"523239338","n":"Elutali PD 7","t":"pdw","c":"Kakamega"}},{"type":"Feature","geometry":{"type":"Point","coordinates":[34.767977,0.316515]},"properties":{"id":"523305381","n":"Ebushishe PS","t":"ps","c":"Kakamega"}},{"type":"Feature","geometry":{"type":"Point","coordinates":[34.756295,0.320199]},"properties":{"id":"523192536","n":"Ematundiva PD 12","t":"pdw","c":"Kakamega"}},{"type":"Feature","geometry":{"type":"Point","coordinates":[34.750636,0.283692]},"properties":{"id":"523278490","n":"CBD PWS","t":"us","c":"Kakamega"}},{"type":"Feature","geometry":{"type":"Point","coordinates":[34.751661,0.315122]},"properties":{"id":"523315340","n":"Womuketi PD 11","t":"pdw","c":"Kakamega"}},{"type":"Feature","geometry":{"type":"Point","coordinates":[34.752565,0.292387]},"properties":{"id":"523308834","n":"Kenfico PS","t":"ps","c":"Kakamega"}},{"type":"Feature","geometry":{"type":"Point","coordinates":[34.736093,0.292787]},"properties":{"id":"523202914","n":"Wangwete PS2","t":"us","c":"Kakamega"}},{"type":"Feature","geometry":{"type":"Point","coordinates":[34.739106,0.294421]},"properties":{"id":"13035044","n":"Bushevo, David Enani Spring - 4844","t":"ps","c":"Kakamega"}},{"type":"Feature","geometry":{"type":"Point","coordinates":[34.735252,0.285028]},"properties":{"id":"523304421","n":"Shikhungula PS1","t":"ps","c":"Kakamega"}},{"type":"Feature","geometry":{"type":"Point","coordinates":[34.740393,0.300425]},"properties":{"id":"523288277","n":"Maraba A PS","t":"ps","c":"Kakamega"}},{"type":"Feature","geometry":{"type":"Point","coordinates":[34.751396,0.311812]},"properties":{"id":"523309945","n":"Elutali UD 3","t":"udw","c":"Kakamega"}},{"type":"Feature","geometry":{"type":"Point","coordinates":[34.767498,0.306178]},"properties":{"id":"523347154","n":"Emukangu PD11","t":"pdw","c":"Kakamega"}},{"type":"Feature","geometry":{"type":"Point","coordinates":[34.739264,0.294036]},"properties":{"id":"3909528","n":"Shikhambi, Isabella Spring - 4570","t":"ps","c":"Kakamega"}},{"type":"Feature","geometry":{"type":"Point","coordinates":[34.759607,0.326993]},"properties":{"id":"523234515","n":"Ematundiva PD 2","t":"pdw","c":"Kakamega"}},{"type":"Feature","geometry":{"type":"Point","coordinates":[34.716702,0.273937]},"properties":{"id":"523309749","n":"Munzeywe C PD4","t":"pdw","c":"Kakamega"}},{"type":"Feature","geometry":{"type":"Point","coordinates":[34.738303,0.299528]},"properties":{"id":"523248695","n":"Maraba A PS 2","t":"ps","c":"Kakamega"}},{"type":"Feature","geometry":{"type":"Point","coordinates":[34.727852,0.28966]},"properties":{"id":"523309536","n":"Shitungu B, PD, 11","t":"pdw","c":"Kakamega"}},{"type":"Feature","geometry":{"type":"Point","coordinates":[34.742908,0.288221]},"properties":{"id":"523330710","n":"Shikhambi PD","t":"pdw","c":"Kakamega"}},{"type":"Feature","geometry":{"type":"Point","coordinates":[34.747487,0.300097]},"properties":{"id":"523311229","n":"Lwatingu B PD9","t":"pdw","c":"Kakamega"}},{"type":"Feature","geometry":{"type":"Point","coordinates":[34.75799,0.324848]},"properties":{"id":"523233497","n":"Ematundiva US 8","t":"us","c":"Kakamega"}},{"type":"Feature","geometry":{"type":"Point","coordinates":[34.75575,0.325193]},"properties":{"id":"523229159","n":"Mukangu PD 7","t":"pdw","c":"Kakamega"}},{"type":"Feature","geometry":{"type":"Point","coordinates":[34.726405,0.288741]},"properties":{"id":"523322368","n":"Shitungu B-Middle, PD, 27","t":"pdw","c":"Kakamega"}},{"type":"Feature","geometry":{"type":"Point","coordinates":[34.770285,0.314747]},"properties":{"id":"523228653","n":"Ebushishe PS","t":"ps","c":"Kakamega"}},{"type":"Feature","geometry":{"type":"Point","coordinates":[34.727476,0.286429]},"properties":{"id":"523291019","n":"Shitungu B-Middle, PD, 18","t":"pdw","c":"Kakamega"}},{"type":"Feature","geometry":{"type":"Point","coordinates":[34.722772,0.28389]},"properties":{"id":"523286945","n":"Mundoli Upper B PD9","t":"pdw","c":"Kakamega"}},{"type":"Feature","geometry":{"type":"Point","coordinates":[34.718797,0.274293]},"properties":{"id":"523211154","n":"Munzeywe C PD6","t":"pdw","c":"Kakamega"}},{"type":"Feature","geometry":{"type":"Point","coordinates":[34.744908,0.302107]},"properties":{"id":"523207610","n":"Munyanya PD3","t":"pdw","c":"Kakamega"}},{"type":"Feature","geometry":{"type":"Point","coordinates":[34.729275,0.30204]},"properties":{"id":"679035507","n":"Mungulu Primary School - 410019","t":"bh","c":"Kakamega","d":110.0}},{"type":"Feature","geometry":{"type":"Point","coordinates":[34.771722,0.314123]},"properties":{"id":"523295611","n":"Embwambwa PD","t":"pdw","c":"Kakamega"}},{"type":"Feature","geometry":{"type":"Point","coordinates":[34.74386,0.29557]},"properties":{"id":"3749850","n":"Maraba Primary School Borehole Well - 426","t":"bh","c":"Kakamega"}},{"type":"Feature","geometry":{"type":"Point","coordinates":[34.74145,0.299072]},"properties":{"id":"523257639","n":"Maraba A PD","t":"pdw","c":"Kakamega"}},{"type":"Feature","geometry":{"type":"Point","coordinates":[34.727968,0.292264]},"properties":{"id":"523295635","n":"Shitungu A, UD, 1","t":"udw","c":"Kakamega"}},{"type":"Feature","geometry":{"type":"Point","coordinates":[34.728323,0.288805]},"properties":{"id":"523264327","n":"Shitungu B-Middle, PD, 26","t":"pdw","c":"Kakamega"}},{"type":"Feature","geometry":{"type":"Point","coordinates":[34.764097,0.318877]},"properties":{"id":"523233143","n":"Mwibichiri PS 2","t":"ps","c":"Kakamega"}},{"type":"Feature","geometry":{"type":"Point","coordinates":[34.741315,0.293195]},"properties":{"id":"523318501","n":"Shikhambi PD","t":"pdw","c":"Kakamega"}},{"type":"Feature","geometry":{"type":"Point","coordinates":[34.744503,0.299385]},"properties":{"id":"523333335","n":"Lwatingu B PD4","t":"pdw","c":"Kakamega"}},{"type":"Feature","geometry":{"type":"Point","coordinates":[34.732342,0.299663]},"properties":{"id":"523283100","n":"Mungulu, ,PS 6","t":"ps","c":"Kakamega"}},{"type":"Feature","geometry":{"type":"Point","coordinates":[34.753199,0.293857]},"properties":{"id":"506970519","n":"Daisy Special School - 22280","t":"bh","c":"Kakamega","d":100.0}},{"type":"Feature","geometry":{"type":"Point","coordinates":[34.76957,0.328264]},"properties":{"id":"523256126","n":"Isanjiro PD 3","t":"pdw","c":"Kakamega"}},{"type":"Feature","geometry":{"type":"Point","coordinates":[34.742958,0.291585]},"properties":{"id":"523250168","n":"Shikhambi PD","t":"pdw","c":"Kakamega"}},{"type":"Feature","geometry":{"type":"Point","coordinates":[34.750495,0.308936]},"properties":{"id":"523327435","n":"Elwanda B, PS, 2","t":"ps","c":"Kakamega"}},{"type":"Feature","geometry":{"type":"Point","coordinates":[34.778373,0.33077]},"properties":{"id":"523206657","n":"Emusala A PD 5","t":"pdw","c":"Kakamega"}},{"type":"Feature","geometry":{"type":"Point","coordinates":[34.73253,0.298207]},"properties":{"id":"523232702","n":"Mulaha A PS","t":"ps","c":"Kakamega"}},{"type":"Feature","geometry":{"type":"Point","coordinates":[34.746046,0.290575]},"properties":{"id":"523207050","n":"Maraba B PD","t":"pdw","c":"Kakamega"}},{"type":"Feature","geometry":{"type":"Point","coordinates":[34.747228,0.299273]},"properties":{"id":"523217741","n":"Lwatingu B PD8","t":"pdw","c":"Kakamega"}},{"type":"Feature","geometry":{"type":"Point","coordinates":[34.729821,0.302206]},"properties":{"id":"523304995","n":"Mungulu, PD, 4","t":"pdw","c":"Kakamega"}},{"type":"Feature","geometry":{"type":"Point","coordinates":[34.753014,0.314637]},"properties":{"id":"8514554","n":"Lutari, Protus Spring - 4721","t":"ps","c":"Kakamega"}},{"type":"Feature","geometry":{"type":"Point","coordinates":[34.745843,0.304167]},"properties":{"id":"8514516","n":"Shikoti, Ambale Spring - 4717","t":"ps","c":"Kakamega"}},{"type":"Feature","geometry":{"type":"Point","coordinates":[34.745621,0.29021]},"properties":{"id":"523346500","n":"Maraba B","t":"pdw","c":"Kakamega"}},{"type":"Feature","geometry":{"type":"Point","coordinates":[34.73995,0.296062]},"properties":{"id":"523249081","n":"Maraba PS1","t":"ps","c":"Kakamega"}},{"type":"Feature","geometry":{"type":"Point","coordinates":[34.770591,0.330667]},"properties":{"id":"523236603","n":"Emakuche US 4","t":"us","c":"Kakamega"}},{"type":"Feature","geometry":{"type":"Point","coordinates":[34.74611,0.290285]},"properties":{"id":"523267124","n":"Maraba B PD","t":"pdw","c":"Kakamega"}},{"type":"Feature","geometry":{"type":"Point","coordinates":[34.741883,0.290817]},"properties":{"id":"523273495","n":"Shikhambi PD","t":"pdw","c":"Kakamega"}},{"type":"Feature","geometry":{"type":"Point","coordinates":[34.751489,0.317242]},"properties":{"id":"523210902","n":"Shiandivsi PD 11","t":"pdw","c":"Kakamega"}},{"type":"Feature","geometry":{"type":"Point","coordinates":[34.747494,0.286654]},"properties":{"id":"523243384","n":"Scheme B PS 1","t":"ps","c":"Kakamega"}},{"type":"Feature","geometry":{"type":"Point","coordinates":[34.74461,0.28459]},"properties":{"id":"523323273","n":"Scheme A PD 2","t":"pdw","c":"Kakamega"}},{"type":"Feature","geometry":{"type":"Point","coordinates":[34.758099,0.325083]},"properties":{"id":"523278359","n":"Ematundiva PS 7","t":"ps","c":"Kakamega"}},{"type":"Feature","geometry":{"type":"Point","coordinates":[34.762116,0.326032]},"properties":{"id":"523322320","n":"Ematundiva PD 4","t":"pdw","c":"Kakamega"}},{"type":"Feature","geometry":{"type":"Point","coordinates":[34.766907,0.309683]},"properties":{"id":"523281696","n":"Emukangu PD1","t":"pdw","c":"Kakamega"}},{"type":"Feature","geometry":{"type":"Point","coordinates":[34.765167,0.309322]},"properties":{"id":"523263151","n":"Mulunyu PS1","t":"ps","c":"Kakamega"}},{"type":"Feature","geometry":{"type":"Point","coordinates":[34.765358,0.305995]},"properties":{"id":"523290599","n":"Sichirayi PS","t":"ps","c":"Kakamega"}},{"type":"Feature","geometry":{"type":"Point","coordinates":[34.779132,0.330527]},"properties":{"id":"523241708","n":"Emusala A PD 1","t":"pdw","c":"Kakamega"}},{"type":"Feature","geometry":{"type":"Point","coordinates":[34.726829,0.285257]},"properties":{"id":"523339513","n":"Shitungu B-Middle, PD, 16","t":"pdw","c":"Kakamega"}},{"type":"Feature","geometry":{"type":"Point","coordinates":[34.765153,0.306997]},"properties":{"id":"523285889","n":"Emukangu PD4","t":"pdw","c":"Kakamega"}},{"type":"Feature","geometry":{"type":"Point","coordinates":[34.746164,0.308061]},"properties":{"id":"7458325","n":"Luanda, Richard Spring - 4584","t":"ps","c":"Kakamega"}},{"type":"Feature","geometry":{"type":"Point","coordinates":[34.781793,0.329799]},"properties":{"id":"464156","n":"Emusala, Otsimi Spring - 4373","t":"ps","c":"Kakamega"}},{"type":"Feature","geometry":{"type":"Point","coordinates":[34.747255,0.297013]},"properties":{"id":"523270423","n":"Lwatingu PD1","t":"pdw","c":"Kakamega"}},{"type":"Feature","geometry":{"type":"Point","coordinates":[34.72535,0.278736]},"properties":{"id":"523307352","n":"Shibiriri PS","t":"ps","c":"Kakamega"}},{"type":"Feature","geometry":{"type":"Point","coordinates":[34.727826,0.289736]},"properties":{"id":"523295408","n":"Shitungu B, PD, 9","t":"pdw","c":"Kakamega"}},{"type":"Feature","geometry":{"type":"Point","coordinates":[34.761392,0.314638]},"properties":{"id":"523278256","n":"Emulele US","t":"us","c":"Kakamega"}},{"type":"Feature","geometry":{"type":"Point","coordinates":[34.745518,0.290125]},"properties":{"id":"523323857","n":"Maraba B PD","t":"pdw","c":"Kakamega"}},{"type":"Feature","geometry":{"type":"Point","coordinates":[34.737042,0.301644]},"properties":{"id":"9606106","n":"Shiamala, David Ashiona Spring - 4701","t":"ps","c":"Kakamega"}},{"type":"Feature","geometry":{"type":"Point","coordinates":[34.76247,0.309173]},"properties":{"id":"523281524","n":"Mulunyu PD7","t":"pdw","c":"Kakamega"}},{"type":"Feature","geometry":{"type":"Point","coordinates":[34.773995,0.328015]},"properties":{"id":"523283708","n":"Emusala A PS 3","t":"ps","c":"Kakamega"}},{"type":"Feature","geometry":{"type":"Point","coordinates":[34.745311,0.29602]},"properties":{"id":"530989","n":"Decommissioned 2024 - Maraba, Maraba Spring - 4579","t":"ps","c":"Kakamega"}},{"type":"Feature","geometry":{"type":"Point","coordinates":[34.767115,0.305875]},"properties":{"id":"523324425","n":"Emukangu PD7","t":"pdw","c":"Kakamega"}},{"type":"Feature","geometry":{"type":"Point","coordinates":[34.72181,0.282183]},"properties":{"id":"523245135","n":"Mundoli Upper B PD16","t":"pdw","c":"Kakamega"}},{"type":"Feature","geometry":{"type":"Point","coordinates":[34.744411,0.306601]},"properties":{"id":"523259260","n":"Elwanda A, PD, 7","t":"pdw","c":"Kakamega"}},{"type":"Feature","geometry":{"type":"Point","coordinates":[34.752975,0.314544]},"properties":{"id":"523269803","n":"Womuketi PS 16","t":"ps","c":"Kakamega"}},{"type":"Feature","geometry":{"type":"Point","coordinates":[34.738557,0.290512]},"properties":{"id":"523212832","n":"Wangwete PS1","t":"ps","c":"Kakamega"}},{"type":"Feature","geometry":{"type":"Point","coordinates":[34.760436,0.329111]},"properties":{"id":"523203843","n":"Ematundiva PD 3","t":"pdw","c":"Kakamega"}},{"type":"Feature","geometry":{"type":"Point","coordinates":[34.77156,0.28544]},"properties":{"id":"7268797","n":"Shitaho, Andrea Kong'o Spring - 4709","t":"ps","c":"Kakamega"}},{"type":"Feature","geometry":{"type":"Point","coordinates":[34.764172,0.262809]},"properties":{"id":"523292027","n":"Matende PS 9","t":"ps","c":"Kakamega"}},{"type":"Feature","geometry":{"type":"Point","coordinates":[34.746149,0.268307]},"properties":{"id":"523226242","n":"Shikoye PD 3","t":"pdw","c":"Kakamega"}},{"type":"Feature","geometry":{"type":"Point","coordinates":[34.72543,0.269022]},"properties":{"id":"523241753","n":"Shalom UD 17","t":"udw","c":"Kakamega"}},{"type":"Feature","geometry":{"type":"Point","coordinates":[34.724693,0.277312]},"properties":{"id":"523278414","n":"Shibiriri PD","t":"pdw","c":"Kakamega"}},{"type":"Feature","geometry":{"type":"Point","coordinates":[34.751146,0.279282]},"properties":{"id":"523325770","n":"Otiende BH 1","t":"bh","c":"Kakamega"}},{"type":"Feature","geometry":{"type":"Point","coordinates":[34.716113,0.271202]},"properties":{"id":"523312000","n":"Munzeywe B US3","t":"us","c":"Kakamega"}},{"type":"Feature","geometry":{"type":"Point","coordinates":[34.7569,0.2774]},"properties":{"id":"212761638","n":"Ivumbu","t":"bh","c":"Kakamega"}},{"type":"Feature","geometry":{"type":"Point","coordinates":[34.770347,0.262692]},"properties":{"id":"523210012","n":"Busiayi PD 13","t":"pdw","c":"Kakamega"}},{"type":"Feature","geometry":{"type":"Point","coordinates":[34.715399,0.255932]},"properties":{"id":"523208147","n":"Shisasari PS 1","t":"ps","c":"Kakamega"}},{"type":"Feature","geometry":{"type":"Point","coordinates":[34.731885,0.270486]},"properties":{"id":"523340030","n":"Sipalo BH 21","t":"bh","c":"Kakamega"}},{"type":"Feature","geometry":{"type":"Point","coordinates":[34.740892,0.270592]},"properties":{"id":"523323424","n":"Lutonyi PS 19","t":"ps","c":"Kakamega"}},{"type":"Feature","geometry":{"type":"Point","coordinates":[34.771322,0.271649]},"properties":{"id":"523335674","n":"Shikulu PD 13","t":"pdw","c":"Kakamega"}},{"type":"Feature","geometry":{"type":"Point","coordinates":[34.771643,0.2853]},"properties":{"id":"523200046","n":"Munzakula A PS 1","t":"ps","c":"Kakamega"}},{"type":"Feature","geometry":{"type":"Point","coordinates":[34.770709,0.263545]},"properties":{"id":"523338907","n":"Busiayi PD 17","t":"pdw","c":"Kakamega"}},{"type":"Feature","geometry":{"type":"Point","coordinates":[34.7083,0.2664]},"properties":{"id":"47024625","n":"Emaka, Ateka Spring - 18149","t":"ps","c":"Kakamega"}},{"type":"Feature","geometry":{"type":"Point","coordinates":[34.71624,0.264212]},"properties":{"id":"523204239","n":"Eluesero RW 7","t":"ps","c":"Kakamega"}},{"type":"Feature","geometry":{"type":"Point","coordinates":[34.749807,0.267089]},"properties":{"id":"523278971","n":"Shikoye PD 56","t":"pdw","c":"Kakamega"}},{"type":"Feature","geometry":{"type":"Point","coordinates":[34.723426,0.262969]},"properties":{"id":"523240439","n":"Mulombole US 11","t":"us","c":"Kakamega"}},{"type":"Feature","geometry":{"type":"Point","coordinates":[34.770385,0.269265]},"properties":{"id":"523354172","n":"Shikulu PD 1","t":"pdw","c":"Kakamega"}},{"type":"Feature","geometry":{"type":"Point","coordinates":[34.731714,0.272259]},"properties":{"id":"523218759","n":"Shipalo BH 2","t":"bh","c":"Kakamega"}},{"type":"Feature","geometry":{"type":"Point","coordinates":[34.748773,0.268908]},"properties":{"id":"523353511","n":"Shikoye PD 18","t":"pdw","c":"Kakamega"}},{"type":"Feature","geometry":{"type":"Point","coordinates":[34.719894,0.257485]},"properties":{"id":"523332956","n":"Mulombole US 2","t":"us","c":"Kakamega"}},{"type":"Feature","geometry":{"type":"Point","coordinates":[34.742142,0.282777]},"properties":{"id":"523228275","n":"Mulaha B PS","t":"ps","c":"Kakamega"}},{"type":"Feature","geometry":{"type":"Point","coordinates":[34.740885,0.269191]},"properties":{"id":"523342551","n":"Lutonyi PS 7","t":"ps","c":"Kakamega"}},{"type":"Feature","geometry":{"type":"Point","coordinates":[34.716169,0.255122]},"properties":{"id":"523250687","n":"Shisasari PS 2","t":"ps","c":"Kakamega"}},{"type":"Feature","geometry":{"type":"Point","coordinates":[34.739913,0.277926]},"properties":{"id":"523327260","n":"Lutonyi PS 42","t":"ps","c":"Kakamega"}},{"type":"Feature","geometry":{"type":"Point","coordinates":[34.721418,0.270603]},"properties":{"id":"523237769","n":"Shibiriri PS","t":"ps","c":"Kakamega"}},{"type":"Feature","geometry":{"type":"Point","coordinates":[34.729912,0.279815]},"properties":{"id":"523287991","n":"Mulwanda PD","t":"pdw","c":"Kakamega"}},{"type":"Feature","geometry":{"type":"Point","coordinates":[34.716001,0.268005]},"properties":{"id":"523212557","n":"Elwesero PD 7","t":"pdw","c":"Kakamega"}},{"type":"Feature","geometry":{"type":"Point","coordinates":[34.77177,0.267545]},"properties":{"id":"523232661","n":"Shikulu PD 4","t":"pdw","c":"Kakamega"}},{"type":"Feature","geometry":{"type":"Point","coordinates":[34.76438,0.27747]},"properties":{"id":"3750085","n":"Decommissioned 2016 - Bishop Sulumeti Girls' Secondary Borehole Well","t":"bh","c":"Kakamega"}},{"type":"Feature","geometry":{"type":"Point","coordinates":[34.722275,0.271968]},"properties":{"id":"523281562","n":"Shibiriri PD","t":"pdw","c":"Kakamega"}},{"type":"Feature","geometry":{"type":"Point","coordinates":[34.772668,0.285206]},"properties":{"id":"523303451","n":"Munzakula A PD 3","t":"pdw","c":"Kakamega"}},{"type":"Feature","geometry":{"type":"Point","coordinates":[34.729742,0.276483]},"properties":{"id":"523294500","n":"Shibiriri PD","t":"pdw","c":"Kakamega"}},{"type":"Feature","geometry":{"type":"Point","coordinates":[34.711867,0.260434]},"properties":{"id":"523232908","n":"Eluesero PD 20","t":"pdw","c":"Kakamega"}},{"type":"Feature","geometry":{"type":"Point","coordinates":[34.729164,0.280638]},"properties":{"id":"523242084","n":"Mulwanda PD","t":"pdw","c":"Kakamega"}},{"type":"Feature","geometry":{"type":"Point","coordinates":[34.728506,0.268326]},"properties":{"id":"523346177","n":"Shipalo PS 20","t":"ps","c":"Kakamega"}},{"type":"Feature","geometry":{"type":"Point","coordinates":[34.726176,0.268829]},"properties":{"id":"523231172","n":"Shipalo PS 16","t":"ps","c":"Kakamega"}},{"type":"Feature","geometry":{"type":"Point","coordinates":[34.729399,0.280178]},"properties":{"id":"523346957","n":"Mulwanda PD","t":"pdw","c":"Kakamega"}},{"type":"Feature","geometry":{"type":"Point","coordinates":[34.768978,0.263386]},"properties":{"id":"523247388","n":"Lukala PD 4","t":"pdw","c":"Kakamega"}},{"type":"Feature","geometry":{"type":"Point","coordinates":[34.73673,0.26946]},"properties":{"id":"3750171","n":"Decommissioned 2016 - Hirumbi Primary School Well - Site 2","t":"bh","c":"Kakamega"}},{"type":"Feature","geometry":{"type":"Point","coordinates":[34.728373,0.280247]},"properties":{"id":"523308236","n":"Mulwanda PD","t":"pdw","c":"Kakamega"}},{"type":"Feature","geometry":{"type":"Point","coordinates":[34.733205,0.26225]},"properties":{"id":"523282927","n":"Rosterman PS 6","t":"ps","c":"Kakamega"}},{"type":"Feature","geometry":{"type":"Point","coordinates":[34.722307,0.271235]},"properties":{"id":"523288600","n":"Shibiriri BH","t":"bh","c":"Kakamega"}},{"type":"Feature","geometry":{"type":"Point","coordinates":[34.744713,0.267236]},"properties":{"id":"523348447","n":"Shikoye PD 44","t":"pdw","c":"Kakamega"}},{"type":"Feature","geometry":{"type":"Point","coordinates":[34.749126,0.281908]},"properties":{"id":"523317407","n":"Otiende BH","t":"bh","c":"Kakamega"}},{"type":"Feature","geometry":{"type":"Point","coordinates":[34.772599,0.264081]},"properties":{"id":"523306306","n":"Busiayi US 9","t":"us","c":"Kakamega"}},{"type":"Feature","geometry":{"type":"Point","coordinates":[34.733592,0.27042]},"properties":{"id":"41048263","n":"Rosterman, Kidiga Spring - 19087","t":"ps","c":"Kakamega"}},{"type":"Feature","geometry":{"type":"Point","coordinates":[34.717215,0.271701]},"properties":{"id":"523309873","n":"Emukoko US 9","t":"us","c":"Kakamega"}},{"type":"Feature","geometry":{"type":"Point","coordinates":[34.709519,0.258115]},"properties":{"id":"523282398","n":"Shisasari PD 7","t":"pdw","c":"Kakamega"}},{"type":"Feature","geometry":{"type":"Point","coordinates":[34.772229,0.270488]},"properties":{"id":"523319193","n":"Shikulu PD 14","t":"pdw","c":"Kakamega"}},{"type":"Feature","geometry":{"type":"Point","coordinates":[34.712133,0.267555]},"properties":{"id":"523341378","n":"Elwesero US 1","t":"us","c":"Kakamega"}},{"type":"Feature","geometry":{"type":"Point","coordinates":[34.741809,0.269623]},"properties":{"id":"523341158","n":"Shikoye PS 23","t":"ps","c":"Kakamega"}},{"type":"Feature","geometry":{"type":"Point","coordinates":[34.718084,0.265675]},"properties":{"id":"523348272","n":"Eluesero PD 1","t":"pdw","c":"Kakamega"}},{"type":"Feature","geometry":{"type":"Point","coordinates":[34.77176,0.269893]},"properties":{"id":"523203922","n":"Shikulu PD 11","t":"ps","c":"Kakamega"}},{"type":"Feature","geometry":{"type":"Point","coordinates":[34.735249,0.271945]},"properties":{"id":"523353346","n":"Mukango PD 18","t":"pdw","c":"Kakamega"}},{"type":"Feature","geometry":{"type":"Point","coordinates":[34.74975,0.263711]},"properties":{"id":"523227913","n":"Shikoye PD 51","t":"pdw","c":"Kakamega"}},{"type":"Feature","geometry":{"type":"Point","coordinates":[34.717119,0.271628]},"properties":{"id":"523203881","n":"Munzeywe B US1","t":"pdw","c":"Kakamega"}},{"type":"Feature","geometry":{"type":"Point","coordinates":[34.73673,0.26946]},"properties":{"id":"3750164","n":"Decommissioned 2016 - Hirumbi Primary School Well","t":"bh","c":"Kakamega"}},{"type":"Feature","geometry":{"type":"Point","coordinates":[34.749833,0.266387]},"properties":{"id":"523203788","n":"Shikoye PWS 55","t":"pdw","c":"Kakamega"}},{"type":"Feature","geometry":{"type":"Point","coordinates":[34.715414,0.255903]},"properties":{"id":"464170","n":"Bugondi, Luseka Spring - 4330","t":"ps","c":"Kakamega"}},{"type":"Feature","geometry":{"type":"Point","coordinates":[34.729791,0.263299]},"properties":{"id":"523284187","n":"Rosterman PD 10","t":"pdw","c":"Kakamega"}},{"type":"Feature","geometry":{"type":"Point","coordinates":[34.742345,0.282495]},"properties":{"id":"523331979","n":"Mulaha B US 1","t":"us","c":"Kakamega"}},{"type":"Feature","geometry":{"type":"Point","coordinates":[34.726144,0.268942]},"properties":{"id":"523241492","n":"Shipalo PD 15","t":"pdw","c":"Kakamega"}},{"type":"Feature","geometry":{"type":"Point","coordinates":[34.74627,0.26707]},"properties":{"id":"523203197","n":"Shikoye PD 33","t":"pdw","c":"Kakamega"}},{"type":"Feature","geometry":{"type":"Point","coordinates":[34.722345,0.27034]},"properties":{"id":"523208635","n":"Shibiriri PD","t":"pdw","c":"Kakamega"}},{"type":"Feature","geometry":{"type":"Point","coordinates":[34.711821,0.265751]},"properties":{"id":"523342685","n":"Elwesero PD 4","t":"pdw","c":"Kakamega"}},{"type":"Feature","geometry":{"type":"Point","coordinates":[34.76625,0.259825]},"properties":{"id":"7458404","n":"Shitaho, Jared Spring - 4590","t":"ps","c":"Kakamega"}},{"type":"Feature","geometry":{"type":"Point","coordinates":[34.746647,0.262094]},"properties":{"id":"523339393","n":"Musiolo PD 28","t":"pdw","c":"Kakamega"}},{"type":"Feature","geometry":{"type":"Point","coordinates":[34.738528,0.283803]},"properties":{"id":"523290427","n":"Emusonga PD","t":"pdw","c":"Kakamega"}},{"type":"Feature","geometry":{"type":"Point","coordinates":[34.712829,0.260708]},"properties":{"id":"523211336","n":"Eluesero PD 19","t":"pdw","c":"Kakamega"}},{"type":"Feature","geometry":{"type":"Point","coordinates":[34.75948,0.27003]},"properties":{"id":"3750157","n":"UCC 2018 - Kakamega Township Secondary School Borehole Well","t":"bh","c":"Kakamega"}},{"type":"Feature","geometry":{"type":"Point","coordinates":[34.730315,0.276935]},"properties":{"id":"523244017","n":"Shibiriri PD","t":"pdw","c":"Kakamega"}},{"type":"Feature","geometry":{"type":"Point","coordinates":[34.775453,0.272783]},"properties":{"id":"523227119","n":"Shikulu PS 17","t":"ps","c":"Kakamega"}},{"type":"Feature","geometry":{"type":"Point","coordinates":[34.773469,0.286578]},"properties":{"id":"523195089","n":"Munzakula B PD 3","t":"pdw","c":"Kakamega"}},{"type":"Feature","geometry":{"type":"Point","coordinates":[34.721682,0.27335]},"properties":{"id":"523317098","n":"Shibiriri PS","t":"ps","c":"Kakamega"}},{"type":"Feature","geometry":{"type":"Point","coordinates":[34.717965,0.272763]},"properties":{"id":"523300609","n":"Munzeywe B PD1","t":"pdw","c":"Kakamega"}},{"type":"Feature","geometry":{"type":"Point","coordinates":[34.768255,0.262653]},"properties":{"id":"10980440","n":"Shitaho, Mwikholo Spring - 4708","t":"ps","c":"Kakamega"}},{"type":"Feature","geometry":{"type":"Point","coordinates":[34.737029,0.269248]},"properties":{"id":"523331515","n":"Mukango PD 15","t":"pdw","c":"Kakamega"}},{"type":"Feature","geometry":{"type":"Point","coordinates":[34.71523,0.262506]},"properties":{"id":"523345705","n":"Eluesero PD 17","t":"pdw","c":"Kakamega"}},{"type":"Feature","geometry":{"type":"Point","coordinates":[34.740862,0.269107]},"properties":{"id":"20943703","n":"Irumbi, Shatsala Spring - 18168","t":"ps","c":"Kakamega"}},{"type":"Feature","geometry":{"type":"Point","coordinates":[34.726819,0.278822]},"properties":{"id":"523251516","n":"Shibiriri PD","t":"pdw","c":"Kakamega"}},{"type":"Feature","geometry":{"type":"Point","coordinates":[34.776344,0.284291]},"properties":{"id":"523279800","n":"Munzakula B PD 9","t":"pdw","c":"Kakamega"}},{"type":"Feature","geometry":{"type":"Point","coordinates":[34.721981,0.275168]},"properties":{"id":"523310352","n":"Shibiriri PD","t":"pdw","c":"Kakamega"}},{"type":"Feature","geometry":{"type":"Point","coordinates":[34.740213,0.278189]},"properties":{"id":"523323998","n":"Murram PS 17","t":"ps","c":"Kakamega"}},{"type":"Feature","geometry":{"type":"Point","coordinates":[34.734217,0.265547]},"properties":{"id":"25786442","n":"Hirumbi, Khalembi Spring - 19133","t":"ps","c":"Kakamega"}},{"type":"Feature","geometry":{"type":"Point","coordinates":[34.715838,0.270298]},"properties":{"id":"523298236","n":"Emukoko US 8","t":"us","c":"Kakamega"}},{"type":"Feature","geometry":{"type":"Point","coordinates":[34.736607,0.276446]},"properties":{"id":"523308102","n":"Lutonyi PD 37","t":"pdw","c":"Kakamega"}},{"type":"Feature","geometry":{"type":"Point","coordinates":[34.773396,0.284366]},"properties":{"id":"523345585","n":"Munzakula B PS 17","t":"ps","c":"Kakamega"}},{"type":"Feature","geometry":{"type":"Point","coordinates":[34.718293,0.270785]},"properties":{"id":"523346445","n":"Emusikongo PD","t":"pdw","c":"Kakamega"}},{"type":"Feature","geometry":{"type":"Point","coordinates":[34.73154,0.277723]},"properties":{"id":"523252342","n":"Mulwanda PS","t":"ps","c":"Kakamega"}},{"type":"Feature","geometry":{"type":"Point","coordinates":[34.72867,0.280715]},"properties":{"id":"523198972","n":"Mulwanda PD","t":"pdw","c":"Kakamega"}},{"type":"Feature","geometry":{"type":"Point","coordinates":[34.771469,0.271285]},"properties":{"id":"523194679","n":"Shikulu PD 12","t":"pdw","c":"Kakamega"}},{"type":"Feature","geometry":{"type":"Point","coordinates":[34.740772,0.270685]},"properties":{"id":"8357793","n":"Irumbi, Okang'a Spring - 18130","t":"ps","c":"Kakamega"}},{"type":"Feature","geometry":{"type":"Point","coordinates":[34.71615,0.271188]},"properties":{"id":"523238966","n":"Munzeywe US 2","t":"us","c":"Kakamega"}},{"type":"Feature","geometry":{"type":"Point","coordinates":[34.729361,0.273893]},"properties":{"id":"523238124","n":"Shipalo PD 9","t":"pdw","c":"Kakamega"}},{"type":"Feature","geometry":{"type":"Point","coordinates":[34.735415,0.271941]},"properties":{"id":"523194040","n":"Lutonyi PD 12","t":"pdw","c":"Kakamega"}},{"type":"Feature","geometry":{"type":"Point","coordinates":[34.707658,0.266283]},"properties":{"id":"523309433","n":"Emakaka B US 1","t":"us","c":"Kakamega"}},{"type":"Feature","geometry":{"type":"Point","coordinates":[34.745848,0.265139]},"properties":{"id":"523320232","n":"Shikoye PD 49","t":"pdw","c":"Kakamega"}},{"type":"Feature","geometry":{"type":"Point","coordinates":[34.737455,0.27702]},"properties":{"id":"523322942","n":"Lutonyi PD 36","t":"pdw","c":"Kakamega"}},{"type":"Feature","geometry":{"type":"Point","coordinates":[34.744971,0.276929]},"properties":{"id":"523210751","n":"Murram PD 25","t":"pdw","c":"Kakamega"}},{"type":"Feature","geometry":{"type":"Point","coordinates":[34.739567,0.283777]},"properties":{"id":"523291071","n":"Emusonga PS 1","t":"ps","c":"Kakamega"}},{"type":"Feature","geometry":{"type":"Point","coordinates":[34.705812,0.266789]},"properties":{"id":"8514482","n":"Emakaka Community, Abdi Kagunza Spring - 4713","t":"ps","c":"Kakamega"}},{"type":"Feature","geometry":{"type":"Point","coordinates":[34.724004,0.268219]},"properties":{"id":"523319502","n":"Shipalo PD 18","t":"pdw","c":"Kakamega"}},{"type":"Feature","geometry":{"type":"Point","coordinates":[34.71558,0.264336]},"properties":{"id":"523216836","n":"Eluesero PD 6","t":"pdw","c":"Kakamega"}},{"type":"Feature","geometry":{"type":"Point","coordinates":[34.713764,0.26776]},"properties":{"id":"523255510","n":"Elwesero US 2","t":"us","c":"Kakamega"}},{"type":"Feature","geometry":{"type":"Point","coordinates":[34.711551,0.258175]},"properties":{"id":"523306179","n":"Shisasari PD 11","t":"pdw","c":"Kakamega"}},{"type":"Feature","geometry":{"type":"Point","coordinates":[34.740563,0.283854]},"properties":{"id":"523205735","n":"Mulaha B PS","t":"ps","c":"Kakamega"}},{"type":"Feature","geometry":{"type":"Point","coordinates":[34.728485,0.279982]},"properties":{"id":"523318556","n":"Mulwanda PD","t":"pdw","c":"Kakamega"}},{"type":"Feature","geometry":{"type":"Point","coordinates":[34.74589,0.279588]},"properties":{"id":"523199760","n":"Otiende BH 2","t":"bh","c":"Kakamega"}},{"type":"Feature","geometry":{"type":"Point","coordinates":[34.733591,0.270423]},"properties":{"id":"523349730","n":"Rosterman PS 15","t":"ps","c":"Kakamega"}},{"type":"Feature","geometry":{"type":"Point","coordinates":[34.768116,0.260124]},"properties":{"id":"523212997","n":"Lukala PS 2","t":"ps","c":"Kakamega"}},{"type":"Feature","geometry":{"type":"Point","coordinates":[34.773715,0.287089]},"properties":{"id":"523283272","n":"Munzakula B PD 1","t":"pdw","c":"Kakamega"}},{"type":"Feature","geometry":{"type":"Point","coordinates":[34.766206,0.267397]},"properties":{"id":"523292742","n":"Lukala PD 13","t":"pdw","c":"Kakamega"}},{"type":"Feature","geometry":{"type":"Point","coordinates":[34.7231,0.266827]},"properties":{"id":"523322708","n":"Shipalo PD 19","t":"pdw","c":"Kakamega"}},{"type":"Feature","geometry":{"type":"Point","coordinates":[34.71794,0.265146]},"properties":{"id":"523245393","n":"Eluesero BH 2","t":"bh","c":"Kakamega"}},{"type":"Feature","geometry":{"type":"Point","coordinates":[34.716854,0.262522]},"properties":{"id":"523284936","n":"Eluesero PD 12","t":"pdw","c":"Kakamega"}},{"type":"Feature","geometry":{"type":"Point","coordinates":[34.741671,0.278764]},"properties":{"id":"523353573","n":"Murram PD 18","t":"pdw","c":"Kakamega"}},{"type":"Feature","geometry":{"type":"Point","coordinates":[34.747149,0.264059]},"properties":{"id":"523219475","n":"Shikoye UD 50","t":"udw","c":"Kakamega"}},{"type":"Feature","geometry":{"type":"Point","coordinates":[34.76829,0.262561]},"properties":{"id":"523213060","n":"Lukala PS 3","t":"ps","c":"Kakamega"}},{"type":"Feature","geometry":{"type":"Point","coordinates":[34.718232,0.273616]},"properties":{"id":"523213967","n":"Munzeywe C PD5","t":"pdw","c":"Kakamega"}},{"type":"Feature","geometry":{"type":"Point","coordinates":[34.715887,0.261206]},"properties":{"id":"523304177","n":"Eluesero PD 16","t":"pdw","c":"Kakamega"}},{"type":"Feature","geometry":{"type":"Point","coordinates":[34.715157,0.258565]},"properties":{"id":"523274915","n":"Eluesero BH 21","t":"bh","c":"Kakamega"}},{"type":"Feature","geometry":{"type":"Point","coordinates":[34.775002,0.28009]},"properties":{"id":"523267540","n":"Shikulu PS 25","t":"ps","c":"Kakamega"}},{"type":"Feature","geometry":{"type":"Point","coordinates":[34.768138,0.260175]},"properties":{"id":"3868375","n":"Shitaho, Isaac Spring - 4711","t":"ps","c":"Kakamega"}},{"type":"Feature","geometry":{"type":"Point","coordinates":[34.729114,0.279306]},"properties":{"id":"523335636","n":"Mulwanda PD","t":"pdw","c":"Kakamega"}},{"type":"Feature","geometry":{"type":"Point","coordinates":[34.744668,0.266924]},"properties":{"id":"523287647","n":"Shikoye PD 43","t":"pdw","c":"Kakamega"}},{"type":"Feature","geometry":{"type":"Point","coordinates":[34.773624,0.282683]},"properties":{"id":"523273079","n":"Munzakula B PS 16","t":"ps","c":"Kakamega"}},{"type":"Feature","geometry":{"type":"Point","coordinates":[34.7399,0.2779]},"properties":{"id":"51545994","n":"Lutonyi, Lutomia Spring - 19138","t":"ps","c":"Kakamega"}},{"type":"Feature","geometry":{"type":"Point","coordinates":[34.715156,0.264892]},"properties":{"id":"523246198","n":"Elwesero PD 5.","t":"pdw","c":"Kakamega"}},{"type":"Feature","geometry":{"type":"Point","coordinates":[34.731305,0.274453]},"properties":{"id":"523353353","n":"Shipalo PD 4","t":"pdw","c":"Kakamega"}},{"type":"Feature","geometry":{"type":"Point","coordinates":[34.748344,0.268765]},"properties":{"id":"523353504","n":"Shikoye PD 17","t":"pdw","c":"Kakamega"}},{"type":"Feature","geometry":{"type":"Point","coordinates":[34.7212,0.269627]},"properties":{"id":"523205467","n":"Shibiriri US","t":"us","c":"Kakamega"}},{"type":"Feature","geometry":{"type":"Point","coordinates":[34.714872,0.270555]},"properties":{"id":"523219042","n":"Emukoko US 7","t":"us","c":"Kakamega"}}]}