{"type":"FeatureCollection","features":[{"type":"Feature","geometry":{"type":"Point","coordinates":[34.901467,0.155202]},"properties":{"id":"523294957","n":"Sukura A US 4","t":"us","c":"Nandi"}},{"type":"Feature","geometry":{"type":"Point","coordinates":[34.887592,0.1495]},"properties":{"id":"523251729","n":"Manzalala A US 4","t":"us","c":"Nandi"}},{"type":"Feature","geometry":{"type":"Point","coordinates":[34.877768,0.134483]},"properties":{"id":"523349929","n":"Singong'o A US 5","t":"us","c":"Nandi"}},{"type":"Feature","geometry":{"type":"Point","coordinates":[34.866045,0.12422]},"properties":{"id":"523324920","n":"Kamgoi B US 1","t":"us","c":"Nandi"}},{"type":"Feature","geometry":{"type":"Point","coordinates":[34.862007,0.126743]},"properties":{"id":"523220318","n":"Kamgoi A US 2","t":"us","c":"Nandi"}},{"type":"Feature","geometry":{"type":"Point","coordinates":[34.866403,0.125527]},"properties":{"id":"523290733","n":"Kamgoi B PS 6","t":"ps","c":"Nandi"}},{"type":"Feature","geometry":{"type":"Point","coordinates":[34.902047,0.153173]},"properties":{"id":"523312282","n":"Sukura A US 6","t":"us","c":"Nandi"}},{"type":"Feature","geometry":{"type":"Point","coordinates":[34.88545,0.14682]},"properties":{"id":"523220387","n":"Manzalala A US 2","t":"us","c":"Nandi"}},{"type":"Feature","geometry":{"type":"Point","coordinates":[34.896076,0.151239]},"properties":{"id":"523260347","n":"Kakubutu PS 4","t":"ps","c":"Nandi"}},{"type":"Feature","geometry":{"type":"Point","coordinates":[34.864607,0.126127]},"properties":{"id":"523227140","n":"Kamgoi B PD 2","t":"pdw","c":"Nandi"}},{"type":"Feature","geometry":{"type":"Point","coordinates":[34.872955,0.135577]},"properties":{"id":"523278294","n":"Shaviringa B, US, 6","t":"us","c":"Nandi"}},{"type":"Feature","geometry":{"type":"Point","coordinates":[34.870992,0.133028]},"properties":{"id":"523256250","n":"Singong'o B US 2","t":"us","c":"Nandi"}},{"type":"Feature","geometry":{"type":"Point","coordinates":[34.89953,0.152323]},"properties":{"id":"523256865","n":"Luchesi PS 4","t":"ps","c":"Nandi"}},{"type":"Feature","geometry":{"type":"Point","coordinates":[34.859002,0.100983]},"properties":{"id":"523225447","n":"Vakhuvera US Isindu","t":"us","c":"Nandi"}},{"type":"Feature","geometry":{"type":"Point","coordinates":[34.889012,0.149288]},"properties":{"id":"523194772","n":"Musasa B US 5","t":"us","c":"Nandi"}},{"type":"Feature","geometry":{"type":"Point","coordinates":[34.877685,0.134807]},"properties":{"id":"561115591","n":"Muse Water Spring No 1900","t":"ps","c":"Nandi"}},{"type":"Feature","geometry":{"type":"Point","coordinates":[34.88427,0.14437]},"properties":{"id":"523289546","n":"Musasa B PS 1","t":"ps","c":"Nandi"}},{"type":"Feature","geometry":{"type":"Point","coordinates":[34.90229,0.15229]},"properties":{"id":"561114789","n":"Lujesi Water Spring No 1843","t":"ps","c":"Nandi"}},{"type":"Feature","geometry":{"type":"Point","coordinates":[34.902307,0.152255]},"properties":{"id":"523227188","n":"Luchesi US 3","t":"us","c":"Nandi"}},{"type":"Feature","geometry":{"type":"Point","coordinates":[34.858028,0.11428]},"properties":{"id":"523268314","n":"Vamalia US Katavita","t":"us","c":"Nandi"}},{"type":"Feature","geometry":{"type":"Point","coordinates":[34.898625,0.152782]},"properties":{"id":"523209320","n":"Luchesi PD 5","t":"pdw","c":"Nandi"}},{"type":"Feature","geometry":{"type":"Point","coordinates":[34.871666,0.136767]},"properties":{"id":"523345671","n":"Shaviringa B, US, 4","t":"us","c":"Nandi"}},{"type":"Feature","geometry":{"type":"Point","coordinates":[34.892588,0.149118]},"properties":{"id":"523342520","n":"Musasa A PS 1","t":"ps","c":"Nandi"}},{"type":"Feature","geometry":{"type":"Point","coordinates":[34.88628,0.145292]},"properties":{"id":"523259734","n":"Musasa B US 2","t":"us","c":"Nandi"}},{"type":"Feature","geometry":{"type":"Point","coordinates":[34.886221,0.145222]},"properties":{"id":"702613070","n":"Llemo Water Spring No 1921","t":"ps","c":"Nandi"}},{"type":"Feature","geometry":{"type":"Point","coordinates":[34.875172,0.137008]},"properties":{"id":"523236421","n":"Singong'o A US 2","t":"us","c":"Nandi"}},{"type":"Feature","geometry":{"type":"Point","coordinates":[34.874495,0.136131]},"properties":{"id":"523290283","n":"Shaviringa B, PS, 5","t":"ps","c":"Nandi"}},{"type":"Feature","geometry":{"type":"Point","coordinates":[34.903118,0.157103]},"properties":{"id":"523337250","n":"Sukura A PD 3","t":"pdw","c":"Nandi"}},{"type":"Feature","geometry":{"type":"Point","coordinates":[34.859065,0.123135]},"properties":{"id":"523241227","n":"Shipala US 4","t":"us","c":"Nandi"}},{"type":"Feature","geometry":{"type":"Point","coordinates":[34.857952,0.094912]},"properties":{"id":"237152303","n":"Kodia Water Spring No","t":"ps","c":"Nandi"}},{"type":"Feature","geometry":{"type":"Point","coordinates":[34.902045,0.153102]},"properties":{"id":"561114710","n":"Kirumbi Water Spring No 1835","t":"ps","c":"Nandi"}},{"type":"Feature","geometry":{"type":"Point","coordinates":[34.862103,0.126497]},"properties":{"id":"523230913","n":"Kamgoi A US 3","t":"us","c":"Nandi"}},{"type":"Feature","geometry":{"type":"Point","coordinates":[34.871793,0.136182]},"properties":{"id":"452159116","n":"Sangale Water Spring No 1769","t":"ps","c":"Nandi"}},{"type":"Feature","geometry":{"type":"Point","coordinates":[34.878963,0.13911]},"properties":{"id":"561114198","n":"Mutukuyio Water Spring No 1801","t":"ps","c":"Nandi"}},{"type":"Feature","geometry":{"type":"Point","coordinates":[34.872252,0.093557]},"properties":{"id":"41048524","n":"Ng'eny Barak, Ng'eny Barak Spring - 19089","t":"ps","c":"Nandi"}},{"type":"Feature","geometry":{"type":"Point","coordinates":[34.874543,0.137467]},"properties":{"id":"436249947","n":"Kwashisumu Water Spring No 1770","t":"ps","c":"Nandi"}},{"type":"Feature","geometry":{"type":"Point","coordinates":[34.866655,0.12666]},"properties":{"id":"523330978","n":"Kamgoi B US 7","t":"us","c":"Nandi"}},{"type":"Feature","geometry":{"type":"Point","coordinates":[34.867762,0.127213]},"properties":{"id":"523323479","n":"Kamgoi B PS 8","t":"ps","c":"Nandi"}},{"type":"Feature","geometry":{"type":"Point","coordinates":[34.865007,0.126518]},"properties":{"id":"523212667","n":"Kamgoi B PD 3","t":"pdw","c":"Nandi"}},{"type":"Feature","geometry":{"type":"Point","coordinates":[34.859231,0.11056]},"properties":{"id":"523321628","n":"Valimburi PD Michael Alingo Shikoli","t":"pdw","c":"Nandi"}},{"type":"Feature","geometry":{"type":"Point","coordinates":[34.877521,0.13773]},"properties":{"id":"523290410","n":"Shaviringa A, PS, 18","t":"ps","c":"Nandi"}},{"type":"Feature","geometry":{"type":"Point","coordinates":[34.89801,0.150887]},"properties":{"id":"523278933","n":"Kakubutu PS 1","t":"ps","c":"Nandi"}},{"type":"Feature","geometry":{"type":"Point","coordinates":[34.884237,0.144398]},"properties":{"id":"702612976","n":"Inzoli Water Spring No 1910","t":"ps","c":"Nandi"}},{"type":"Feature","geometry":{"type":"Point","coordinates":[34.902902,0.15645]},"properties":{"id":"561114727","n":"Mkhweso Water Spring No 1836","t":"ps","c":"Nandi"}},{"type":"Feature","geometry":{"type":"Point","coordinates":[34.888433,0.147852]},"properties":{"id":"523308542","n":"Musasa B US 4","t":"us","c":"Nandi"}},{"type":"Feature","geometry":{"type":"Point","coordinates":[34.90432,0.15242]},"properties":{"id":"523238076","n":"Luchesi PS 2","t":"ps","c":"Nandi"}},{"type":"Feature","geometry":{"type":"Point","coordinates":[34.872614,0.135204]},"properties":{"id":"648682646","n":"Singong'o B community, Samson Anusu Spring - 410002","t":"ps","c":"Nandi"}},{"type":"Feature","geometry":{"type":"Point","coordinates":[34.877287,0.137672]},"properties":{"id":"561114181","n":"Nzava Water Spring No 1778","t":"ps","c":"Nandi"}},{"type":"Feature","geometry":{"type":"Point","coordinates":[34.874487,0.136142]},"properties":{"id":"561114686","n":"Shikhombanga Water Spring No 1825","t":"ps","c":"Nandi"}},{"type":"Feature","geometry":{"type":"Point","coordinates":[34.906412,0.156602]},"properties":{"id":"561114772","n":"Muluanda Water Spring No 1844","t":"ps","c":"Nandi"}},{"type":"Feature","geometry":{"type":"Point","coordinates":[34.883022,0.145837]},"properties":{"id":"523280176","n":"Manzalala A PS 1","t":"ps","c":"Nandi"}},{"type":"Feature","geometry":{"type":"Point","coordinates":[34.859311,0.111942]},"properties":{"id":"523212636","n":"Vakhuvera US Agnes Isaji","t":"us","c":"Nandi"}},{"type":"Feature","geometry":{"type":"Point","coordinates":[34.902902,0.156483]},"properties":{"id":"523320476","n":"Sukura A PS 2","t":"ps","c":"Nandi"}},{"type":"Feature","geometry":{"type":"Point","coordinates":[34.88909,0.14486]},"properties":{"id":"523338316","n":"Musasa PS 3","t":"ps","c":"Nandi"}},{"type":"Feature","geometry":{"type":"Point","coordinates":[34.886445,0.148168]},"properties":{"id":"523267162","n":"Manzalala A PS 3","t":"ps","c":"Nandi"}},{"type":"Feature","geometry":{"type":"Point","coordinates":[34.880266,0.141032]},"properties":{"id":"523318037","n":"Kaptik PD 3","t":"pdw","c":"Nandi"}},{"type":"Feature","geometry":{"type":"Point","coordinates":[34.88779,0.147523]},"properties":{"id":"523286354","n":"Musasa B PS 3","t":"ps","c":"Nandi"}},{"type":"Feature","geometry":{"type":"Point","coordinates":[34.876158,0.137008]},"properties":{"id":"523254265","n":"Sigong'o A US 4","t":"us","c":"Nandi"}},{"type":"Feature","geometry":{"type":"Point","coordinates":[34.859827,0.120032]},"properties":{"id":"523224185","n":"Shipala PS 2","t":"ps","c":"Nandi"}},{"type":"Feature","geometry":{"type":"Point","coordinates":[34.881537,0.137538]},"properties":{"id":"523251152","n":"Kaptik US 6","t":"us","c":"Nandi"}},{"type":"Feature","geometry":{"type":"Point","coordinates":[34.872722,0.135197]},"properties":{"id":"523339733","n":"Singong'o B US 1","t":"us","c":"Nandi"}},{"type":"Feature","geometry":{"type":"Point","coordinates":[34.874782,0.137479]},"properties":{"id":"523226682","n":"Shaviringa A, US, 17","t":"us","c":"Nandi"}},{"type":"Feature","geometry":{"type":"Point","coordinates":[34.890055,0.148542]},"properties":{"id":"523241052","n":"Musasa A US 2","t":"us","c":"Nandi"}},{"type":"Feature","geometry":{"type":"Point","coordinates":[34.86493,0.126935]},"properties":{"id":"523229661","n":"Kamgoi B PD 5","t":"pdw","c":"Nandi"}},{"type":"Feature","geometry":{"type":"Point","coordinates":[34.858393,0.112825]},"properties":{"id":"523257024","n":"Valukhova US Christopher Maisha Amoshe","t":"us","c":"Nandi"}},{"type":"Feature","geometry":{"type":"Point","coordinates":[34.906834,0.152298]},"properties":{"id":"523242400","n":"Luchesi PS 1","t":"ps","c":"Nandi"}},{"type":"Feature","geometry":{"type":"Point","coordinates":[34.854275,0.08094]},"properties":{"id":"523273189","n":"Vashitsutsa US Fred","t":"us","c":"Nandi"}},{"type":"Feature","geometry":{"type":"Point","coordinates":[34.849823,0.070124]},"properties":{"id":"523315993","n":"Kapsang'anyi US 4","t":"us","c":"Nandi"}},{"type":"Feature","geometry":{"type":"Point","coordinates":[34.847488,0.068101]},"properties":{"id":"523244691","n":"Kapsang'anyi","t":"ps","c":"Nandi"}},{"type":"Feature","geometry":{"type":"Point","coordinates":[34.856074,0.08368]},"properties":{"id":"523344333","n":"Vamutete PS Mamati","t":"ps","c":"Nandi"}},{"type":"Feature","geometry":{"type":"Point","coordinates":[34.855292,0.083522]},"properties":{"id":"250420186","n":"Malingati Water Spring No 1522","t":"ps","c":"Nandi"}},{"type":"Feature","geometry":{"type":"Point","coordinates":[34.848977,0.071498]},"properties":{"id":"523220648","n":"Kapsang'anyi US 8","t":"us","c":"Nandi"}},{"type":"Feature","geometry":{"type":"Point","coordinates":[34.84989,0.073315]},"properties":{"id":"523238423","n":"Kapsang'anyi US6","t":"us","c":"Nandi"}},{"type":"Feature","geometry":{"type":"Point","coordinates":[34.852467,0.075164]},"properties":{"id":"523349455","n":"Serem Township PD","t":"pdw","c":"Nandi"}},{"type":"Feature","geometry":{"type":"Point","coordinates":[34.85167,0.074618]},"properties":{"id":"373878356","n":"Kajezo Water Spring No 1681","t":"ps","c":"Nandi"}},{"type":"Feature","geometry":{"type":"Point","coordinates":[34.849165,0.074172]},"properties":{"id":"523198226","n":"Kamulongon B PD 4","t":"pdw","c":"Nandi"}},{"type":"Feature","geometry":{"type":"Point","coordinates":[34.849811,0.072681]},"properties":{"id":"523258726","n":"Kapsang'anyi US 7","t":"us","c":"Nandi"}},{"type":"Feature","geometry":{"type":"Point","coordinates":[34.850946,0.072406]},"properties":{"id":"523198879","n":"Kapsang'anyi PD 2","t":"pdw","c":"Nandi"}},{"type":"Feature","geometry":{"type":"Point","coordinates":[34.88102,0.08258]},"properties":{"id":"47024704","n":"Koitabut, Henry Kichwen Spring - 18160","t":"ps","c":"Nandi"}},{"type":"Feature","geometry":{"type":"Point","coordinates":[34.853092,0.07704]},"properties":{"id":"523347381","n":"Kamulongon B pD 2","t":"pdw","c":"Nandi"}},{"type":"Feature","geometry":{"type":"Point","coordinates":[34.855288,0.083531]},"properties":{"id":"523258551","n":"Vikhava PS Malingat","t":"ps","c":"Nandi"}},{"type":"Feature","geometry":{"type":"Point","coordinates":[34.85115,0.073823]},"properties":{"id":"523327105","n":"Serem Township PS 2","t":"ps","c":"Nandi"}},{"type":"Feature","geometry":{"type":"Point","coordinates":[34.858751,0.081424]},"properties":{"id":"523327648","n":"Vikhava PD Lihanda","t":"pdw","c":"Nandi"}},{"type":"Feature","geometry":{"type":"Point","coordinates":[34.850577,0.068953]},"properties":{"id":"523195962","n":"Kapsang'anyi US 4","t":"us","c":"Nandi"}},{"type":"Feature","geometry":{"type":"Point","coordinates":[34.851828,0.074398]},"properties":{"id":"523247890","n":"Serem Township PS 1","t":"ps","c":"Nandi"}},{"type":"Feature","geometry":{"type":"Point","coordinates":[34.8602,0.082]},"properties":{"id":"373799657","n":"Kwamutikulili Water Spring No 1675","t":"ps","c":"Nandi"}},{"type":"Feature","geometry":{"type":"Point","coordinates":[34.851041,0.070525]},"properties":{"id":"523221845","n":"Kapsang'anyi PS 2","t":"ps","c":"Nandi"}},{"type":"Feature","geometry":{"type":"Point","coordinates":[34.85285,0.075366]},"properties":{"id":"523203245","n":"SEREM TOWNSHIP PD","t":"pdw","c":"Nandi"}},{"type":"Feature","geometry":{"type":"Point","coordinates":[34.853209,0.072165]},"properties":{"id":"523309316","n":"Serem Township PS 3","t":"ps","c":"Nandi"}},{"type":"Feature","geometry":{"type":"Point","coordinates":[34.850289,0.075587]},"properties":{"id":"523332097","n":"Kamulongon B PD3","t":"pdw","c":"Nandi"}},{"type":"Feature","geometry":{"type":"Point","coordinates":[34.850964,0.074269]},"properties":{"id":"523243188","n":"Serem Township US 1","t":"us","c":"Nandi"}},{"type":"Feature","geometry":{"type":"Point","coordinates":[34.848517,0.069463]},"properties":{"id":"523296777","n":"Kapsang'anyi US 2","t":"us","c":"Nandi"}},{"type":"Feature","geometry":{"type":"Point","coordinates":[34.851754,0.074881]},"properties":{"id":"523331326","n":"Serem Township PD 1","t":"pdw","c":"Nandi"}},{"type":"Feature","geometry":{"type":"Point","coordinates":[34.860118,0.081979]},"properties":{"id":"523328807","n":"Vikhava US Lihanda","t":"us","c":"Nandi"}},{"type":"Feature","geometry":{"type":"Point","coordinates":[34.852348,0.074563]},"properties":{"id":"523222420","n":"Serem Township UD 1","t":"udw","c":"Nandi"}},{"type":"Feature","geometry":{"type":"Point","coordinates":[34.85353,0.073097]},"properties":{"id":"523248729","n":"Serem Township PD","t":"pdw","c":"Nandi"}},{"type":"Feature","geometry":{"type":"Point","coordinates":[34.852824,0.077016]},"properties":{"id":"523222901","n":"Kamulongon B US 4","t":"us","c":"Nandi"}},{"type":"Feature","geometry":{"type":"Point","coordinates":[34.84912,0.074223]},"properties":{"id":"523209722","n":"Kamulongon B PD 5","t":"pdw","c":"Nandi"}},{"type":"Feature","geometry":{"type":"Point","coordinates":[34.850043,0.068831]},"properties":{"id":"523219626","n":"Kapsang'anyi US 3","t":"us","c":"Nandi"}},{"type":"Feature","geometry":{"type":"Point","coordinates":[34.822384,0.033961]},"properties":{"id":"702613159","n":"Musuruma Water Spring No 1917","t":"ps","c":"Nandi"}},{"type":"Feature","geometry":{"type":"Point","coordinates":[34.810073,0.027039]},"properties":{"id":"523312938","n":"Gimariani B US 11","t":"us","c":"Nandi"}},{"type":"Feature","geometry":{"type":"Point","coordinates":[34.841015,0.047204]},"properties":{"id":"523316293","n":"Goibei B ps 1","t":"ps","c":"Nandi"}},{"type":"Feature","geometry":{"type":"Point","coordinates":[34.846995,0.058647]},"properties":{"id":"523309725","n":"Goibei A PS 2","t":"ps","c":"Nandi"}},{"type":"Feature","geometry":{"type":"Point","coordinates":[34.817307,0.031653]},"properties":{"id":"523203087","n":"Mukisangula A US 1","t":"us","c":"Nandi"}},{"type":"Feature","geometry":{"type":"Point","coordinates":[34.832794,0.031437]},"properties":{"id":"702613025","n":"Wamemba Water Spring No 1915","t":"ps","c":"Nandi"}},{"type":"Feature","geometry":{"type":"Point","coordinates":[34.817871,0.03654]},"properties":{"id":"523268998","n":"Mukisangula A US 4","t":"us","c":"Nandi"}},{"type":"Feature","geometry":{"type":"Point","coordinates":[34.805469,0.024]},"properties":{"id":"523287135","n":"Gimariani A PD 2","t":"pdw","c":"Nandi"}},{"type":"Feature","geometry":{"type":"Point","coordinates":[34.79391,0.02328]},"properties":{"id":"561115522","n":"Kegode Water Spring No 1904","t":"ps","c":"Nandi"}},{"type":"Feature","geometry":{"type":"Point","coordinates":[34.822398,0.033949]},"properties":{"id":"523194026","n":"Kitulu b","t":"ps","c":"Nandi"}},{"type":"Feature","geometry":{"type":"Point","coordinates":[34.793925,0.024173]},"properties":{"id":"523228921","n":"Likindu B US 4","t":"us","c":"Nandi"}},{"type":"Feature","geometry":{"type":"Point","coordinates":[34.831121,0.032453]},"properties":{"id":"523231299","n":"Jeviriri B US 1","t":"us","c":"Nandi"}},{"type":"Feature","geometry":{"type":"Point","coordinates":[34.78764,0.016642]},"properties":{"id":"523341031","n":"Likindu A PD 2","t":"pdw","c":"Nandi"}},{"type":"Feature","geometry":{"type":"Point","coordinates":[34.754668,0.010648]},"properties":{"id":"523348162","n":"Gavinori PS 1","t":"ps","c":"Nandi"}},{"type":"Feature","geometry":{"type":"Point","coordinates":[34.834711,0.03151]},"properties":{"id":"702613135","n":"Avai Water Spring No 1929","t":"ps","c":"Nandi"}},{"type":"Feature","geometry":{"type":"Point","coordinates":[34.825197,0.035191]},"properties":{"id":"523328670","n":"Kitulu B US 1","t":"us","c":"Nandi"}},{"type":"Feature","geometry":{"type":"Point","coordinates":[34.788942,0.016567]},"properties":{"id":"523266350","n":"Likindu A PD 4","t":"pdw","c":"Nandi"}},{"type":"Feature","geometry":{"type":"Point","coordinates":[34.819187,0.038357]},"properties":{"id":"523196059","n":"Mukisangula B PS 1","t":"ps","c":"Nandi"}},{"type":"Feature","geometry":{"type":"Point","coordinates":[34.793867,0.023176]},"properties":{"id":"523199681","n":"Likindu B US 2","t":"us","c":"Nandi"}},{"type":"Feature","geometry":{"type":"Point","coordinates":[34.810083,0.03268]},"properties":{"id":"523260983","n":"Gimariani B US 7","t":"us","c":"Nandi"}},{"type":"Feature","geometry":{"type":"Point","coordinates":[34.788061,0.015347]},"properties":{"id":"523340504","n":"Likindu A PD 6","t":"pdw","c":"Nandi"}},{"type":"Feature","geometry":{"type":"Point","coordinates":[34.788656,0.017119]},"properties":{"id":"523326362","n":"Likindu A PD 5","t":"pdw","c":"Nandi"}},{"type":"Feature","geometry":{"type":"Point","coordinates":[34.782755,0.015599]},"properties":{"id":"523256597","n":"Muhaya PD 4","t":"pdw","c":"Nandi"}},{"type":"Feature","geometry":{"type":"Point","coordinates":[34.793673,0.02449]},"properties":{"id":"523322966","n":"Likindu B US 5","t":"us","c":"Nandi"}},{"type":"Feature","geometry":{"type":"Point","coordinates":[34.792953,0.02139]},"properties":{"id":"523204679","n":"Likindu B PS 1","t":"ps","c":"Nandi"}},{"type":"Feature","geometry":{"type":"Point","coordinates":[34.822794,0.034972]},"properties":{"id":"523280028","n":"Kitulu B","t":"us","c":"Nandi"}},{"type":"Feature","geometry":{"type":"Point","coordinates":[34.797429,0.024423]},"properties":{"id":"523307345","n":"Kegondi A US 2","t":"us","c":"Nandi"}},{"type":"Feature","geometry":{"type":"Point","coordinates":[34.784073,0.014321]},"properties":{"id":"523235523","n":"Muhaya PD 1","t":"pdw","c":"Nandi"}},{"type":"Feature","geometry":{"type":"Point","coordinates":[34.764766,0.002546]},"properties":{"id":"523325323","n":"Kitambazi A PS 1","t":"ps","c":"Nandi"}},{"type":"Feature","geometry":{"type":"Point","coordinates":[34.754565,0.009926]},"properties":{"id":"523294861","n":"Gavinori PS 2","t":"ps","c":"Nandi"}},{"type":"Feature","geometry":{"type":"Point","coordinates":[34.81004,0.032926]},"properties":{"id":"523280884","n":"Gimariani B US 6","t":"us","c":"Nandi"}},{"type":"Feature","geometry":{"type":"Point","coordinates":[34.839814,0.046314]},"properties":{"id":"523253611","n":"Suluma PS 1","t":"ps","c":"Nandi"}},{"type":"Feature","geometry":{"type":"Point","coordinates":[34.787796,0.01627]},"properties":{"id":"523332891","n":"Lukindu A UD 3","t":"udw","c":"Nandi"}},{"type":"Feature","geometry":{"type":"Point","coordinates":[34.833196,0.032418]},"properties":{"id":"563537546","n":"Jeviriri Primary School - 22246","t":"bh","c":"Nandi","d":80.0}},{"type":"Feature","geometry":{"type":"Point","coordinates":[34.835755,0.034836]},"properties":{"id":"523222853","n":"Jeviriri A","t":"ps","c":"Nandi"}},{"type":"Feature","geometry":{"type":"Point","coordinates":[34.811739,0.033168]},"properties":{"id":"523209571","n":"Gimariani B PD 3","t":"pdw","c":"Nandi"}},{"type":"Feature","geometry":{"type":"Point","coordinates":[34.759842,0.012743]},"properties":{"id":"523219774","n":"Gimarakwa A PS 2","t":"ps","c":"Nandi"}},{"type":"Feature","geometry":{"type":"Point","coordinates":[34.782782,0.010947]},"properties":{"id":"523345798","n":"Muhaya PD 8","t":"pdw","c":"Nandi"}},{"type":"Feature","geometry":{"type":"Point","coordinates":[34.830024,0.030926]},"properties":{"id":"523200950","n":"Jeviriri B PS 1","t":"ps","c":"Nandi"}},{"type":"Feature","geometry":{"type":"Point","coordinates":[34.78329,0.011848]},"properties":{"id":"523251059","n":"Muhaya PD 6","t":"pdw","c":"Nandi"}},{"type":"Feature","geometry":{"type":"Point","coordinates":[34.837129,0.037478]},"properties":{"id":"523234821","n":"Kilaha US 1","t":"us","c":"Nandi"}},{"type":"Feature","geometry":{"type":"Point","coordinates":[34.810996,0.030009]},"properties":{"id":"523211020","n":"Gimariani B US 9","t":"us","c":"Nandi"}},{"type":"Feature","geometry":{"type":"Point","coordinates":[34.815135,0.03339]},"properties":{"id":"523243638","n":"Mukisangula A PS 3","t":"ps","c":"Nandi"}},{"type":"Feature","geometry":{"type":"Point","coordinates":[34.793106,0.020853]},"properties":{"id":"523272858","n":"Likindu B US 6","t":"us","c":"Nandi"}},{"type":"Feature","geometry":{"type":"Point","coordinates":[34.811271,0.032314]},"properties":{"id":"523250993","n":"Gimariani B US 2","t":"us","c":"Nandi"}},{"type":"Feature","geometry":{"type":"Point","coordinates":[34.837562,0.036108]},"properties":{"id":"523335870","n":"Kilaha US 1","t":"us","c":"Nandi"}},{"type":"Feature","geometry":{"type":"Point","coordinates":[34.812207,0.028822]},"properties":{"id":"523232441","n":"Gimariani B US 10","t":"us","c":"Nandi"}},{"type":"Feature","geometry":{"type":"Point","coordinates":[34.811042,0.034297]},"properties":{"id":"523207634","n":"Gimariani B US 5","t":"us","c":"Nandi"}},{"type":"Feature","geometry":{"type":"Point","coordinates":[34.785973,0.01663]},"properties":{"id":"523192639","n":"Likindu A US 1","t":"ps","c":"Nandi"}},{"type":"Feature","geometry":{"type":"Point","coordinates":[34.783354,0.013932]},"properties":{"id":"523295848","n":"Muhaya PD 2","t":"pdw","c":"Nandi"}},{"type":"Feature","geometry":{"type":"Point","coordinates":[34.797064,0.026194]},"properties":{"id":"523288394","n":"Kegondi A PS 4","t":"ps","c":"Nandi"}},{"type":"Feature","geometry":{"type":"Point","coordinates":[34.82058,0.037097]},"properties":{"id":"561115034","n":"Obwavo Water Spring No 1870","t":"ps","c":"Nandi"}},{"type":"Feature","geometry":{"type":"Point","coordinates":[34.782283,0.015741]},"properties":{"id":"523279958","n":"Muhaya PD 5","t":"pdw","c":"Nandi"}},{"type":"Feature","geometry":{"type":"Point","coordinates":[34.84662,0.053836]},"properties":{"id":"523197971","n":"Goibei A PS 1","t":"ps","c":"Nandi"}},{"type":"Feature","geometry":{"type":"Point","coordinates":[34.787693,0.015497]},"properties":{"id":"523292443","n":"Likindu A PD 7","t":"pdw","c":"Nandi"}},{"type":"Feature","geometry":{"type":"Point","coordinates":[34.82543,0.034445]},"properties":{"id":"523242929","n":"Kitulu B","t":"udw","c":"Nandi"}},{"type":"Feature","geometry":{"type":"Point","coordinates":[34.805666,0.019438]},"properties":{"id":"523311580","n":"Gimariani A US 11","t":"us","c":"Nandi"}},{"type":"Feature","geometry":{"type":"Point","coordinates":[34.785088,0.015396]},"properties":{"id":"523228990","n":"Ikonza B PD 2","t":"pdw","c":"Nandi"}},{"type":"Feature","geometry":{"type":"Point","coordinates":[34.798205,0.026402]},"properties":{"id":"523239905","n":"Kegondi A US 3","t":"us","c":"Nandi"}},{"type":"Feature","geometry":{"type":"Point","coordinates":[34.814952,0.030932]},"properties":{"id":"523338574","n":"Mukisangula A US 2","t":"us","c":"Nandi"}},{"type":"Feature","geometry":{"type":"Point","coordinates":[34.841362,0.050585]},"properties":{"id":"523267959","n":"Goibei B PS 2","t":"ps","c":"Nandi"}},{"type":"Feature","geometry":{"type":"Point","coordinates":[34.797796,0.024351]},"properties":{"id":"523248169","n":"Kegondi A US 1","t":"us","c":"Nandi"}},{"type":"Feature","geometry":{"type":"Point","coordinates":[34.826881,0.029549]},"properties":{"id":"523285205","n":"Jeviriri B PS","t":"ps","c":"Nandi"}},{"type":"Feature","geometry":{"type":"Point","coordinates":[34.811886,0.031669]},"properties":{"id":"523207579","n":"Gimariani B US 1","t":"us","c":"Nandi"}},{"type":"Feature","geometry":{"type":"Point","coordinates":[34.821794,0.037883]},"properties":{"id":"523208800","n":"Kitulu B US","t":"us","c":"Nandi"}},{"type":"Feature","geometry":{"type":"Point","coordinates":[34.838312,0.041067]},"properties":{"id":"523261180","n":"Sukuma ps 3","t":"ps","c":"Nandi"}},{"type":"Feature","geometry":{"type":"Point","coordinates":[34.84768,0.061935]},"properties":{"id":"523336125","n":"Kapsoi B US 1","t":"us","c":"Nandi"}},{"type":"Feature","geometry":{"type":"Point","coordinates":[34.783264,0.014228]},"properties":{"id":"563537539","n":"Muhaya Primary School - 23003","t":"bh","c":"Nandi","d":105.0}},{"type":"Feature","geometry":{"type":"Point","coordinates":[34.750585,0.010774]},"properties":{"id":"523310754","n":"Simbi PS 1","t":"ps","c":"Nandi"}},{"type":"Feature","geometry":{"type":"Point","coordinates":[34.833193,0.025274]},"properties":{"id":"702613032","n":"Chasimba Water Spring No 1914","t":"ps","c":"Nandi"}},{"type":"Feature","geometry":{"type":"Point","coordinates":[34.784963,0.01485]},"properties":{"id":"523287908","n":"Ikonza B PD 1","t":"pdw","c":"Nandi"}},{"type":"Feature","geometry":{"type":"Point","coordinates":[34.806041,0.021151]},"properties":{"id":"523294988","n":"Gimariani A US 10","t":"us","c":"Nandi"}},{"type":"Feature","geometry":{"type":"Point","coordinates":[34.783213,0.015896]},"properties":{"id":"523265610","n":"Muhaya PD 3","t":"pdw","c":"Nandi"}},{"type":"Feature","geometry":{"type":"Point","coordinates":[34.820622,0.037119]},"properties":{"id":"523192550","n":"Mukisangula B US 2","t":"us","c":"Nandi"}},{"type":"Feature","geometry":{"type":"Point","coordinates":[34.77806,0.008058]},"properties":{"id":"563537508","n":"Bishop Chabuga ADC Primary School Viyalo - 22253","t":"bh","c":"Nandi","d":100.0}},{"type":"Feature","geometry":{"type":"Point","coordinates":[34.831893,0.030103]},"properties":{"id":"708448375","n":"Alema Water Spring No 1912","t":"ps","c":"Nandi"}},{"type":"Feature","geometry":{"type":"Point","coordinates":[34.834639,0.031535]},"properties":{"id":"523260361","n":"Jeviriri A","t":"ps","c":"Nandi"}},{"type":"Feature","geometry":{"type":"Point","coordinates":[34.832203,0.027538]},"properties":{"id":"702613142","n":"Dari Water Spring No 1913","t":"ps","c":"Nandi"}},{"type":"Feature","geometry":{"type":"Point","coordinates":[34.766115,0.003688]},"properties":{"id":"523234838","n":"Kitambazi B PS 5","t":"ps","c":"Nandi"}},{"type":"Feature","geometry":{"type":"Point","coordinates":[34.804907,0.022978]},"properties":{"id":"523243102","n":"Gimariani A US 8","t":"us","c":"Nandi"}},{"type":"Feature","geometry":{"type":"Point","coordinates":[34.809097,0.021603]},"properties":{"id":"523249421","n":"Gimariani A UD 12","t":"udw","c":"Nandi"}},{"type":"Feature","geometry":{"type":"Point","coordinates":[34.794417,0.024338]},"properties":{"id":"523242204","n":"Likindu B US 3","t":"us","c":"Nandi"}},{"type":"Feature","geometry":{"type":"Point","coordinates":[34.831147,0.032505]},"properties":{"id":"561115333","n":"Charles Water Spring No 1886","t":"ps","c":"Nandi"}},{"type":"Feature","geometry":{"type":"Point","coordinates":[34.793855,0.025713]},"properties":{"id":"366924916","n":"Malinda Primary School - 22222","t":"bh","c":"Nandi","d":70.0}},{"type":"Feature","geometry":{"type":"Point","coordinates":[34.768314,0.00592]},"properties":{"id":"523286732","n":"Kitambazi B PD 3","t":"pdw","c":"Nandi"}},{"type":"Feature","geometry":{"type":"Point","coordinates":[34.824543,0.033648]},"properties":{"id":"523223720","n":"Kitulu B","t":"us","c":"Nandi"}},{"type":"Feature","geometry":{"type":"Point","coordinates":[34.818044,0.038066]},"properties":{"id":"574294410","n":"Mukisangura Primary School - 22235","t":"bh","c":"Nandi","d":80.0}},{"type":"Feature","geometry":{"type":"Point","coordinates":[34.822859,0.034942]},"properties":{"id":"702613049","n":"Savala Water Spring No 1930","t":"ps","c":"Nandi"}},{"type":"Feature","geometry":{"type":"Point","coordinates":[34.821285,0.038678]},"properties":{"id":"523196035","n":"Kitulu B ps","t":"ps","c":"Nandi"}},{"type":"Feature","geometry":{"type":"Point","coordinates":[35.068486,0.21518]},"properties":{"id":"540056341","n":"Ngenymesut","t":"bh","c":"Nandi"}},{"type":"Feature","geometry":{"type":"Point","coordinates":[35.071432,0.204517]},"properties":{"id":"540056334","n":"Kisaget","t":"bh","c":"Nandi"}},{"type":"Feature","geometry":{"type":"Point","coordinates":[35.151219,0.391852]},"properties":{"id":"3749692","n":"Decommissioned 2016 - Lelmokwo Boys Secondary School","t":"bh","c":"Nandi"}},{"type":"Feature","geometry":{"type":"Point","coordinates":[34.912723,0.157753]},"properties":{"id":"15007559","n":"Shiru, Sammy Alumola Spring - 18101","t":"ps","c":"Nandi"}},{"type":"Feature","geometry":{"type":"Point","coordinates":[34.909992,0.148611]},"properties":{"id":"702613104","n":"Kisikwa Water Spring No 1923","t":"ps","c":"Nandi"}},{"type":"Feature","geometry":{"type":"Point","coordinates":[34.914562,0.15577]},"properties":{"id":"523349606","n":"Chemusieni A US 4","t":"us","c":"Nandi"}},{"type":"Feature","geometry":{"type":"Point","coordinates":[34.913778,0.156489]},"properties":{"id":"702612945","n":"Maloba Water Spring No 1924","t":"ps","c":"Nandi"}},{"type":"Feature","geometry":{"type":"Point","coordinates":[34.916772,0.160915]},"properties":{"id":"523224927","n":"Shiru US 5","t":"us","c":"Nandi"}},{"type":"Feature","geometry":{"type":"Point","coordinates":[34.911818,0.15419]},"properties":{"id":"561114758","n":"Muhitsi Water Spring No 1834","t":"ps","c":"Nandi"}},{"type":"Feature","geometry":{"type":"Point","coordinates":[34.912843,0.157763]},"properties":{"id":"523275837","n":"Shiru US 11","t":"us","c":"Nandi"}},{"type":"Feature","geometry":{"type":"Point","coordinates":[34.911947,0.153288]},"properties":{"id":"561114868","n":"Samson Water Spring No 1846","t":"ps","c":"Nandi"}},{"type":"Feature","geometry":{"type":"Point","coordinates":[34.913105,0.159307]},"properties":{"id":"561114734","n":"Mwakanane Water Spring No 1833","t":"ps","c":"Nandi"}},{"type":"Feature","geometry":{"type":"Point","coordinates":[34.915554,0.156484]},"properties":{"id":"702612938","n":"Aluvanze Water Spring No 1909","t":"ps","c":"Nandi"}},{"type":"Feature","geometry":{"type":"Point","coordinates":[34.916782,0.161775]},"properties":{"id":"523288655","n":"Shiru US 4","t":"us","c":"Nandi"}},{"type":"Feature","geometry":{"type":"Point","coordinates":[34.91623,0.161957]},"properties":{"id":"523343019","n":"Shiru US 3","t":"us","c":"Nandi"}},{"type":"Feature","geometry":{"type":"Point","coordinates":[34.908475,0.15532]},"properties":{"id":"523313018","n":"Chemusieni B PD 3","t":"pdw","c":"Nandi"}},{"type":"Feature","geometry":{"type":"Point","coordinates":[34.915227,0.154985]},"properties":{"id":"702613094","n":"Luyenji Water Spring No 1922","t":"ps","c":"Nandi"}},{"type":"Feature","geometry":{"type":"Point","coordinates":[34.91012,0.153018]},"properties":{"id":"523199461","n":"Chemusieni A US 8","t":"us","c":"Nandi"}},{"type":"Feature","geometry":{"type":"Point","coordinates":[34.916653,0.16005]},"properties":{"id":"523332657","n":"Shiru PS 6","t":"ps","c":"Nandi"}},{"type":"Feature","geometry":{"type":"Point","coordinates":[34.91559,0.158117]},"properties":{"id":"523204916","n":"Shiru PD 7","t":"pdw","c":"Nandi"}},{"type":"Feature","geometry":{"type":"Point","coordinates":[34.910097,0.153024]},"properties":{"id":"702613111","n":"Amuni Water Spring No 1925","t":"ps","c":"Nandi"}},{"type":"Feature","geometry":{"type":"Point","coordinates":[34.914294,0.157044]},"properties":{"id":"523347862","n":"Shiru US 8","t":"us","c":"Nandi"}},{"type":"Feature","geometry":{"type":"Point","coordinates":[34.91664,0.157003]},"properties":{"id":"523277891","n":"Chemusieni PD 1","t":"pdw","c":"Nandi"}},{"type":"Feature","geometry":{"type":"Point","coordinates":[34.910283,0.156387]},"properties":{"id":"561115247","n":"Mwashi Water Spring No 1874","t":"ps","c":"Nandi"}},{"type":"Feature","geometry":{"type":"Point","coordinates":[34.916329,0.155743]},"properties":{"id":"523280729","n":"Chemusieni PD 2","t":"pdw","c":"Nandi"}},{"type":"Feature","geometry":{"type":"Point","coordinates":[34.915415,0.160707]},"properties":{"id":"561114679","n":"Kisikwa Water Spring No 1837","t":"ps","c":"Nandi"}},{"type":"Feature","geometry":{"type":"Point","coordinates":[34.913727,0.156438]},"properties":{"id":"523346005","n":"Chemusieni A US 5","t":"us","c":"Nandi"}},{"type":"Feature","geometry":{"type":"Point","coordinates":[34.918168,0.162128]},"properties":{"id":"523214793","n":"Shiru PD 2","t":"pdw","c":"Nandi"}},{"type":"Feature","geometry":{"type":"Point","coordinates":[34.90883,0.152915]},"properties":{"id":"523266532","n":"Chemusieni B US 1","t":"us","c":"Nandi"}},{"type":"Feature","geometry":{"type":"Point","coordinates":[34.914088,0.15737]},"properties":{"id":"523291284","n":"Shiru US 9","t":"us","c":"Nandi"}},{"type":"Feature","geometry":{"type":"Point","coordinates":[34.91251,0.15813]},"properties":{"id":"523277286","n":"Shiru US 13","t":"us","c":"Nandi"}},{"type":"Feature","geometry":{"type":"Point","coordinates":[34.909665,0.15479]},"properties":{"id":"523306959","n":"Chemusieni B PD 4","t":"pdw","c":"Nandi"}},{"type":"Feature","geometry":{"type":"Point","coordinates":[34.918878,0.162607]},"properties":{"id":"523343260","n":"Shiru PD 1","t":"pdw","c":"Nandi"}},{"type":"Feature","geometry":{"type":"Point","coordinates":[34.911975,0.153218]},"properties":{"id":"523343466","n":"Chemusieni A US 7","t":"us","c":"Nandi"}},{"type":"Feature","geometry":{"type":"Point","coordinates":[34.913715,0.15756]},"properties":{"id":"523256511","n":"Shiru US 10","t":"us","c":"Nandi"}},{"type":"Feature","geometry":{"type":"Point","coordinates":[34.91486,0.155295]},"properties":{"id":"523269164","n":"Chemusieni US 3","t":"us","c":"Nandi"}},{"type":"Feature","geometry":{"type":"Point","coordinates":[34.913058,0.159258]},"properties":{"id":"523240147","n":"Shiru PS 12","t":"ps","c":"Nandi"}},{"type":"Feature","geometry":{"type":"Point","coordinates":[34.91327,0.15589]},"properties":{"id":"523255682","n":"Chemusieni A PD 6.","t":"pdw","c":"Nandi"}},{"type":"Feature","geometry":{"type":"Point","coordinates":[34.922805,0.186623]},"properties":{"id":"523277080","n":"Kaptisi PD 3","t":"pdw","c":"Nandi"}},{"type":"Feature","geometry":{"type":"Point","coordinates":[34.923223,0.190898]},"properties":{"id":"523272896","n":"Musanyi B PS 1","t":"ps","c":"Nandi"}},{"type":"Feature","geometry":{"type":"Point","coordinates":[34.964885,0.241789]},"properties":{"id":"702614617","n":"Mukhuyu Water Spring No 1954","t":"ps","c":"Nandi"}},{"type":"Feature","geometry":{"type":"Point","coordinates":[34.96554,0.239554]},"properties":{"id":"702614734","n":"Lasa Water Spring No 1969","t":"ps","c":"Nandi"}},{"type":"Feature","geometry":{"type":"Point","coordinates":[34.961077,0.244063]},"properties":{"id":"702615931","n":"Lwoba Water Spring No 1986","t":"ps","c":"Nandi"}},{"type":"Feature","geometry":{"type":"Point","coordinates":[34.922176,0.19046]},"properties":{"id":"523258630","n":"Musanyi B US 2","t":"us","c":"Nandi"}},{"type":"Feature","geometry":{"type":"Point","coordinates":[34.92364,0.193935]},"properties":{"id":"523319887","n":"Musanyi A US 7","t":"us","c":"Nandi"}},{"type":"Feature","geometry":{"type":"Point","coordinates":[34.922378,0.186112]},"properties":{"id":"523250766","n":"Kaptisi PS 2","t":"ps","c":"Nandi"}},{"type":"Feature","geometry":{"type":"Point","coordinates":[34.972518,0.240098]},"properties":{"id":"702614514","n":"Pande Water Spring No 1955","t":"ps","c":"Nandi"}},{"type":"Feature","geometry":{"type":"Point","coordinates":[34.918753,0.181677]},"properties":{"id":"523330459","n":"Lukose US 6","t":"us","c":"Nandi"}},{"type":"Feature","geometry":{"type":"Point","coordinates":[34.923522,0.19424]},"properties":{"id":"523268297","n":"Musanyi A PD 6","t":"pdw","c":"Nandi"}},{"type":"Feature","geometry":{"type":"Point","coordinates":[34.922259,0.184794]},"properties":{"id":"523323716","n":"Kaptisi PD 4","t":"pdw","c":"Nandi"}},{"type":"Feature","geometry":{"type":"Point","coordinates":[34.920661,0.183401]},"properties":{"id":"523232355","n":"Lukose PS 1","t":"ps","c":"Nandi"}},{"type":"Feature","geometry":{"type":"Point","coordinates":[34.962313,0.242642]},"properties":{"id":"702614923","n":"Shiverenje Water Spring No 1985","t":"ps","c":"Nandi"}},{"type":"Feature","geometry":{"type":"Point","coordinates":[34.917767,0.180542]},"properties":{"id":"523325134","n":"Lukose US 5","t":"us","c":"Nandi"}},{"type":"Feature","geometry":{"type":"Point","coordinates":[34.967659,0.240563]},"properties":{"id":"702613324","n":"Msiema Water Spring No 1937","t":"ps","c":"Nandi"}},{"type":"Feature","geometry":{"type":"Point","coordinates":[34.925519,0.19414]},"properties":{"id":"552713869","n":"Kaptisi Primary School - 22278","t":"bh","c":"Nandi","d":90.0}},{"type":"Feature","geometry":{"type":"Point","coordinates":[34.922693,0.192048]},"properties":{"id":"523219554","n":"Musanyi A PS 8","t":"ps","c":"Nandi"}},{"type":"Feature","geometry":{"type":"Point","coordinates":[34.921804,0.183945]},"properties":{"id":"523217129","n":"Kaptisi US 5","t":"us","c":"Nandi"}},{"type":"Feature","geometry":{"type":"Point","coordinates":[35.07748,0.166004]},"properties":{"id":"540056358","n":"Kipsinende","t":"bh","c":"Nandi"}},{"type":"Feature","geometry":{"type":"Point","coordinates":[35.11113,0.16716]},"properties":{"id":"483508004","n":"Meswo water project","t":"ps","c":"Nandi"}},{"type":"Feature","geometry":{"type":"Point","coordinates":[35.164682,0.202558]},"properties":{"id":"3750645","n":"UCC 2018 - Kapchemoywo Girls' Secondary School Borehole","t":"bh","c":"Nandi"}},{"type":"Feature","geometry":{"type":"Point","coordinates":[35.209532,0.25163]},"properties":{"id":"3750205","n":"Decommissioned 2016 - Tulon Secondary School","t":"bh","c":"Nandi"}},{"type":"Feature","geometry":{"type":"Point","coordinates":[34.971376,0.516249]},"properties":{"id":"1027686","n":"UCC 2018 - Kapkoimur Secondary School New Well","t":"bh","c":"Nandi"}},{"type":"Feature","geometry":{"type":"Point","coordinates":[35.103458,0.372579]},"properties":{"id":"1027662","n":"UCC 2018 - St. Peter's Kapsean Primary School New Well Project","t":"bh","c":"Nandi"}},{"type":"Feature","geometry":{"type":"Point","coordinates":[35.06417,0.47355]},"properties":{"id":"75413","n":"UCC 2018 - St. Patrick's Chemnoet Secondary School","t":"bh","c":"Nandi"}},{"type":"Feature","geometry":{"type":"Point","coordinates":[35.05033,0.43058]},"properties":{"id":"876229","n":"Steven Cositany Girls' Secondary School Borehole - 492","t":"bh","c":"Nandi"}},{"type":"Feature","geometry":{"type":"Point","coordinates":[35.032066,0.527467]},"properties":{"id":"75224","n":"Christ The King Outreach ACK Mogoiwet - 4160","t":"bh","c":"Nandi"}},{"type":"Feature","geometry":{"type":"Point","coordinates":[35.005977,0.492657]},"properties":{"id":"75341","n":"UCC 2018 - Kamanyinya Secondary School Water Project","t":"bh","c":"Nandi"}},{"type":"Feature","geometry":{"type":"Point","coordinates":[35.028998,0.541703]},"properties":{"id":"75190","n":"UCC 2018 - AIC Chepkemel Secondary School","t":"bh","c":"Nandi"}},{"type":"Feature","geometry":{"type":"Point","coordinates":[35.04889,0.4975]},"properties":{"id":"75334","n":"Laboret Girls' Primary School Borehole - 4280","t":"bh","c":"Nandi"}},{"type":"Feature","geometry":{"type":"Point","coordinates":[35.03253,0.54148]},"properties":{"id":"75200","n":"Decommissioned 2016 - Chepkemel Beek Women Group & Primary School","t":"bh","c":"Nandi"}},{"type":"Feature","geometry":{"type":"Point","coordinates":[35.049059,0.540664]},"properties":{"id":"75217","n":"UCC 2019 - Sabetab Gaa Women's Group","t":"bh","c":"Nandi"}},{"type":"Feature","geometry":{"type":"Point","coordinates":[35.029532,0.539342]},"properties":{"id":"10980433","n":"Chepkemel Beek Well - 4804","t":"bh","c":"Nandi"}},{"type":"Feature","geometry":{"type":"Point","coordinates":[35.031052,0.517126]},"properties":{"id":"75231","n":"St. Patricks Tuk Tuk Catholic Church - 4220","t":"bh","c":"Nandi"}},{"type":"Feature","geometry":{"type":"Point","coordinates":[35.050564,0.497021]},"properties":{"id":"75327","n":"Decommissioned 2016 - Mahakini Preparatory School","t":"bh","c":"Nandi"}},{"type":"Feature","geometry":{"type":"Point","coordinates":[35.03088,0.499]},"properties":{"id":"75303","n":"Decommissioned 2022 - St Emmanuel Kapng'etuny Church - 4253","t":"pdw","c":"Nandi"}},{"type":"Feature","geometry":{"type":"Point","coordinates":[34.93451,0.50072]},"properties":{"id":"75286","n":"Teresia Primary School Borehole - 4127","t":"bh","c":"Nandi"}},{"type":"Feature","geometry":{"type":"Point","coordinates":[34.97367,0.47531]},"properties":{"id":"75406","n":"UCC 2018 - Surungai Primary School","t":"bh","c":"Nandi"}},{"type":"Feature","geometry":{"type":"Point","coordinates":[34.965915,0.484904]},"properties":{"id":"75365","n":"Tulwa Self Help Group Water Project - 493","t":"bh","c":"Nandi"}},{"type":"Feature","geometry":{"type":"Point","coordinates":[34.948757,0.495792]},"properties":{"id":"75389","n":"Decommissioned 2018 - Bishop Muge Memorial Primary School","t":"bh","c":"Nandi"}},{"type":"Feature","geometry":{"type":"Point","coordinates":[35.13753,0.52118]},"properties":{"id":"75255","n":"UCC 2018 - St. Teresa Of Avila Girls Secondary School","t":"bh","c":"Nandi"}},{"type":"Feature","geometry":{"type":"Point","coordinates":[35.118151,0.532058]},"properties":{"id":"75183","n":"UCC 2019 - St. Clement Secondary School Borehole","t":"bh","c":"Nandi"}},{"type":"Feature","geometry":{"type":"Point","coordinates":[34.956332,0.394078]},"properties":{"id":"423406643","n":"Ikoli Community, Luvonga Spring - 22091","t":"ps","c":"Nandi"}},{"type":"Feature","geometry":{"type":"Point","coordinates":[34.948252,0.35841]},"properties":{"id":"702614820","n":"Mukwaji Water Spring No 1976","t":"ps","c":"Nandi"}},{"type":"Feature","geometry":{"type":"Point","coordinates":[35.051646,0.346364]},"properties":{"id":"540030468","n":"Mariam Church of Christ Highschool Borehole (Mariann?)","t":"bh","c":"Nandi"}},{"type":"Feature","geometry":{"type":"Point","coordinates":[34.957437,0.383832]},"properties":{"id":"523239998","n":"Soyi A US3","t":"us","c":"Nandi"}},{"type":"Feature","geometry":{"type":"Point","coordinates":[34.940519,0.357552]},"properties":{"id":"702615955","n":"Norah Water Spring No 1997","t":"ps","c":"Nandi"}},{"type":"Feature","geometry":{"type":"Point","coordinates":[35.189282,0.104127]},"properties":{"id":"3750827","n":"UCC 2018 - Our Lady of Peace Girls Secondary School","t":"bh","c":"Nandi"}},{"type":"Feature","geometry":{"type":"Point","coordinates":[36.55544,1.218339]},"properties":{"id":"569839426","n":"Lkeek are well","t":"udw","c":"Samburu"}},{"type":"Feature","geometry":{"type":"Point","coordinates":[34.33248,0.10544]},"properties":{"id":"110952","n":"Mulusenu water spring","t":"ps","c":"Siaya"}},{"type":"Feature","geometry":{"type":"Point","coordinates":[34.362009,0.104621]},"properties":{"id":"110976","n":"Mungabila water spring","t":"ps","c":"Siaya"}},{"type":"Feature","geometry":{"type":"Point","coordinates":[34.50678,0.052307]},"properties":{"id":"15007542","n":"Ulagai, Aduda Spring - 18100","t":"ps","c":"Siaya"}},{"type":"Feature","geometry":{"type":"Point","coordinates":[34.54055,0.00036]},"properties":{"id":"736923057","n":"Ochwore Dispensary - 410046","t":"bh","c":"Siaya","d":90.0}},{"type":"Feature","geometry":{"type":"Point","coordinates":[34.5055,0.049617]},"properties":{"id":"15007566","n":"Ulagai, Rose Obare Spring - 18102","t":"ps","c":"Siaya"}},{"type":"Feature","geometry":{"type":"Point","coordinates":[34.466277,0.120273]},"properties":{"id":"27005862","n":"Kasigosi Water Spring No 908","t":"ps","c":"Siaya"}},{"type":"Feature","geometry":{"type":"Point","coordinates":[34.465942,0.120565]},"properties":{"id":"28416478","n":"Kamasinde Water Spring No 937","t":"ps","c":"Siaya"}},{"type":"Feature","geometry":{"type":"Point","coordinates":[34.528929,0.124895]},"properties":{"id":"27005855","n":"Omulakha Water Spring No 909","t":"ps","c":"Siaya"}},{"type":"Feature","geometry":{"type":"Point","coordinates":[34.502728,0.126237]},"properties":{"id":"110914","n":"Ambasu water spring","t":"ps","c":"Siaya"}},{"type":"Feature","geometry":{"type":"Point","coordinates":[34.54454,0.138137]},"properties":{"id":"9825789","n":"Tsisambo water spring","t":"ps","c":"Siaya"}},{"type":"Feature","geometry":{"type":"Point","coordinates":[34.547195,0.137475]},"properties":{"id":"25703807","n":"Atuta Water Spring No 504","t":"ps","c":"Siaya"}},{"type":"Feature","geometry":{"type":"Point","coordinates":[34.547423,0.13408]},"properties":{"id":"25703797","n":"Ichetero Water Spring No 485","t":"ps","c":"Siaya"}},{"type":"Feature","geometry":{"type":"Point","coordinates":[34.510768,0.117762]},"properties":{"id":"110945","n":"Kaagina water spring","t":"ps","c":"Siaya"}},{"type":"Feature","geometry":{"type":"Point","coordinates":[34.531367,0.128858]},"properties":{"id":"27314984","n":"Mulwala Water Spring No 921","t":"ps","c":"Siaya"}},{"type":"Feature","geometry":{"type":"Point","coordinates":[34.517547,0.124878]},"properties":{"id":"6661186","n":"Alukwe Water Spring No 708","t":"ps","c":"Siaya"}},{"type":"Feature","geometry":{"type":"Point","coordinates":[34.496668,0.110058]},"properties":{"id":"28254124","n":"Wamateshe Water Spring No 939","t":"ps","c":"Siaya"}},{"type":"Feature","geometry":{"type":"Point","coordinates":[34.497177,0.113542]},"properties":{"id":"28670085","n":"Musanda Water Spring No 950","t":"ps","c":"Siaya"}},{"type":"Feature","geometry":{"type":"Point","coordinates":[34.501738,0.124952]},"properties":{"id":"28416454","n":"Nyamboga Water Spring No 940","t":"ps","c":"Siaya"}},{"type":"Feature","geometry":{"type":"Point","coordinates":[34.511465,0.124015]},"properties":{"id":"6439448","n":"Akute water spring","t":"ps","c":"Siaya"}},{"type":"Feature","geometry":{"type":"Point","coordinates":[34.554627,0.131863]},"properties":{"id":"6439383","n":"Mulunyiri water spring","t":"ps","c":"Siaya"}},{"type":"Feature","geometry":{"type":"Point","coordinates":[34.305272,0.311877]},"properties":{"id":"717355121","n":"BUSIA.BUTULA.MUNGAMBWA.FOOTBAL PITCH.BOREHOLE","t":"pdw","c":"Siaya"}},{"type":"Feature","geometry":{"type":"Point","coordinates":[34.305208,0.311894]},"properties":{"id":"717355114","n":"BUSIA.BUTULA.MUNGAMBWA.BOREHOLE.FOOTBALL PITCH","t":"bh","c":"Siaya"}},{"type":"Feature","geometry":{"type":"Point","coordinates":[34.12608,0.251272]},"properties":{"id":"247643000","n":"Malanga primary","t":"pdw","c":"Siaya","d":20.0}},{"type":"Feature","geometry":{"type":"Point","coordinates":[34.145641,0.269344]},"properties":{"id":"713004971","n":"Sikoma  A borehole water point","t":"bh","c":"Siaya","d":50.0}},{"type":"Feature","geometry":{"type":"Point","coordinates":[34.145757,0.269262]},"properties":{"id":"247643835","n":"Sikoma B 1","t":"pdw","c":"Siaya","d":20.0}},{"type":"Feature","geometry":{"type":"Point","coordinates":[34.150691,0.277822]},"properties":{"id":"248175913","n":"Mumbaka pump","t":"bh","c":"Siaya","d":20.0}},{"type":"Feature","geometry":{"type":"Point","coordinates":[34.144737,0.265616]},"properties":{"id":"713003918","n":"Sikoma A borehole","t":"bh","c":"Siaya","d":90.0}},{"type":"Feature","geometry":{"type":"Point","coordinates":[34.141603,0.263428]},"properties":{"id":"713003884","n":"Busagai borehole","t":"bh","c":"Siaya","d":50.0}},{"type":"Feature","geometry":{"type":"Point","coordinates":[34.144743,0.265677]},"properties":{"id":"247645772","n":"Sikoma B water point","t":"pdw","c":"Siaya","d":20.0}},{"type":"Feature","geometry":{"type":"Point","coordinates":[34.145683,0.269285]},"properties":{"id":"713005006","n":"Sikoma A borehole water point","t":"bh","c":"Siaya","d":50.0}},{"type":"Feature","geometry":{"type":"Point","coordinates":[34.344391,0.223892]},"properties":{"id":"110969","n":"Okonji water spring","t":"ps","c":"Siaya"}},{"type":"Feature","geometry":{"type":"Point","coordinates":[34.348491,0.234918]},"properties":{"id":"4508083","n":"Nguvuli Primary School - 4540","t":"bh","c":"Siaya"}},{"type":"Feature","geometry":{"type":"Point","coordinates":[35.122841,1.03009]},"properties":{"id":"786782741","n":"Liberty borehole","t":"bh","c":"Trans Nzoia"}},{"type":"Feature","geometry":{"type":"Point","coordinates":[35.124768,1.030194]},"properties":{"id":"786782521","n":"Arnest Water point","t":"bh","c":"Trans Nzoia"}},{"type":"Feature","geometry":{"type":"Point","coordinates":[35.124611,1.032326]},"properties":{"id":"786782961","n":"John Nabruk dug well","t":"pdw","c":"Trans Nzoia"}},{"type":"Feature","geometry":{"type":"Point","coordinates":[35.125555,1.088782]},"properties":{"id":"786782428","n":"Mira waterpoint","t":"bh","c":"Trans Nzoia"}},{"type":"Feature","geometry":{"type":"Point","coordinates":[35.129321,1.039417]},"properties":{"id":"786783618","n":"Busolo water point","t":"bh","c":"Trans Nzoia"}},{"type":"Feature","geometry":{"type":"Point","coordinates":[34.949473,0.941638]},"properties":{"id":"4272551","n":"abdiwaqo","t":"bh","c":"Trans Nzoia"}},{"type":"Feature","geometry":{"type":"Point","coordinates":[36.127124,1.973252]},"properties":{"id":"803454754","n":"Lokwii","t":"bh","c":"Turkana"}},{"type":"Feature","geometry":{"type":"Point","coordinates":[35.739035,2.178007]},"properties":{"id":"97981413","n":"Naukot areng'an","t":"bh","c":"Turkana"}},{"type":"Feature","geometry":{"type":"Point","coordinates":[35.921369,2.028455]},"properties":{"id":"274237515","n":"Nariemao","t":"bh","c":"Turkana"}},{"type":"Feature","geometry":{"type":"Point","coordinates":[36.12711,1.973283]},"properties":{"id":"232992812","n":"Lokwiii","t":"bh","c":"Turkana"}},{"type":"Feature","geometry":{"type":"Point","coordinates":[35.774896,2.130382]},"properties":{"id":"97981585","n":"Lokosimekori","t":"bh","c":"Turkana"}},{"type":"Feature","geometry":{"type":"Point","coordinates":[36.107613,1.978809]},"properties":{"id":"803454761","n":"Lokamusio/lokori","t":"pdw","c":"Turkana"}},{"type":"Feature","geometry":{"type":"Point","coordinates":[35.932039,1.998267]},"properties":{"id":"97981578","n":"Lokwamosing","t":"bh","c":"Turkana"}},{"type":"Feature","geometry":{"type":"Point","coordinates":[36.136134,2.015522]},"properties":{"id":"488811493","n":"Lotubwa","t":"bh","c":"Turkana"}},{"type":"Feature","geometry":{"type":"Point","coordinates":[35.774891,2.130392]},"properties":{"id":"97981499","n":"Lokosimekori","t":"bh","c":"Turkana"}},{"type":"Feature","geometry":{"type":"Point","coordinates":[35.774862,2.130384]},"properties":{"id":"196355551","n":"Lokosimekori","t":"bh","c":"Turkana"}},{"type":"Feature","geometry":{"type":"Point","coordinates":[35.819181,2.223496]},"properties":{"id":"679035813","n":"Kodekode","t":"bh","c":"Turkana"}},{"type":"Feature","geometry":{"type":"Point","coordinates":[35.815819,2.190981]},"properties":{"id":"196355544","n":"Nakukulas","t":"bh","c":"Turkana"}},{"type":"Feature","geometry":{"type":"Point","coordinates":[36.137275,2.015219]},"properties":{"id":"274239050","n":"Lotubae","t":"bh","c":"Turkana"}},{"type":"Feature","geometry":{"type":"Point","coordinates":[35.904088,2.111693]},"properties":{"id":"97981750","n":"Lopii","t":"bh","c":"Turkana"}},{"type":"Feature","geometry":{"type":"Point","coordinates":[36.127135,1.973405]},"properties":{"id":"148781454","n":"Lokwii/tullow","t":"bh","c":"Turkana"}},{"type":"Feature","geometry":{"type":"Point","coordinates":[35.739049,2.177947]},"properties":{"id":"196355568","n":"Naukot aregan","t":"bh","c":"Turkana"}},{"type":"Feature","geometry":{"type":"Point","coordinates":[35.926015,2.105216]},"properties":{"id":"803454778","n":"Loyapachi","t":"bh","c":"Turkana"}},{"type":"Feature","geometry":{"type":"Point","coordinates":[35.815832,2.190976]},"properties":{"id":"97981114","n":"Nakukulas","t":"bh","c":"Turkana"}},{"type":"Feature","geometry":{"type":"Point","coordinates":[36.127142,1.973249]},"properties":{"id":"461583786","n":"Lokwii","t":"bh","c":"Turkana"}},{"type":"Feature","geometry":{"type":"Point","coordinates":[35.374654,2.766866]},"properties":{"id":"97981695","n":"Kotela","t":"bh","c":"Turkana"}},{"type":"Feature","geometry":{"type":"Point","coordinates":[35.408261,2.706715]},"properties":{"id":"189731506","n":"Lokitokirion(natwel)","t":"bh","c":"Turkana"}},{"type":"Feature","geometry":{"type":"Point","coordinates":[35.26138,2.516767]},"properties":{"id":"232992805","n":"Ulukuse","t":"bh","c":"Turkana"}},{"type":"Feature","geometry":{"type":"Point","coordinates":[35.402732,2.603347]},"properties":{"id":"274237759","n":"Nakuja ekalale","t":"bh","c":"Turkana"}},{"type":"Feature","geometry":{"type":"Point","coordinates":[35.243572,2.800928]},"properties":{"id":"274237766","n":"Sasak -lochor edot","t":"bh","c":"Turkana"}},{"type":"Feature","geometry":{"type":"Point","coordinates":[35.379964,2.516451]},"properties":{"id":"97981303","n":"Naipa","t":"bh","c":"Turkana"}},{"type":"Feature","geometry":{"type":"Point","coordinates":[35.304185,2.668282]},"properties":{"id":"260156215","n":"Nawamor/naremit","t":"bh","c":"Turkana"}},{"type":"Feature","geometry":{"type":"Point","coordinates":[35.125866,2.672083]},"properties":{"id":"260156480","n":"Loperokok","t":"bh","c":"Turkana"}},{"type":"Feature","geometry":{"type":"Point","coordinates":[35.302379,2.525061]},"properties":{"id":"260156473","n":"Kaichapan","t":"bh","c":"Turkana"}},{"type":"Feature","geometry":{"type":"Point","coordinates":[35.125864,2.672105]},"properties":{"id":"97981011","n":"Loperkok","t":"bh","c":"Turkana"}},{"type":"Feature","geometry":{"type":"Point","coordinates":[35.263363,2.518692]},"properties":{"id":"260156277","n":"Ulukuse","t":"pdw","c":"Turkana"}},{"type":"Feature","geometry":{"type":"Point","coordinates":[35.261525,2.51721]},"properties":{"id":"260156284","n":"Ulukuse","t":"bh","c":"Turkana"}},{"type":"Feature","geometry":{"type":"Point","coordinates":[35.2742,2.733036]},"properties":{"id":"488811235","n":"Kotela akali","t":"bh","c":"Turkana"}},{"type":"Feature","geometry":{"type":"Point","coordinates":[35.125859,2.672102]},"properties":{"id":"803454833","n":"Loperok","t":"bh","c":"Turkana"}},{"type":"Feature","geometry":{"type":"Point","coordinates":[35.274285,2.733072]},"properties":{"id":"97981042","n":"Kotela akali","t":"bh","c":"Turkana"}},{"type":"Feature","geometry":{"type":"Point","coordinates":[35.285913,2.808602]},"properties":{"id":"274238884","n":"Kang'ole (unicef) PV Solar pump","t":"bh","c":"Turkana"}},{"type":"Feature","geometry":{"type":"Point","coordinates":[35.220407,2.760683]},"properties":{"id":"274237780","n":"Sasak echoke","t":"bh","c":"Turkana"}},{"type":"Feature","geometry":{"type":"Point","coordinates":[35.253965,2.79258]},"properties":{"id":"196355441","n":"Lochor arengan","t":"bh","c":"Turkana"}},{"type":"Feature","geometry":{"type":"Point","coordinates":[35.125851,2.672043]},"properties":{"id":"148780862","n":"Loperkok","t":"bh","c":"Turkana"}},{"type":"Feature","geometry":{"type":"Point","coordinates":[35.374247,2.517985]},"properties":{"id":"352592130","n":"Naipa water point","t":"bh","c":"Turkana"}},{"type":"Feature","geometry":{"type":"Point","coordinates":[35.092908,2.673657]},"properties":{"id":"132145961","n":"Nakujaemeyen","t":"bh","c":"Turkana"}},{"type":"Feature","geometry":{"type":"Point","coordinates":[35.304197,2.668286]},"properties":{"id":"4678126","n":"Naremit nawomor","t":"bh","c":"Turkana"}},{"type":"Feature","geometry":{"type":"Point","coordinates":[35.302284,2.525111]},"properties":{"id":"274237625","n":"Kaichapan","t":"bh","c":"Turkana"}},{"type":"Feature","geometry":{"type":"Point","coordinates":[35.360736,2.70244]},"properties":{"id":"196355582","n":"Naremit-indian mark II","t":"bh","c":"Turkana"}},{"type":"Feature","geometry":{"type":"Point","coordinates":[35.37472,2.518518]},"properties":{"id":"148780491","n":"Naipa dispensery bohehole","t":"bh","c":"Turkana"}},{"type":"Feature","geometry":{"type":"Point","coordinates":[35.141497,2.710239]},"properties":{"id":"352592109","n":"Lotagor water point","t":"bh","c":"Turkana"}},{"type":"Feature","geometry":{"type":"Point","coordinates":[35.302311,2.524979]},"properties":{"id":"4678119","n":"Kaichapan","t":"bh","c":"Turkana"}},{"type":"Feature","geometry":{"type":"Point","coordinates":[35.369618,2.728982]},"properties":{"id":"235028688","n":"Kolelewi","t":"bh","c":"Turkana"}},{"type":"Feature","geometry":{"type":"Point","coordinates":[35.274206,2.732962]},"properties":{"id":"196355506","n":"Kotela akali","t":"bh","c":"Turkana"}},{"type":"Feature","geometry":{"type":"Point","coordinates":[35.371603,2.730871]},"properties":{"id":"97981781","n":"Kalemnyang","t":"pdw","c":"Turkana"}},{"type":"Feature","geometry":{"type":"Point","coordinates":[35.302155,2.52494]},"properties":{"id":"232993961","n":"Kachapan naipa","t":"bh","c":"Turkana"}},{"type":"Feature","geometry":{"type":"Point","coordinates":[35.363178,2.700719]},"properties":{"id":"260156363","n":"Naremit primary","t":"pdw","c":"Turkana"}},{"type":"Feature","geometry":{"type":"Point","coordinates":[35.409351,2.730001]},"properties":{"id":"177682005","n":"Kaayen primary school","t":"bh","c":"Turkana"}},{"type":"Feature","geometry":{"type":"Point","coordinates":[35.374626,2.518357]},"properties":{"id":"97981626","n":"Naipa solar","t":"bh","c":"Turkana"}},{"type":"Feature","geometry":{"type":"Point","coordinates":[35.282316,2.811032]},"properties":{"id":"97981035","n":"Kang'ole","t":"bh","c":"Turkana"}},{"type":"Feature","geometry":{"type":"Point","coordinates":[35.33184,2.453279]},"properties":{"id":"4678102","n":"Alaplap","t":"bh","c":"Turkana"}},{"type":"Feature","geometry":{"type":"Point","coordinates":[35.274205,2.732917]},"properties":{"id":"260156411","n":"Kotela akali","t":"bh","c":"Turkana"}},{"type":"Feature","geometry":{"type":"Point","coordinates":[35.365966,2.724383]},"properties":{"id":"352592202","n":"Kalemunyang Water Point","t":"bh","c":"Turkana"}},{"type":"Feature","geometry":{"type":"Point","coordinates":[35.363219,2.700671]},"properties":{"id":"97981798","n":"Naremit","t":"pdw","c":"Turkana"}},{"type":"Feature","geometry":{"type":"Point","coordinates":[35.304122,2.668167]},"properties":{"id":"260156198","n":"Nawamor","t":"bh","c":"Turkana"}},{"type":"Feature","geometry":{"type":"Point","coordinates":[35.253843,2.792658]},"properties":{"id":"274238547","n":"Sasak edot","t":"bh","c":"Turkana"}},{"type":"Feature","geometry":{"type":"Point","coordinates":[35.326749,2.701604]},"properties":{"id":"260156538","n":"Kaleulewi","t":"bh","c":"Turkana"}},{"type":"Feature","geometry":{"type":"Point","coordinates":[35.353379,2.610095]},"properties":{"id":"352592185","n":"Keekuto Water Point","t":"bh","c":"Turkana"}},{"type":"Feature","geometry":{"type":"Point","coordinates":[35.360674,2.702434]},"properties":{"id":"97981372","n":"Naremit","t":"bh","c":"Turkana"}},{"type":"Feature","geometry":{"type":"Point","coordinates":[35.407042,2.729014]},"properties":{"id":"177681970","n":"Kaayen community","t":"bh","c":"Turkana"}},{"type":"Feature","geometry":{"type":"Point","coordinates":[35.400562,2.795774]},"properties":{"id":"703024727","n":"Nameturon Nawotin","t":"bh","c":"Turkana"}},{"type":"Feature","geometry":{"type":"Point","coordinates":[35.397853,2.633383]},"properties":{"id":"177681963","n":"Nayanae ebur","t":"bh","c":"Turkana"}},{"type":"Feature","geometry":{"type":"Point","coordinates":[34.879078,2.810682]},"properties":{"id":"177682067","n":"Lochor lomala","t":"bh","c":"Turkana"}},{"type":"Feature","geometry":{"type":"Point","coordinates":[35.05287,2.69743]},"properties":{"id":"429083413","n":"Komera Handpump","t":"bh","c":"Turkana"}},{"type":"Feature","geometry":{"type":"Point","coordinates":[35.08542,2.786793]},"properties":{"id":"352592082","n":"Nangacha Water Point","t":"bh","c":"Turkana"}},{"type":"Feature","geometry":{"type":"Point","coordinates":[34.818036,2.791603]},"properties":{"id":"36607174","n":"Keekoreakwan","t":"bh","c":"Turkana"}},{"type":"Feature","geometry":{"type":"Point","coordinates":[35.063661,2.700135]},"properties":{"id":"177682098","n":"Nakurio","t":"bh","c":"Turkana"}},{"type":"Feature","geometry":{"type":"Point","coordinates":[34.87741,2.754711]},"properties":{"id":"563939454","n":"Lokiriama A","t":"bh","c":"Turkana"}},{"type":"Feature","geometry":{"type":"Point","coordinates":[34.852611,2.730939]},"properties":{"id":"627681767","n":"Nakapirpir Lokiriama","t":"bh","c":"Turkana"}},{"type":"Feature","geometry":{"type":"Point","coordinates":[34.978368,2.514966]},"properties":{"id":"177681846","n":"Loyaa","t":"bh","c":"Turkana"}},{"type":"Feature","geometry":{"type":"Point","coordinates":[35.023667,2.587691]},"properties":{"id":"461583803","n":"Lorengipi secondary","t":"bh","c":"Turkana"}},{"type":"Feature","geometry":{"type":"Point","coordinates":[34.812468,2.791248]},"properties":{"id":"232992915","n":"Kaekoreakuan solar","t":"bh","c":"Turkana"}},{"type":"Feature","geometry":{"type":"Point","coordinates":[34.992288,2.567963]},"properties":{"id":"488810935","n":"Lorengippi","t":"bh","c":"Turkana"}},{"type":"Feature","geometry":{"type":"Point","coordinates":[35.051152,2.604778]},"properties":{"id":"274238781","n":"Kaitubun","t":"bh","c":"Turkana"}},{"type":"Feature","geometry":{"type":"Point","coordinates":[34.992455,2.568211]},"properties":{"id":"189731575","n":"Nakalimon","t":"bh","c":"Turkana"}},{"type":"Feature","geometry":{"type":"Point","coordinates":[34.873605,2.751529]},"properties":{"id":"563939430","n":"Namuyan","t":"bh","c":"Turkana"}},{"type":"Feature","geometry":{"type":"Point","coordinates":[35.051018,2.604897]},"properties":{"id":"803454709","n":"Kaitubun","t":"bh","c":"Turkana"}},{"type":"Feature","geometry":{"type":"Point","coordinates":[35.000755,2.624727]},"properties":{"id":"352592044","n":"Kapese Water Point","t":"bh","c":"Turkana"}},{"type":"Feature","geometry":{"type":"Point","coordinates":[34.983064,2.534456]},"properties":{"id":"352592068","n":"Kalokutanyang Water Point","t":"pdw","c":"Turkana"}},{"type":"Feature","geometry":{"type":"Point","coordinates":[34.984581,2.583797]},"properties":{"id":"97981286","n":"Lorengippi","t":"bh","c":"Turkana"}},{"type":"Feature","geometry":{"type":"Point","coordinates":[35.052177,2.69043]},"properties":{"id":"274238774","n":"Komera","t":"bh","c":"Turkana"}},{"type":"Feature","geometry":{"type":"Point","coordinates":[35.063723,2.700152]},"properties":{"id":"232993174","n":"Nakurio","t":"bh","c":"Turkana"}},{"type":"Feature","geometry":{"type":"Point","coordinates":[34.987933,2.573046]},"properties":{"id":"97981279","n":"Lorengippi","t":"bh","c":"Turkana"}},{"type":"Feature","geometry":{"type":"Point","coordinates":[34.986188,2.668747]},"properties":{"id":"489769535","n":"Kaemanik Afridev","t":"bh","c":"Turkana"}},{"type":"Feature","geometry":{"type":"Point","coordinates":[34.990688,2.577507]},"properties":{"id":"274237601","n":"Lorengippi soweto","t":"bh","c":"Turkana"}},{"type":"Feature","geometry":{"type":"Point","coordinates":[34.978785,2.511825]},"properties":{"id":"177681853","n":"Loya","t":"bh","c":"Turkana"}},{"type":"Feature","geometry":{"type":"Point","coordinates":[34.991352,2.570951]},"properties":{"id":"461583793","n":"Lorengipi","t":"bh","c":"Turkana"}},{"type":"Feature","geometry":{"type":"Point","coordinates":[34.81823,2.790502]},"properties":{"id":"563939409","n":"Kaekoroeakwaan","t":"bh","c":"Turkana"}},{"type":"Feature","geometry":{"type":"Point","coordinates":[34.992321,2.568085]},"properties":{"id":"97981262","n":"Lorengippi","t":"bh","c":"Turkana"}},{"type":"Feature","geometry":{"type":"Point","coordinates":[35.05075,2.60477]},"properties":{"id":"429083420","n":"Kaitubun Handpump","t":"bh","c":"Turkana"}},{"type":"Feature","geometry":{"type":"Point","coordinates":[35.143206,2.787004]},"properties":{"id":"803454826","n":"Lomilo primary","t":"bh","c":"Turkana"}},{"type":"Feature","geometry":{"type":"Point","coordinates":[35.139612,2.775858]},"properties":{"id":"803454716","n":"Lomilo","t":"bh","c":"Turkana"}},{"type":"Feature","geometry":{"type":"Point","coordinates":[35.12306,2.760277]},"properties":{"id":"274238815","n":"Nawei-Lobei","t":"bh","c":"Turkana"}},{"type":"Feature","geometry":{"type":"Point","coordinates":[36.208098,2.696165]},"properties":{"id":"274238750","n":"Natome (unicef)","t":"bh","c":"Turkana"}},{"type":"Feature","geometry":{"type":"Point","coordinates":[36.263224,2.6143]},"properties":{"id":"641514797","n":"KANG'IRISAE CCCC B HANDPUMP","t":"bh","c":"Turkana"}},{"type":"Feature","geometry":{"type":"Point","coordinates":[36.265815,2.6048]},"properties":{"id":"627681499","n":"Kodopu","t":"bh","c":"Turkana"}},{"type":"Feature","geometry":{"type":"Point","coordinates":[36.173281,2.594212]},"properties":{"id":"653815394","n":"LOMUNYEN-NYANG HANDPUMP","t":"bh","c":"Turkana"}},{"type":"Feature","geometry":{"type":"Point","coordinates":[36.245071,2.752595]},"properties":{"id":"627691458","n":"WORNA WELL LOKWAR","t":"bh","c":"Turkana"}},{"type":"Feature","geometry":{"type":"Point","coordinates":[36.26168,2.672106]},"properties":{"id":"653815033","n":"AGIS NAKORET HANDPUMP","t":"bh","c":"Turkana"}},{"type":"Feature","geometry":{"type":"Point","coordinates":[36.252427,2.623337]},"properties":{"id":"488811503","n":"Kangirisae","t":"bh","c":"Turkana"}},{"type":"Feature","geometry":{"type":"Point","coordinates":[36.264792,2.616645]},"properties":{"id":"627681475","n":"Kangirisae CCC","t":"bh","c":"Turkana"}},{"type":"Feature","geometry":{"type":"Point","coordinates":[36.128634,2.645041]},"properties":{"id":"627681451","n":"Kanyuda B","t":"bh","c":"Turkana"}},{"type":"Feature","geometry":{"type":"Point","coordinates":[36.262872,2.69318]},"properties":{"id":"627681839","n":"Nakarion Nakoret","t":"bh","c":"Turkana"}},{"type":"Feature","geometry":{"type":"Point","coordinates":[36.267647,2.629747]},"properties":{"id":"627691472","n":"ACHUR WELL","t":"bh","c":"Turkana"}},{"type":"Feature","geometry":{"type":"Point","coordinates":[36.257487,2.677921]},"properties":{"id":"653815198","n":"LOKETUNG'AN HANDPUMP","t":"bh","c":"Turkana"}},{"type":"Feature","geometry":{"type":"Point","coordinates":[36.093968,2.581066]},"properties":{"id":"97980766","n":"Kaatir","t":"bh","c":"Turkana"}},{"type":"Feature","geometry":{"type":"Point","coordinates":[36.259769,2.738082]},"properties":{"id":"563939894","n":"Lokoureng-Lokwar angikaleso","t":"bh","c":"Turkana"}},{"type":"Feature","geometry":{"type":"Point","coordinates":[36.259092,2.73885]},"properties":{"id":"563939870","n":"Nawoitorong lokwar angikaleso","t":"bh","c":"Turkana"}},{"type":"Feature","geometry":{"type":"Point","coordinates":[36.271479,2.63472]},"properties":{"id":"653858326","n":"NACHUKUL KANG'IRISAE HANDPUMP","t":"bh","c":"Turkana"}},{"type":"Feature","geometry":{"type":"Point","coordinates":[36.258542,2.741442]},"properties":{"id":"653815112","n":"AYOROIT WELL","t":"bh","c":"Turkana"}},{"type":"Feature","geometry":{"type":"Point","coordinates":[36.264206,2.645822]},"properties":{"id":"627691575","n":"EKINYEMIT HANDPUMP","t":"bh","c":"Turkana"}},{"type":"Feature","geometry":{"type":"Point","coordinates":[36.27155,2.631034]},"properties":{"id":"653818036","n":"SOLIDARITE BOREHOLE","t":"bh","c":"Turkana"}},{"type":"Feature","geometry":{"type":"Point","coordinates":[36.271536,2.66495]},"properties":{"id":"627681949","n":"NASIMALEI NAKORET","t":"bh","c":"Turkana"}},{"type":"Feature","geometry":{"type":"Point","coordinates":[36.271026,2.674908]},"properties":{"id":"653815071","n":"NG'AMOR NAKORET","t":"bh","c":"Turkana"}},{"type":"Feature","geometry":{"type":"Point","coordinates":[36.246158,2.751919]},"properties":{"id":"627691434","n":"LOOTUK WELL","t":"bh","c":"Turkana"}},{"type":"Feature","geometry":{"type":"Point","coordinates":[36.263432,2.64012]},"properties":{"id":"627691496","n":"ESULU WELL","t":"bh","c":"Turkana"}},{"type":"Feature","geometry":{"type":"Point","coordinates":[36.265211,2.65362]},"properties":{"id":"627691520","n":"NAKUPURAT BOREHOLE","t":"bh","c":"Turkana"}},{"type":"Feature","geometry":{"type":"Point","coordinates":[36.263243,2.614284]},"properties":{"id":"643158421","n":"KALOCHETA HANDPUMP","t":"bh","c":"Turkana"}},{"type":"Feature","geometry":{"type":"Point","coordinates":[36.266663,2.655159]},"properties":{"id":"627691544","n":"NAKUPURAT ECHOKE BOREHOLE","t":"bh","c":"Turkana"}},{"type":"Feature","geometry":{"type":"Point","coordinates":[36.12863,2.645027]},"properties":{"id":"627681509","n":"Nakaleso-Loreng'elup","t":"bh","c":"Turkana"}},{"type":"Feature","geometry":{"type":"Point","coordinates":[36.270398,2.674285]},"properties":{"id":"653815057","n":"NAMETURWAN NAKORET HANDPUMP","t":"bh","c":"Turkana"}},{"type":"Feature","geometry":{"type":"Point","coordinates":[36.256391,2.716398]},"properties":{"id":"653815136","n":"LOBOROK HANDPUMP","t":"bh","c":"Turkana"}},{"type":"Feature","geometry":{"type":"Point","coordinates":[36.271689,2.631292]},"properties":{"id":"653815411","n":"LORENG'EKIPI HANDPUMP KANG'IRISAE","t":"bh","c":"Turkana"}},{"type":"Feature","geometry":{"type":"Point","coordinates":[36.265559,2.629368]},"properties":{"id":"653815150","n":"ADUNG KANG'IRISAE HANDPUMP","t":"bh","c":"Turkana"}},{"type":"Feature","geometry":{"type":"Point","coordinates":[36.258629,2.697617]},"properties":{"id":"627681877","n":"Nakepian B Nakoret","t":"bh","c":"Turkana"}},{"type":"Feature","geometry":{"type":"Point","coordinates":[36.246855,2.648287]},"properties":{"id":"653815174","n":"KAMEKWI CONERSTONE HANDPUMP","t":"bh","c":"Turkana"}},{"type":"Feature","geometry":{"type":"Point","coordinates":[36.128634,2.645025]},"properties":{"id":"627681523","n":"Kaikol handpump waterpoint","t":"bh","c":"Turkana"}},{"type":"Feature","geometry":{"type":"Point","coordinates":[36.240974,2.570297]},"properties":{"id":"177682191","n":"Loupwala","t":"bh","c":"Turkana"}},{"type":"Feature","geometry":{"type":"Point","coordinates":[36.265188,2.676522]},"properties":{"id":"627681963","n":"Asinyonoit Nataparin","t":"bh","c":"Turkana"}},{"type":"Feature","geometry":{"type":"Point","coordinates":[36.253027,2.748684]},"properties":{"id":"653815095","n":"NAKORIO WELL","t":"bh","c":"Turkana"}},{"type":"Feature","geometry":{"type":"Point","coordinates":[36.265578,2.691691]},"properties":{"id":"627681918","n":"Edung Nakoret","t":"bh","c":"Turkana"}},{"type":"Feature","geometry":{"type":"Point","coordinates":[36.241816,2.730996]},"properties":{"id":"563939856","n":"Najoktiira-Lokwar angikaleso","t":"bh","c":"Turkana"}},{"type":"Feature","geometry":{"type":"Point","coordinates":[36.258656,2.698478]},"properties":{"id":"627681853","n":"Nakepian Nakoret","t":"bh","c":"Turkana"}},{"type":"Feature","geometry":{"type":"Point","coordinates":[36.048277,1.950871]},"properties":{"id":"4678054","n":"Lokori catholic parish solar pump","t":"bh","c":"Turkana"}},{"type":"Feature","geometry":{"type":"Point","coordinates":[36.106883,1.261002]},"properties":{"id":"678258808","n":"Lomelo community water project","t":"bh","c":"Turkana"}},{"type":"Feature","geometry":{"type":"Point","coordinates":[36.235388,2.502203]},"properties":{"id":"488811651","n":"Lomunyen akuan","t":"bh","c":"Turkana"}},{"type":"Feature","geometry":{"type":"Point","coordinates":[36.157546,2.115897]},"properties":{"id":"274238633","n":"Elelea India mark ll","t":"pdw","c":"Turkana"}},{"type":"Feature","geometry":{"type":"Point","coordinates":[36.235638,2.502366]},"properties":{"id":"679035789","n":"LOMUNYEN AKWAN","t":"bh","c":"Turkana"}},{"type":"Feature","geometry":{"type":"Point","coordinates":[36.228636,2.531396]},"properties":{"id":"189731465","n":"Lomunyen akwan","t":"bh","c":"Turkana"}},{"type":"Feature","geometry":{"type":"Point","coordinates":[36.045414,2.091298]},"properties":{"id":"4678047","n":"Karuko","t":"bh","c":"Turkana"}},{"type":"Feature","geometry":{"type":"Point","coordinates":[36.090394,2.461688]},"properties":{"id":"177682263","n":"Kaakalel Catholic Mission","t":"bh","c":"Turkana"}},{"type":"Feature","geometry":{"type":"Point","coordinates":[36.0105,2.462491]},"properties":{"id":"36607222","n":"Kaegete","t":"bh","c":"Turkana"}},{"type":"Feature","geometry":{"type":"Point","coordinates":[36.0105,2.462377]},"properties":{"id":"489769511","n":"Kaegete","t":"bh","c":"Turkana"}},{"type":"Feature","geometry":{"type":"Point","coordinates":[36.031393,2.373738]},"properties":{"id":"177681808","n":"Kang'akipur primary school","t":"bh","c":"Turkana"}},{"type":"Feature","geometry":{"type":"Point","coordinates":[36.015144,2.360843]},"properties":{"id":"4678755","n":"Eyanae katon","t":"bh","c":"Turkana"}},{"type":"Feature","geometry":{"type":"Point","coordinates":[35.96881,2.364833]},"properties":{"id":"489769456","n":"Lomeleku","t":"bh","c":"Turkana"}},{"type":"Feature","geometry":{"type":"Point","coordinates":[35.956534,2.426782]},"properties":{"id":"177682115","n":"Nariemawoi","t":"bh","c":"Turkana"}},{"type":"Feature","geometry":{"type":"Point","coordinates":[35.851264,2.660997]},"properties":{"id":"189731441","n":"Napusimoru/kaekorisogol","t":"bh","c":"Turkana"}},{"type":"Feature","geometry":{"type":"Point","coordinates":[35.872905,2.35677]},"properties":{"id":"489769418","n":"Nalemkais","t":"bh","c":"Turkana"}},{"type":"Feature","geometry":{"type":"Point","coordinates":[36.045303,2.382378]},"properties":{"id":"274238619","n":"Kang'akipur pv solar pump","t":"bh","c":"Turkana"}},{"type":"Feature","geometry":{"type":"Point","coordinates":[36.084566,2.461281]},"properties":{"id":"97981169","n":"Kaakalel Primary school","t":"bh","c":"Turkana"}},{"type":"Feature","geometry":{"type":"Point","coordinates":[36.041232,2.491563]},"properties":{"id":"97981152","n":"Chibilet","t":"bh","c":"Turkana"}},{"type":"Feature","geometry":{"type":"Point","coordinates":[35.884432,2.410192]},"properties":{"id":"274237429","n":"Lokapel - Loperot","t":"bh","c":"Turkana"}},{"type":"Feature","geometry":{"type":"Point","coordinates":[35.979192,2.39072]},"properties":{"id":"177682270","n":"Tetelei","t":"bh","c":"Turkana"}},{"type":"Feature","geometry":{"type":"Point","coordinates":[36.068646,2.288625]},"properties":{"id":"489769432","n":"Kaesomalit","t":"bh","c":"Turkana"}},{"type":"Feature","geometry":{"type":"Point","coordinates":[35.432208,2.058702]},"properties":{"id":"274237663","n":"Nakamura community pv solar","t":"bh","c":"Turkana"}},{"type":"Feature","geometry":{"type":"Point","coordinates":[35.432211,2.058657]},"properties":{"id":"274238626","n":"Nakwamoru","t":"bh","c":"Turkana"}},{"type":"Feature","geometry":{"type":"Point","coordinates":[35.424167,2.078655]},"properties":{"id":"488811558","n":"Lomerimudang","t":"bh","c":"Turkana"}},{"type":"Feature","geometry":{"type":"Point","coordinates":[35.43613,2.050559]},"properties":{"id":"4678432","n":"Nakwamoru parish afridev","t":"pdw","c":"Turkana"}},{"type":"Feature","geometry":{"type":"Point","coordinates":[35.425868,2.07891]},"properties":{"id":"196355654","n":"Lomerimudang","t":"bh","c":"Turkana"}},{"type":"Feature","geometry":{"type":"Point","coordinates":[35.430759,2.08065]},"properties":{"id":"196355647","n":"Lomeritoko","t":"bh","c":"Turkana"}},{"type":"Feature","geometry":{"type":"Point","coordinates":[35.43367,2.116488]},"properties":{"id":"274238640","n":"Lodoot","t":"bh","c":"Turkana"}},{"type":"Feature","geometry":{"type":"Point","coordinates":[35.425681,2.079352]},"properties":{"id":"679035655","n":"Lomerimudang","t":"bh","c":"Turkana"}},{"type":"Feature","geometry":{"type":"Point","coordinates":[35.422732,2.078329]},"properties":{"id":"487147065","n":"Lomerimudang","t":"bh","c":"Turkana"}},{"type":"Feature","geometry":{"type":"Point","coordinates":[35.428097,2.279582]},"properties":{"id":"97981475","n":"KAG Katilu","t":"bh","c":"Turkana"}},{"type":"Feature","geometry":{"type":"Point","coordinates":[35.448677,2.410602]},"properties":{"id":"274238712","n":"Ekoropus KAG India mark ll","t":"bh","c":"Turkana"}},{"type":"Feature","geometry":{"type":"Point","coordinates":[35.409253,2.496285]},"properties":{"id":"177681956","n":"Kanaodon","t":"bh","c":"Turkana"}},{"type":"Feature","geometry":{"type":"Point","coordinates":[35.503657,2.470393]},"properties":{"id":"274237443","n":"Lotong'ina","t":"bh","c":"Turkana"}},{"type":"Feature","geometry":{"type":"Point","coordinates":[35.419137,2.435073]},"properties":{"id":"196355324","n":"Kagitankori","t":"bh","c":"Turkana"}},{"type":"Feature","geometry":{"type":"Point","coordinates":[35.453145,2.34673]},"properties":{"id":"232993105","n":"Nawapeto","t":"bh","c":"Turkana"}},{"type":"Feature","geometry":{"type":"Point","coordinates":[35.419132,2.435133]},"properties":{"id":"232993466","n":"Kagitankori","t":"bh","c":"Turkana"}},{"type":"Feature","geometry":{"type":"Point","coordinates":[35.489968,2.341117]},"properties":{"id":"97981358","n":"Lomonyang","t":"bh","c":"Turkana"}},{"type":"Feature","geometry":{"type":"Point","coordinates":[35.41926,2.363104]},"properties":{"id":"274237436","n":"Lokapel nursery afridev","t":"pdw","c":"Turkana"}},{"type":"Feature","geometry":{"type":"Point","coordinates":[35.428373,2.255116]},"properties":{"id":"36606609","n":"Katilu parish b/h","t":"bh","c":"Turkana"}},{"type":"Feature","geometry":{"type":"Point","coordinates":[35.454553,2.301647]},"properties":{"id":"488810942","n":"Aaagete","t":"bh","c":"Turkana"}},{"type":"Feature","geometry":{"type":"Point","coordinates":[35.430655,2.362767]},"properties":{"id":"4678748","n":"Lokapel KAG","t":"bh","c":"Turkana"}},{"type":"Feature","geometry":{"type":"Point","coordinates":[35.405937,2.433495]},"properties":{"id":"274238877","n":"Kagitankori afridev","t":"bh","c":"Turkana"}},{"type":"Feature","geometry":{"type":"Point","coordinates":[35.50005,2.535987]},"properties":{"id":"196355623","n":"Nakejuamosing","t":"bh","c":"Turkana"}},{"type":"Feature","geometry":{"type":"Point","coordinates":[35.548381,2.215509]},"properties":{"id":"177681736","n":"Keekunyuk","t":"bh","c":"Turkana"}},{"type":"Feature","geometry":{"type":"Point","coordinates":[35.464636,2.325835]},"properties":{"id":"274238729","n":"Kagete pv solar pump","t":"bh","c":"Turkana"}},{"type":"Feature","geometry":{"type":"Point","coordinates":[35.539737,2.189655]},"properties":{"id":"36607239","n":"Kang'irega","t":"bh","c":"Turkana"}},{"type":"Feature","geometry":{"type":"Point","coordinates":[35.4647,2.27646]},"properties":{"id":"274238932","n":"Kalowasa","t":"bh","c":"Turkana"}},{"type":"Feature","geometry":{"type":"Point","coordinates":[35.499954,2.535962]},"properties":{"id":"177681743","n":"Nakejuamosing","t":"bh","c":"Turkana"}},{"type":"Feature","geometry":{"type":"Point","coordinates":[35.563106,2.281434]},"properties":{"id":"461583755","n":"Kakipom/Nakabosan","t":"bh","c":"Turkana"}},{"type":"Feature","geometry":{"type":"Point","coordinates":[35.499954,2.535847]},"properties":{"id":"189731496","n":"Nakuja amosing","t":"bh","c":"Turkana"}},{"type":"Feature","geometry":{"type":"Point","coordinates":[35.534461,2.271035]},"properties":{"id":"196355496","n":"Naputhsinyen","t":"bh","c":"Turkana"}},{"type":"Feature","geometry":{"type":"Point","coordinates":[35.426966,2.230401]},"properties":{"id":"177681729","n":"Katilu boys sec school","t":"bh","c":"Turkana"}},{"type":"Feature","geometry":{"type":"Point","coordinates":[35.42053,2.37271]},"properties":{"id":"489769401","n":"Lokapel nalemsekon","t":"bh","c":"Turkana"}},{"type":"Feature","geometry":{"type":"Point","coordinates":[35.581866,2.238808]},"properties":{"id":"196355661","n":"Nakabosan1","t":"bh","c":"Turkana"}},{"type":"Feature","geometry":{"type":"Point","coordinates":[35.531533,2.036782]},"properties":{"id":"97981406","n":"Lodopua","t":"bh","c":"Turkana"}},{"type":"Feature","geometry":{"type":"Point","coordinates":[35.56252,2.261771]},"properties":{"id":"36607198","n":"Nakalabash","t":"bh","c":"Turkana"}},{"type":"Feature","geometry":{"type":"Point","coordinates":[35.58188,2.238714]},"properties":{"id":"97981743","n":"Nakabosan","t":"bh","c":"Turkana"}},{"type":"Feature","geometry":{"type":"Point","coordinates":[35.500708,2.136102]},"properties":{"id":"177682184","n":"Kalemng'orok Afridev","t":"pdw","c":"Turkana"}},{"type":"Feature","geometry":{"type":"Point","coordinates":[35.42631,2.36782]},"properties":{"id":"274239153","n":"Lokapel (maranatha) India mark ll","t":"bh","c":"Turkana"}},{"type":"Feature","geometry":{"type":"Point","coordinates":[35.45463,2.301654]},"properties":{"id":"177682050","n":"Kagete","t":"bh","c":"Turkana"}},{"type":"Feature","geometry":{"type":"Point","coordinates":[35.542554,2.262166]},"properties":{"id":"679035806","n":"Kangichuchuc","t":"bh","c":"Turkana"}},{"type":"Feature","geometry":{"type":"Point","coordinates":[35.518044,2.058359]},"properties":{"id":"97981334","n":"Lomunyanakirion - kaakong","t":"bh","c":"Turkana"}},{"type":"Feature","geometry":{"type":"Point","coordinates":[35.554498,2.247019]},"properties":{"id":"177681949","n":"Kariwole","t":"bh","c":"Turkana"}},{"type":"Feature","geometry":{"type":"Point","coordinates":[35.433603,2.395713]},"properties":{"id":"177682232","n":"Ekoropus","t":"bh","c":"Turkana"}},{"type":"Feature","geometry":{"type":"Point","coordinates":[35.429054,2.251857]},"properties":{"id":"274238554","n":"Katilu integrated primary school","t":"bh","c":"Turkana"}},{"type":"Feature","geometry":{"type":"Point","coordinates":[35.534561,2.270998]},"properties":{"id":"744582051","n":"Napusinyen","t":"pdw","c":"Turkana"}},{"type":"Feature","geometry":{"type":"Point","coordinates":[35.502418,2.131835]},"properties":{"id":"97981860","n":"Kalemng'orok RCEA","t":"bh","c":"Turkana"}},{"type":"Feature","geometry":{"type":"Point","coordinates":[35.69925,1.999856]},"properties":{"id":"177682201","n":"Kaepeduru","t":"bh","c":"Turkana"}},{"type":"Feature","geometry":{"type":"Point","coordinates":[35.447925,2.348342]},"properties":{"id":"272590861","n":"Nawapeto","t":"bh","c":"Turkana"}},{"type":"Feature","geometry":{"type":"Point","coordinates":[35.483553,2.237101]},"properties":{"id":"272590878","n":"Kaekamuto","t":"bh","c":"Turkana"}},{"type":"Feature","geometry":{"type":"Point","coordinates":[35.447798,2.250211]},"properties":{"id":"177681657","n":"Aling'oi(angarabat)","t":"bh","c":"Turkana"}},{"type":"Feature","geometry":{"type":"Point","coordinates":[35.78849,1.99232]},"properties":{"id":"177681592","n":"Kaariwo","t":"bh","c":"Turkana"}},{"type":"Feature","geometry":{"type":"Point","coordinates":[35.529689,2.018644]},"properties":{"id":"177681932","n":"Kaakong india mark 11","t":"bh","c":"Turkana"}},{"type":"Feature","geometry":{"type":"Point","coordinates":[35.496808,1.777528]},"properties":{"id":"97981468","n":"Kainuk","t":"bh","c":"Turkana"}},{"type":"Feature","geometry":{"type":"Point","coordinates":[35.499038,1.772542]},"properties":{"id":"274237742","n":"Kainuk Islamic Centre","t":"bh","c":"Turkana"}},{"type":"Feature","geometry":{"type":"Point","coordinates":[35.788546,1.99238]},"properties":{"id":"274237450","n":"Kariwo","t":"bh","c":"Turkana"}},{"type":"Feature","geometry":{"type":"Point","coordinates":[35.544516,1.955691]},"properties":{"id":"177681839","n":"Lochoresekon","t":"bh","c":"Turkana"}},{"type":"Feature","geometry":{"type":"Point","coordinates":[35.499207,1.771724]},"properties":{"id":"204122968","n":"Kainuk borehole 1","t":"pdw","c":"Turkana"}},{"type":"Feature","geometry":{"type":"Point","coordinates":[35.648139,2.753067]},"properties":{"id":"97981365","n":"Nakwakitela","t":"bh","c":"Turkana"}},{"type":"Feature","geometry":{"type":"Point","coordinates":[35.65795,2.38798]},"properties":{"id":"274238901","n":"Akiding'ot afridev","t":"pdw","c":"Turkana"}},{"type":"Feature","geometry":{"type":"Point","coordinates":[35.655675,2.445147]},"properties":{"id":"274239067","n":"Kadong'olo (Catholic) India mark ll","t":"bh","c":"Turkana"}},{"type":"Feature","geometry":{"type":"Point","coordinates":[35.832494,2.567599]},"properties":{"id":"177682256","n":"Kekorisogol primary school","t":"bh","c":"Turkana"}},{"type":"Feature","geometry":{"type":"Point","coordinates":[35.661215,2.385409]},"properties":{"id":"177682139","n":"Kapese","t":"bh","c":"Turkana"}},{"type":"Feature","geometry":{"type":"Point","coordinates":[35.655658,2.445177]},"properties":{"id":"36607208","n":"Kadong'olo catholic","t":"bh","c":"Turkana"}},{"type":"Feature","geometry":{"type":"Point","coordinates":[35.598281,2.602341]},"properties":{"id":"4678061","n":"Lochwaa lomanmania","t":"bh","c":"Turkana"}},{"type":"Feature","geometry":{"type":"Point","coordinates":[35.528007,2.78805]},"properties":{"id":"148780673","n":"SOPEL COMMUNITY","t":"bh","c":"Turkana"}},{"type":"Feature","geometry":{"type":"Point","coordinates":[35.633233,2.550414]},"properties":{"id":"97981729","n":"Karoge kakurokwei","t":"bh","c":"Turkana"}},{"type":"Feature","geometry":{"type":"Point","coordinates":[35.579706,2.535428]},"properties":{"id":"177682153","n":"Kaichapaluk","t":"bh","c":"Turkana"}},{"type":"Feature","geometry":{"type":"Point","coordinates":[35.659138,2.477113]},"properties":{"id":"97980711","n":"Kasuroi duba","t":"bh","c":"Turkana"}},{"type":"Feature","geometry":{"type":"Point","coordinates":[35.649932,2.606887]},"properties":{"id":"232993459","n":"Lochwa ngimatak","t":"bh","c":"Turkana"}},{"type":"Feature","geometry":{"type":"Point","coordinates":[35.59832,2.602407]},"properties":{"id":"803454802","n":"Lomanimania","t":"bh","c":"Turkana"}},{"type":"Feature","geometry":{"type":"Point","coordinates":[35.521767,2.786603]},"properties":{"id":"803454871","n":"SOPEL community","t":"bh","c":"Turkana"}},{"type":"Feature","geometry":{"type":"Point","coordinates":[35.525032,2.784435]},"properties":{"id":"195284588","n":"Sopel","t":"bh","c":"Turkana"}},{"type":"Feature","geometry":{"type":"Point","coordinates":[35.623755,2.386655]},"properties":{"id":"274238994","n":"Nalemsekon nayanae ekalae","t":"bh","c":"Turkana"}},{"type":"Feature","geometry":{"type":"Point","coordinates":[35.652573,2.379164]},"properties":{"id":"97980773","n":"Lokichar parish solar pump","t":"bh","c":"Turkana"}},{"type":"Feature","geometry":{"type":"Point","coordinates":[35.602171,2.332925]},"properties":{"id":"488810966","n":"Kamarese 1","t":"bh","c":"Turkana"}},{"type":"Feature","geometry":{"type":"Point","coordinates":[35.798121,2.577812]},"properties":{"id":"97981145","n":"Kaemong'or","t":"bh","c":"Turkana"}},{"type":"Feature","geometry":{"type":"Point","coordinates":[35.644986,2.320594]},"properties":{"id":"189731472","n":"Kaakali","t":"bh","c":"Turkana"}},{"type":"Feature","geometry":{"type":"Point","coordinates":[35.528003,2.787947]},"properties":{"id":"274239115","n":"Sopel India mark ll","t":"bh","c":"Turkana"}},{"type":"Feature","geometry":{"type":"Point","coordinates":[35.639662,2.694712]},"properties":{"id":"274238578","n":"Nagetei girls secondary school","t":"bh","c":"Turkana"}},{"type":"Feature","geometry":{"type":"Point","coordinates":[35.55307,2.40085]},"properties":{"id":"97981080","n":"Lokaburu","t":"bh","c":"Turkana"}},{"type":"Feature","geometry":{"type":"Point","coordinates":[35.644477,2.728075]},"properties":{"id":"177682122","n":"Moruereng","t":"bh","c":"Turkana"}},{"type":"Feature","geometry":{"type":"Point","coordinates":[35.66101,2.343551]},"properties":{"id":"97981073","n":"Lochoredome","t":"bh","c":"Turkana"}},{"type":"Feature","geometry":{"type":"Point","coordinates":[35.65194,2.385384]},"properties":{"id":"274238956","n":"Lokichar mixed primary school","t":"bh","c":"Turkana"}},{"type":"Feature","geometry":{"type":"Point","coordinates":[35.656794,2.394998]},"properties":{"id":"189731324","n":"Lokwadwat primary school","t":"bh","c":"Turkana"}},{"type":"Feature","geometry":{"type":"Point","coordinates":[35.642703,2.64038]},"properties":{"id":"274238664","n":"Kaipokok","t":"bh","c":"Turkana"}},{"type":"Feature","geometry":{"type":"Point","coordinates":[35.63213,2.358633]},"properties":{"id":"274238918","n":"Kamarese pry school pv solar pump","t":"bh","c":"Turkana"}},{"type":"Feature","geometry":{"type":"Point","coordinates":[35.65457,2.477927]},"properties":{"id":"177681884","n":"RCA Kasuroi boys sec school","t":"bh","c":"Turkana"}},{"type":"Feature","geometry":{"type":"Point","coordinates":[35.796345,2.685108]},"properties":{"id":"97981138","n":"Natorube","t":"bh","c":"Turkana"}},{"type":"Feature","geometry":{"type":"Point","coordinates":[35.664858,2.379926]},"properties":{"id":"97981097","n":"Kapese primary school","t":"bh","c":"Turkana"}},{"type":"Feature","geometry":{"type":"Point","coordinates":[35.65513,2.427014]},"properties":{"id":"97981767","n":"Kadong'olo community","t":"bh","c":"Turkana"}},{"type":"Feature","geometry":{"type":"Point","coordinates":[35.65886,2.565326]},"properties":{"id":"97981396","n":"Karoge primary school","t":"bh","c":"Turkana"}},{"type":"Feature","geometry":{"type":"Point","coordinates":[35.638811,2.349407]},"properties":{"id":"97981341","n":"Lokichar orthodox church","t":"bh","c":"Turkana"}},{"type":"Feature","geometry":{"type":"Point","coordinates":[35.646057,2.639941]},"properties":{"id":"487147058","n":"Kaipokok","t":"bh","c":"Turkana"}},{"type":"Feature","geometry":{"type":"Point","coordinates":[35.633212,2.550434]},"properties":{"id":"488811682","n":"Karoge  3","t":"bh","c":"Turkana"}},{"type":"Feature","geometry":{"type":"Point","coordinates":[35.640394,2.548045]},"properties":{"id":"488811675","n":"Karoge","t":"bh","c":"Turkana"}},{"type":"Feature","geometry":{"type":"Point","coordinates":[35.642788,2.640497]},"properties":{"id":"488811527","n":"Kaipokok","t":"bh","c":"Turkana"}},{"type":"Feature","geometry":{"type":"Point","coordinates":[35.664857,2.379927]},"properties":{"id":"177681798","n":"Kapese primary school","t":"bh","c":"Turkana"}},{"type":"Feature","geometry":{"type":"Point","coordinates":[35.657953,2.388072]},"properties":{"id":"177682146","n":"Akiding'ot","t":"pdw","c":"Turkana"}},{"type":"Feature","geometry":{"type":"Point","coordinates":[35.621375,2.58837]},"properties":{"id":"189731386","n":"Ngakitokonok","t":"bh","c":"Turkana"}},{"type":"Feature","geometry":{"type":"Point","coordinates":[35.595552,2.335895]},"properties":{"id":"177682074","n":"Kamarese -  kang'ibaren","t":"bh","c":"Turkana"}},{"type":"Feature","geometry":{"type":"Point","coordinates":[35.642905,2.752062]},"properties":{"id":"177681781","n":"Lochoremoit","t":"bh","c":"Turkana"}},{"type":"Feature","geometry":{"type":"Point","coordinates":[35.621266,2.58863]},"properties":{"id":"196355472","n":"Ngakito konok","t":"bh","c":"Turkana"}},{"type":"Feature","geometry":{"type":"Point","coordinates":[35.630378,2.347056]},"properties":{"id":"274239201","n":"Akolong","t":"bh","c":"Turkana"}},{"type":"Feature","geometry":{"type":"Point","coordinates":[35.651176,2.607988]},"properties":{"id":"274237508","n":"Lochwaa ng'amatak","t":"bh","c":"Turkana"}},{"type":"Feature","geometry":{"type":"Point","coordinates":[35.602195,2.333052]},"properties":{"id":"189731379","n":"Kamarese","t":"bh","c":"Turkana"}},{"type":"Feature","geometry":{"type":"Point","coordinates":[35.651793,2.37792]},"properties":{"id":"274237546","n":"John Paul Centre Lokichar","t":"bh","c":"Turkana"}},{"type":"Feature","geometry":{"type":"Point","coordinates":[35.67573,2.779164]},"properties":{"id":"177681626","n":"Moruling'akirion","t":"bh","c":"Turkana"}},{"type":"Feature","geometry":{"type":"Point","coordinates":[35.630137,2.363282]},"properties":{"id":"97981736","n":"Lokichar IDP 2","t":"bh","c":"Turkana"}},{"type":"Feature","geometry":{"type":"Point","coordinates":[35.527993,2.787992]},"properties":{"id":"488782476","n":"Sopel","t":"bh","c":"Turkana"}},{"type":"Feature","geometry":{"type":"Point","coordinates":[35.654425,2.474794]},"properties":{"id":"97980728","n":"Kasuroi India mark 11","t":"bh","c":"Turkana"}},{"type":"Feature","geometry":{"type":"Point","coordinates":[35.632092,2.358648]},"properties":{"id":"274238925","n":"Kamarese primary school pv solar pump","t":"bh","c":"Turkana"}},{"type":"Feature","geometry":{"type":"Point","coordinates":[35.646132,2.59519]},"properties":{"id":"274238853","n":"Lochwaa Lolupe","t":"bh","c":"Turkana"}},{"type":"Feature","geometry":{"type":"Point","coordinates":[35.773882,2.617713]},"properties":{"id":"744582075","n":"Kaabura","t":"bh","c":"Turkana"}},{"type":"Feature","geometry":{"type":"Point","coordinates":[35.6404,2.548013]},"properties":{"id":"488810973","n":"Karoge","t":"bh","c":"Turkana"}},{"type":"Feature","geometry":{"type":"Point","coordinates":[35.650382,2.320945]},"properties":{"id":"274238561","n":"Kaakali","t":"bh","c":"Turkana"}},{"type":"Feature","geometry":{"type":"Point","coordinates":[35.617278,2.49944]},"properties":{"id":"36607260","n":"Kapoo","t":"bh","c":"Turkana"}},{"type":"Feature","geometry":{"type":"Point","coordinates":[35.640392,2.548035]},"properties":{"id":"803454730","n":"Karoge","t":"bh","c":"Turkana"}},{"type":"Feature","geometry":{"type":"Point","coordinates":[35.621331,2.588681]},"properties":{"id":"196355489","n":"Nakito konok","t":"bh","c":"Turkana"}},{"type":"Feature","geometry":{"type":"Point","coordinates":[35.655172,2.427088]},"properties":{"id":"803454651","n":"Kadongolo","t":"bh","c":"Turkana"}},{"type":"Feature","geometry":{"type":"Point","coordinates":[35.640363,2.548044]},"properties":{"id":"36607095","n":"Karoge 1 community","t":"bh","c":"Turkana"}},{"type":"Feature","geometry":{"type":"Point","coordinates":[35.628304,2.363139]},"properties":{"id":"36607088","n":"Lokichar IDP","t":"udw","c":"Turkana"}},{"type":"Feature","geometry":{"type":"Point","coordinates":[35.83246,2.56762]},"properties":{"id":"274238846","n":"Keekorosogol primary school","t":"bh","c":"Turkana"}},{"type":"Feature","geometry":{"type":"Point","coordinates":[35.463438,2.754063]},"properties":{"id":"274237467","n":"Kapese (kono)","t":"bh","c":"Turkana"}},{"type":"Feature","geometry":{"type":"Point","coordinates":[35.660953,2.343533]},"properties":{"id":"274238949","n":"Lochoredome India mark ll","t":"bh","c":"Turkana"}},{"type":"Feature","geometry":{"type":"Point","coordinates":[35.656675,2.395078]},"properties":{"id":"97981516","n":"Lokwadwat","t":"bh","c":"Turkana"}},{"type":"Feature","geometry":{"type":"Point","coordinates":[35.646198,2.595175]},"properties":{"id":"36607112","n":"Lochwaa lolupe","t":"bh","c":"Turkana"}},{"type":"Feature","geometry":{"type":"Point","coordinates":[35.636377,2.707675]},"properties":{"id":"36607181","n":"Nagetei","t":"bh","c":"Turkana"}},{"type":"Feature","geometry":{"type":"Point","coordinates":[35.647891,2.763851]},"properties":{"id":"97981822","n":"Lochoremoit","t":"bh","c":"Turkana"}},{"type":"Feature","geometry":{"type":"Point","coordinates":[35.65549,2.427052]},"properties":{"id":"189731410","n":"Kadongolo","t":"bh","c":"Turkana"}},{"type":"Feature","geometry":{"type":"Point","coordinates":[35.650426,2.320924]},"properties":{"id":"97981107","n":"Kaakali","t":"bh","c":"Turkana"}},{"type":"Feature","geometry":{"type":"Point","coordinates":[35.524952,2.784138]},"properties":{"id":"148780594","n":"SOPEL SOLAR PUMP BOREHOLE","t":"bh","c":"Turkana"}},{"type":"Feature","geometry":{"type":"Point","coordinates":[35.636959,2.383144]},"properties":{"id":"177681619","n":"Kaemong nalemsekon","t":"pdw","c":"Turkana"}},{"type":"Feature","geometry":{"type":"Point","coordinates":[35.621294,2.588617]},"properties":{"id":"4678085","n":"Lochwaa ng'akitokono","t":"bh","c":"Turkana"}},{"type":"Feature","geometry":{"type":"Point","coordinates":[35.67578,2.7791]},"properties":{"id":"488782469","n":"Morulingakirion","t":"bh","c":"Turkana"}},{"type":"Feature","geometry":{"type":"Point","coordinates":[35.511706,0.143542]},"properties":{"id":"626077499","n":"Kilon Children's HomeÂ","t":"bh","c":"Uasin Gishu"}},{"type":"Feature","geometry":{"type":"Point","coordinates":[35.302115,0.382921]},"properties":{"id":"117952173","n":"Nairiri water project","t":"bh","c":"Uasin Gishu"}},{"type":"Feature","geometry":{"type":"Point","coordinates":[35.268979,0.382298]},"properties":{"id":"117952180","n":"Kipsamoo water project","t":"bh","c":"Uasin Gishu"}},{"type":"Feature","geometry":{"type":"Point","coordinates":[35.21623,0.350614]},"properties":{"id":"117952214","n":"Kamuzee water project","t":"bh","c":"Uasin Gishu"}},{"type":"Feature","geometry":{"type":"Point","coordinates":[35.252745,0.374825]},"properties":{"id":"117952197","n":"Koibasui water project","t":"bh","c":"Uasin Gishu"}},{"type":"Feature","geometry":{"type":"Point","coordinates":[35.360136,0.709063]},"properties":{"id":"117952111","n":"Kaburgei water project","t":"ps","c":"Uasin Gishu"}},{"type":"Feature","geometry":{"type":"Point","coordinates":[35.341851,0.554456]},"properties":{"id":"25363694","n":"Gethsemane School","t":"bh","c":"Uasin Gishu"}},{"type":"Feature","geometry":{"type":"Point","coordinates":[35.186707,0.846004]},"properties":{"id":"117952104","n":"Kapkuress primary borehole","t":"bh","c":"Uasin Gishu"}},{"type":"Feature","geometry":{"type":"Point","coordinates":[35.145299,0.858112]},"properties":{"id":"117952087","n":"Ndabarnach borehole","t":"bh","c":"Uasin Gishu"}},{"type":"Feature","geometry":{"type":"Point","coordinates":[35.173148,0.728503]},"properties":{"id":"75114","n":"UCC 2018 - Chemoset Community Water Project","t":"bh","c":"Uasin Gishu"}},{"type":"Feature","geometry":{"type":"Point","coordinates":[35.16538,0.706871]},"properties":{"id":"97981853","n":"St.Lucy soi","t":"pdw","c":"Uasin Gishu"}},{"type":"Feature","geometry":{"type":"Point","coordinates":[35.279822,0.596198]},"properties":{"id":"117952128","n":"Kipindani","t":"bh","c":"Uasin Gishu"}},{"type":"Feature","geometry":{"type":"Point","coordinates":[35.151675,0.879775]},"properties":{"id":"117952094","n":"Kwenet borehole","t":"bh","c":"Uasin Gishu"}},{"type":"Feature","geometry":{"type":"Point","coordinates":[35.184281,0.723419]},"properties":{"id":"117952070","n":"Chemoset borehole","t":"bh","c":"Uasin Gishu"}},{"type":"Feature","geometry":{"type":"Point","coordinates":[34.859577,0.557198]},"properties":{"id":"523236012","n":"Lwandeti friends PD15","t":"pdw","c":"Uasin Gishu"}},{"type":"Feature","geometry":{"type":"Point","coordinates":[34.885988,0.585707]},"properties":{"id":"523243463","n":"Lukova US5","t":"udw","c":"Uasin Gishu"}},{"type":"Feature","geometry":{"type":"Point","coordinates":[34.879809,0.580013]},"properties":{"id":"84828927","n":"Mukhungula Community, Mulongo Spring - 20224","t":"ps","c":"Uasin Gishu"}},{"type":"Feature","geometry":{"type":"Point","coordinates":[34.860193,0.557267]},"properties":{"id":"523316217","n":"Lwandeti friends PD10","t":"pdw","c":"Uasin Gishu"}},{"type":"Feature","geometry":{"type":"Point","coordinates":[34.864352,0.560977]},"properties":{"id":"523200091","n":"Shivotio PS1","t":"ps","c":"Uasin Gishu"}},{"type":"Feature","geometry":{"type":"Point","coordinates":[34.874033,0.575117]},"properties":{"id":"523332231","n":"Mukhungula UD2","t":"udw","c":"Uasin Gishu"}},{"type":"Feature","geometry":{"type":"Point","coordinates":[34.871315,0.574378]},"properties":{"id":"523250089","n":"Mukhungula UD1","t":"udw","c":"Uasin Gishu"}},{"type":"Feature","geometry":{"type":"Point","coordinates":[34.887187,0.587602]},"properties":{"id":"523312718","n":"Lukova UD4","t":"udw","c":"Uasin Gishu"}},{"type":"Feature","geometry":{"type":"Point","coordinates":[34.857738,0.555673]},"properties":{"id":"523311308","n":"Manda PD6","t":"pdw","c":"Uasin Gishu"}},{"type":"Feature","geometry":{"type":"Point","coordinates":[34.871402,0.573117]},"properties":{"id":"523289412","n":"Mukhungula PD5","t":"pdw","c":"Uasin Gishu"}},{"type":"Feature","geometry":{"type":"Point","coordinates":[34.865102,0.563302]},"properties":{"id":"523286316","n":"Shivotio PD2","t":"pdw","c":"Uasin Gishu"}},{"type":"Feature","geometry":{"type":"Point","coordinates":[34.88402,0.581434]},"properties":{"id":"445267804","n":"Silungai Girls Secondary School - 22271","t":"bh","c":"Uasin Gishu","d":110.0}},{"type":"Feature","geometry":{"type":"Point","coordinates":[34.87434,0.577482]},"properties":{"id":"523247900","n":"Mukhungula UD5","t":"udw","c":"Uasin Gishu"}},{"type":"Feature","geometry":{"type":"Point","coordinates":[34.880512,0.585058]},"properties":{"id":"523260419","n":"Silungai A PD5","t":"pdw","c":"Uasin Gishu"}},{"type":"Feature","geometry":{"type":"Point","coordinates":[34.891343,0.596075]},"properties":{"id":"523200431","n":"Lukova PD2","t":"pdw","c":"Uasin Gishu"}},{"type":"Feature","geometry":{"type":"Point","coordinates":[34.86276,0.563367]},"properties":{"id":"523242747","n":"Shivotio UD1","t":"udw","c":"Uasin Gishu"}},{"type":"Feature","geometry":{"type":"Point","coordinates":[34.864958,0.562527]},"properties":{"id":"523338787","n":"Shivotio PD3","t":"pdw","c":"Uasin Gishu"}},{"type":"Feature","geometry":{"type":"Point","coordinates":[34.862692,0.562345]},"properties":{"id":"523223414","n":"Shivotio PD4","t":"pdw","c":"Uasin Gishu"}},{"type":"Feature","geometry":{"type":"Point","coordinates":[34.852937,0.55254]},"properties":{"id":"523228440","n":"Shikulu UD3","t":"udw","c":"Uasin Gishu"}},{"type":"Feature","geometry":{"type":"Point","coordinates":[34.87987,0.577535]},"properties":{"id":"523258180","n":"Mukhungula B PD3","t":"pdw","c":"Uasin Gishu"}},{"type":"Feature","geometry":{"type":"Point","coordinates":[34.88667,0.589895]},"properties":{"id":"523270935","n":"Lukova PD7","t":"pdw","c":"Uasin Gishu"}},{"type":"Feature","geometry":{"type":"Point","coordinates":[34.866682,0.564063]},"properties":{"id":"523258805","n":"Shivotio UD4","t":"udw","c":"Uasin Gishu"}},{"type":"Feature","geometry":{"type":"Point","coordinates":[34.875247,0.571808]},"properties":{"id":"523316891","n":"Mukhungula B PD11","t":"pdw","c":"Uasin Gishu"}},{"type":"Feature","geometry":{"type":"Point","coordinates":[34.8762,0.57902]},"properties":{"id":"523244873","n":"Bondeni UD3","t":"udw","c":"Uasin Gishu"}},{"type":"Feature","geometry":{"type":"Point","coordinates":[34.875087,0.572835]},"properties":{"id":"523322605","n":"Mukhungula B UD8","t":"udw","c":"Uasin Gishu"}},{"type":"Feature","geometry":{"type":"Point","coordinates":[34.871938,0.571382]},"properties":{"id":"523345255","n":"Shivotio US1","t":"us","c":"Uasin Gishu"}},{"type":"Feature","geometry":{"type":"Point","coordinates":[34.87518,0.573072]},"properties":{"id":"523263742","n":"Mukhungula B UD7","t":"udw","c":"Uasin Gishu"}},{"type":"Feature","geometry":{"type":"Point","coordinates":[34.87622,0.57467]},"properties":{"id":"523335650","n":"Mukhungula B UD6","t":"udw","c":"Uasin Gishu"}},{"type":"Feature","geometry":{"type":"Point","coordinates":[34.892593,0.596638]},"properties":{"id":"523279910","n":"Lukova UD1","t":"udw","c":"Uasin Gishu"}},{"type":"Feature","geometry":{"type":"Point","coordinates":[34.878665,0.57869]},"properties":{"id":"523205704","n":"Mukhungula B UD1","t":"udw","c":"Uasin Gishu"}},{"type":"Feature","geometry":{"type":"Point","coordinates":[34.876162,0.57955]},"properties":{"id":"523318525","n":"Bondeni UD4","t":"udw","c":"Uasin Gishu"}},{"type":"Feature","geometry":{"type":"Point","coordinates":[34.874538,0.572157]},"properties":{"id":"523232513","n":"Mukhungula B PD10","t":"pdw","c":"Uasin Gishu"}},{"type":"Feature","geometry":{"type":"Point","coordinates":[34.892127,0.593373]},"properties":{"id":"523333421","n":"Lukova PS1","t":"ps","c":"Uasin Gishu"}},{"type":"Feature","geometry":{"type":"Point","coordinates":[34.866523,0.566657]},"properties":{"id":"523210153","n":"Shivotio PD1","t":"pdw","c":"Uasin Gishu"}},{"type":"Feature","geometry":{"type":"Point","coordinates":[34.881262,0.585907]},"properties":{"id":"523251798","n":"Silungai A PD8","t":"pdw","c":"Uasin Gishu"}},{"type":"Feature","geometry":{"type":"Point","coordinates":[34.873527,0.573007]},"properties":{"id":"523236885","n":"MukhungulavB UD6","t":"udw","c":"Uasin Gishu"}},{"type":"Feature","geometry":{"type":"Point","coordinates":[34.862258,0.557595]},"properties":{"id":"523208996","n":"Lwandeti friends PD11","t":"pdw","c":"Uasin Gishu"}},{"type":"Feature","geometry":{"type":"Point","coordinates":[34.870067,0.566443]},"properties":{"id":"523309677","n":"Shivotio PD7","t":"pdw","c":"Uasin Gishu"}},{"type":"Feature","geometry":{"type":"Point","coordinates":[34.877997,0.576915]},"properties":{"id":"523290520","n":"Mukhungula B PD6","t":"pdw","c":"Uasin Gishu"}},{"type":"Feature","geometry":{"type":"Point","coordinates":[34.8904,0.590157]},"properties":{"id":"523340638","n":"Lukova PD5","t":"pdw","c":"Uasin Gishu"}},{"type":"Feature","geometry":{"type":"Point","coordinates":[34.860058,0.553793]},"properties":{"id":"523237745","n":"Lwandeti friends PD8","t":"pdw","c":"Uasin Gishu"}},{"type":"Feature","geometry":{"type":"Point","coordinates":[34.878573,0.577982]},"properties":{"id":"523313733","n":"Mukhungula B PD4","t":"pdw","c":"Uasin Gishu"}},{"type":"Feature","geometry":{"type":"Point","coordinates":[34.861118,0.557162]},"properties":{"id":"523230607","n":"Lwandeti friends PD12","t":"pdw","c":"Uasin Gishu"}},{"type":"Feature","geometry":{"type":"Point","coordinates":[34.880457,0.584903]},"properties":{"id":"523291648","n":"Silungai. A pD6","t":"pdw","c":"Uasin Gishu"}},{"type":"Feature","geometry":{"type":"Point","coordinates":[34.862317,0.55646]},"properties":{"id":"523286330","n":"Lwandeti friends PD9","t":"pdw","c":"Uasin Gishu"}},{"type":"Feature","geometry":{"type":"Point","coordinates":[34.871835,0.574445]},"properties":{"id":"523235035","n":"Mukhungula PD6","t":"pdw","c":"Uasin Gishu"}},{"type":"Feature","geometry":{"type":"Point","coordinates":[34.878857,0.578758]},"properties":{"id":"523287386","n":"Mukhungula B PD1","t":"pdw","c":"Uasin Gishu"}},{"type":"Feature","geometry":{"type":"Point","coordinates":[34.875678,0.576583]},"properties":{"id":"523311188","n":"Mukhungula US4","t":"udw","c":"Uasin Gishu"}},{"type":"Feature","geometry":{"type":"Point","coordinates":[34.87569,0.57757]},"properties":{"id":"523195340","n":"Mukhungula UD9","t":"udw","c":"Uasin Gishu"}},{"type":"Feature","geometry":{"type":"Point","coordinates":[34.85372,0.553397]},"properties":{"id":"523226297","n":"Shikulu UD4","t":"udw","c":"Uasin Gishu"}},{"type":"Feature","geometry":{"type":"Point","coordinates":[34.89254,0.59648]},"properties":{"id":"523223919","n":"Lukova PD1","t":"pdw","c":"Uasin Gishu"}},{"type":"Feature","geometry":{"type":"Point","coordinates":[34.877117,0.576887]},"properties":{"id":"523328278","n":"Mukhungula B PD8","t":"pdw","c":"Uasin Gishu"}},{"type":"Feature","geometry":{"type":"Point","coordinates":[34.923555,0.565556]},"properties":{"id":"1027631","n":"UCC 2018 - Chepsaita Secondary School Borehole","t":"bh","c":"Uasin Gishu"}},{"type":"Feature","geometry":{"type":"Point","coordinates":[34.862705,0.561503]},"properties":{"id":"523194624","n":"Shivotio PD5","t":"pdw","c":"Uasin Gishu"}},{"type":"Feature","geometry":{"type":"Point","coordinates":[34.887927,0.590658]},"properties":{"id":"523204459","n":"Lukova PD6","t":"ps","c":"Uasin Gishu"}},{"type":"Feature","geometry":{"type":"Point","coordinates":[34.874048,0.571982]},"properties":{"id":"523249225","n":"Mukhungula B PD14","t":"pdw","c":"Uasin Gishu"}},{"type":"Feature","geometry":{"type":"Point","coordinates":[34.882815,0.583847]},"properties":{"id":"523222750","n":"Silungai A PD4","t":"pdw","c":"Uasin Gishu"}},{"type":"Feature","geometry":{"type":"Point","coordinates":[34.882553,0.58032]},"properties":{"id":"523286440","n":"Silungai A UD3","t":"udw","c":"Uasin Gishu"}},{"type":"Feature","geometry":{"type":"Point","coordinates":[34.858577,0.553292]},"properties":{"id":"523267083","n":"LWANDETI FRIENDS PD6","t":"pdw","c":"Uasin Gishu"}},{"type":"Feature","geometry":{"type":"Point","coordinates":[34.877557,0.577533]},"properties":{"id":"523265603","n":"Mukhungula PD7","t":"pdw","c":"Uasin Gishu"}},{"type":"Feature","geometry":{"type":"Point","coordinates":[34.862897,0.561673]},"properties":{"id":"523219396","n":"Shivotio PD6","t":"pdw","c":"Uasin Gishu"}},{"type":"Feature","geometry":{"type":"Point","coordinates":[34.879093,0.578758]},"properties":{"id":"523301693","n":"Mukhungula B PD2","t":"pdw","c":"Uasin Gishu"}},{"type":"Feature","geometry":{"type":"Point","coordinates":[34.876062,0.575795]},"properties":{"id":"523198082","n":"Mukhungula B PD9","t":"pdw","c":"Uasin Gishu"}},{"type":"Feature","geometry":{"type":"Point","coordinates":[34.886382,0.586172]},"properties":{"id":"523215653","n":"Lukova PD11","t":"pdw","c":"Uasin Gishu"}},{"type":"Feature","geometry":{"type":"Point","coordinates":[34.87632,0.57624]},"properties":{"id":"523287214","n":"Mukhungula B UD4","t":"udw","c":"Uasin Gishu"}},{"type":"Feature","geometry":{"type":"Point","coordinates":[34.994719,0.602721]},"properties":{"id":"117951952","n":"Murgusi Spring","t":"ps","c":"Uasin Gishu"}},{"type":"Feature","geometry":{"type":"Point","coordinates":[34.888803,0.58972]},"properties":{"id":"523298920","n":"Lukova UD2","t":"udw","c":"Uasin Gishu"}},{"type":"Feature","geometry":{"type":"Point","coordinates":[34.887562,0.59101]},"properties":{"id":"523274771","n":"Lukova UD3","t":"udw","c":"Uasin Gishu"}},{"type":"Feature","geometry":{"type":"Point","coordinates":[34.881408,0.580575]},"properties":{"id":"523218694","n":"Silungai A PD3","t":"pdw","c":"Uasin Gishu"}},{"type":"Feature","geometry":{"type":"Point","coordinates":[34.866857,0.562803]},"properties":{"id":"523333029","n":"Shivotio UD5","t":"udw","c":"Uasin Gishu"}},{"type":"Feature","geometry":{"type":"Point","coordinates":[34.867367,0.567318]},"properties":{"id":"523282707","n":"Shivotio PD9","t":"pdw","c":"Uasin Gishu"}},{"type":"Feature","geometry":{"type":"Point","coordinates":[34.877448,0.575527]},"properties":{"id":"523311322","n":"Mukhungula B UD5","t":"udw","c":"Uasin Gishu"}},{"type":"Feature","geometry":{"type":"Point","coordinates":[34.865898,0.561777]},"properties":{"id":"523200486","n":"Shivotio ID3","t":"udw","c":"Uasin Gishu"}},{"type":"Feature","geometry":{"type":"Point","coordinates":[34.868222,0.563655]},"properties":{"id":"523259466","n":"Shivotio UD6","t":"udw","c":"Uasin Gishu"}},{"type":"Feature","geometry":{"type":"Point","coordinates":[34.87555,0.578032]},"properties":{"id":"523349840","n":"Shikhungula PD11","t":"pdw","c":"Uasin Gishu"}},{"type":"Feature","geometry":{"type":"Point","coordinates":[34.889515,0.595057]},"properties":{"id":"523229070","n":"Lukova PD4","t":"pdw","c":"Uasin Gishu"}},{"type":"Feature","geometry":{"type":"Point","coordinates":[34.866283,0.562975]},"properties":{"id":"523278799","n":"Shivotio PD7","t":"udw","c":"Uasin Gishu"}},{"type":"Feature","geometry":{"type":"Point","coordinates":[34.873928,0.571438]},"properties":{"id":"523283210","n":"Mukhungula B PD13","t":"pdw","c":"Uasin Gishu"}},{"type":"Feature","geometry":{"type":"Point","coordinates":[34.87798,0.578158]},"properties":{"id":"523262215","n":"Mukhungula B PD5","t":"pdw","c":"Uasin Gishu"}},{"type":"Feature","geometry":{"type":"Point","coordinates":[34.875273,0.574973]},"properties":{"id":"523229977","n":"Mukhungula UD3","t":"udw","c":"Uasin Gishu"}},{"type":"Feature","geometry":{"type":"Point","coordinates":[34.887697,0.589237]},"properties":{"id":"523339128","n":"Lukova PD8","t":"pdw","c":"Uasin Gishu"}},{"type":"Feature","geometry":{"type":"Point","coordinates":[34.885087,0.590532]},"properties":{"id":"523264781","n":"Lukova 6","t":"udw","c":"Uasin Gishu"}},{"type":"Feature","geometry":{"type":"Point","coordinates":[34.877943,0.581588]},"properties":{"id":"523223926","n":"Mukhungula PS1","t":"ps","c":"Uasin Gishu"}},{"type":"Feature","geometry":{"type":"Point","coordinates":[34.863315,0.557425]},"properties":{"id":"523293547","n":"Lwandeti friends PD10","t":"pdw","c":"Uasin Gishu"}},{"type":"Feature","geometry":{"type":"Point","coordinates":[34.887085,0.588497]},"properties":{"id":"523319021","n":"Lukova PD10","t":"pdw","c":"Uasin Gishu"}},{"type":"Feature","geometry":{"type":"Point","coordinates":[34.87471,0.570978]},"properties":{"id":"523276278","n":"Mukhungula B PD12","t":"pdw","c":"Uasin Gishu"}},{"type":"Feature","geometry":{"type":"Point","coordinates":[34.86685,0.565768]},"properties":{"id":"523259040","n":"Shivotio PD8","t":"pdw","c":"Uasin Gishu"}},{"type":"Feature","geometry":{"type":"Point","coordinates":[34.891025,0.595762]},"properties":{"id":"523263474","n":"Lukova PD3","t":"pdw","c":"Uasin Gishu"}},{"type":"Feature","geometry":{"type":"Point","coordinates":[34.877273,0.578172]},"properties":{"id":"523261726","n":"Mukhungula PD12","t":"pdw","c":"Uasin Gishu"}},{"type":"Feature","geometry":{"type":"Point","coordinates":[34.891373,0.59637]},"properties":{"id":"523280736","n":"Shiandiche UD2","t":"udw","c":"Uasin Gishu"}},{"type":"Feature","geometry":{"type":"Point","coordinates":[35.0471,0.615248]},"properties":{"id":"117952063","n":"Besiobor water project","t":"bh","c":"Uasin Gishu"}},{"type":"Feature","geometry":{"type":"Point","coordinates":[34.628882,0.101393]},"properties":{"id":"211691680","n":"Owangwa Water Spring No 1406","t":"ps","c":"Vihiga"}},{"type":"Feature","geometry":{"type":"Point","coordinates":[34.624723,0.11107]},"properties":{"id":"211691958","n":"Konzolo Water Spring No 1423","t":"ps","c":"Vihiga"}},{"type":"Feature","geometry":{"type":"Point","coordinates":[34.614648,0.102957]},"properties":{"id":"6770006","n":"Omukuba Water Spring","t":"ps","c":"Vihiga"}},{"type":"Feature","geometry":{"type":"Point","coordinates":[34.608998,0.056922]},"properties":{"id":"23507786","n":"Aseka Water Spring","t":"ps","c":"Vihiga"}},{"type":"Feature","geometry":{"type":"Point","coordinates":[34.602075,0.081723]},"properties":{"id":"23507937","n":"Muluyekhe Water Spring","t":"ps","c":"Vihiga"}},{"type":"Feature","geometry":{"type":"Point","coordinates":[34.634204,0.128665]},"properties":{"id":"31896854","n":"Womusakami Water Spring No","t":"ps","c":"Vihiga"}},{"type":"Feature","geometry":{"type":"Point","coordinates":[34.591193,0.074867]},"properties":{"id":"17719733","n":"Ngota Water Spring","t":"ps","c":"Vihiga"}},{"type":"Feature","geometry":{"type":"Point","coordinates":[34.60024,0.06912]},"properties":{"id":"46921460","n":"Waingati Water Spring No 90","t":"ps","c":"Vihiga"}},{"type":"Feature","geometry":{"type":"Point","coordinates":[34.606745,0.06302]},"properties":{"id":"23507906","n":"Akunja Water Spring","t":"ps","c":"Vihiga"}},{"type":"Feature","geometry":{"type":"Point","coordinates":[34.606648,0.074567]},"properties":{"id":"22359023","n":"Musikulu Water Spring","t":"ps","c":"Vihiga"}},{"type":"Feature","geometry":{"type":"Point","coordinates":[34.605894,0.043869]},"properties":{"id":"22358754","n":"Musitundu Water Spring","t":"ps","c":"Vihiga"}},{"type":"Feature","geometry":{"type":"Point","coordinates":[34.630197,0.122187]},"properties":{"id":"15832171","n":"Alwoto Water Spring","t":"ps","c":"Vihiga"}},{"type":"Feature","geometry":{"type":"Point","coordinates":[34.602825,0.07026]},"properties":{"id":"6617668","n":"Waasemo Water Spring No 142","t":"ps","c":"Vihiga"}},{"type":"Feature","geometry":{"type":"Point","coordinates":[34.591293,0.078452]},"properties":{"id":"17719740","n":"Waobed Water Spring","t":"ps","c":"Vihiga"}},{"type":"Feature","geometry":{"type":"Point","coordinates":[34.602988,0.081197]},"properties":{"id":"23507920","n":"Wagladis Water Spring","t":"ps","c":"Vihiga"}},{"type":"Feature","geometry":{"type":"Point","coordinates":[34.604982,0.047197]},"properties":{"id":"11846305","n":"Musilabalaba Water Spring No 203","t":"ps","c":"Vihiga"}},{"type":"Feature","geometry":{"type":"Point","coordinates":[34.607321,0.102925]},"properties":{"id":"9370698","n":"Mulwakari Water Spring No 512","t":"ps","c":"Vihiga"}},{"type":"Feature","geometry":{"type":"Point","coordinates":[34.620963,0.118583]},"properties":{"id":"714198927","n":"VIHIGA.EMUHAYA.ST.PAUL IKALIKHA PRIMARY SCHOOL.NEAR KITCHEN DELIVERED WATER","t":"ps","c":"Vihiga"}},{"type":"Feature","geometry":{"type":"Point","coordinates":[34.610837,0.118425]},"properties":{"id":"9370667","n":"Ekalavara Water Spring No 476","t":"ps","c":"Vihiga"}},{"type":"Feature","geometry":{"type":"Point","coordinates":[34.608848,0.052283]},"properties":{"id":"23507779","n":"Esibonje Water Spring","t":"ps","c":"Vihiga"}},{"type":"Feature","geometry":{"type":"Point","coordinates":[34.599078,0.086955]},"properties":{"id":"23507968","n":"Mwinywelo Water Spring","t":"ps","c":"Vihiga"}},{"type":"Feature","geometry":{"type":"Point","coordinates":[34.59553,0.058047]},"properties":{"id":"27315026","n":"Buyuka Water Spring No 317","t":"ps","c":"Vihiga"}},{"type":"Feature","geometry":{"type":"Point","coordinates":[34.603978,0.068445]},"properties":{"id":"23507889","n":"Waabili Water Spring","t":"ps","c":"Vihiga"}},{"type":"Feature","geometry":{"type":"Point","coordinates":[34.605893,0.082866]},"properties":{"id":"23507944","n":"Waokonji Water Spring","t":"ps","c":"Vihiga"}},{"type":"Feature","geometry":{"type":"Point","coordinates":[34.624975,0.124713]},"properties":{"id":"26492423","n":"Mulama Water Spring No 361","t":"ps","c":"Vihiga"}},{"type":"Feature","geometry":{"type":"Point","coordinates":[34.594213,0.068072]},"properties":{"id":"27315095","n":"Isuthe Water Spring No 178","t":"ps","c":"Vihiga"}},{"type":"Feature","geometry":{"type":"Point","coordinates":[34.600013,0.074557]},"properties":{"id":"6617682","n":"Omutoko Water Spring No 202","t":"ps","c":"Vihiga"}},{"type":"Feature","geometry":{"type":"Point","coordinates":[34.609237,0.092188]},"properties":{"id":"6770013","n":"Ikokwa water spring","t":"ps","c":"Vihiga"}},{"type":"Feature","geometry":{"type":"Point","coordinates":[34.626247,0.112688]},"properties":{"id":"15832195","n":"Wamuhando Water Spring","t":"ps","c":"Vihiga"}},{"type":"Feature","geometry":{"type":"Point","coordinates":[34.60354,0.050507]},"properties":{"id":"6776662","n":"Esilache Water Spring No191","t":"ps","c":"Vihiga"}},{"type":"Feature","geometry":{"type":"Point","coordinates":[34.597662,0.062903]},"properties":{"id":"23507834","n":"Etale Water Spring","t":"ps","c":"Vihiga"}},{"type":"Feature","geometry":{"type":"Point","coordinates":[34.604307,0.067848]},"properties":{"id":"23507865","n":"Musihuhu Water Spring","t":"ps","c":"Vihiga"}},{"type":"Feature","geometry":{"type":"Point","coordinates":[34.59522,0.066295]},"properties":{"id":"27315143","n":"Aburili Water Spring No 177","t":"ps","c":"Vihiga"}},{"type":"Feature","geometry":{"type":"Point","coordinates":[34.593218,0.060782]},"properties":{"id":"27315033","n":"Nandi Water Spring No 157","t":"ps","c":"Vihiga"}},{"type":"Feature","geometry":{"type":"Point","coordinates":[34.630671,0.129243]},"properties":{"id":"25703656","n":"Andianyi Water Spring No 11","t":"ps","c":"Vihiga"}},{"type":"Feature","geometry":{"type":"Point","coordinates":[34.589925,0.053037]},"properties":{"id":"28669953","n":"Muyega Water Spring No 295","t":"ps","c":"Vihiga"}},{"type":"Feature","geometry":{"type":"Point","coordinates":[34.600028,0.087193]},"properties":{"id":"23507975","n":"Musilongo Water Spring","t":"ps","c":"Vihiga"}},{"type":"Feature","geometry":{"type":"Point","coordinates":[34.60152,0.04747]},"properties":{"id":"11845160","n":"Mbotela Water Spring No 204","t":"ps","c":"Vihiga"}},{"type":"Feature","geometry":{"type":"Point","coordinates":[34.627973,0.106463]},"properties":{"id":"211725358","n":"Osaka Water Spring No 1441","t":"ps","c":"Vihiga"}},{"type":"Feature","geometry":{"type":"Point","coordinates":[34.59146,0.05215]},"properties":{"id":"46921491","n":"Makutwa Water Spring No 287","t":"ps","c":"Vihiga"}},{"type":"Feature","geometry":{"type":"Point","coordinates":[34.602648,0.072455]},"properties":{"id":"6617651","n":"Evulwanda Water Spring No 133","t":"ps","c":"Vihiga"}},{"type":"Feature","geometry":{"type":"Point","coordinates":[34.60857,0.051295]},"properties":{"id":"15055026","n":"Andayi Water Spring","t":"ps","c":"Vihiga"}},{"type":"Feature","geometry":{"type":"Point","coordinates":[34.602795,0.058888]},"properties":{"id":"23507803","n":"Omutichia Water Spring","t":"ps","c":"Vihiga"}},{"type":"Feature","geometry":{"type":"Point","coordinates":[34.597923,0.076015]},"properties":{"id":"35013817","n":"Elila Water Spring","t":"ps","c":"Vihiga"}},{"type":"Feature","geometry":{"type":"Point","coordinates":[34.6076,0.106492]},"properties":{"id":"23511127","n":"Mwilubukho Water Spring No 536","t":"ps","c":"Vihiga"}},{"type":"Feature","geometry":{"type":"Point","coordinates":[34.610815,0.051323]},"properties":{"id":"11842507","n":"Njeli Water Spring No 218","t":"ps","c":"Vihiga"}},{"type":"Feature","geometry":{"type":"Point","coordinates":[34.59746,0.072395]},"properties":{"id":"27315129","n":"Musungu Water Spring No 266","t":"ps","c":"Vihiga"}},{"type":"Feature","geometry":{"type":"Point","coordinates":[34.604473,0.045205]},"properties":{"id":"15055222","n":"Mwiyabo Water Spring","t":"ps","c":"Vihiga"}},{"type":"Feature","geometry":{"type":"Point","coordinates":[34.623545,0.104515]},"properties":{"id":"15832205","n":"EMMUKHUNZI 1Water Spring","t":"ps","c":"Vihiga"}},{"type":"Feature","geometry":{"type":"Point","coordinates":[34.598163,0.059627]},"properties":{"id":"27315019","n":"Ikoma Water Spring No 155","t":"ps","c":"Vihiga"}},{"type":"Feature","geometry":{"type":"Point","coordinates":[34.597607,0.090693]},"properties":{"id":"7253317","n":"Wazadock Water Spring","t":"ps","c":"Vihiga"}},{"type":"Feature","geometry":{"type":"Point","coordinates":[34.592838,0.060598]},"properties":{"id":"27315040","n":"Butabila Water Spring No 296","t":"ps","c":"Vihiga"}},{"type":"Feature","geometry":{"type":"Point","coordinates":[34.59,0.06]},"properties":{"id":"3615670","n":"Esibakala, Margret Spring - 4376","t":"ps","c":"Vihiga"}},{"type":"Feature","geometry":{"type":"Point","coordinates":[34.620087,0.112488]},"properties":{"id":"23511103","n":"Ong'anyi Water Spring No 454","t":"ps","c":"Vihiga"}},{"type":"Feature","geometry":{"type":"Point","coordinates":[34.599515,0.065727]},"properties":{"id":"23507810","n":"Ebulyala Water Spring","t":"ps","c":"Vihiga"}},{"type":"Feature","geometry":{"type":"Point","coordinates":[34.593697,0.063183]},"properties":{"id":"27315088","n":"Lubwayo Water Spring No 176","t":"ps","c":"Vihiga"}},{"type":"Feature","geometry":{"type":"Point","coordinates":[34.611655,0.103242]},"properties":{"id":"23511110","n":"Musihila Water Spring No 630","t":"ps","c":"Vihiga"}},{"type":"Feature","geometry":{"type":"Point","coordinates":[34.590737,0.079307]},"properties":{"id":"17719757","n":"Waayub Water spring","t":"ps","c":"Vihiga"}},{"type":"Feature","geometry":{"type":"Point","coordinates":[34.616452,0.129108]},"properties":{"id":"3750717","n":"St. James ACK - 409","t":"bh","c":"Vihiga"}},{"type":"Feature","geometry":{"type":"Point","coordinates":[34.594853,0.07177]},"properties":{"id":"9541807","n":"Njemu water spring","t":"ps","c":"Vihiga"}},{"type":"Feature","geometry":{"type":"Point","coordinates":[34.59961,0.06218]},"properties":{"id":"23507827","n":"Makutwa Water Spring","t":"ps","c":"Vihiga"}},{"type":"Feature","geometry":{"type":"Point","coordinates":[34.621622,0.084771]},"properties":{"id":"714199100","n":"VIHIGA.EMUHAYA.MUNDICHIRI PRIMARY SCHOOL.OUTSIDE GRADE 8 CLASSROOM.DELIVERED SPRING WATER","t":"ps","c":"Vihiga"}},{"type":"Feature","geometry":{"type":"Point","coordinates":[34.615362,0.071797]},"properties":{"id":"46921477","n":"Mwimonyero Water Spring no","t":"ps","c":"Vihiga"}},{"type":"Feature","geometry":{"type":"Point","coordinates":[34.625923,0.126237]},"properties":{"id":"26492430","n":"Elukoye Water Spring No 290","t":"ps","c":"Vihiga"}},{"type":"Feature","geometry":{"type":"Point","coordinates":[34.592312,0.060228]},"properties":{"id":"27315057","n":"Panyako Water Spring No 165","t":"ps","c":"Vihiga"}},{"type":"Feature","geometry":{"type":"Point","coordinates":[34.589846,0.060543]},"properties":{"id":"15998866","n":"Muloko Water Spring No 429","t":"ps","c":"Vihiga"}},{"type":"Feature","geometry":{"type":"Point","coordinates":[34.609225,0.099353]},"properties":{"id":"111049","n":"Womukuti water spring","t":"ps","c":"Vihiga"}},{"type":"Feature","geometry":{"type":"Point","coordinates":[34.600239,0.066704]},"properties":{"id":"23507896","n":"Asubwe Water Spring","t":"ps","c":"Vihiga"}},{"type":"Feature","geometry":{"type":"Point","coordinates":[34.590338,0.077174]},"properties":{"id":"46921422","n":"Omukunda Water Spring","t":"ps","c":"Vihiga"}},{"type":"Feature","geometry":{"type":"Point","coordinates":[34.599817,0.069988]},"properties":{"id":"6617675","n":"Owamwayi Water Spring No 125","t":"ps","c":"Vihiga"}},{"type":"Feature","geometry":{"type":"Point","coordinates":[34.624088,0.109722]},"properties":{"id":"211700074","n":"Mwinywelo Water Spring No 1422","t":"ps","c":"Vihiga"}},{"type":"Feature","geometry":{"type":"Point","coordinates":[34.600507,0.056325]},"properties":{"id":"77940647","n":"Ebutindi, Tondolo Spring - 19155","t":"ps","c":"Vihiga"}},{"type":"Feature","geometry":{"type":"Point","coordinates":[34.60939,0.06626]},"properties":{"id":"23507913","n":"Khusikuku Water Spring","t":"ps","c":"Vihiga"}},{"type":"Feature","geometry":{"type":"Point","coordinates":[34.625883,0.112865]},"properties":{"id":"233182290","n":"Wamurundu Water Spring No 1470","t":"ps","c":"Vihiga"}},{"type":"Feature","geometry":{"type":"Point","coordinates":[34.607113,0.05872]},"properties":{"id":"23507793","n":"Homucheyi Water Spring","t":"ps","c":"Vihiga"}},{"type":"Feature","geometry":{"type":"Point","coordinates":[34.589267,0.072823]},"properties":{"id":"15998505","n":"Okutoyi Water Spring No 215","t":"ps","c":"Vihiga"}},{"type":"Feature","geometry":{"type":"Point","coordinates":[34.594523,0.070317]},"properties":{"id":"27315112","n":"Esilache Water Spring No 166","t":"ps","c":"Vihiga"}},{"type":"Feature","geometry":{"type":"Point","coordinates":[34.62471,0.129793]},"properties":{"id":"26492447","n":"Wamunabi Water Spring No 332","t":"ps","c":"Vihiga"}},{"type":"Feature","geometry":{"type":"Point","coordinates":[34.604992,0.059637]},"properties":{"id":"23507841","n":"Ematungu Water Spring","t":"ps","c":"Vihiga"}},{"type":"Feature","geometry":{"type":"Point","coordinates":[34.592573,0.071997]},"properties":{"id":"27315136","n":"Eyama Water Spring No 262","t":"ps","c":"Vihiga"}},{"type":"Feature","geometry":{"type":"Point","coordinates":[34.592037,0.077354]},"properties":{"id":"46921257","n":"Omusembe Water Spring No 202","t":"ps","c":"Vihiga"}},{"type":"Feature","geometry":{"type":"Point","coordinates":[34.591777,0.059097]},"properties":{"id":"27315064","n":"Kwaandrea Water Spring No 289","t":"ps","c":"Vihiga"}},{"type":"Feature","geometry":{"type":"Point","coordinates":[34.62883,0.123829]},"properties":{"id":"15832188","n":"epungu Water Spring","t":"ps","c":"Vihiga"}},{"type":"Feature","geometry":{"type":"Point","coordinates":[34.601067,0.082462]},"properties":{"id":"23507951","n":"Muluyekhe Water Spring","t":"ps","c":"Vihiga"}},{"type":"Feature","geometry":{"type":"Point","coordinates":[34.601993,0.097747]},"properties":{"id":"40204","n":"Sendwa  Water Spring No 526","t":"ps","c":"Vihiga"}},{"type":"Feature","geometry":{"type":"Point","coordinates":[34.59475,0.064757]},"properties":{"id":"27315071","n":"Komba Water Spring No 192","t":"ps","c":"Vihiga"}},{"type":"Feature","geometry":{"type":"Point","coordinates":[34.593802,0.07085]},"properties":{"id":"34155149","n":"Chikhabi Water Spring","t":"ps","c":"Vihiga"}},{"type":"Feature","geometry":{"type":"Point","coordinates":[34.596823,0.07781]},"properties":{"id":"17719771","n":"Mulwakari Water Spring","t":"ps","c":"Vihiga"}},{"type":"Feature","geometry":{"type":"Point","coordinates":[34.603311,0.066105]},"properties":{"id":"23507858","n":"Angabi Water Spring","t":"ps","c":"Vihiga"}},{"type":"Feature","geometry":{"type":"Point","coordinates":[34.590903,0.056543]},"properties":{"id":"28669946","n":"Omuyonga Water Spring No 223","t":"ps","c":"Vihiga"}},{"type":"Feature","geometry":{"type":"Point","coordinates":[34.641565,0.119622]},"properties":{"id":"15832119","n":"Wetalia Water Spring","t":"ps","c":"Vihiga"}},{"type":"Feature","geometry":{"type":"Point","coordinates":[34.663578,0.084415]},"properties":{"id":"13985204","n":"Homunyenyi Water Spring No","t":"ps","c":"Vihiga"}},{"type":"Feature","geometry":{"type":"Point","coordinates":[34.639347,0.129247]},"properties":{"id":"25703625","n":"Emalanga Water Spring No 60","t":"ps","c":"Vihiga"}},{"type":"Feature","geometry":{"type":"Point","coordinates":[34.63659,0.110372]},"properties":{"id":"15832102","n":"Mundoli Water Spring","t":"ps","c":"Vihiga"}},{"type":"Feature","geometry":{"type":"Point","coordinates":[34.658992,0.120867]},"properties":{"id":"26456986","n":"Etsibiywa Water Spring","t":"ps","c":"Vihiga"}},{"type":"Feature","geometry":{"type":"Point","coordinates":[34.635412,0.119588]},"properties":{"id":"15832126","n":"Womole Water Spring","t":"ps","c":"Vihiga"}},{"type":"Feature","geometry":{"type":"Point","coordinates":[34.670662,0.104293]},"properties":{"id":"27184121","n":"Mundubili Water Spring No 221","t":"ps","c":"Vihiga"}},{"type":"Feature","geometry":{"type":"Point","coordinates":[34.671163,0.11417]},"properties":{"id":"25704042","n":"Owamihanda Water Spring No 93","t":"ps","c":"Vihiga"}},{"type":"Feature","geometry":{"type":"Point","coordinates":[34.660065,0.09721]},"properties":{"id":"27005824","n":"Mulwanda Water Spring No 74","t":"ps","c":"Vihiga"}},{"type":"Feature","geometry":{"type":"Point","coordinates":[34.666592,0.116602]},"properties":{"id":"9911781","n":"WamatangaWater Spring","t":"ps","c":"Vihiga"}},{"type":"Feature","geometry":{"type":"Point","coordinates":[34.670578,0.085312]},"properties":{"id":"13629551","n":"Womulombi Water Spring","t":"ps","c":"Vihiga"}},{"type":"Feature","geometry":{"type":"Point","coordinates":[34.644432,0.102196]},"properties":{"id":"15832315","n":"Womusinya Water Spring","t":"ps","c":"Vihiga"}},{"type":"Feature","geometry":{"type":"Point","coordinates":[34.641627,0.122333]},"properties":{"id":"34155163","n":"Wapetero Water Spring No77","t":"ps","c":"Vihiga"}},{"type":"Feature","geometry":{"type":"Point","coordinates":[34.651198,0.127815]},"properties":{"id":"886776","n":"Jackline Water Spring","t":"ps","c":"Vihiga"}},{"type":"Feature","geometry":{"type":"Point","coordinates":[34.66759,0.103635]},"properties":{"id":"14885020","n":"Wamukwachi Water Spring No","t":"ps","c":"Vihiga"}},{"type":"Feature","geometry":{"type":"Point","coordinates":[34.671268,0.127477]},"properties":{"id":"3511745","n":"Emuhanda Water Spring","t":"ps","c":"Vihiga"}},{"type":"Feature","geometry":{"type":"Point","coordinates":[34.66324,0.110566]},"properties":{"id":"12216259","n":"Warakita Water Spring No 954","t":"ps","c":"Vihiga"}},{"type":"Feature","geometry":{"type":"Point","coordinates":[34.641032,0.125737]},"properties":{"id":"25703584","n":"Esikholobe Water Spring No 539","t":"ps","c":"Vihiga"}},{"type":"Feature","geometry":{"type":"Point","coordinates":[34.63611,0.129722]},"properties":{"id":"393197950","n":"Kwaambani Water Spring No","t":"ps","c":"Vihiga"}},{"type":"Feature","geometry":{"type":"Point","coordinates":[34.647088,0.111342]},"properties":{"id":"27102374","n":"Mutonyi Water Spring","t":"ps","c":"Vihiga"}},{"type":"Feature","geometry":{"type":"Point","coordinates":[34.654008,0.108418]},"properties":{"id":"213973036","n":"Musinaka Water Spring No 1440","t":"ps","c":"Vihiga"}},{"type":"Feature","geometry":{"type":"Point","coordinates":[34.63424,0.10312]},"properties":{"id":"7306947","n":"Eluhobe, Amadi Spring - 4710","t":"ps","c":"Vihiga"}},{"type":"Feature","geometry":{"type":"Point","coordinates":[34.672956,0.094936]},"properties":{"id":"27184145","n":"Hamusini Water Spring No","t":"ps","c":"Vihiga"}},{"type":"Feature","geometry":{"type":"Point","coordinates":[34.657858,0.123885]},"properties":{"id":"111025","n":"Mwinywelo B water spring","t":"ps","c":"Vihiga"}},{"type":"Feature","geometry":{"type":"Point","coordinates":[34.668238,0.089557]},"properties":{"id":"27191417","n":"Wesitoko Water Spring No 36","t":"ps","c":"Vihiga"}},{"type":"Feature","geometry":{"type":"Point","coordinates":[34.660273,0.107428]},"properties":{"id":"24704917","n":"Mubitondo Water Spring No 999","t":"ps","c":"Vihiga"}},{"type":"Feature","geometry":{"type":"Point","coordinates":[34.65253,0.121157]},"properties":{"id":"15832023","n":"Wokotse Water spring","t":"ps","c":"Vihiga"}},{"type":"Feature","geometry":{"type":"Point","coordinates":[34.649502,0.13014]},"properties":{"id":"25703618","n":"Osomi Water Spring No 553","t":"ps","c":"Vihiga"}},{"type":"Feature","geometry":{"type":"Point","coordinates":[34.66172,0.092718]},"properties":{"id":"3511927","n":"Naboto WATER SPRING","t":"ps","c":"Vihiga"}},{"type":"Feature","geometry":{"type":"Point","coordinates":[34.636465,0.081906]},"properties":{"id":"15832267","n":"Weikhosi Water Spring","t":"ps","c":"Vihiga"}},{"type":"Feature","geometry":{"type":"Point","coordinates":[34.64216,0.130573]},"properties":{"id":"3750786","n":"Decommissioned 2019 - Alpha Orphan Care Borehole Well","t":"bh","c":"Vihiga"}},{"type":"Feature","geometry":{"type":"Point","coordinates":[34.645962,0.108015]},"properties":{"id":"233250829","n":"Neng'ane Water Spring No 1471","t":"ps","c":"Vihiga"}},{"type":"Feature","geometry":{"type":"Point","coordinates":[34.646402,0.113533]},"properties":{"id":"15832030","n":"Holesi Water Spring","t":"ps","c":"Vihiga"}},{"type":"Feature","geometry":{"type":"Point","coordinates":[34.666398,0.130998]},"properties":{"id":"3511707","n":"Ambetsa Water Spring","t":"ps","c":"Vihiga"}},{"type":"Feature","geometry":{"type":"Point","coordinates":[34.645955,0.091705]},"properties":{"id":"27005721","n":"Wosaka Water Spring No 137","t":"ps","c":"Vihiga"}},{"type":"Feature","geometry":{"type":"Point","coordinates":[34.670218,0.11455]},"properties":{"id":"15998402","n":"Welitalanga Water Spring No 404","t":"ps","c":"Vihiga"}},{"type":"Feature","geometry":{"type":"Point","coordinates":[34.640632,0.126492]},"properties":{"id":"360587164","n":"Malanga Water Spring No","t":"ps","c":"Vihiga"}},{"type":"Feature","geometry":{"type":"Point","coordinates":[34.669895,0.115365]},"properties":{"id":"15998419","n":"Mukunzi Water Spring No 426","t":"ps","c":"Vihiga"}},{"type":"Feature","geometry":{"type":"Point","coordinates":[34.644435,0.102203]},"properties":{"id":"15832298","n":"Water Spring","t":"ps","c":"Vihiga"}},{"type":"Feature","geometry":{"type":"Point","coordinates":[34.669988,0.106365]},"properties":{"id":"15575812","n":"Wanakaya Water Spring No","t":"ps","c":"Vihiga"}},{"type":"Feature","geometry":{"type":"Point","coordinates":[34.669151,0.086895]},"properties":{"id":"13629609","n":"Ingavi Water Spring No","t":"ps","c":"Vihiga"}},{"type":"Feature","geometry":{"type":"Point","coordinates":[34.67212,0.102253]},"properties":{"id":"27184138","n":"Walukukhi Water Spring No 30","t":"ps","c":"Vihiga"}},{"type":"Feature","geometry":{"type":"Point","coordinates":[34.629963,0.09586]},"properties":{"id":"47024694","n":"Asimuli, John Omusembi Spring - 18159","t":"ps","c":"Vihiga"}},{"type":"Feature","geometry":{"type":"Point","coordinates":[34.657343,0.106952]},"properties":{"id":"16674592","n":"Owamusasia Water Spring 970","t":"ps","c":"Vihiga"}},{"type":"Feature","geometry":{"type":"Point","coordinates":[34.669465,0.095212]},"properties":{"id":"27184152","n":"Alubale Water Spring No 11","t":"ps","c":"Vihiga"}},{"type":"Feature","geometry":{"type":"Point","coordinates":[34.628691,0.081527]},"properties":{"id":"15832243","n":"Owamusa Water Spring","t":"ps","c":"Vihiga"}},{"type":"Feature","geometry":{"type":"Point","coordinates":[34.669313,0.13086]},"properties":{"id":"3511721","n":"Shiabaka Water Spring","t":"ps","c":"Vihiga"}},{"type":"Feature","geometry":{"type":"Point","coordinates":[34.630007,0.10766]},"properties":{"id":"221833968","n":"Ebukhuka Water Spring No 1442","t":"ps","c":"Vihiga"}},{"type":"Feature","geometry":{"type":"Point","coordinates":[34.636976,0.124976]},"properties":{"id":"15832157","n":"Matika Water Spring","t":"ps","c":"Vihiga"}},{"type":"Feature","geometry":{"type":"Point","coordinates":[34.672358,0.094382]},"properties":{"id":"211690043","n":"Omumia Water Spring No 1277","t":"ps","c":"Vihiga"}},{"type":"Feature","geometry":{"type":"Point","coordinates":[34.659223,0.117758]},"properties":{"id":"15054788","n":"Echibiywa Water Spring","t":"ps","c":"Vihiga"}},{"type":"Feature","geometry":{"type":"Point","coordinates":[34.655633,0.082267]},"properties":{"id":"25704011","n":"Wasiamini Water Spring No 32","t":"ps","c":"Vihiga"}},{"type":"Feature","geometry":{"type":"Point","coordinates":[34.662197,0.086606]},"properties":{"id":"15575771","n":"Wanakaya Water Spring No","t":"ps","c":"Vihiga"}},{"type":"Feature","geometry":{"type":"Point","coordinates":[34.668643,0.130703]},"properties":{"id":"3511714","n":"Andayi Water Spring","t":"ps","c":"Vihiga"}},{"type":"Feature","geometry":{"type":"Point","coordinates":[34.64526,0.115033]},"properties":{"id":"15832061","n":"Owasiamela Water Spring","t":"ps","c":"Vihiga"}},{"type":"Feature","geometry":{"type":"Point","coordinates":[34.649463,0.10058]},"properties":{"id":"27005769","n":"Kulundu Water Spring No 421","t":"ps","c":"Vihiga"}},{"type":"Feature","geometry":{"type":"Point","coordinates":[34.629183,0.091712]},"properties":{"id":"15832229","n":"Wangweye Water Spring","t":"ps","c":"Vihiga"}},{"type":"Feature","geometry":{"type":"Point","coordinates":[34.659373,0.10715]},"properties":{"id":"21217256","n":"Wakepha Water Spring No 990","t":"ps","c":"Vihiga"}},{"type":"Feature","geometry":{"type":"Point","coordinates":[34.650285,0.108522]},"properties":{"id":"15054908","n":"Weimbira Water Spring","t":"ps","c":"Vihiga"}},{"type":"Feature","geometry":{"type":"Point","coordinates":[34.66862,0.123208]},"properties":{"id":"15054757","n":"Womulindi Water Spring","t":"ps","c":"Vihiga"}},{"type":"Feature","geometry":{"type":"Point","coordinates":[34.673155,0.100278]},"properties":{"id":"15575805","n":"Wogada Water Spring No","t":"ps","c":"Vihiga"}},{"type":"Feature","geometry":{"type":"Point","coordinates":[34.65659,0.126498]},"properties":{"id":"22358596","n":"Eshithimi Water Spring","t":"ps","c":"Vihiga"}},{"type":"Feature","geometry":{"type":"Point","coordinates":[34.629195,0.090825]},"properties":{"id":"15832236","n":"Waangwekwe Water Spring","t":"ps","c":"Vihiga"}},{"type":"Feature","geometry":{"type":"Point","coordinates":[34.637623,0.104587]},"properties":{"id":"15832281","n":"Wamabiala Water Spring","t":"ps","c":"Vihiga"}},{"type":"Feature","geometry":{"type":"Point","coordinates":[34.631607,0.103405]},"properties":{"id":"13034380","n":"Simuli, Lihala Sifoto Spring - 4752","t":"ps","c":"Vihiga"}},{"type":"Feature","geometry":{"type":"Point","coordinates":[34.637997,0.106825]},"properties":{"id":"15832092","n":"Woluvero Water Spring","t":"ps","c":"Vihiga"}},{"type":"Feature","geometry":{"type":"Point","coordinates":[34.669165,0.09489]},"properties":{"id":"27184169","n":"Buyala Water Spring","t":"ps","c":"Vihiga"}},{"type":"Feature","geometry":{"type":"Point","coordinates":[34.629424,0.09868]},"properties":{"id":"15832212","n":"Wakabole Water Spring","t":"ps","c":"Vihiga"}},{"type":"Feature","geometry":{"type":"Point","coordinates":[34.663317,0.111197]},"properties":{"id":"15054771","n":"Wopumbi Water Spring","t":"ps","c":"Vihiga"}},{"type":"Feature","geometry":{"type":"Point","coordinates":[34.671295,0.123697]},"properties":{"id":"3511697","n":"Mwibona Water Spring","t":"ps","c":"Vihiga"}},{"type":"Feature","geometry":{"type":"Point","coordinates":[34.669868,0.123233]},"properties":{"id":"27005714","n":"Wamukeya Water Spring No 101","t":"ps","c":"Vihiga"}},{"type":"Feature","geometry":{"type":"Point","coordinates":[34.64642,0.116803]},"properties":{"id":"15832054","n":"Mwikunga Water Spring","t":"ps","c":"Vihiga"}},{"type":"Feature","geometry":{"type":"Point","coordinates":[34.671893,0.092935]},"properties":{"id":"27184176","n":"Womuchine Water Spring No 288","t":"ps","c":"Vihiga"}},{"type":"Feature","geometry":{"type":"Point","coordinates":[34.667732,0.099971]},"properties":{"id":"14886540","n":"Ebembe Water Spring No","t":"ps","c":"Vihiga"}},{"type":"Feature","geometry":{"type":"Point","coordinates":[34.676848,0.103765]},"properties":{"id":"6661148","n":"Waiminjili Water Spring No 55","t":"ps","c":"Vihiga"}},{"type":"Feature","geometry":{"type":"Point","coordinates":[34.664518,0.11199]},"properties":{"id":"9911815","n":"Wondachi Water Spring","t":"ps","c":"Vihiga"}},{"type":"Feature","geometry":{"type":"Point","coordinates":[34.640883,0.096428]},"properties":{"id":"15832274","n":"Waokwemba Water Spring","t":"ps","c":"Vihiga"}},{"type":"Feature","geometry":{"type":"Point","coordinates":[34.660166,0.123206]},"properties":{"id":"22358606","n":"Echibiywa WATER SPRING","t":"ps","c":"Vihiga"}},{"type":"Feature","geometry":{"type":"Point","coordinates":[34.628797,0.111903]},"properties":{"id":"714198989","n":"VIHIGA.EMUHAYA.ELUNUNI PRIMARY SCHOOL.NEAR THE KITCHEN.DELIVERED SPRING WATER","t":"ps","c":"Vihiga"}},{"type":"Feature","geometry":{"type":"Point","coordinates":[34.669682,0.117917]},"properties":{"id":"15054764","n":"Mulukamu Water Spring","t":"ps","c":"Vihiga"}},{"type":"Feature","geometry":{"type":"Point","coordinates":[34.650484,0.12602]},"properties":{"id":"25703601","n":"Mbihilo mwisena Water Spring No 307","t":"ps","c":"Vihiga"}},{"type":"Feature","geometry":{"type":"Point","coordinates":[34.635117,0.119075]},"properties":{"id":"15832133","n":"Wolemo Water Spring","t":"ps","c":"Vihiga"}},{"type":"Feature","geometry":{"type":"Point","coordinates":[34.665908,0.10765]},"properties":{"id":"6661131","n":"Wabwobi Water Spring No 67","t":"ps","c":"Vihiga"}},{"type":"Feature","geometry":{"type":"Point","coordinates":[34.645055,0.108133]},"properties":{"id":"15832085","n":"Owasileka Water Spring","t":"ps","c":"Vihiga"}},{"type":"Feature","geometry":{"type":"Point","coordinates":[34.648655,0.111835]},"properties":{"id":"15832047","n":"Halyayuka Water Spring","t":"ps","c":"Vihiga"}},{"type":"Feature","geometry":{"type":"Point","coordinates":[34.6488,0.082992]},"properties":{"id":"22358682","n":"Wagilbert Water Spring","t":"ps","c":"Vihiga"}},{"type":"Feature","geometry":{"type":"Point","coordinates":[34.641064,0.122379]},"properties":{"id":"34155156","n":"Wamalenje Water Spring","t":"ps","c":"Vihiga"}},{"type":"Feature","geometry":{"type":"Point","coordinates":[34.662007,0.094177]},"properties":{"id":"3511934","n":"Womutoko Water Spring","t":"ps","c":"Vihiga"}},{"type":"Feature","geometry":{"type":"Point","coordinates":[34.671351,0.090501]},"properties":{"id":"13629599","n":"Womutenyu Water Spring","t":"ps","c":"Vihiga"}},{"type":"Feature","geometry":{"type":"Point","coordinates":[34.666103,0.088198]},"properties":{"id":"13767055","n":"Wamache  Water Spring","t":"ps","c":"Vihiga"}},{"type":"Feature","geometry":{"type":"Point","coordinates":[34.644438,0.090353]},"properties":{"id":"211761417","n":"Maina Water Spring No 1438","t":"ps","c":"Vihiga"}},{"type":"Feature","geometry":{"type":"Point","coordinates":[34.636545,0.122163]},"properties":{"id":"15832140","n":"Wakunda Water Spring","t":"ps","c":"Vihiga"}},{"type":"Feature","geometry":{"type":"Point","coordinates":[34.650775,0.109505]},"properties":{"id":"211691910","n":"Womuliebi Water Spring No 1424","t":"ps","c":"Vihiga"}},{"type":"Feature","geometry":{"type":"Point","coordinates":[34.647128,0.111382]},"properties":{"id":"23081217","n":"Mutiny Water Spring","t":"ps","c":"Vihiga"}},{"type":"Feature","geometry":{"type":"Point","coordinates":[34.66107,0.09316]},"properties":{"id":"3511910","n":"Ebukotia WATER SPRING","t":"ps","c":"Vihiga"}},{"type":"Feature","geometry":{"type":"Point","coordinates":[34.653937,0.105552]},"properties":{"id":"214172764","n":"Womuchinji Water Spring No 1439","t":"ps","c":"Vihiga"}},{"type":"Feature","geometry":{"type":"Point","coordinates":[34.647158,0.098994]},"properties":{"id":"15832339","n":"Emutonyi Water Spring","t":"ps","c":"Vihiga"}}]}