{"type":"FeatureCollection","features":[{"type":"Feature","geometry":{"type":"Point","coordinates":[34.568802,0.31862]},"properties":{"id":"523210816","n":"Khulwanda PD 1","t":"pdw","c":"Kakamega"}},{"type":"Feature","geometry":{"type":"Point","coordinates":[34.506154,0.322914]},"properties":{"id":"523206327","n":"EKERO B PD 3","t":"pdw","c":"Kakamega"}},{"type":"Feature","geometry":{"type":"Point","coordinates":[34.570662,0.313902]},"properties":{"id":"523342252","n":"Shianda A US 20","t":"us","c":"Kakamega"}},{"type":"Feature","geometry":{"type":"Point","coordinates":[34.572557,0.32257]},"properties":{"id":"523257158","n":"Shianda PD 8","t":"pdw","c":"Kakamega"}},{"type":"Feature","geometry":{"type":"Point","coordinates":[34.508008,0.295436]},"properties":{"id":"523196121","n":"Khwiondwe B PS 2","t":"ps","c":"Kakamega"}},{"type":"Feature","geometry":{"type":"Point","coordinates":[34.548403,0.315899]},"properties":{"id":"523347264","n":"Mwiyala PD 2","t":"pdw","c":"Kakamega"}},{"type":"Feature","geometry":{"type":"Point","coordinates":[34.532735,0.301298]},"properties":{"id":"523254760","n":"Liyala PD6","t":"pdw","c":"Kakamega"}},{"type":"Feature","geometry":{"type":"Point","coordinates":[34.537083,0.278664]},"properties":{"id":"523250137","n":"Inaya PD 2","t":"pdw","c":"Kakamega"}},{"type":"Feature","geometry":{"type":"Point","coordinates":[34.52569,0.316479]},"properties":{"id":"523197720","n":"EMALISHIRA PS 14","t":"ps","c":"Kakamega"}},{"type":"Feature","geometry":{"type":"Point","coordinates":[34.568022,0.320569]},"properties":{"id":"523310675","n":"MWIMANYE PD 38","t":"pdw","c":"Kakamega"}},{"type":"Feature","geometry":{"type":"Point","coordinates":[34.56534,0.302695]},"properties":{"id":"523271118","n":"Mushikulu B US 8","t":"us","c":"Kakamega"}},{"type":"Feature","geometry":{"type":"Point","coordinates":[34.56791,0.293504]},"properties":{"id":"523195106","n":"Emalingana PD 11","t":"pdw","c":"Kakamega"}},{"type":"Feature","geometry":{"type":"Point","coordinates":[34.558429,0.303979]},"properties":{"id":"523273921","n":"Mushikulu A PD 2","t":"pdw","c":"Kakamega"}},{"type":"Feature","geometry":{"type":"Point","coordinates":[34.517523,0.301163]},"properties":{"id":"523263498","n":"EBUBOLE A PD 4","t":"pdw","c":"Kakamega"}},{"type":"Feature","geometry":{"type":"Point","coordinates":[34.504844,0.324119]},"properties":{"id":"523294799","n":"EKERO A PD 2","t":"pdw","c":"Kakamega"}},{"type":"Feature","geometry":{"type":"Point","coordinates":[34.553945,0.328578]},"properties":{"id":"523345839","n":"Enyera PS","t":"ps","c":"Kakamega"}},{"type":"Feature","geometry":{"type":"Point","coordinates":[34.550037,0.317576]},"properties":{"id":"523325213","n":"Mwiyala US 1","t":"us","c":"Kakamega"}},{"type":"Feature","geometry":{"type":"Point","coordinates":[34.551356,0.300081]},"properties":{"id":"523344742","n":"Shibinga PD 10","t":"pdw","c":"Kakamega"}},{"type":"Feature","geometry":{"type":"Point","coordinates":[34.569962,0.293921]},"properties":{"id":"523292735","n":"Emalingana PD 16","t":"pdw","c":"Kakamega"}},{"type":"Feature","geometry":{"type":"Point","coordinates":[34.581275,0.300865]},"properties":{"id":"523231512","n":"Shitoto A PD 13","t":"pdw","c":"Kakamega"}},{"type":"Feature","geometry":{"type":"Point","coordinates":[34.548102,0.286478]},"properties":{"id":"523303602","n":"Mufisi PD 1","t":"pdw","c":"Kakamega"}},{"type":"Feature","geometry":{"type":"Point","coordinates":[34.533398,0.327687]},"properties":{"id":"523220095","n":"Khulwanda PD2","t":"pdw","c":"Kakamega"}},{"type":"Feature","geometry":{"type":"Point","coordinates":[34.492659,0.312991]},"properties":{"id":"523217466","n":"IKOSHE PD 4","t":"pdw","c":"Kakamega"}},{"type":"Feature","geometry":{"type":"Point","coordinates":[34.562262,0.309058]},"properties":{"id":"523322540","n":"Lubinu PD 9","t":"pdw","c":"Kakamega"}},{"type":"Feature","geometry":{"type":"Point","coordinates":[34.526084,0.286116]},"properties":{"id":"523267746","n":"Indangalasia PS 2","t":"ps","c":"Kakamega"}},{"type":"Feature","geometry":{"type":"Point","coordinates":[34.533878,0.331627]},"properties":{"id":"523194394","n":"Khulwanda PD6","t":"pdw","c":"Kakamega"}},{"type":"Feature","geometry":{"type":"Point","coordinates":[34.56868,0.301872]},"properties":{"id":"523294696","n":"Mushirongo PS 3","t":"ps","c":"Kakamega"}},{"type":"Feature","geometry":{"type":"Point","coordinates":[34.523556,0.305466]},"properties":{"id":"523248592","n":"Emuberi south PD 3","t":"pdw","c":"Kakamega"}},{"type":"Feature","geometry":{"type":"Point","coordinates":[34.519713,0.303317]},"properties":{"id":"523194765","n":"ENYANGERA NORTH US 1","t":"us","c":"Kakamega"}},{"type":"Feature","geometry":{"type":"Point","coordinates":[34.532565,0.322028]},"properties":{"id":"523272078","n":"MWITOTI A PS 10","t":"ps","c":"Kakamega"}},{"type":"Feature","geometry":{"type":"Point","coordinates":[34.5372,0.291269]},"properties":{"id":"523299299","n":"INDOLI PD 1","t":"pdw","c":"Kakamega"}},{"type":"Feature","geometry":{"type":"Point","coordinates":[34.52155,0.317147]},"properties":{"id":"523274331","n":"ENYAMOSO PD 6","t":"pdw","c":"Kakamega"}},{"type":"Feature","geometry":{"type":"Point","coordinates":[34.497027,0.295063]},"properties":{"id":"523263089","n":"Eshikufu US 8","t":"us","c":"Kakamega"}},{"type":"Feature","geometry":{"type":"Point","coordinates":[34.560821,0.29608]},"properties":{"id":"523238296","n":"Emulakha PD 12","t":"pdw","c":"Kakamega"}},{"type":"Feature","geometry":{"type":"Point","coordinates":[34.541218,0.314364]},"properties":{"id":"523258221","n":"Shanderema PS 1","t":"ps","c":"Kakamega"}},{"type":"Feature","geometry":{"type":"Point","coordinates":[34.563004,0.305661]},"properties":{"id":"523318769","n":"Lubinu PD 4","t":"pdw","c":"Kakamega"}},{"type":"Feature","geometry":{"type":"Point","coordinates":[34.535955,0.311534]},"properties":{"id":"523227377","n":"Mulufu PD 7","t":"pdw","c":"Kakamega"}},{"type":"Feature","geometry":{"type":"Point","coordinates":[34.569938,0.31675]},"properties":{"id":"523205209","n":"Mwisasia PD 30","t":"pdw","c":"Kakamega"}},{"type":"Feature","geometry":{"type":"Point","coordinates":[34.551926,0.284682]},"properties":{"id":"523345358","n":"Eshiambale PD 8","t":"pdw","c":"Kakamega"}},{"type":"Feature","geometry":{"type":"Point","coordinates":[34.524915,0.322421]},"properties":{"id":"523250216","n":"BUTUNYI PD 11","t":"pdw","c":"Kakamega"}},{"type":"Feature","geometry":{"type":"Point","coordinates":[34.501372,0.300987]},"properties":{"id":"523209856","n":"EMAHANGA A PD 1","t":"pdw","c":"Kakamega"}},{"type":"Feature","geometry":{"type":"Point","coordinates":[34.512302,0.287162]},"properties":{"id":"523277358","n":"Ebulembo PS 4","t":"ps","c":"Kakamega"}},{"type":"Feature","geometry":{"type":"Point","coordinates":[34.554936,0.289445]},"properties":{"id":"523263199","n":"Shibinga A PD 8","t":"pdw","c":"Kakamega"}},{"type":"Feature","geometry":{"type":"Point","coordinates":[34.496927,0.293422]},"properties":{"id":"523315175","n":"Eshikufu PD 6","t":"pdw","c":"Kakamega"}},{"type":"Feature","geometry":{"type":"Point","coordinates":[34.550963,0.284162]},"properties":{"id":"523272164","n":"Eshiambale PD 2","t":"pdw","c":"Kakamega"}},{"type":"Feature","geometry":{"type":"Point","coordinates":[34.569322,0.305993]},"properties":{"id":"278902868","n":"Khunyiri Community, Edward Spring - 21313","t":"ps","c":"Kakamega"}},{"type":"Feature","geometry":{"type":"Point","coordinates":[34.520646,0.297044]},"properties":{"id":"523225399","n":"ENYANGERA SOUTH PD 11","t":"pdw","c":"Kakamega"}},{"type":"Feature","geometry":{"type":"Point","coordinates":[34.568173,0.300273]},"properties":{"id":"523319832","n":"Mushirongo PS 1","t":"ps","c":"Kakamega"}},{"type":"Feature","geometry":{"type":"Point","coordinates":[34.537806,0.32159]},"properties":{"id":"523291703","n":"KHABUNENE PD2","t":"pdw","c":"Kakamega"}},{"type":"Feature","geometry":{"type":"Point","coordinates":[34.572216,0.32125]},"properties":{"id":"290455317","n":"Rise and Shine Special School for the Physically Handicapped - 21363","t":"bh","c":"Kakamega","d":80.0}},{"type":"Feature","geometry":{"type":"Point","coordinates":[34.513647,0.320301]},"properties":{"id":"523192471","n":"MWIKALI PD 4","t":"pdw","c":"Kakamega"}},{"type":"Feature","geometry":{"type":"Point","coordinates":[34.571316,0.32077]},"properties":{"id":"523341811","n":"Shianda PD 24","t":"pdw","c":"Kakamega"}},{"type":"Feature","geometry":{"type":"Point","coordinates":[34.546743,0.331907]},"properties":{"id":"523270818","n":"Mulimani PD13","t":"pdw","c":"Kakamega"}},{"type":"Feature","geometry":{"type":"Point","coordinates":[34.492225,0.313096]},"properties":{"id":"523341110","n":"IKOSHE PD 3","t":"pdw","c":"Kakamega"}},{"type":"Feature","geometry":{"type":"Point","coordinates":[34.487242,0.299502]},"properties":{"id":"523319557","n":"Elubonga A PS 6","t":"ps","c":"Kakamega"}},{"type":"Feature","geometry":{"type":"Point","coordinates":[34.49738,0.30574]},"properties":{"id":"523196073","n":"EBWALIRO A PS 9","t":"ps","c":"Kakamega"}},{"type":"Feature","geometry":{"type":"Point","coordinates":[34.55041,0.292277]},"properties":{"id":"523194693","n":"Shibinga B PD 3","t":"pdw","c":"Kakamega"}},{"type":"Feature","geometry":{"type":"Point","coordinates":[34.500775,0.318696]},"properties":{"id":"523220363","n":"EBUJWANG'A A PD 13","t":"pdw","c":"Kakamega"}},{"type":"Feature","geometry":{"type":"Point","coordinates":[34.531093,0.304399]},"properties":{"id":"523213723","n":"Emuberi north PD 1","t":"pdw","c":"Kakamega"}},{"type":"Feature","geometry":{"type":"Point","coordinates":[34.503321,0.312367]},"properties":{"id":"523349156","n":"IKOSHE PD 36","t":"pdw","c":"Kakamega"}},{"type":"Feature","geometry":{"type":"Point","coordinates":[34.504178,0.315067]},"properties":{"id":"523335739","n":"ESHIKWENYI PD 6","t":"pdw","c":"Kakamega"}},{"type":"Feature","geometry":{"type":"Point","coordinates":[34.558564,0.320797]},"properties":{"id":"523352826","n":"Khulwanda PD 19","t":"pdw","c":"Kakamega"}},{"type":"Feature","geometry":{"type":"Point","coordinates":[34.548415,0.302516]},"properties":{"id":"523340872","n":"Mwikunda PS 1","t":"ps","c":"Kakamega"}},{"type":"Feature","geometry":{"type":"Point","coordinates":[34.54747,0.327673]},"properties":{"id":"523279628","n":"Emusoma BH1","t":"bh","c":"Kakamega"}},{"type":"Feature","geometry":{"type":"Point","coordinates":[34.545344,0.30873]},"properties":{"id":"523266192","n":"Eshitoyi PS 2","t":"ps","c":"Kakamega"}},{"type":"Feature","geometry":{"type":"Point","coordinates":[34.513223,0.286316]},"properties":{"id":"523341282","n":"Ebulembo PD 3","t":"pdw","c":"Kakamega"}},{"type":"Feature","geometry":{"type":"Point","coordinates":[34.515546,0.309441]},"properties":{"id":"523304469","n":"EMWAKU PD 11","t":"pdw","c":"Kakamega"}},{"type":"Feature","geometry":{"type":"Point","coordinates":[34.505708,0.301161]},"properties":{"id":"523317665","n":"EBUYONI PS 8","t":"ps","c":"Kakamega"}},{"type":"Feature","geometry":{"type":"Point","coordinates":[34.547365,0.288303]},"properties":{"id":"523210328","n":"Shibinga B PS 3","t":"ps","c":"Kakamega"}},{"type":"Feature","geometry":{"type":"Point","coordinates":[34.573948,0.304662]},"properties":{"id":"523323723","n":"Mushirongo PD 9","t":"pdw","c":"Kakamega"}},{"type":"Feature","geometry":{"type":"Point","coordinates":[34.502896,0.313537]},"properties":{"id":"523279697","n":"IKOSHE UD 33","t":"udw","c":"Kakamega"}},{"type":"Feature","geometry":{"type":"Point","coordinates":[34.518035,0.282471]},"properties":{"id":"523217253","n":"Mukhome PD 8","t":"pdw","c":"Kakamega"}},{"type":"Feature","geometry":{"type":"Point","coordinates":[34.525082,0.323993]},"properties":{"id":"523351090","n":"BUTUNYI PD 15","t":"pdw","c":"Kakamega"}},{"type":"Feature","geometry":{"type":"Point","coordinates":[34.550964,0.320548]},"properties":{"id":"523347879","n":"EBUCHIMBE PS 5","t":"ps","c":"Kakamega"}},{"type":"Feature","geometry":{"type":"Point","coordinates":[34.52231,0.328703]},"properties":{"id":"523282635","n":"Shifuyo A PD13","t":"pdw","c":"Kakamega"}},{"type":"Feature","geometry":{"type":"Point","coordinates":[34.558603,0.299163]},"properties":{"id":"523322760","n":"Mushikulu A PS 11","t":"ps","c":"Kakamega"}},{"type":"Feature","geometry":{"type":"Point","coordinates":[34.50887,0.299664]},"properties":{"id":"523314088","n":"EMWANDA PD 3","t":"pdw","c":"Kakamega"}},{"type":"Feature","geometry":{"type":"Point","coordinates":[34.556488,0.290739]},"properties":{"id":"523317847","n":"Shibinga A PD 15","t":"pdw","c":"Kakamega"}},{"type":"Feature","geometry":{"type":"Point","coordinates":[34.56684,0.292316]},"properties":{"id":"523222664","n":"Emalingana PD 7","t":"pdw","c":"Kakamega"}},{"type":"Feature","geometry":{"type":"Point","coordinates":[34.554656,0.280043]},"properties":{"id":"523297981","n":"Eshiambale PD 7","t":"pdw","c":"Kakamega"}},{"type":"Feature","geometry":{"type":"Point","coordinates":[34.565553,0.319757]},"properties":{"id":"523351492","n":"MWIMANYE PD 15","t":"pdw","c":"Kakamega"}},{"type":"Feature","geometry":{"type":"Point","coordinates":[34.502921,0.315155]},"properties":{"id":"523246143","n":"IKOSHE PD 29","t":"pdw","c":"Kakamega"}},{"type":"Feature","geometry":{"type":"Point","coordinates":[34.567752,0.301287]},"properties":{"id":"523343600","n":"Mushirongo PD 2","t":"pdw","c":"Kakamega"}},{"type":"Feature","geometry":{"type":"Point","coordinates":[34.491998,0.30084]},"properties":{"id":"523247670","n":"EBWALIRO A PS 1","t":"ps","c":"Kakamega"}},{"type":"Feature","geometry":{"type":"Point","coordinates":[34.550877,0.28355]},"properties":{"id":"523210809","n":"Eshiambale PD 3","t":"pdw","c":"Kakamega"}},{"type":"Feature","geometry":{"type":"Point","coordinates":[34.524277,0.278764]},"properties":{"id":"523273842","n":"Indangalasia A PS 3","t":"ps","c":"Kakamega"}},{"type":"Feature","geometry":{"type":"Point","coordinates":[34.504427,0.323778]},"properties":{"id":"523306090","n":"EKERO A PD 4","t":"pdw","c":"Kakamega"}},{"type":"Feature","geometry":{"type":"Point","coordinates":[34.502526,0.315145]},"properties":{"id":"523230360","n":"IKOSHE PD 30","t":"bh","c":"Kakamega"}},{"type":"Feature","geometry":{"type":"Point","coordinates":[34.54814,0.309972]},"properties":{"id":"523345767","n":"Wetsetse PD9","t":"pdw","c":"Kakamega"}},{"type":"Feature","geometry":{"type":"Point","coordinates":[34.501282,0.303038]},"properties":{"id":"523252201","n":"EMAHANGA A PD 14","t":"pdw","c":"Kakamega"}},{"type":"Feature","geometry":{"type":"Point","coordinates":[34.580587,0.297577]},"properties":{"id":"523256566","n":"Shitoto B PD 20","t":"pdw","c":"Kakamega"}},{"type":"Feature","geometry":{"type":"Point","coordinates":[34.523357,0.320192]},"properties":{"id":"523351416","n":"EMALISHIRA PD 8","t":"pdw","c":"Kakamega"}},{"type":"Feature","geometry":{"type":"Point","coordinates":[34.532345,0.321005]},"properties":{"id":"523212447","n":"MWITOTI A US 12","t":"us","c":"Kakamega"}},{"type":"Feature","geometry":{"type":"Point","coordinates":[34.507135,0.314362]},"properties":{"id":"523291325","n":"MWIKALI PD 17","t":"pdw","c":"Kakamega"}},{"type":"Feature","geometry":{"type":"Point","coordinates":[34.567235,0.320839]},"properties":{"id":"523236586","n":"MWIMANYE PD 31","t":"pdw","c":"Kakamega"}},{"type":"Feature","geometry":{"type":"Point","coordinates":[34.504948,0.312067]},"properties":{"id":"523216128","n":"ESHIKWENYI PD 16","t":"pdw","c":"Kakamega"}},{"type":"Feature","geometry":{"type":"Point","coordinates":[34.556993,0.316888]},"properties":{"id":"523278892","n":"Musoma PD 20","t":"pdw","c":"Kakamega"}},{"type":"Feature","geometry":{"type":"Point","coordinates":[34.517117,0.319794]},"properties":{"id":"523241320","n":"ESHIKOMOLO PD 10","t":"pdw","c":"Kakamega"}},{"type":"Feature","geometry":{"type":"Point","coordinates":[34.555606,0.320625]},"properties":{"id":"523251657","n":"EBUCHIMBE PS 18","t":"ps","c":"Kakamega"}},{"type":"Feature","geometry":{"type":"Point","coordinates":[34.506096,0.309781]},"properties":{"id":"523261805","n":"EMASINDE PD 14","t":"pdw","c":"Kakamega"}},{"type":"Feature","geometry":{"type":"Point","coordinates":[34.540622,0.324237]},"properties":{"id":"523241722","n":"KISUMU NDOGO PS 5","t":"ps","c":"Kakamega"}},{"type":"Feature","geometry":{"type":"Point","coordinates":[34.539428,0.330792]},"properties":{"id":"523231969","n":"Eshikumulo PD3","t":"pdw","c":"Kakamega"}},{"type":"Feature","geometry":{"type":"Point","coordinates":[34.571795,0.296397]},"properties":{"id":"523206200","n":"Emalingana PD 24","t":"pdw","c":"Kakamega"}},{"type":"Feature","geometry":{"type":"Point","coordinates":[34.507827,0.304952]},"properties":{"id":"523351722","n":"EMASINDE PD 7","t":"pdw","c":"Kakamega"}},{"type":"Feature","geometry":{"type":"Point","coordinates":[34.524432,0.30581]},"properties":{"id":"523315979","n":"Emuberi south PD 2","t":"pdw","c":"Kakamega"}},{"type":"Feature","geometry":{"type":"Point","coordinates":[34.551847,0.290491]},"properties":{"id":"523258049","n":"Shibinga A PD 6","t":"pdw","c":"Kakamega"}},{"type":"Feature","geometry":{"type":"Point","coordinates":[34.514292,0.313492]},"properties":{"id":"523254571","n":"EMATSANZA PD 7","t":"pdw","c":"Kakamega"}},{"type":"Feature","geometry":{"type":"Point","coordinates":[34.536346,0.302396]},"properties":{"id":"523212193","n":"Lusheya west PD 4","t":"pdw","c":"Kakamega"}},{"type":"Feature","geometry":{"type":"Point","coordinates":[34.503159,0.314297]},"properties":{"id":"523322382","n":"IKOSHE PD 34","t":"pdw","c":"Kakamega"}},{"type":"Feature","geometry":{"type":"Point","coordinates":[34.554238,0.294173]},"properties":{"id":"523294885","n":"Emulakha PD 4","t":"pdw","c":"Kakamega"}},{"type":"Feature","geometry":{"type":"Point","coordinates":[34.492268,0.29837]},"properties":{"id":"523273206","n":"Elubonga B PD 6","t":"pdw","c":"Kakamega"}},{"type":"Feature","geometry":{"type":"Point","coordinates":[34.535073,0.299859]},"properties":{"id":"523312127","n":"Buyofu PD 2","t":"pdw","c":"Kakamega"}},{"type":"Feature","geometry":{"type":"Point","coordinates":[34.508188,0.316285]},"properties":{"id":"523321336","n":"MWIKALI PD 12","t":"pdw","c":"Kakamega"}},{"type":"Feature","geometry":{"type":"Point","coordinates":[34.521321,0.303364]},"properties":{"id":"523266305","n":"ENYANGERA NORTH PD 3","t":"pdw","c":"Kakamega"}},{"type":"Feature","geometry":{"type":"Point","coordinates":[34.569681,0.289488]},"properties":{"id":"523249366","n":"Emusaka PS 16","t":"ps","c":"Kakamega"}},{"type":"Feature","geometry":{"type":"Point","coordinates":[34.529776,0.322997]},"properties":{"id":"523280516","n":"MWITOTI B PD 5","t":"pdw","c":"Kakamega"}},{"type":"Feature","geometry":{"type":"Point","coordinates":[34.511932,0.31046]},"properties":{"id":"523239503","n":"EMATSANZA US 9","t":"us","c":"Kakamega"}},{"type":"Feature","geometry":{"type":"Point","coordinates":[34.522471,0.317178]},"properties":{"id":"523231213","n":"ENYAMOSO PD 11","t":"pdw","c":"Kakamega"}},{"type":"Feature","geometry":{"type":"Point","coordinates":[34.535872,0.324146]},"properties":{"id":"523258355","n":"EMAKOMBE PS 2","t":"ps","c":"Kakamega"}},{"type":"Feature","geometry":{"type":"Point","coordinates":[34.507248,0.292428]},"properties":{"id":"523339410","n":"Kamashia B BH 2","t":"bh","c":"Kakamega"}},{"type":"Feature","geometry":{"type":"Point","coordinates":[34.506943,0.293757]},"properties":{"id":"523226864","n":"Khwiondwe PD 12","t":"pdw","c":"Kakamega"}},{"type":"Feature","geometry":{"type":"Point","coordinates":[34.566831,0.320026]},"properties":{"id":"523351519","n":"MWIMANYE PD 34","t":"pdw","c":"Kakamega"}},{"type":"Feature","geometry":{"type":"Point","coordinates":[34.550049,0.313276]},"properties":{"id":"523280475","n":"Khwihondwe PD 8","t":"pdw","c":"Kakamega"}},{"type":"Feature","geometry":{"type":"Point","coordinates":[34.544348,0.322255]},"properties":{"id":"523248815","n":"KISUMU NDOGO PD 12","t":"pdw","c":"Kakamega"}},{"type":"Feature","geometry":{"type":"Point","coordinates":[34.50033,0.313291]},"properties":{"id":"523205199","n":"IKOSHE PD 22","t":"pdw","c":"Kakamega"}},{"type":"Feature","geometry":{"type":"Point","coordinates":[34.501347,0.310355]},"properties":{"id":"523204521","n":"EBWALIRO A PD 16","t":"pdw","c":"Kakamega"}},{"type":"Feature","geometry":{"type":"Point","coordinates":[34.559114,0.3105]},"properties":{"id":"523348870","n":"Lubinu BH 25","t":"bh","c":"Kakamega"}},{"type":"Feature","geometry":{"type":"Point","coordinates":[34.495149,0.309114]},"properties":{"id":"523271307","n":"ICHINGO PD 12","t":"pdw","c":"Kakamega"}},{"type":"Feature","geometry":{"type":"Point","coordinates":[34.569083,0.313176]},"properties":{"id":"523319045","n":"Mwisasia PD 12","t":"pdw","c":"Kakamega"}},{"type":"Feature","geometry":{"type":"Point","coordinates":[34.55553,0.316432]},"properties":{"id":"523352833","n":"Musoma PD 25","t":"pdw","c":"Kakamega"}},{"type":"Feature","geometry":{"type":"Point","coordinates":[34.502727,0.313656]},"properties":{"id":"523226376","n":"IKOSHE UD 31","t":"udw","c":"Kakamega"}},{"type":"Feature","geometry":{"type":"Point","coordinates":[34.556386,0.317652]},"properties":{"id":"523197737","n":"Musoma PD 26","t":"pdw","c":"Kakamega"}},{"type":"Feature","geometry":{"type":"Point","coordinates":[34.563621,0.304211]},"properties":{"id":"523285078","n":"Lubinu US 3","t":"us","c":"Kakamega"}},{"type":"Feature","geometry":{"type":"Point","coordinates":[34.530115,0.324352]},"properties":{"id":"523194411","n":"MWITOTI A PD 2","t":"pdw","c":"Kakamega"}},{"type":"Feature","geometry":{"type":"Point","coordinates":[34.518905,0.320749]},"properties":{"id":"523209382","n":"ESHIKOMOLO 12","t":"pdw","c":"Kakamega"}},{"type":"Feature","geometry":{"type":"Point","coordinates":[34.494544,0.305464]},"properties":{"id":"523252995","n":"ICHINGO BH 7","t":"bh","c":"Kakamega"}},{"type":"Feature","geometry":{"type":"Point","coordinates":[34.561588,0.310961]},"properties":{"id":"523200015","n":"Lubinu UD 10","t":"udw","c":"Kakamega"}},{"type":"Feature","geometry":{"type":"Point","coordinates":[34.53117,0.311059]},"properties":{"id":"523311614","n":"Mulufu PD 4","t":"pdw","c":"Kakamega"}},{"type":"Feature","geometry":{"type":"Point","coordinates":[34.494835,0.299673]},"properties":{"id":"523215299","n":"EBULINJI PD 19","t":"pdw","c":"Kakamega"}},{"type":"Feature","geometry":{"type":"Point","coordinates":[34.510688,0.301401]},"properties":{"id":"523256432","n":"EMWANDA PS 9","t":"ps","c":"Kakamega"}},{"type":"Feature","geometry":{"type":"Point","coordinates":[34.510412,0.292688]},"properties":{"id":"523275318","n":"Khwiondwe B 7","t":"ps","c":"Kakamega"}},{"type":"Feature","geometry":{"type":"Point","coordinates":[34.504047,0.323636]},"properties":{"id":"523351973","n":"EKERO A PD 3","t":"pdw","c":"Kakamega"}},{"type":"Feature","geometry":{"type":"Point","coordinates":[34.561572,0.315202]},"properties":{"id":"523200888","n":"Khulwanda PD 16","t":"pdw","c":"Kakamega"}},{"type":"Feature","geometry":{"type":"Point","coordinates":[34.541553,0.306018]},"properties":{"id":"523258537","n":"Eshitoyi PD 1","t":"pdw","c":"Kakamega"}},{"type":"Feature","geometry":{"type":"Point","coordinates":[34.506171,0.314629]},"properties":{"id":"523273402","n":"ESHIKWENYI PD 9","t":"pdw","c":"Kakamega"}},{"type":"Feature","geometry":{"type":"Point","coordinates":[34.539231,0.296677]},"properties":{"id":"523346768","n":"Mwichina PD2","t":"pdw","c":"Kakamega"}},{"type":"Feature","geometry":{"type":"Point","coordinates":[34.51448,0.300225]},"properties":{"id":"523305491","n":"EBUBOLE A PD 9","t":"pdw","c":"Kakamega"}},{"type":"Feature","geometry":{"type":"Point","coordinates":[34.509335,0.293003]},"properties":{"id":"523221278","n":"Khwiondwe B PD 3","t":"pdw","c":"Kakamega"}},{"type":"Feature","geometry":{"type":"Point","coordinates":[34.570597,0.319662]},"properties":{"id":"523331027","n":"MWIMANYE PD 48","t":"pdw","c":"Kakamega"}},{"type":"Feature","geometry":{"type":"Point","coordinates":[34.556236,0.318004]},"properties":{"id":"523316860","n":"Musoma PD 27","t":"pdw","c":"Kakamega"}},{"type":"Feature","geometry":{"type":"Point","coordinates":[34.557517,0.298212]},"properties":{"id":"523279305","n":"Mushikulu A PD 10","t":"pdw","c":"Kakamega"}},{"type":"Feature","geometry":{"type":"Point","coordinates":[34.517114,0.278631]},"properties":{"id":"523238344","n":"Ebulembo PS 16","t":"ps","c":"Kakamega"}},{"type":"Feature","geometry":{"type":"Point","coordinates":[34.579811,0.303337]},"properties":{"id":"523200400","n":"Shitoto A PD 14","t":"pdw","c":"Kakamega"}},{"type":"Feature","geometry":{"type":"Point","coordinates":[34.57189,0.316468]},"properties":{"id":"523278672","n":"Shianda A PD 8","t":"pdw","c":"Kakamega"}},{"type":"Feature","geometry":{"type":"Point","coordinates":[34.53169,0.327455]},"properties":{"id":"523344436","n":"Khulwanda PD4","t":"pdw","c":"Kakamega"}},{"type":"Feature","geometry":{"type":"Point","coordinates":[34.51348,0.312583]},"properties":{"id":"523197256","n":"EMATSANZA PS 8","t":"ps","c":"Kakamega"}},{"type":"Feature","geometry":{"type":"Point","coordinates":[34.532525,0.328243]},"properties":{"id":"523223366","n":"Khulwanda PD3","t":"pdw","c":"Kakamega"}},{"type":"Feature","geometry":{"type":"Point","coordinates":[34.56628,0.32118]},"properties":{"id":"523320098","n":"MWIMANYE PD 20","t":"pdw","c":"Kakamega"}},{"type":"Feature","geometry":{"type":"Point","coordinates":[34.576861,0.298614]},"properties":{"id":"523274214","n":"Shitoto A PD 8","t":"pdw","c":"Kakamega"}},{"type":"Feature","geometry":{"type":"Point","coordinates":[34.501406,0.318153]},"properties":{"id":"523271259","n":"EBUJWANG'A A PD 17","t":"pdw","c":"Kakamega"}},{"type":"Feature","geometry":{"type":"Point","coordinates":[34.519583,0.294818]},"properties":{"id":"523195319","n":"ENYANGERA SOUTH PS 7","t":"ps","c":"Kakamega"}},{"type":"Feature","geometry":{"type":"Point","coordinates":[34.506416,0.316268]},"properties":{"id":"523229111","n":"EBUTINGO PD 5","t":"pdw","c":"Kakamega"}},{"type":"Feature","geometry":{"type":"Point","coordinates":[34.564272,0.300683]},"properties":{"id":"523215763","n":"Mushikulu B PD 5","t":"pdw","c":"Kakamega"}},{"type":"Feature","geometry":{"type":"Point","coordinates":[34.555031,0.280617]},"properties":{"id":"523218924","n":"Elwakana B PD 11","t":"pdw","c":"Kakamega"}},{"type":"Feature","geometry":{"type":"Point","coordinates":[34.52583,0.322423]},"properties":{"id":"523310682","n":"Butunyi PD 9","t":"pdw","c":"Kakamega"}},{"type":"Feature","geometry":{"type":"Point","coordinates":[34.55104,0.304545]},"properties":{"id":"523315584","n":"Mwikunda PD 4","t":"pdw","c":"Kakamega"}},{"type":"Feature","geometry":{"type":"Point","coordinates":[34.56563,0.292912]},"properties":{"id":"523313805","n":"Emalingana PD 5","t":"pdw","c":"Kakamega"}},{"type":"Feature","geometry":{"type":"Point","coordinates":[34.584897,0.303984]},"properties":{"id":"523228907","n":"Mungakha PS","t":"ps","c":"Kakamega"}},{"type":"Feature","geometry":{"type":"Point","coordinates":[34.52222,0.305511]},"properties":{"id":"523335708","n":"Emuberi south PD 3","t":"pdw","c":"Kakamega"}},{"type":"Feature","geometry":{"type":"Point","coordinates":[34.50484,0.322401]},"properties":{"id":"523305862","n":"EKERO B PD 21","t":"pdw","c":"Kakamega"}},{"type":"Feature","geometry":{"type":"Point","coordinates":[34.505082,0.311391]},"properties":{"id":"523298690","n":"ESHIKWENYI PD 17","t":"pdw","c":"Kakamega"}},{"type":"Feature","geometry":{"type":"Point","coordinates":[34.496052,0.308961]},"properties":{"id":"523352156","n":"EBWALIRO A PD 10","t":"pdw","c":"Kakamega"}},{"type":"Feature","geometry":{"type":"Point","coordinates":[34.540731,0.290553]},"properties":{"id":"523270409","n":"Indoli PD 5","t":"pdw","c":"Kakamega"}},{"type":"Feature","geometry":{"type":"Point","coordinates":[34.559366,0.305264]},"properties":{"id":"523245630","n":"Lubinu PD 16","t":"pdw","c":"Kakamega"}},{"type":"Feature","geometry":{"type":"Point","coordinates":[34.524752,0.326617]},"properties":{"id":"523344917","n":"Eshifuyo B PD9","t":"pdw","c":"Kakamega"}},{"type":"Feature","geometry":{"type":"Point","coordinates":[34.537528,0.31337]},"properties":{"id":"523221168","n":"Mukhuyu PS 1","t":"ps","c":"Kakamega"}},{"type":"Feature","geometry":{"type":"Point","coordinates":[34.507778,0.31615]},"properties":{"id":"523275710","n":"EBUTINGO PD 4","t":"pdw","c":"Kakamega"}},{"type":"Feature","geometry":{"type":"Point","coordinates":[34.508747,0.292487]},"properties":{"id":"523340047","n":"Kamashia A PD 1","t":"udw","c":"Kakamega"}},{"type":"Feature","geometry":{"type":"Point","coordinates":[34.524587,0.327513]},"properties":{"id":"523253037","n":"Eshifuyo B PD6","t":"pdw","c":"Kakamega"}},{"type":"Feature","geometry":{"type":"Point","coordinates":[34.548224,0.295079]},"properties":{"id":"523306052","n":"Shibinga PD14","t":"pdw","c":"Kakamega"}},{"type":"Feature","geometry":{"type":"Point","coordinates":[34.521164,0.310228]},"properties":{"id":"523227841","n":"MULUSIOLO US 1","t":"us","c":"Kakamega"}},{"type":"Feature","geometry":{"type":"Point","coordinates":[34.522387,0.297602]},"properties":{"id":"523244419","n":"ENYANGERA CENTRAL PD 5","t":"pdw","c":"Kakamega"}},{"type":"Feature","geometry":{"type":"Point","coordinates":[34.504678,0.306387]},"properties":{"id":"523351698","n":"EMAHANGA B PD 1","t":"pdw","c":"Kakamega"}},{"type":"Feature","geometry":{"type":"Point","coordinates":[34.552163,0.292805]},"properties":{"id":"523195797","n":"Shibinga A PD 1","t":"pdw","c":"Kakamega"}},{"type":"Feature","geometry":{"type":"Point","coordinates":[34.503784,0.310646]},"properties":{"id":"523218230","n":"ESHIKWENYI PD 26","t":"pdw","c":"Kakamega"}},{"type":"Feature","geometry":{"type":"Point","coordinates":[34.54638,0.291293]},"properties":{"id":"523210593","n":"ShibingaPD1","t":"pdw","c":"Kakamega"}},{"type":"Feature","geometry":{"type":"Point","coordinates":[34.504092,0.32313]},"properties":{"id":"523304902","n":"EKERO A PD 6","t":"pdw","c":"Kakamega"}},{"type":"Feature","geometry":{"type":"Point","coordinates":[34.523854,0.303573]},"properties":{"id":"523223483","n":"Emuberi south PS 1","t":"ps","c":"Kakamega"}},{"type":"Feature","geometry":{"type":"Point","coordinates":[34.53581,0.31201]},"properties":{"id":"523298968","n":"Mulufu PD 8","t":"pdw","c":"Kakamega"}},{"type":"Feature","geometry":{"type":"Point","coordinates":[34.556997,0.295611]},"properties":{"id":"523199069","n":"Emulakha PD 17","t":"pdw","c":"Kakamega"}},{"type":"Feature","geometry":{"type":"Point","coordinates":[34.546328,0.328142]},"properties":{"id":"523340858","n":"Emusoma PD","t":"pdw","c":"Kakamega"}},{"type":"Feature","geometry":{"type":"Point","coordinates":[34.516645,0.314183]},"properties":{"id":"523332169","n":"EMATSANZA PD 1","t":"pdw","c":"Kakamega"}},{"type":"Feature","geometry":{"type":"Point","coordinates":[34.495946,0.301642]},"properties":{"id":"523196231","n":"EBULINJI BH 17","t":"bh","c":"Kakamega"}},{"type":"Feature","geometry":{"type":"Point","coordinates":[34.538861,0.303592]},"properties":{"id":"523274018","n":"Lusheya east 5","t":"pdw","c":"Kakamega"}},{"type":"Feature","geometry":{"type":"Point","coordinates":[34.507516,0.317864]},"properties":{"id":"523293877","n":"EBUTINGO PD 11","t":"pdw","c":"Kakamega"}},{"type":"Feature","geometry":{"type":"Point","coordinates":[34.557462,0.314932]},"properties":{"id":"523320823","n":"Musoma PD 14","t":"pdw","c":"Kakamega"}},{"type":"Feature","geometry":{"type":"Point","coordinates":[34.567525,0.32116]},"properties":{"id":"523349101","n":"MWIMANYE PD 37","t":"pdw","c":"Kakamega"}},{"type":"Feature","geometry":{"type":"Point","coordinates":[34.572453,0.289943]},"properties":{"id":"84829447","n":"Emusaka Community, Muluinga Spring - 20020","t":"ps","c":"Kakamega"}},{"type":"Feature","geometry":{"type":"Point","coordinates":[34.516461,0.313418]},"properties":{"id":"523215017","n":"EMATSANZA PD 13","t":"pdw","c":"Kakamega"}},{"type":"Feature","geometry":{"type":"Point","coordinates":[34.504181,0.321648]},"properties":{"id":"523352008","n":"EKERO A PD 11","t":"pdw","c":"Kakamega"}},{"type":"Feature","geometry":{"type":"Point","coordinates":[34.569623,0.312549]},"properties":{"id":"523255211","n":"Mwisasia PD 13","t":"pdw","c":"Kakamega"}},{"type":"Feature","geometry":{"type":"Point","coordinates":[34.520866,0.314835]},"properties":{"id":"523244677","n":"EMALISHIRA PD 29","t":"pdw","c":"Kakamega"}},{"type":"Feature","geometry":{"type":"Point","coordinates":[34.499523,0.300047]},"properties":{"id":"523351667","n":"EMAHANGA A PD 6","t":"pdw","c":"Kakamega"}},{"type":"Feature","geometry":{"type":"Point","coordinates":[34.55497,0.322832]},"properties":{"id":"523284424","n":"EBUCHIMBE PD 10","t":"pdw","c":"Kakamega"}},{"type":"Feature","geometry":{"type":"Point","coordinates":[34.565781,0.291949]},"properties":{"id":"523233222","n":"Emalingana PD 1","t":"pdw","c":"Kakamega"}},{"type":"Feature","geometry":{"type":"Point","coordinates":[34.5132,0.307414]},"properties":{"id":"523331814","n":"EMWAKU PD 8","t":"pdw","c":"Kakamega"}},{"type":"Feature","geometry":{"type":"Point","coordinates":[34.495991,0.306667]},"properties":{"id":"523196200","n":"EBWALIRO A PD 5","t":"pdw","c":"Kakamega"}},{"type":"Feature","geometry":{"type":"Point","coordinates":[34.516059,0.281784]},"properties":{"id":"523347350","n":"Ebulembo BH 17","t":"bh","c":"Kakamega"}},{"type":"Feature","geometry":{"type":"Point","coordinates":[34.550495,0.29452]},"properties":{"id":"523310077","n":"Shibinga PD 14","t":"pdw","c":"Kakamega"}},{"type":"Feature","geometry":{"type":"Point","coordinates":[34.540723,0.331467]},"properties":{"id":"523277059","n":"Eshikumulo PD4","t":"pdw","c":"Kakamega"}},{"type":"Feature","geometry":{"type":"Point","coordinates":[34.554123,0.324723]},"properties":{"id":"523311951","n":"Enyera BH","t":"bh","c":"Kakamega"}},{"type":"Feature","geometry":{"type":"Point","coordinates":[34.504252,0.321287]},"properties":{"id":"523341079","n":"EKERO A PD 12","t":"pdw","c":"Kakamega"}},{"type":"Feature","geometry":{"type":"Point","coordinates":[34.563312,0.318366]},"properties":{"id":"661122488","n":"Khwiyondwe Community, Keya Spring - 23313","t":"ps","c":"Kakamega"}},{"type":"Feature","geometry":{"type":"Point","coordinates":[34.551241,0.322192]},"properties":{"id":"523287867","n":"EBUCHIMBE PD 6","t":"pdw","c":"Kakamega"}},{"type":"Feature","geometry":{"type":"Point","coordinates":[34.517272,0.306787]},"properties":{"id":"523338828","n":"MULUSIOLO PS 9","t":"ps","c":"Kakamega"}},{"type":"Feature","geometry":{"type":"Point","coordinates":[34.495365,0.308961]},"properties":{"id":"523351801","n":"ICHINGO PD 11","t":"pdw","c":"Kakamega"}},{"type":"Feature","geometry":{"type":"Point","coordinates":[34.533617,0.280529]},"properties":{"id":"523221931","n":"Inaya PD 3","t":"pdw","c":"Kakamega"}},{"type":"Feature","geometry":{"type":"Point","coordinates":[34.571352,0.309642]},"properties":{"id":"523222815","n":"Khunyiri PD 12","t":"pdw","c":"Kakamega"}},{"type":"Feature","geometry":{"type":"Point","coordinates":[34.539716,0.297069]},"properties":{"id":"523282264","n":"Mwichina PD 3","t":"pdw","c":"Kakamega"}},{"type":"Feature","geometry":{"type":"Point","coordinates":[34.509893,0.311596]},"properties":{"id":"523258843","n":"MWIKALI PD 20","t":"pdw","c":"Kakamega"}},{"type":"Feature","geometry":{"type":"Point","coordinates":[34.559301,0.299484]},"properties":{"id":"523290025","n":"Mushikulu A PD 13","t":"pdw","c":"Kakamega"}},{"type":"Feature","geometry":{"type":"Point","coordinates":[34.569204,0.320714]},"properties":{"id":"523279972","n":"MWIMANYE PD 41","t":"pdw","c":"Kakamega"}},{"type":"Feature","geometry":{"type":"Point","coordinates":[34.543785,0.276193]},"properties":{"id":"523196451","n":"Emaira PD 12","t":"pdw","c":"Kakamega"}},{"type":"Feature","geometry":{"type":"Point","coordinates":[34.522403,0.325437]},"properties":{"id":"523235891","n":"Shifuyo A PD4","t":"pdw","c":"Kakamega"}},{"type":"Feature","geometry":{"type":"Point","coordinates":[34.535599,0.326646]},"properties":{"id":"523233480","n":"KHABUNENE PD 5","t":"pdw","c":"Kakamega"}},{"type":"Feature","geometry":{"type":"Point","coordinates":[34.574067,0.320777]},"properties":{"id":"523236816","n":"Shianda PD 35","t":"pdw","c":"Kakamega"}},{"type":"Feature","geometry":{"type":"Point","coordinates":[34.519211,0.287494]},"properties":{"id":"523349527","n":"Mukhome PD 4","t":"pdw","c":"Kakamega"}},{"type":"Feature","geometry":{"type":"Point","coordinates":[34.525855,0.318621]},"properties":{"id":"523328096","n":"BUTUNYI PS 4","t":"ps","c":"Kakamega"}},{"type":"Feature","geometry":{"type":"Point","coordinates":[34.528669,0.302738]},"properties":{"id":"523260110","n":"Emuberi north PD 5","t":"pdw","c":"Kakamega"}},{"type":"Feature","geometry":{"type":"Point","coordinates":[34.571038,0.315337]},"properties":{"id":"523298896","n":"Shianda A PD 15","t":"pdw","c":"Kakamega"}},{"type":"Feature","geometry":{"type":"Point","coordinates":[34.570324,0.294881]},"properties":{"id":"523272669","n":"Emalingana PS 17","t":"ps","c":"Kakamega"}},{"type":"Feature","geometry":{"type":"Point","coordinates":[34.555465,0.32297]},"properties":{"id":"523255077","n":"EBUCHIMBE PD 12","t":"pdw","c":"Kakamega"}},{"type":"Feature","geometry":{"type":"Point","coordinates":[34.53311,0.330182]},"properties":{"id":"523303523","n":"Khulwanda PD9","t":"pdw","c":"Kakamega"}},{"type":"Feature","geometry":{"type":"Point","coordinates":[34.578193,0.29878]},"properties":{"id":"523267052","n":"Shitoto A PS 9","t":"ps","c":"Kakamega"}},{"type":"Feature","geometry":{"type":"Point","coordinates":[34.495504,0.307482]},"properties":{"id":"523198408","n":"ICHINGO PD 8","t":"pdw","c":"Kakamega"}},{"type":"Feature","geometry":{"type":"Point","coordinates":[34.545499,0.303673]},"properties":{"id":"523215495","n":"Shinambande PS","t":"ps","c":"Kakamega"}},{"type":"Feature","geometry":{"type":"Point","coordinates":[34.555053,0.316818]},"properties":{"id":"523210696","n":"Musoma PD 24","t":"pdw","c":"Kakamega"}},{"type":"Feature","geometry":{"type":"Point","coordinates":[34.50501,0.322056]},"properties":{"id":"523266082","n":"EKERO B PD 13","t":"pdw","c":"Kakamega"}},{"type":"Feature","geometry":{"type":"Point","coordinates":[34.555865,0.299458]},"properties":{"id":"523223940","n":"Mushikulu A PD 9","t":"pdw","c":"Kakamega"}},{"type":"Feature","geometry":{"type":"Point","coordinates":[34.545878,0.323598]},"properties":{"id":"523248808","n":"KISUMU NDOGO PD 3","t":"udw","c":"Kakamega"}},{"type":"Feature","geometry":{"type":"Point","coordinates":[34.521707,0.299331]},"properties":{"id":"523351612","n":"ENYANGERA CENTRAL PD 8","t":"pdw","c":"Kakamega"}},{"type":"Feature","geometry":{"type":"Point","coordinates":[34.522093,0.319201]},"properties":{"id":"523255871","n":"ENYAMOSO PD 3","t":"pdw","c":"Kakamega"}},{"type":"Feature","geometry":{"type":"Point","coordinates":[34.505449,0.29732]},"properties":{"id":"523276900","n":"EBUYONI PD 11","t":"pdw","c":"Kakamega"}},{"type":"Feature","geometry":{"type":"Point","coordinates":[34.507047,0.293262]},"properties":{"id":"523198518","n":"Khwiondwe PD 10","t":"pdw","c":"Kakamega"}},{"type":"Feature","geometry":{"type":"Point","coordinates":[34.527186,0.319741]},"properties":{"id":"523221034","n":"BUTUNYI PD 3","t":"pdw","c":"Kakamega"}},{"type":"Feature","geometry":{"type":"Point","coordinates":[34.51509,0.32283]},"properties":{"id":"3749616","n":"Ebumanyi Community - 4154","t":"bh","c":"Kakamega"}},{"type":"Feature","geometry":{"type":"Point","coordinates":[34.520229,0.319904]},"properties":{"id":"523262552","n":"ESHIKOMOLO PD 9","t":"pdw","c":"Kakamega"}},{"type":"Feature","geometry":{"type":"Point","coordinates":[34.568408,0.317383]},"properties":{"id":"523325196","n":"Mwisasia PD 23","t":"pdw","c":"Kakamega"}},{"type":"Feature","geometry":{"type":"Point","coordinates":[34.524098,0.323951]},"properties":{"id":"523351083","n":"BUTUNYI PD 13","t":"pdw","c":"Kakamega"}},{"type":"Feature","geometry":{"type":"Point","coordinates":[34.580082,0.306785]},"properties":{"id":"523269834","n":"Shilarumwa PD'5","t":"pdw","c":"Kakamega"}},{"type":"Feature","geometry":{"type":"Point","coordinates":[34.553463,0.324785]},"properties":{"id":"523345011","n":"Enyera PD","t":"pdw","c":"Kakamega"}},{"type":"Feature","geometry":{"type":"Point","coordinates":[34.566532,0.313584]},"properties":{"id":"523235499","n":"Mwisasia PD 8","t":"pdw","c":"Kakamega"}},{"type":"Feature","geometry":{"type":"Point","coordinates":[34.568874,0.320046]},"properties":{"id":"523351557","n":"MWIMANYE PD 44","t":"pdw","c":"Kakamega"}},{"type":"Feature","geometry":{"type":"Point","coordinates":[34.563192,0.316487]},"properties":{"id":"523266264","n":"Khulwanda PD 13","t":"pdw","c":"Kakamega"}},{"type":"Feature","geometry":{"type":"Point","coordinates":[34.495241,0.314145]},"properties":{"id":"523321374","n":"IKOSHE PD 12","t":"pdw","c":"Kakamega"}},{"type":"Feature","geometry":{"type":"Point","coordinates":[34.571141,0.296349]},"properties":{"id":"523268417","n":"Emalingana PD 18","t":"pdw","c":"Kakamega"}},{"type":"Feature","geometry":{"type":"Point","coordinates":[34.523136,0.308259]},"properties":{"id":"523291909","n":"MULUSIOLO PS 21","t":"ps","c":"Kakamega"}},{"type":"Feature","geometry":{"type":"Point","coordinates":[34.499951,0.303847]},"properties":{"id":"523206004","n":"EBULINJI PD 1","t":"pdw","c":"Kakamega"}},{"type":"Feature","geometry":{"type":"Point","coordinates":[34.559592,0.322227]},"properties":{"id":"523319681","n":"EBUCHIMBE BH 17","t":"bh","c":"Kakamega"}},{"type":"Feature","geometry":{"type":"Point","coordinates":[34.57061,0.313903]},"properties":{"id":"523256748","n":"Shianda A PS 21","t":"ps","c":"Kakamega"}},{"type":"Feature","geometry":{"type":"Point","coordinates":[34.532862,0.324491]},"properties":{"id":"523226637","n":"MWITOTI A PD 6","t":"pdw","c":"Kakamega"}},{"type":"Feature","geometry":{"type":"Point","coordinates":[34.509208,0.293257]},"properties":{"id":"523221728","n":"Khwiondwe B PD 4","t":"pdw","c":"Kakamega"}},{"type":"Feature","geometry":{"type":"Point","coordinates":[34.541865,0.326985]},"properties":{"id":"523342472","n":"Emusoma UD","t":"udw","c":"Kakamega"}},{"type":"Feature","geometry":{"type":"Point","coordinates":[34.505556,0.321695]},"properties":{"id":"523252335","n":"EKERO B PD 11","t":"pdw","c":"Kakamega"}},{"type":"Feature","geometry":{"type":"Point","coordinates":[34.498737,0.306139]},"properties":{"id":"523257749","n":"EBWALIRO A PS 11","t":"pdw","c":"Kakamega"}},{"type":"Feature","geometry":{"type":"Point","coordinates":[34.532201,0.317684]},"properties":{"id":"523318185","n":"EBUTOBE PS 11","t":"ps","c":"Kakamega"}},{"type":"Feature","geometry":{"type":"Point","coordinates":[34.54616,0.327443]},"properties":{"id":"523273756","n":"Emusoma PD","t":"pdw","c":"Kakamega"}},{"type":"Feature","geometry":{"type":"Point","coordinates":[34.584187,0.301613]},"properties":{"id":"523302144","n":"Mungakha PD","t":"bh","c":"Kakamega"}},{"type":"Feature","geometry":{"type":"Point","coordinates":[34.50956,0.303178]},"properties":{"id":"523319351","n":"EMASINDE PD 1","t":"pdw","c":"Kakamega"}},{"type":"Feature","geometry":{"type":"Point","coordinates":[34.571843,0.326054]},"properties":{"id":"523267863","n":"Busimbiro PD","t":"pdw","c":"Kakamega"}},{"type":"Feature","geometry":{"type":"Point","coordinates":[34.564736,0.320966]},"properties":{"id":"523351485","n":"MWIMANYE PD 9","t":"pdw","c":"Kakamega"}},{"type":"Feature","geometry":{"type":"Point","coordinates":[34.529902,0.296972]},"properties":{"id":"523321714","n":"Liyala PD 5","t":"pdw","c":"Kakamega"}},{"type":"Feature","geometry":{"type":"Point","coordinates":[34.566716,0.321527]},"properties":{"id":"523294043","n":"MWIMANYE PD 21","t":"pdw","c":"Kakamega"}},{"type":"Feature","geometry":{"type":"Point","coordinates":[34.544665,0.331557]},"properties":{"id":"523330538","n":"Mulimani PD12","t":"pdw","c":"Kakamega"}},{"type":"Feature","geometry":{"type":"Point","coordinates":[34.537758,0.313973]},"properties":{"id":"523350848","n":"Mukhuyu PD 2","t":"ps","c":"Kakamega"}},{"type":"Feature","geometry":{"type":"Point","coordinates":[34.5313,0.303777]},"properties":{"id":"523221711","n":"Emuberi north PD 2","t":"pdw","c":"Kakamega"}},{"type":"Feature","geometry":{"type":"Point","coordinates":[34.547213,0.2811]},"properties":{"id":"523218429","n":"Shiandaingo BH 1","t":"bh","c":"Kakamega"}},{"type":"Feature","geometry":{"type":"Point","coordinates":[34.538138,0.331137]},"properties":{"id":"523304610","n":"Khulwanda UD4","t":"udw","c":"Kakamega"}},{"type":"Feature","geometry":{"type":"Point","coordinates":[34.548678,0.296342]},"properties":{"id":"523233882","n":"Shibinga PD 12","t":"pdw","c":"Kakamega"}},{"type":"Feature","geometry":{"type":"Point","coordinates":[34.53097,0.330462]},"properties":{"id":"523292474","n":"Khulwanda PS1","t":"ps","c":"Kakamega"}},{"type":"Feature","geometry":{"type":"Point","coordinates":[34.528079,0.291562]},"properties":{"id":"523292340","n":"Liyala PS 2","t":"ps","c":"Kakamega"}},{"type":"Feature","geometry":{"type":"Point","coordinates":[34.542982,0.32402]},"properties":{"id":"523287489","n":"KISUMU NDOGO PD 20","t":"pdw","c":"Kakamega"}},{"type":"Feature","geometry":{"type":"Point","coordinates":[34.527574,0.319577]},"properties":{"id":"523346184","n":"BUTUNYI PD 7","t":"pdw","c":"Kakamega"}},{"type":"Feature","geometry":{"type":"Point","coordinates":[34.523285,0.325438]},"properties":{"id":"523343105","n":"Shifuyo A PD2","t":"pdw","c":"Kakamega"}},{"type":"Feature","geometry":{"type":"Point","coordinates":[34.541058,0.311896]},"properties":{"id":"523337267","n":"Mukhuyu PS 4","t":"ps","c":"Kakamega"}},{"type":"Feature","geometry":{"type":"Point","coordinates":[34.529772,0.325297]},"properties":{"id":"523255840","n":"MWITOTI B PD 13","t":"pdw","c":"Kakamega"}},{"type":"Feature","geometry":{"type":"Point","coordinates":[34.507713,0.293475]},"properties":{"id":"523294469","n":"Khwiondwe PD 8","t":"pdw","c":"Kakamega"}},{"type":"Feature","geometry":{"type":"Point","coordinates":[34.523817,0.327115]},"properties":{"id":"523208202","n":"Shifuyo A PD6","t":"pdw","c":"Kakamega"}},{"type":"Feature","geometry":{"type":"Point","coordinates":[34.563411,0.285372]},"properties":{"id":"523207995","n":"Elwasambi US 2","t":"us","c":"Kakamega"}},{"type":"Feature","geometry":{"type":"Point","coordinates":[34.49585,0.297336]},"properties":{"id":"523239785","n":"Eshikufu PS 7","t":"ps","c":"Kakamega"}},{"type":"Feature","geometry":{"type":"Point","coordinates":[34.564438,0.320938]},"properties":{"id":"523289168","n":"MWIMANYE PD 2","t":"pdw","c":"Kakamega"}},{"type":"Feature","geometry":{"type":"Point","coordinates":[34.573237,0.292224]},"properties":{"id":"523223768","n":"Mulwanda PH 16","t":"pdw","c":"Kakamega"}},{"type":"Feature","geometry":{"type":"Point","coordinates":[34.578755,0.307783]},"properties":{"id":"699571672","n":"Shilarumwa Community, Namwiva Spring - 420006","t":"ps","c":"Kakamega"}},{"type":"Feature","geometry":{"type":"Point","coordinates":[34.522178,0.319464]},"properties":{"id":"523273419","n":"ENYAMOSO PD 2","t":"pdw","c":"Kakamega"}},{"type":"Feature","geometry":{"type":"Point","coordinates":[34.500108,0.307046]},"properties":{"id":"523284125","n":"EBWALIRO A PD 14","t":"pdw","c":"Kakamega"}},{"type":"Feature","geometry":{"type":"Point","coordinates":[34.56933,0.31772]},"properties":{"id":"41048957","n":"Musango, Mushikulu Spring - 19106","t":"ps","c":"Kakamega"}},{"type":"Feature","geometry":{"type":"Point","coordinates":[34.51858,0.318413]},"properties":{"id":"523351320","n":"ESHIKOMOLO PD 6","t":"pdw","c":"Kakamega"}},{"type":"Feature","geometry":{"type":"Point","coordinates":[34.501664,0.30354]},"properties":{"id":"523351681","n":"EMAHANGA A PD 16","t":"pdw","c":"Kakamega"}},{"type":"Feature","geometry":{"type":"Point","coordinates":[34.567182,0.29215]},"properties":{"id":"523343923","n":"Emalingana UD 8","t":"udw","c":"Kakamega"}},{"type":"Feature","geometry":{"type":"Point","coordinates":[34.532989,0.313838]},"properties":{"id":"523300245","n":"Mulufu PD 14","t":"pdw","c":"Kakamega"}},{"type":"Feature","geometry":{"type":"Point","coordinates":[34.51338,0.281537]},"properties":{"id":"523313678","n":"Ebulembo PD 14","t":"ps","c":"Kakamega"}},{"type":"Feature","geometry":{"type":"Point","coordinates":[34.574123,0.312123]},"properties":{"id":"523267643","n":"Shianda B PS 4","t":"ps","c":"Kakamega"}},{"type":"Feature","geometry":{"type":"Point","coordinates":[34.52365,0.30756]},"properties":{"id":"41048988","n":"Musango, Ndalusia Spring - 19086","t":"ps","c":"Kakamega"}},{"type":"Feature","geometry":{"type":"Point","coordinates":[34.529692,0.281178]},"properties":{"id":"523333579","n":"Indangalasia B PD 3","t":"pdw","c":"Kakamega"}},{"type":"Feature","geometry":{"type":"Point","coordinates":[34.512991,0.284789]},"properties":{"id":"523241715","n":"Ebulembo PD 7","t":"pdw","c":"Kakamega"}},{"type":"Feature","geometry":{"type":"Point","coordinates":[34.504492,0.313176]},"properties":{"id":"523298913","n":"ESHIKWENYI PD 12","t":"pdw","c":"Kakamega"}},{"type":"Feature","geometry":{"type":"Point","coordinates":[34.51936,0.310009]},"properties":{"id":"523252122","n":"MULUSIOLO PD 5","t":"pdw","c":"Kakamega"}},{"type":"Feature","geometry":{"type":"Point","coordinates":[34.544554,0.303723]},"properties":{"id":"523248224","n":"Shinambande PD 7","t":"pdw","c":"Kakamega"}},{"type":"Feature","geometry":{"type":"Point","coordinates":[34.506313,0.321959]},"properties":{"id":"523236627","n":"EKERO B PD 7","t":"pdw","c":"Kakamega"}},{"type":"Feature","geometry":{"type":"Point","coordinates":[34.568275,0.293907]},"properties":{"id":"523222516","n":"Emalingana US 12","t":"us","c":"Kakamega"}},{"type":"Feature","geometry":{"type":"Point","coordinates":[34.51289,0.299756]},"properties":{"id":"523328003","n":"EBUBOLE B PD 2","t":"pdw","c":"Kakamega"}},{"type":"Feature","geometry":{"type":"Point","coordinates":[34.510824,0.288422]},"properties":{"id":"523303664","n":"Kamashia A PD3","t":"pdw","c":"Kakamega"}},{"type":"Feature","geometry":{"type":"Point","coordinates":[34.525965,0.304601]},"properties":{"id":"523234175","n":"Emuberi south 2","t":"ps","c":"Kakamega"}},{"type":"Feature","geometry":{"type":"Point","coordinates":[34.511753,0.294126]},"properties":{"id":"523223737","n":"Khwiondwe B PS 8","t":"ps","c":"Kakamega"}},{"type":"Feature","geometry":{"type":"Point","coordinates":[34.533898,0.328653]},"properties":{"id":"523281672","n":"Khulwanda UD2","t":"udw","c":"Kakamega"}},{"type":"Feature","geometry":{"type":"Point","coordinates":[34.550732,0.295204]},"properties":{"id":"523307534","n":"Shibinga PD 16","t":"pdw","c":"Kakamega"}},{"type":"Feature","geometry":{"type":"Point","coordinates":[34.51883,0.303048]},"properties":{"id":"523248358","n":"ENYANGERA NORTH US 2","t":"us","c":"Kakamega"}},{"type":"Feature","geometry":{"type":"Point","coordinates":[34.514065,0.288897]},"properties":{"id":"523224271","n":"Ebumalere PD 1","t":"pdw","c":"Kakamega"}},{"type":"Feature","geometry":{"type":"Point","coordinates":[34.565388,0.31973]},"properties":{"id":"523290843","n":"MWIMANYE PD 12","t":"pdw","c":"Kakamega"}},{"type":"Feature","geometry":{"type":"Point","coordinates":[34.546464,0.292023]},"properties":{"id":"523233301","n":"Shibinga PD 18","t":"pdw","c":"Kakamega"}},{"type":"Feature","geometry":{"type":"Point","coordinates":[34.568559,0.323172]},"properties":{"id":"523211374","n":"BusimbiroPD 36","t":"pdw","c":"Kakamega"}},{"type":"Feature","geometry":{"type":"Point","coordinates":[34.569018,0.295945]},"properties":{"id":"523339874","n":"Emalingana PD 20","t":"pdw","c":"Kakamega"}},{"type":"Feature","geometry":{"type":"Point","coordinates":[34.550985,0.32711]},"properties":{"id":"523297840","n":"Enyera PD 8","t":"pdw","c":"Kakamega"}},{"type":"Feature","geometry":{"type":"Point","coordinates":[34.568232,0.320515]},"properties":{"id":"523351533","n":"MWIMANYE PD 39","t":"pdw","c":"Kakamega"}},{"type":"Feature","geometry":{"type":"Point","coordinates":[34.564876,0.292043]},"properties":{"id":"523286079","n":"Emalingana PD 2","t":"pdw","c":"Kakamega"}},{"type":"Feature","geometry":{"type":"Point","coordinates":[34.504185,0.306137]},"properties":{"id":"523288538","n":"EMAHANGA B PD 3","t":"pdw","c":"Kakamega"}},{"type":"Feature","geometry":{"type":"Point","coordinates":[34.541183,0.282908]},"properties":{"id":"523220411","n":"Indoli PS 1","t":"ps","c":"Kakamega"}},{"type":"Feature","geometry":{"type":"Point","coordinates":[34.557969,0.312808]},"properties":{"id":"523281579","n":"Musoma PD 10","t":"pdw","c":"Kakamega"}},{"type":"Feature","geometry":{"type":"Point","coordinates":[34.535011,0.323527]},"properties":{"id":"523341316","n":"EMAKOMBE PD 1","t":"pdw","c":"Kakamega"}},{"type":"Feature","geometry":{"type":"Point","coordinates":[34.555501,0.301231]},"properties":{"id":"523265122","n":"Mushikulu A PD 6","t":"pdw","c":"Kakamega"}},{"type":"Feature","geometry":{"type":"Point","coordinates":[34.514998,0.283537]},"properties":{"id":"523270045","n":"Ebulembo PD 19","t":"pdw","c":"Kakamega"}},{"type":"Feature","geometry":{"type":"Point","coordinates":[34.51895,0.30611]},"properties":{"id":"523310149","n":"MULUSIOLO PD 13","t":"pdw","c":"Kakamega"}},{"type":"Feature","geometry":{"type":"Point","coordinates":[34.546456,0.323642]},"properties":{"id":"523252311","n":"KISUMU NDOGO PD 2","t":"pdw","c":"Kakamega"}},{"type":"Feature","geometry":{"type":"Point","coordinates":[34.504092,0.315378]},"properties":{"id":"523194167","n":"ESHIKWENYI PD 4","t":"pdw","c":"Kakamega"}},{"type":"Feature","geometry":{"type":"Point","coordinates":[34.555678,0.300772]},"properties":{"id":"523202828","n":"Mushikulu A PD 7","t":"ps","c":"Kakamega"}},{"type":"Feature","geometry":{"type":"Point","coordinates":[34.501048,0.309244]},"properties":{"id":"523331728","n":"EBWALIRO A PS 3","t":"ps","c":"Kakamega"}},{"type":"Feature","geometry":{"type":"Point","coordinates":[34.534201,0.323568]},"properties":{"id":"523295161","n":"EMAKOMBE PD 8","t":"pdw","c":"Kakamega"}},{"type":"Feature","geometry":{"type":"Point","coordinates":[34.567012,0.294494]},"properties":{"id":"523327277","n":"Emalingana PD 10","t":"pdw","c":"Kakamega"}},{"type":"Feature","geometry":{"type":"Point","coordinates":[34.533747,0.322782]},"properties":{"id":"523327404","n":"MWITOTI A PD 8","t":"pdw","c":"Kakamega"}},{"type":"Feature","geometry":{"type":"Point","coordinates":[34.528356,0.305427]},"properties":{"id":"523319234","n":"EMAKOMBE PS 5","t":"ps","c":"Kakamega"}},{"type":"Feature","geometry":{"type":"Point","coordinates":[34.527072,0.326198]},"properties":{"id":"523222729","n":"Eshifuyo B PD11","t":"bh","c":"Kakamega"}},{"type":"Feature","geometry":{"type":"Point","coordinates":[34.543078,0.32575]},"properties":{"id":"523347006","n":"KISUMU NDOGO PD 9","t":"pdw","c":"Kakamega"}},{"type":"Feature","geometry":{"type":"Point","coordinates":[34.545209,0.278401]},"properties":{"id":"523343844","n":"Shiandaingo PD 1","t":"pdw","c":"Kakamega"}},{"type":"Feature","geometry":{"type":"Point","coordinates":[34.524903,0.327683]},"properties":{"id":"523250670","n":"Eshifuyo B PD5","t":"pdw","c":"Kakamega"}},{"type":"Feature","geometry":{"type":"Point","coordinates":[34.56202,0.30204]},"properties":{"id":"523307125","n":"Mushikulu B PD 10","t":"pdw","c":"Kakamega"}},{"type":"Feature","geometry":{"type":"Point","coordinates":[34.552492,0.307797]},"properties":{"id":"523235798","n":"Wetsetse PD 14","t":"pdw","c":"Kakamega"}},{"type":"Feature","geometry":{"type":"Point","coordinates":[34.49526,0.313955]},"properties":{"id":"523351904","n":"IKOSHE PD 11","t":"pdw","c":"Kakamega"}},{"type":"Feature","geometry":{"type":"Point","coordinates":[34.53798,0.286317]},"properties":{"id":"523319760","n":"MWIKABANIRO PD 8","t":"pdw","c":"Kakamega"}},{"type":"Feature","geometry":{"type":"Point","coordinates":[34.523668,0.316722]},"properties":{"id":"523351409","n":"EMALISHIRA PD 2","t":"pdw","c":"Kakamega"}},{"type":"Feature","geometry":{"type":"Point","coordinates":[34.542759,0.283431]},"properties":{"id":"523306894","n":"Indoli PS 2","t":"ps","c":"Kakamega"}},{"type":"Feature","geometry":{"type":"Point","coordinates":[34.530964,0.325273]},"properties":{"id":"523292711","n":"MWITOTI A PD 3","t":"pdw","c":"Kakamega"}},{"type":"Feature","geometry":{"type":"Point","coordinates":[34.565298,0.321007]},"properties":{"id":"523240295","n":"MWIMANYE PD 5","t":"pdw","c":"Kakamega"}},{"type":"Feature","geometry":{"type":"Point","coordinates":[34.558652,0.285591]},"properties":{"id":"523263450","n":"Elwakana A PS 3","t":"ps","c":"Kakamega"}},{"type":"Feature","geometry":{"type":"Point","coordinates":[34.560196,0.293602]},"properties":{"id":"523277633","n":"Emulakha PD 9","t":"pdw","c":"Kakamega"}},{"type":"Feature","geometry":{"type":"Point","coordinates":[34.56403,0.289265]},"properties":{"id":"523212375","n":"Elwasambi PD 7","t":"pdw","c":"Kakamega"}},{"type":"Feature","geometry":{"type":"Point","coordinates":[34.574394,0.320385]},"properties":{"id":"523259961","n":"Shirongo A PD 52","t":"pdw","c":"Kakamega"}},{"type":"Feature","geometry":{"type":"Point","coordinates":[34.502801,0.312816]},"properties":{"id":"523231567","n":"IKOSHE UD 35","t":"udw","c":"Kakamega"}},{"type":"Feature","geometry":{"type":"Point","coordinates":[34.542828,0.32543]},"properties":{"id":"523334257","n":"KISUMU NDOGO PD 10","t":"pdw","c":"Kakamega"}},{"type":"Feature","geometry":{"type":"Point","coordinates":[34.508453,0.3007]},"properties":{"id":"523325244","n":"EMWANDA PD 11","t":"pdw","c":"Kakamega"}},{"type":"Feature","geometry":{"type":"Point","coordinates":[34.537853,0.30076]},"properties":{"id":"523231880","n":"Lusheya east PS 1","t":"ps","c":"Kakamega"}},{"type":"Feature","geometry":{"type":"Point","coordinates":[34.49164,0.297933]},"properties":{"id":"523209911","n":"Elubonga B BH 4","t":"bh","c":"Kakamega"}},{"type":"Feature","geometry":{"type":"Point","coordinates":[34.502703,0.305516]},"properties":{"id":"523282374","n":"EMAHANGA B PD 7","t":"pdw","c":"Kakamega"}},{"type":"Feature","geometry":{"type":"Point","coordinates":[34.532713,0.327548]},"properties":{"id":"523287551","n":"Khulwanda UD 1","t":"udw","c":"Kakamega"}},{"type":"Feature","geometry":{"type":"Point","coordinates":[34.514159,0.293954]},"properties":{"id":"523232795","n":"Ebumalere PD 10","t":"pdw","c":"Kakamega"}},{"type":"Feature","geometry":{"type":"Point","coordinates":[34.504721,0.319789]},"properties":{"id":"523320555","n":"EKERO B PD 20","t":"pdw","c":"Kakamega"}},{"type":"Feature","geometry":{"type":"Point","coordinates":[34.56172,0.293166]},"properties":{"id":"523252809","n":"Emulakha PD 11","t":"pdw","c":"Kakamega"}},{"type":"Feature","geometry":{"type":"Point","coordinates":[34.572184,0.316896]},"properties":{"id":"523290238","n":"Shianda A 6","t":"pdw","c":"Kakamega"}},{"type":"Feature","geometry":{"type":"Point","coordinates":[34.498265,0.29451]},"properties":{"id":"523291806","n":"Eshikufu PD 11","t":"pdw","c":"Kakamega"}},{"type":"Feature","geometry":{"type":"Point","coordinates":[34.504053,0.322459]},"properties":{"id":"523218876","n":"EKERO A PD 10","t":"pdw","c":"Kakamega"}},{"type":"Feature","geometry":{"type":"Point","coordinates":[34.49479,0.295608]},"properties":{"id":"316006527","n":"ACK St. Luke's Shanderema Primary School - 21366","t":"bh","c":"Kakamega","d":80.0}},{"type":"Feature","geometry":{"type":"Point","coordinates":[34.523023,0.288379]},"properties":{"id":"736923026","n":"Emwaku Community, Malala Aponga spring - 420017","t":"ps","c":"Kakamega"}},{"type":"Feature","geometry":{"type":"Point","coordinates":[34.538918,0.283822]},"properties":{"id":"523200699","n":"Indoli PD 2","t":"pdw","c":"Kakamega"}},{"type":"Feature","geometry":{"type":"Point","coordinates":[34.568668,0.313785]},"properties":{"id":"523251107","n":"Mwisasia PD 17","t":"pdw","c":"Kakamega"}},{"type":"Feature","geometry":{"type":"Point","coordinates":[34.522039,0.312991]},"properties":{"id":"523321855","n":"EMALISHIRA PD 23","t":"pdw","c":"Kakamega"}},{"type":"Feature","geometry":{"type":"Point","coordinates":[34.546095,0.324107]},"properties":{"id":"523272016","n":"KISUMU NDOGO PD 2","t":"pdw","c":"Kakamega"}},{"type":"Feature","geometry":{"type":"Point","coordinates":[34.499978,0.313163]},"properties":{"id":"523237202","n":"IKOSHE PD 21","t":"pdw","c":"Kakamega"}},{"type":"Feature","geometry":{"type":"Point","coordinates":[34.519872,0.31336]},"properties":{"id":"523277839","n":"ENYAMOSO PD 9","t":"pdw","c":"Kakamega"}},{"type":"Feature","geometry":{"type":"Point","coordinates":[34.558833,0.31647]},"properties":{"id":"523244990","n":"Musoma PD 5","t":"pdw","c":"Kakamega"}},{"type":"Feature","geometry":{"type":"Point","coordinates":[34.539925,0.313248]},"properties":{"id":"523352778","n":"Mukhuyu PS 3","t":"ps","c":"Kakamega"}},{"type":"Feature","geometry":{"type":"Point","coordinates":[34.508745,0.299429]},"properties":{"id":"523256085","n":"EMWANDA PD 2","t":"pdw","c":"Kakamega"}},{"type":"Feature","geometry":{"type":"Point","coordinates":[34.513109,0.308006]},"properties":{"id":"523238272","n":"EMWAKU PD 9","t":"pdw","c":"Kakamega"}},{"type":"Feature","geometry":{"type":"Point","coordinates":[34.501119,0.297928]},"properties":{"id":"523262064","n":"EMAHANGA A PS 10","t":"ps","c":"Kakamega"}},{"type":"Feature","geometry":{"type":"Point","coordinates":[34.547453,0.313553]},"properties":{"id":"523275545","n":"Khwihondwe PD 5","t":"pdw","c":"Kakamega"}},{"type":"Feature","geometry":{"type":"Point","coordinates":[34.503867,0.29274]},"properties":{"id":"523255888","n":"Kamashia B BH 7","t":"bh","c":"Kakamega"}},{"type":"Feature","geometry":{"type":"Point","coordinates":[34.551747,0.297232]},"properties":{"id":"523299134","n":"Shibinga PD 3","t":"pdw","c":"Kakamega"}},{"type":"Feature","geometry":{"type":"Point","coordinates":[34.508399,0.304024]},"properties":{"id":"523319605","n":"EMASINDE PD 4","t":"pdw","c":"Kakamega"}},{"type":"Feature","geometry":{"type":"Point","coordinates":[34.524448,0.299662]},"properties":{"id":"523200280","n":"ENYANGERA CENTRAL PD 2","t":"pdw","c":"Kakamega"}},{"type":"Feature","geometry":{"type":"Point","coordinates":[34.538736,0.316471]},"properties":{"id":"523234962","n":"Khulwanda PS 2","t":"ps","c":"Kakamega"}},{"type":"Feature","geometry":{"type":"Point","coordinates":[34.548622,0.308011]},"properties":{"id":"523195254","n":"Wetsetse PD 4","t":"pdw","c":"Kakamega"}},{"type":"Feature","geometry":{"type":"Point","coordinates":[34.523325,0.32758]},"properties":{"id":"523272690","n":"Shifuyo A PD7","t":"pdw","c":"Kakamega"}},{"type":"Feature","geometry":{"type":"Point","coordinates":[34.542618,0.300725]},"properties":{"id":"523220985","n":"Shinambande PD 3","t":"pdw","c":"Kakamega"}},{"type":"Feature","geometry":{"type":"Point","coordinates":[34.557266,0.304673]},"properties":{"id":"523279879","n":"Mushikulu A PD 1","t":"pdw","c":"Kakamega"}},{"type":"Feature","geometry":{"type":"Point","coordinates":[34.551873,0.309963]},"properties":{"id":"523258915","n":"Wetsetse PD 11","t":"pdw","c":"Kakamega"}},{"type":"Feature","geometry":{"type":"Point","coordinates":[34.576925,0.302195]},"properties":{"id":"523228543","n":"Shitoto A PS 5","t":"ps","c":"Kakamega"}},{"type":"Feature","geometry":{"type":"Point","coordinates":[34.502989,0.297765]},"properties":{"id":"523306942","n":"EMAHANGA A PD 12","t":"pdw","c":"Kakamega"}},{"type":"Feature","geometry":{"type":"Point","coordinates":[34.522114,0.30958]},"properties":{"id":"523312763","n":"MULUSIOLO PD 22","t":"pdw","c":"Kakamega"}},{"type":"Feature","geometry":{"type":"Point","coordinates":[34.574526,0.300732]},"properties":{"id":"493192697","n":"Shitoto A Community, Wandawa Spring - 23300","t":"ps","c":"Kakamega"}},{"type":"Feature","geometry":{"type":"Point","coordinates":[34.571058,0.298534]},"properties":{"id":"523195522","n":"Emalingana PD 23","t":"pdw","c":"Kakamega"}},{"type":"Feature","geometry":{"type":"Point","coordinates":[34.508908,0.311529]},"properties":{"id":"523212643","n":"MWIKALI PD 23","t":"pdw","c":"Kakamega"}},{"type":"Feature","geometry":{"type":"Point","coordinates":[34.55855,0.317177]},"properties":{"id":"523270014","n":"Musoma PD 7","t":"pdw","c":"Kakamega"}},{"type":"Feature","geometry":{"type":"Point","coordinates":[34.573993,0.322751]},"properties":{"id":"523243669","n":"Shianda PD 3","t":"pdw","c":"Kakamega"}},{"type":"Feature","geometry":{"type":"Point","coordinates":[34.495883,0.314296]},"properties":{"id":"523256377","n":"IKOSHE PD 13","t":"pdw","c":"Kakamega"}},{"type":"Feature","geometry":{"type":"Point","coordinates":[34.542478,0.332693]},"properties":{"id":"523206688","n":"Mulimani PD6","t":"pdw","c":"Kakamega"}},{"type":"Feature","geometry":{"type":"Point","coordinates":[34.505248,0.313983]},"properties":{"id":"523195474","n":"ESHIKWENYI PD 7","t":"pdw","c":"Kakamega"}},{"type":"Feature","geometry":{"type":"Point","coordinates":[34.52899,0.293172]},"properties":{"id":"523243205","n":"Liyala PD1","t":"pdw","c":"Kakamega"}},{"type":"Feature","geometry":{"type":"Point","coordinates":[34.57006,0.304323]},"properties":{"id":"523219310","n":"Khunyiri PD 3","t":"pdw","c":"Kakamega"}},{"type":"Feature","geometry":{"type":"Point","coordinates":[34.571537,0.311992]},"properties":{"id":"523195041","n":"Shianda A PS 23","t":"ps","c":"Kakamega"}},{"type":"Feature","geometry":{"type":"Point","coordinates":[34.524692,0.327347]},"properties":{"id":"523350927","n":"Eshifuyo B PD7","t":"pdw","c":"Kakamega"}},{"type":"Feature","geometry":{"type":"Point","coordinates":[34.573295,0.3075]},"properties":{"id":"523300685","n":"Khunyiri PD 9","t":"pdw","c":"Kakamega"}},{"type":"Feature","geometry":{"type":"Point","coordinates":[34.506587,0.315559]},"properties":{"id":"523217239","n":"MWIKALI PD 15","t":"pdw","c":"Kakamega"}},{"type":"Feature","geometry":{"type":"Point","coordinates":[34.542668,0.299135]},"properties":{"id":"523214030","n":"Shinambande PS 1","t":"ps","c":"Kakamega"}},{"type":"Feature","geometry":{"type":"Point","coordinates":[34.505163,0.312724]},"properties":{"id":"523317861","n":"ESHIKWENYI PD 11","t":"pdw","c":"Kakamega"}},{"type":"Feature","geometry":{"type":"Point","coordinates":[34.516173,0.31416]},"properties":{"id":"523289395","n":"EMATSANZA PD 3","t":"pdw","c":"Kakamega"}},{"type":"Feature","geometry":{"type":"Point","coordinates":[34.502621,0.306858]},"properties":{"id":"523347563","n":"EBWALIRO A PD 17","t":"pdw","c":"Kakamega"}},{"type":"Feature","geometry":{"type":"Point","coordinates":[34.565296,0.319922]},"properties":{"id":"523217930","n":"MWIMANYE PD 10","t":"pdw","c":"Kakamega"}},{"type":"Feature","geometry":{"type":"Point","coordinates":[34.506438,0.314987]},"properties":{"id":"523334240","n":"MWIKALI PD 14","t":"pdw","c":"Kakamega"}},{"type":"Feature","geometry":{"type":"Point","coordinates":[34.563485,0.31622]},"properties":{"id":"523331845","n":"Khulwanda PD 17","t":"pdw","c":"Kakamega"}},{"type":"Feature","geometry":{"type":"Point","coordinates":[34.492631,0.304008]},"properties":{"id":"523257880","n":"ICHINGO PS 6","t":"ps","c":"Kakamega"}},{"type":"Feature","geometry":{"type":"Point","coordinates":[34.579093,0.30977]},"properties":{"id":"523337463","n":"ShilarumwaPD,4","t":"pdw","c":"Kakamega"}},{"type":"Feature","geometry":{"type":"Point","coordinates":[34.516735,0.312404]},"properties":{"id":"523314954","n":"EMWAKU PD 19","t":"pdw","c":"Kakamega"}},{"type":"Feature","geometry":{"type":"Point","coordinates":[34.565239,0.320514]},"properties":{"id":"523265744","n":"MWIMANYE PD 7","t":"pdw","c":"Kakamega"}},{"type":"Feature","geometry":{"type":"Point","coordinates":[34.549331,0.293746]},"properties":{"id":"523237130","n":"Shibinga PD 17","t":"pdw","c":"Kakamega"}},{"type":"Feature","geometry":{"type":"Point","coordinates":[34.57245,0.28994]},"properties":{"id":"272019838","n":"Elwasambi Community, Kadi Spring - 21325","t":"ps","c":"Kakamega"}},{"type":"Feature","geometry":{"type":"Point","coordinates":[34.569141,0.316976]},"properties":{"id":"523324298","n":"Mwisasia PD 27","t":"pdw","c":"Kakamega"}},{"type":"Feature","geometry":{"type":"Point","coordinates":[34.506037,0.318776]},"properties":{"id":"523270227","n":"EBUTINGO PD 10","t":"pdw","c":"Kakamega"}},{"type":"Feature","geometry":{"type":"Point","coordinates":[34.565895,0.321502]},"properties":{"id":"523312378","n":"MWIMANYE PD 18","t":"pdw","c":"Kakamega"}},{"type":"Feature","geometry":{"type":"Point","coordinates":[34.494759,0.305288]},"properties":{"id":"523351856","n":"EBWALIRO A PD 3","t":"pdw","c":"Kakamega"}},{"type":"Feature","geometry":{"type":"Point","coordinates":[34.57801,0.310072]},"properties":{"id":"523212485","n":"Shilarumwa PD' 9","t":"pdw","c":"Kakamega"}},{"type":"Feature","geometry":{"type":"Point","coordinates":[34.552917,0.32186]},"properties":{"id":"523287771","n":"EBUCHIMBE PD 3","t":"pdw","c":"Kakamega"}},{"type":"Feature","geometry":{"type":"Point","coordinates":[34.498413,0.313687]},"properties":{"id":"523208879","n":"IKOSHE PS 14","t":"ps","c":"Kakamega"}},{"type":"Feature","geometry":{"type":"Point","coordinates":[34.518409,0.302709]},"properties":{"id":"523341866","n":"EBUBOLE A PS 2","t":"ps","c":"Kakamega"}},{"type":"Feature","geometry":{"type":"Point","coordinates":[34.496762,0.307992]},"properties":{"id":"523293743","n":"ICHINGO PD 9","t":"pdw","c":"Kakamega"}},{"type":"Feature","geometry":{"type":"Point","coordinates":[34.547705,0.287967]},"properties":{"id":"523223957","n":"Shibinga B PS 2","t":"ps","c":"Kakamega"}},{"type":"Feature","geometry":{"type":"Point","coordinates":[34.56328,0.318308]},"properties":{"id":"523262789","n":"Khulwanda US 1","t":"us","c":"Kakamega"}},{"type":"Feature","geometry":{"type":"Point","coordinates":[34.515907,0.314148]},"properties":{"id":"523271826","n":"EMATSANZA PD 4","t":"pdw","c":"Kakamega"}},{"type":"Feature","geometry":{"type":"Point","coordinates":[34.582702,0.304973]},"properties":{"id":"523275992","n":"Mungakha PS","t":"ps","c":"Kakamega"}},{"type":"Feature","geometry":{"type":"Point","coordinates":[34.516293,0.297252]},"properties":{"id":"523204930","n":"EBUBOLE B PD 6","t":"pdw","c":"Kakamega"}},{"type":"Feature","geometry":{"type":"Point","coordinates":[34.506901,0.308355]},"properties":{"id":"523254519","n":"EMASINDE PD 11","t":"pdw","c":"Kakamega"}},{"type":"Feature","geometry":{"type":"Point","coordinates":[34.537267,0.290026]},"properties":{"id":"523243250","n":"MWIKABANIRO PS 3","t":"ps","c":"Kakamega"}},{"type":"Feature","geometry":{"type":"Point","coordinates":[34.566356,0.318407]},"properties":{"id":"523250405","n":"MWIMANYE PD 24","t":"pdw","c":"Kakamega"}},{"type":"Feature","geometry":{"type":"Point","coordinates":[34.564614,0.301757]},"properties":{"id":"523241980","n":"Mushikulu B PD 6","t":"pdw","c":"Kakamega"}},{"type":"Feature","geometry":{"type":"Point","coordinates":[34.504275,0.308755]},"properties":{"id":"523245317","n":"EMASINDE PD 17","t":"pdw","c":"Kakamega"}},{"type":"Feature","geometry":{"type":"Point","coordinates":[34.568622,0.298528]},"properties":{"id":"290455276","n":"Emalingana Community, Andayi Spring - 21317","t":"ps","c":"Kakamega"}},{"type":"Feature","geometry":{"type":"Point","coordinates":[34.508825,0.303894]},"properties":{"id":"523351715","n":"EMASINDE PD 3","t":"pdw","c":"Kakamega"}},{"type":"Feature","geometry":{"type":"Point","coordinates":[34.500351,0.311712]},"properties":{"id":"523316736","n":"IKOSHE PS 38","t":"ps","c":"Kakamega"}},{"type":"Feature","geometry":{"type":"Point","coordinates":[34.567773,0.29761]},"properties":{"id":"523290142","n":"Emalingana PS 21","t":"ps","c":"Kakamega"}},{"type":"Feature","geometry":{"type":"Point","coordinates":[34.5655,0.320663]},"properties":{"id":"523327992","n":"MWIMANYE PD 16","t":"pdw","c":"Kakamega"}},{"type":"Feature","geometry":{"type":"Point","coordinates":[34.557869,0.285802]},"properties":{"id":"523195704","n":"Elwakana A PS 2","t":"ps","c":"Kakamega"}},{"type":"Feature","geometry":{"type":"Point","coordinates":[34.502873,0.299969]},"properties":{"id":"523293482","n":"EMAHANGA B PD 14","t":"pdw","c":"Kakamega"}},{"type":"Feature","geometry":{"type":"Point","coordinates":[34.52365,0.31977]},"properties":{"id":"41048971","n":"Musango, Mwichinga Spring - 19104","t":"ps","c":"Kakamega"}},{"type":"Feature","geometry":{"type":"Point","coordinates":[34.574108,0.322541]},"properties":{"id":"523289591","n":"Shianda PD 5","t":"pdw","c":"Kakamega"}},{"type":"Feature","geometry":{"type":"Point","coordinates":[34.554425,0.323053]},"properties":{"id":"523227755","n":"EBUCHIMBE PD 9","t":"pdw","c":"Kakamega"}},{"type":"Feature","geometry":{"type":"Point","coordinates":[34.545309,0.312878]},"properties":{"id":"523230171","n":"Khwihondwe PD 1","t":"pdw","c":"Kakamega"}},{"type":"Feature","geometry":{"type":"Point","coordinates":[34.566625,0.289208]},"properties":{"id":"523230487","n":"Elwasambi PD 13","t":"pdw","c":"Kakamega"}},{"type":"Feature","geometry":{"type":"Point","coordinates":[34.528308,0.311676]},"properties":{"id":"523252108","n":"Mulufu ps 2","t":"ps","c":"Kakamega"}},{"type":"Feature","geometry":{"type":"Point","coordinates":[34.525482,0.281027]},"properties":{"id":"523268383","n":"\"Indangalasia B PD1\"","t":"pdw","c":"Kakamega"}},{"type":"Feature","geometry":{"type":"Point","coordinates":[34.523654,0.320386]},"properties":{"id":"523266680","n":"EMALISHIRA PD 9","t":"pdw","c":"Kakamega"}},{"type":"Feature","geometry":{"type":"Point","coordinates":[34.507792,0.306863]},"properties":{"id":"523351753","n":"EMASINDE PD 10","t":"pdw","c":"Kakamega"}},{"type":"Feature","geometry":{"type":"Point","coordinates":[34.500731,0.314775]},"properties":{"id":"523222994","n":"IKOSHE PD 19","t":"pdw","c":"Kakamega"}},{"type":"Feature","geometry":{"type":"Point","coordinates":[34.512883,0.306159]},"properties":{"id":"523231024","n":"EMWAKU PD 6","t":"pdw","c":"Kakamega"}},{"type":"Feature","geometry":{"type":"Point","coordinates":[34.523203,0.319581]},"properties":{"id":"523351461","n":"EMALISHIRA PD 7","t":"pdw","c":"Kakamega"}},{"type":"Feature","geometry":{"type":"Point","coordinates":[34.495997,0.308693]},"properties":{"id":"523221429","n":"ICHINGO PD 10","t":"pdw","c":"Kakamega"}},{"type":"Feature","geometry":{"type":"Point","coordinates":[34.534393,0.313116]},"properties":{"id":"523283454","n":"Mulufu PD 17","t":"pdw","c":"Kakamega"}},{"type":"Feature","geometry":{"type":"Point","coordinates":[34.521477,0.293352]},"properties":{"id":"523271510","n":"ENYANGERA SOUTH PS 5","t":"ps","c":"Kakamega"}},{"type":"Feature","geometry":{"type":"Point","coordinates":[34.508726,0.309314]},"properties":{"id":"523351777","n":"EMASINDE PD 15","t":"pdw","c":"Kakamega"}},{"type":"Feature","geometry":{"type":"Point","coordinates":[34.51406,0.29014]},"properties":{"id":"523324267","n":"Ebumalere PD 2","t":"pdw","c":"Kakamega"}},{"type":"Feature","geometry":{"type":"Point","coordinates":[34.525107,0.281082]},"properties":{"id":"523257354","n":"Indangalasia A UD 1","t":"udw","c":"Kakamega"}},{"type":"Feature","geometry":{"type":"Point","coordinates":[34.505254,0.312291]},"properties":{"id":"523273433","n":"ESHIKWENYI PD 15","t":"pdw","c":"Kakamega"}},{"type":"Feature","geometry":{"type":"Point","coordinates":[34.556237,0.325975]},"properties":{"id":"523302319","n":"Enyera PS 2","t":"ps","c":"Kakamega"}},{"type":"Feature","geometry":{"type":"Point","coordinates":[34.554632,0.328133]},"properties":{"id":"523300836","n":"Enyera BH","t":"bh","c":"Kakamega"}},{"type":"Feature","geometry":{"type":"Point","coordinates":[34.489468,0.298364]},"properties":{"id":"523306399","n":"Elubonga B PD 3","t":"pdw","c":"Kakamega"}},{"type":"Feature","geometry":{"type":"Point","coordinates":[34.505799,0.321969]},"properties":{"id":"523319203","n":"EKERO B PD 9","t":"pdw","c":"Kakamega"}},{"type":"Feature","geometry":{"type":"Point","coordinates":[34.538852,0.305632]},"properties":{"id":"523210342","n":"Lusheya east PD 3","t":"pdw","c":"Kakamega"}},{"type":"Feature","geometry":{"type":"Point","coordinates":[34.56514,0.289522]},"properties":{"id":"523311353","n":"Elwasambi PD 7","t":"pdw","c":"Kakamega"}},{"type":"Feature","geometry":{"type":"Point","coordinates":[34.527454,0.323065]},"properties":{"id":"523281476","n":"EBUTOBE PD 1","t":"pdw","c":"Kakamega"}},{"type":"Feature","geometry":{"type":"Point","coordinates":[34.503052,0.294601]},"properties":{"id":"523255479","n":"Khwiondwe PS 3","t":"ps","c":"Kakamega"}},{"type":"Feature","geometry":{"type":"Point","coordinates":[34.528842,0.306161]},"properties":{"id":"523327473","n":"Emuberi north 9","t":"pdw","c":"Kakamega"}},{"type":"Feature","geometry":{"type":"Point","coordinates":[34.527779,0.305495]},"properties":{"id":"523312392","n":"Emuberi north 8","t":"pdw","c":"Kakamega"}},{"type":"Feature","geometry":{"type":"Point","coordinates":[34.544588,0.326882]},"properties":{"id":"523291521","n":"Emusoma PD1","t":"pdw","c":"Kakamega"}},{"type":"Feature","geometry":{"type":"Point","coordinates":[34.568617,0.313695]},"properties":{"id":"523215921","n":"Mwisasia PD 16","t":"pdw","c":"Kakamega"}},{"type":"Feature","geometry":{"type":"Point","coordinates":[34.54979,0.330675]},"properties":{"id":"523221625","n":"Emusoma PS 1","t":"ps","c":"Kakamega"}},{"type":"Feature","geometry":{"type":"Point","coordinates":[34.533555,0.326004]},"properties":{"id":"523328010","n":"EMAKOMBE pd 16","t":"pdw","c":"Kakamega"}},{"type":"Feature","geometry":{"type":"Point","coordinates":[34.540295,0.330158]},"properties":{"id":"523311250","n":"Eshikumulo PD10","t":"pdw","c":"Kakamega"}},{"type":"Feature","geometry":{"type":"Point","coordinates":[34.507703,0.312727]},"properties":{"id":"523221285","n":"MWIKALI PD 27","t":"pdw","c":"Kakamega"}},{"type":"Feature","geometry":{"type":"Point","coordinates":[34.493622,0.312428]},"properties":{"id":"523351894","n":"IKOSHE PD 5","t":"pdw","c":"Kakamega"}},{"type":"Feature","geometry":{"type":"Point","coordinates":[34.569866,0.319589]},"properties":{"id":"523351595","n":"MWIMANYE PD 50","t":"pdw","c":"Kakamega"}},{"type":"Feature","geometry":{"type":"Point","coordinates":[34.507708,0.304927]},"properties":{"id":"523351739","n":"EMASINDE PD 6","t":"pdw","c":"Kakamega"}},{"type":"Feature","geometry":{"type":"Point","coordinates":[34.561565,0.293787]},"properties":{"id":"523220174","n":"Emulakha US 3","t":"ps","c":"Kakamega"}},{"type":"Feature","geometry":{"type":"Point","coordinates":[34.514278,0.308683]},"properties":{"id":"523269384","n":"EMWAKU PD 1","t":"pdw","c":"Kakamega"}},{"type":"Feature","geometry":{"type":"Point","coordinates":[34.503242,0.307338]},"properties":{"id":"523227212","n":"EMASINDE PD 18","t":"pdw","c":"Kakamega"}},{"type":"Feature","geometry":{"type":"Point","coordinates":[34.50816,0.29436]},"properties":{"id":"523323730","n":"Khwiondwe B PD 1","t":"pdw","c":"Kakamega"}},{"type":"Feature","geometry":{"type":"Point","coordinates":[34.519699,0.298207]},"properties":{"id":"523211116","n":"ENYANGERA SOUTH PD 9","t":"pdw","c":"Kakamega"}},{"type":"Feature","geometry":{"type":"Point","coordinates":[34.519382,0.305481]},"properties":{"id":"523203331","n":"MULUSIOLO PD 16","t":"pdw","c":"Kakamega"}},{"type":"Feature","geometry":{"type":"Point","coordinates":[34.553336,0.280042]},"properties":{"id":"523311566","n":"Eshiambale US 1","t":"us","c":"Kakamega"}},{"type":"Feature","geometry":{"type":"Point","coordinates":[34.534262,0.301902]},"properties":{"id":"523205072","n":"Liyala PD8","t":"pdw","c":"Kakamega"}},{"type":"Feature","geometry":{"type":"Point","coordinates":[34.527291,0.321764]},"properties":{"id":"523315508","n":"EBUTOBE PD 5","t":"pdw","c":"Kakamega"}},{"type":"Feature","geometry":{"type":"Point","coordinates":[34.570332,0.292535]},"properties":{"id":"523196743","n":"Emalingana PD 15","t":"pdw","c":"Kakamega"}},{"type":"Feature","geometry":{"type":"Point","coordinates":[34.549123,0.323671]},"properties":{"id":"523303585","n":"KISUMU NDOGO PD 16","t":"pdw","c":"Kakamega"}},{"type":"Feature","geometry":{"type":"Point","coordinates":[34.506887,0.308712]},"properties":{"id":"523193496","n":"EMASINDE PD 12","t":"pdw","c":"Kakamega"}},{"type":"Feature","geometry":{"type":"Point","coordinates":[34.554887,0.299327]},"properties":{"id":"523248190","n":"Mushikulu A US 4","t":"us","c":"Kakamega"}},{"type":"Feature","geometry":{"type":"Point","coordinates":[34.531583,0.304892]},"properties":{"id":"523352730","n":"Emuberi north PS 1","t":"ps","c":"Kakamega"}},{"type":"Feature","geometry":{"type":"Point","coordinates":[34.509874,0.319166]},"properties":{"id":"523244550","n":"MWIKALI PD 9","t":"pdw","c":"Kakamega"}},{"type":"Feature","geometry":{"type":"Point","coordinates":[34.537907,0.327425]},"properties":{"id":"523306667","n":"Khulwanda PD14","t":"pdw","c":"Kakamega"}},{"type":"Feature","geometry":{"type":"Point","coordinates":[34.520023,0.287867]},"properties":{"id":"523330590","n":"Mukhome UD 1","t":"udw","c":"Kakamega"}},{"type":"Feature","geometry":{"type":"Point","coordinates":[34.524165,0.316053]},"properties":{"id":"523314198","n":"EMALISHIRA PD 1","t":"pdw","c":"Kakamega"}},{"type":"Feature","geometry":{"type":"Point","coordinates":[34.499289,0.309105]},"properties":{"id":"523256580","n":"EBWALIRO A PD 5","t":"pdw","c":"Kakamega"}},{"type":"Feature","geometry":{"type":"Point","coordinates":[34.528236,0.312354]},"properties":{"id":"523274874","n":"Mulufu PD 1","t":"pdw","c":"Kakamega"}},{"type":"Feature","geometry":{"type":"Point","coordinates":[34.513201,0.294817]},"properties":{"id":"523260093","n":"Khwiondwe B PS 9","t":"ps","c":"Kakamega"}},{"type":"Feature","geometry":{"type":"Point","coordinates":[34.573268,0.307225]},"properties":{"id":"523306124","n":"Khunyiri PD 8","t":"pdw","c":"Kakamega"}},{"type":"Feature","geometry":{"type":"Point","coordinates":[34.572037,0.316746]},"properties":{"id":"523331034","n":"Shianda A PD 7","t":"pdw","c":"Kakamega"}},{"type":"Feature","geometry":{"type":"Point","coordinates":[34.570575,0.314609]},"properties":{"id":"523254935","n":"Shianda A PS 16","t":"pdw","c":"Kakamega"}},{"type":"Feature","geometry":{"type":"Point","coordinates":[34.535716,0.28722]},"properties":{"id":"523305855","n":"Mwikabaniro US 2","t":"us","c":"Kakamega"}},{"type":"Feature","geometry":{"type":"Point","coordinates":[34.572179,0.321548]},"properties":{"id":"523324858","n":"Shianda BH 2","t":"bh","c":"Kakamega"}},{"type":"Feature","geometry":{"type":"Point","coordinates":[34.500074,0.303236]},"properties":{"id":"523324126","n":"EBULINJI PD 2","t":"pdw","c":"Kakamega"}},{"type":"Feature","geometry":{"type":"Point","coordinates":[34.552315,0.295292]},"properties":{"id":"523274173","n":"Emulakha BH 1","t":"bh","c":"Kakamega"}},{"type":"Feature","geometry":{"type":"Point","coordinates":[34.528085,0.321778]},"properties":{"id":"523292254","n":"EBUTOBE PD 7","t":"pdw","c":"Kakamega"}},{"type":"Feature","geometry":{"type":"Point","coordinates":[34.534149,0.323923]},"properties":{"id":"523230339","n":"EMAKOMBE PD 11","t":"pdw","c":"Kakamega"}},{"type":"Feature","geometry":{"type":"Point","coordinates":[34.574217,0.301878]},"properties":{"id":"523195584","n":"Shitoto A PD 6","t":"pdw","c":"Kakamega"}},{"type":"Feature","geometry":{"type":"Point","coordinates":[34.522513,0.287636]},"properties":{"id":"523227896","n":"Mukhome PD 1","t":"pdw","c":"Kakamega"}},{"type":"Feature","geometry":{"type":"Point","coordinates":[34.515275,0.313922]},"properties":{"id":"523262758","n":"EMATSANZA PD 5","t":"pdw","c":"Kakamega"}},{"type":"Feature","geometry":{"type":"Point","coordinates":[34.500545,0.304435]},"properties":{"id":"523212533","n":"EBULINJI PD 4","t":"pdw","c":"Kakamega"}},{"type":"Feature","geometry":{"type":"Point","coordinates":[34.501761,0.321579]},"properties":{"id":"523279604","n":"EBUJWANG'A A PD 6","t":"pdw","c":"Kakamega"}},{"type":"Feature","geometry":{"type":"Point","coordinates":[34.540614,0.310046]},"properties":{"id":"523352785","n":"Eshitoyi PD 1","t":"pdw","c":"Kakamega"}},{"type":"Feature","geometry":{"type":"Point","coordinates":[34.582812,0.303388]},"properties":{"id":"523306832","n":"Mungakha PD","t":"bh","c":"Kakamega"}},{"type":"Feature","geometry":{"type":"Point","coordinates":[34.524127,0.297231]},"properties":{"id":"523350666","n":"ENYANGERA SOUTH PD 1","t":"pdw","c":"Kakamega"}},{"type":"Feature","geometry":{"type":"Point","coordinates":[34.543065,0.297933]},"properties":{"id":"523311638","n":"Shinambande US 1","t":"us","c":"Kakamega"}},{"type":"Feature","geometry":{"type":"Point","coordinates":[34.503645,0.321283]},"properties":{"id":"523337858","n":"EKERO A PD 14","t":"pdw","c":"Kakamega"}},{"type":"Feature","geometry":{"type":"Point","coordinates":[34.574669,0.323224]},"properties":{"id":"523272391","n":"Shianda PS 1","t":"ps","c":"Kakamega"}},{"type":"Feature","geometry":{"type":"Point","coordinates":[34.532283,0.310477]},"properties":{"id":"523255699","n":"Mulufu PD 5","t":"pdw","c":"Kakamega"}},{"type":"Feature","geometry":{"type":"Point","coordinates":[34.496086,0.309436]},"properties":{"id":"523305972","n":"EBWALIRO A PD 11","t":"pdw","c":"Kakamega"}},{"type":"Feature","geometry":{"type":"Point","coordinates":[34.570127,0.317545]},"properties":{"id":"523211075","n":"Mwisasia PD 32","t":"pdw","c":"Kakamega"}},{"type":"Feature","geometry":{"type":"Point","coordinates":[34.52734,0.298886]},"properties":{"id":"523203678","n":"Liyala PD 13","t":"us","c":"Kakamega"}},{"type":"Feature","geometry":{"type":"Point","coordinates":[34.564163,0.308057]},"properties":{"id":"523347893","n":"Lubinu US 6","t":"us","c":"Kakamega"}},{"type":"Feature","geometry":{"type":"Point","coordinates":[34.512873,0.302121]},"properties":{"id":"523199337","n":"EBUBOLE A US 7","t":"us","c":"Kakamega"}},{"type":"Feature","geometry":{"type":"Point","coordinates":[34.511503,0.2819]},"properties":{"id":"523350673","n":"Ebulembo PD 13","t":"pdw","c":"Kakamega"}},{"type":"Feature","geometry":{"type":"Point","coordinates":[34.556388,0.292686]},"properties":{"id":"523237408","n":"Emulakha PD 5","t":"pdw","c":"Kakamega"}},{"type":"Feature","geometry":{"type":"Point","coordinates":[34.516968,0.316685]},"properties":{"id":"523351313","n":"ESHIKOMOLO PD 2","t":"pdw","c":"Kakamega"}},{"type":"Feature","geometry":{"type":"Point","coordinates":[34.501992,0.309619]},"properties":{"id":"523235437","n":"EBWALIRO A PD 1","t":"pdw","c":"Kakamega"}},{"type":"Feature","geometry":{"type":"Point","coordinates":[34.541195,0.32821]},"properties":{"id":"523220954","n":"Mulimani PD2","t":"pdw","c":"Kakamega"}},{"type":"Feature","geometry":{"type":"Point","coordinates":[34.492204,0.309996]},"properties":{"id":"523351818","n":"ICHINGO PD 13","t":"pdw","c":"Kakamega"}},{"type":"Feature","geometry":{"type":"Point","coordinates":[34.551537,0.296859]},"properties":{"id":"523318257","n":"Shibinga PD 5","t":"pdw","c":"Kakamega"}},{"type":"Feature","geometry":{"type":"Point","coordinates":[34.487623,0.29784]},"properties":{"id":"523271785","n":"Elubonga A PS 5","t":"ps","c":"Kakamega"}},{"type":"Feature","geometry":{"type":"Point","coordinates":[34.530355,0.303551]},"properties":{"id":"523193836","n":"Emuberi north PD 4","t":"pdw","c":"Kakamega"}},{"type":"Feature","geometry":{"type":"Point","coordinates":[34.554949,0.316404]},"properties":{"id":"523261764","n":"Musoma PS 1","t":"ps","c":"Kakamega"}},{"type":"Feature","geometry":{"type":"Point","coordinates":[34.517944,0.299673]},"properties":{"id":"523225674","n":"EBUBOLE A PD 1","t":"pdw","c":"Kakamega"}},{"type":"Feature","geometry":{"type":"Point","coordinates":[34.534149,0.323752]},"properties":{"id":"523334219","n":"EMAKOMBE PD 12","t":"pdw","c":"Kakamega"}},{"type":"Feature","geometry":{"type":"Point","coordinates":[34.492774,0.294912]},"properties":{"id":"523295893","n":"Elubonga A PD 7","t":"pdw","c":"Kakamega"}},{"type":"Feature","geometry":{"type":"Point","coordinates":[34.567408,0.288465]},"properties":{"id":"523307376","n":"Elwasambi PD","t":"pdw","c":"Kakamega"}},{"type":"Feature","geometry":{"type":"Point","coordinates":[34.541094,0.324324]},"properties":{"id":"736923105","n":"Mwitoti  Community, Otengo spring - 420012","t":"ps","c":"Kakamega"}},{"type":"Feature","geometry":{"type":"Point","coordinates":[34.496854,0.308704]},"properties":{"id":"523352149","n":"EBWALIRO A PD 8","t":"pdw","c":"Kakamega"}},{"type":"Feature","geometry":{"type":"Point","coordinates":[34.548153,0.309285]},"properties":{"id":"523194088","n":"Wetsetse PD 7","t":"pdw","c":"Kakamega"}},{"type":"Feature","geometry":{"type":"Point","coordinates":[34.57602,0.307861]},"properties":{"id":"523289364","n":"Shilarumwa PD,5","t":"pdw","c":"Kakamega"}},{"type":"Feature","geometry":{"type":"Point","coordinates":[34.501111,0.309645]},"properties":{"id":"523249964","n":"EBWALIRO A US 2","t":"us","c":"Kakamega"}},{"type":"Feature","geometry":{"type":"Point","coordinates":[34.502204,0.319959]},"properties":{"id":"523352084","n":"EBUJWANG'A A PD 9","t":"ps","c":"Kakamega"}},{"type":"Feature","geometry":{"type":"Point","coordinates":[34.529018,0.322683]},"properties":{"id":"523270289","n":"MWITOTI B PD 11","t":"pdw","c":"Kakamega"}},{"type":"Feature","geometry":{"type":"Point","coordinates":[34.501014,0.313913]},"properties":{"id":"523278177","n":"IKOSHE PD 23","t":"pdw","c":"Kakamega"}},{"type":"Feature","geometry":{"type":"Point","coordinates":[34.568705,0.317094]},"properties":{"id":"523222138","n":"Mwisasia PD 24","t":"pdw","c":"Kakamega"}},{"type":"Feature","geometry":{"type":"Point","coordinates":[34.571316,0.315902]},"properties":{"id":"523317562","n":"Shianda A PD 9","t":"pdw","c":"Kakamega"}},{"type":"Feature","geometry":{"type":"Point","coordinates":[34.514289,0.318705]},"properties":{"id":"523212409","n":"MWITOLOKO PS 1","t":"ps","c":"Kakamega"}},{"type":"Feature","geometry":{"type":"Point","coordinates":[34.517924,0.316814]},"properties":{"id":"523259033","n":"ESHIKOMOLO PD 3","t":"pdw","c":"Kakamega"}},{"type":"Feature","geometry":{"type":"Point","coordinates":[34.55355,0.323139]},"properties":{"id":"523212564","n":"EBUCHIMBE PD 8","t":"pdw","c":"Kakamega"}},{"type":"Feature","geometry":{"type":"Point","coordinates":[34.535271,0.322755]},"properties":{"id":"523311157","n":"EMAKOMBE PD 3","t":"pdw","c":"Kakamega"}},{"type":"Feature","geometry":{"type":"Point","coordinates":[34.565216,0.320697]},"properties":{"id":"523200747","n":"MWIMANYE PD 6","t":"pdw","c":"Kakamega"}},{"type":"Feature","geometry":{"type":"Point","coordinates":[34.488491,0.30533]},"properties":{"id":"523236548","n":"ICHINGO PD 2","t":"pdw","c":"Kakamega"}},{"type":"Feature","geometry":{"type":"Point","coordinates":[34.510907,0.319541]},"properties":{"id":"523351344","n":"MWIKALI PD 10","t":"pdw","c":"Kakamega"}},{"type":"Feature","geometry":{"type":"Point","coordinates":[34.505782,0.320733]},"properties":{"id":"523227748","n":"EBUTINGO PD 13","t":"pdw","c":"Kakamega"}},{"type":"Feature","geometry":{"type":"Point","coordinates":[34.566021,0.319788]},"properties":{"id":"523349668","n":"MWIMANYE PD 23","t":"pdw","c":"Kakamega"}},{"type":"Feature","geometry":{"type":"Point","coordinates":[34.587567,0.30042]},"properties":{"id":"47025327","n":"Mungakha, Asena Spring - 18314","t":"ps","c":"Kakamega"}},{"type":"Feature","geometry":{"type":"Point","coordinates":[34.567574,0.319557]},"properties":{"id":"523196994","n":"MWIMANYE PD 25","t":"pdw","c":"Kakamega"}},{"type":"Feature","geometry":{"type":"Point","coordinates":[34.573329,0.315648]},"properties":{"id":"523227638","n":"Shianda A PD 26","t":"pdw","c":"Kakamega"}},{"type":"Feature","geometry":{"type":"Point","coordinates":[34.530678,0.304239]},"properties":{"id":"523286842","n":"Emuberi north PD 3","t":"pdw","c":"Kakamega"}},{"type":"Feature","geometry":{"type":"Point","coordinates":[34.529847,0.322596]},"properties":{"id":"523235279","n":"MWITOTI B PD 7","t":"pdw","c":"Kakamega"}},{"type":"Feature","geometry":{"type":"Point","coordinates":[34.553203,0.280625]},"properties":{"id":"552713625","n":"Elwakana Community, Atitwa Spring - 23308","t":"ps","c":"Kakamega"}},{"type":"Feature","geometry":{"type":"Point","coordinates":[34.537365,0.296007]},"properties":{"id":"523352723","n":"Mwichina PS 1","t":"ps","c":"Kakamega"}},{"type":"Feature","geometry":{"type":"Point","coordinates":[34.527283,0.323237]},"properties":{"id":"523237903","n":"EBUTOBE PD 3","t":"pdw","c":"Kakamega"}},{"type":"Feature","geometry":{"type":"Point","coordinates":[34.513572,0.300446]},"properties":{"id":"523210483","n":"EBUBOLE A PD 8","t":"pdw","c":"Kakamega"}},{"type":"Feature","geometry":{"type":"Point","coordinates":[34.547153,0.327782]},"properties":{"id":"523225832","n":"Emusoma PD6","t":"pdw","c":"Kakamega"}},{"type":"Feature","geometry":{"type":"Point","coordinates":[34.543263,0.31396]},"properties":{"id":"523222884","n":"Khwihondwe PD 3","t":"pdw","c":"Kakamega"}},{"type":"Feature","geometry":{"type":"Point","coordinates":[34.560363,0.289258]},"properties":{"id":"523262040","n":"Shibinga A PD 12","t":"pdw","c":"Kakamega"}},{"type":"Feature","geometry":{"type":"Point","coordinates":[34.581332,0.30624]},"properties":{"id":"523321934","n":"Shilarumwa PD'3","t":"pdw","c":"Kakamega"}},{"type":"Feature","geometry":{"type":"Point","coordinates":[34.507478,0.295027]},"properties":{"id":"523264248","n":"Khwiondwe PD 7","t":"pdw","c":"Kakamega"}},{"type":"Feature","geometry":{"type":"Point","coordinates":[34.496379,0.306673]},"properties":{"id":"523331797","n":"EBWALIRO A PD 6","t":"pdw","c":"Kakamega"}},{"type":"Feature","geometry":{"type":"Point","coordinates":[34.498844,0.309832]},"properties":{"id":"523198862","n":"EBWALIRO A PD 6","t":"pdw","c":"Kakamega"}},{"type":"Feature","geometry":{"type":"Point","coordinates":[34.503112,0.315869]},"properties":{"id":"523232410","n":"IKOSHE PD 28","t":"pdw","c":"Kakamega"}},{"type":"Feature","geometry":{"type":"Point","coordinates":[34.524949,0.315782]},"properties":{"id":"523264592","n":"EMALISHIRA PD 16","t":"pdw","c":"Kakamega"}},{"type":"Feature","geometry":{"type":"Point","coordinates":[34.502384,0.316068]},"properties":{"id":"523351911","n":"IKOSHE PD 27","t":"pdw","c":"Kakamega"}},{"type":"Feature","geometry":{"type":"Point","coordinates":[34.530394,0.32521]},"properties":{"id":"523286907","n":"MWITOTI A 5","t":"pdw","c":"Kakamega"}},{"type":"Feature","geometry":{"type":"Point","coordinates":[34.546587,0.318829]},"properties":{"id":"523196303","n":"Shanderema PS 1","t":"ps","c":"Kakamega"}},{"type":"Feature","geometry":{"type":"Point","coordinates":[34.539316,0.289722]},"properties":{"id":"523333304","n":"Indoli PD 2","t":"pdw","c":"Kakamega"}},{"type":"Feature","geometry":{"type":"Point","coordinates":[34.562792,0.315786]},"properties":{"id":"523304191","n":"Khulwanda PD 15","t":"pdw","c":"Kakamega"}},{"type":"Feature","geometry":{"type":"Point","coordinates":[34.518552,0.308356]},"properties":{"id":"523340999","n":"MULUSIOLO PD 7","t":"pdw","c":"Kakamega"}},{"type":"Feature","geometry":{"type":"Point","coordinates":[34.503896,0.302925]},"properties":{"id":"523298449","n":"EMAHANGA B PS 12","t":"ps","c":"Kakamega"}},{"type":"Feature","geometry":{"type":"Point","coordinates":[34.567249,0.319046]},"properties":{"id":"523350226","n":"MWIMANYE PD 27","t":"pdw","c":"Kakamega"}},{"type":"Feature","geometry":{"type":"Point","coordinates":[34.503212,0.309383]},"properties":{"id":"523311511","n":"EBWALIRO A PD 23","t":"pdw","c":"Kakamega"}},{"type":"Feature","geometry":{"type":"Point","coordinates":[34.530551,0.313532]},"properties":{"id":"523302113","n":"Mulufu PD 9","t":"pdw","c":"Kakamega"}},{"type":"Feature","geometry":{"type":"Point","coordinates":[34.518224,0.298951]},"properties":{"id":"523324906","n":"EBUBOLE B BH 4","t":"bh","c":"Kakamega"}},{"type":"Feature","geometry":{"type":"Point","coordinates":[34.504777,0.305708]},"properties":{"id":"523207627","n":"EMAHANGA B PD 2","t":"pdw","c":"Kakamega"}},{"type":"Feature","geometry":{"type":"Point","coordinates":[34.548326,0.318943]},"properties":{"id":"523283681","n":"Mwiyala PD 4","t":"pdw","c":"Kakamega"}},{"type":"Feature","geometry":{"type":"Point","coordinates":[34.525642,0.328202]},"properties":{"id":"523227487","n":"Eshifuyo B PD3","t":"pdw","c":"Kakamega"}},{"type":"Feature","geometry":{"type":"Point","coordinates":[34.500109,0.318413]},"properties":{"id":"523254241","n":"EBUJWANG'A A PD 15","t":"pdw","c":"Kakamega"}},{"type":"Feature","geometry":{"type":"Point","coordinates":[34.56285,0.288323]},"properties":{"id":"523336785","n":"Elwasambi PS 6","t":"ps","c":"Kakamega"}},{"type":"Feature","geometry":{"type":"Point","coordinates":[34.565549,0.326584]},"properties":{"id":"523325921","n":"Busimbiro PS 2","t":"ps","c":"Kakamega"}},{"type":"Feature","geometry":{"type":"Point","coordinates":[34.493404,0.31346]},"properties":{"id":"523281744","n":"IKOSHE PD 8","t":"pdw","c":"Kakamega"}},{"type":"Feature","geometry":{"type":"Point","coordinates":[34.521385,0.306638]},"properties":{"id":"523293987","n":"MULUSIOLO US 19","t":"us","c":"Kakamega"}},{"type":"Feature","geometry":{"type":"Point","coordinates":[34.506038,0.2921]},"properties":{"id":"3749386","n":"St. Stephens Kamashia Secondary School Hand-Dug Well - 4195","t":"pdw","c":"Kakamega"}},{"type":"Feature","geometry":{"type":"Point","coordinates":[34.506174,0.312024]},"properties":{"id":"523252751","n":"ESHIKWENYI PD 10","t":"pdw","c":"Kakamega"}},{"type":"Feature","geometry":{"type":"Point","coordinates":[34.537482,0.331352]},"properties":{"id":"523312309","n":"Khulwanda UD3","t":"udw","c":"Kakamega"}},{"type":"Feature","geometry":{"type":"Point","coordinates":[34.527651,0.311784]},"properties":{"id":"523226156","n":"Mulufu US 1","t":"us","c":"Kakamega"}},{"type":"Feature","geometry":{"type":"Point","coordinates":[34.55738,0.316961]},"properties":{"id":"523290489","n":"Musoma PD 19","t":"pdw","c":"Kakamega"}},{"type":"Feature","geometry":{"type":"Point","coordinates":[34.502855,0.318798]},"properties":{"id":"523322870","n":"EBUJWANG'A A PD 18","t":"pdw","c":"Kakamega"}},{"type":"Feature","geometry":{"type":"Point","coordinates":[34.57307,0.30317]},"properties":{"id":"272019821","n":"Mushirongo Community, Were Spring - 21312","t":"ps","c":"Kakamega"}},{"type":"Feature","geometry":{"type":"Point","coordinates":[34.544996,0.311162]},"properties":{"id":"523256779","n":"Wetsetse PS 2","t":"ps","c":"Kakamega"}},{"type":"Feature","geometry":{"type":"Point","coordinates":[34.577945,0.298253]},"properties":{"id":"523317957","n":"shitoto A US 10","t":"us","c":"Kakamega"}},{"type":"Feature","geometry":{"type":"Point","coordinates":[34.497365,0.307159]},"properties":{"id":"523318673","n":"EBWALIRO A PD 7","t":"pdw","c":"Kakamega"}},{"type":"Feature","geometry":{"type":"Point","coordinates":[34.551749,0.286374]},"properties":{"id":"523281483","n":"Shibinga A PD 16","t":"pdw","c":"Kakamega"}},{"type":"Feature","geometry":{"type":"Point","coordinates":[34.561485,0.312768]},"properties":{"id":"523218917","n":"Lubinu PD 12","t":"pdw","c":"Kakamega"}},{"type":"Feature","geometry":{"type":"Point","coordinates":[34.548319,0.30803]},"properties":{"id":"523204710","n":"Wetsetse PD 5","t":"pdw","c":"Kakamega"}},{"type":"Feature","geometry":{"type":"Point","coordinates":[34.502989,0.306115]},"properties":{"id":"523195230","n":"EMAHANGA B PD 6","t":"pdw","c":"Kakamega"}},{"type":"Feature","geometry":{"type":"Point","coordinates":[34.56424,0.293633]},"properties":{"id":"523220253","n":"Emalingana PS 4","t":"ps","c":"Kakamega"}},{"type":"Feature","geometry":{"type":"Point","coordinates":[34.562835,0.316305]},"properties":{"id":"523224336","n":"Khulwanda PD 14","t":"pdw","c":"Kakamega"}},{"type":"Feature","geometry":{"type":"Point","coordinates":[34.523534,0.314251]},"properties":{"id":"523304641","n":"EMALISHIRA PD 19","t":"pdw","c":"Kakamega"}},{"type":"Feature","geometry":{"type":"Point","coordinates":[34.499751,0.30195]},"properties":{"id":"523351832","n":"EBULINJI PD 6","t":"pdw","c":"Kakamega"}},{"type":"Feature","geometry":{"type":"Point","coordinates":[34.517963,0.320439]},"properties":{"id":"523314284","n":"ESHIKOMOLO PD 11","t":"pdw","c":"Kakamega"}},{"type":"Feature","geometry":{"type":"Point","coordinates":[34.547978,0.306747]},"properties":{"id":"523240903","n":"Wetsetse PD 2","t":"pdw","c":"Kakamega"}},{"type":"Feature","geometry":{"type":"Point","coordinates":[34.570415,0.31603]},"properties":{"id":"523264578","n":"Mwisasia PD 28","t":"pdw","c":"Kakamega"}},{"type":"Feature","geometry":{"type":"Point","coordinates":[34.512877,0.319576]},"properties":{"id":"523213008","n":"MWIKALI PS 5","t":"ps","c":"Kakamega"}},{"type":"Feature","geometry":{"type":"Point","coordinates":[34.523507,0.328055]},"properties":{"id":"523270588","n":"Shifuyo A PD8","t":"pdw","c":"Kakamega"}},{"type":"Feature","geometry":{"type":"Point","coordinates":[34.570232,0.316635]},"properties":{"id":"523293396","n":"Mwisasia PD 29","t":"pdw","c":"Kakamega"}},{"type":"Feature","geometry":{"type":"Point","coordinates":[34.527108,0.297917]},"properties":{"id":"523197593","n":"ENYANGERA CENTRAL PS 1","t":"ps","c":"Kakamega"}},{"type":"Feature","geometry":{"type":"Point","coordinates":[34.555017,0.317745]},"properties":{"id":"523298054","n":"Musoma PD 22","t":"pdw","c":"Kakamega"}},{"type":"Feature","geometry":{"type":"Point","coordinates":[34.571437,0.290893]},"properties":{"id":"523277530","n":"Emusaka PD 12","t":"pdw","c":"Kakamega"}},{"type":"Feature","geometry":{"type":"Point","coordinates":[34.553821,0.286558]},"properties":{"id":"523348681","n":"Elwakana A PS 1","t":"ps","c":"Kakamega"}},{"type":"Feature","geometry":{"type":"Point","coordinates":[34.519526,0.307726]},"properties":{"id":"523233655","n":"MULUSIOLO PD 11","t":"pdw","c":"Kakamega"}},{"type":"Feature","geometry":{"type":"Point","coordinates":[34.53845,0.305488]},"properties":{"id":"523263443","n":"Lusheya east PD 4","t":"pdw","c":"Kakamega"}},{"type":"Feature","geometry":{"type":"Point","coordinates":[34.57893,0.295613]},"properties":{"id":"523233260","n":"Shitoto B PD 15","t":"pdw","c":"Kakamega"}},{"type":"Feature","geometry":{"type":"Point","coordinates":[34.573215,0.31407]},"properties":{"id":"523324511","n":"Shianda A PS 25","t":"ps","c":"Kakamega"}},{"type":"Feature","geometry":{"type":"Point","coordinates":[34.506085,0.298135]},"properties":{"id":"523334192","n":"EBUYONI PD 10","t":"pdw","c":"Kakamega"}},{"type":"Feature","geometry":{"type":"Point","coordinates":[34.529496,0.282221]},"properties":{"id":"523209681","n":"Indangalasia PD 6","t":"pdw","c":"Kakamega"}},{"type":"Feature","geometry":{"type":"Point","coordinates":[34.510285,0.289334]},"properties":{"id":"523329994","n":"Kamashia A BH 4","t":"bh","c":"Kakamega"}},{"type":"Feature","geometry":{"type":"Point","coordinates":[34.550156,0.303653]},"properties":{"id":"523346153","n":"Mwikunda PD 3","t":"ps","c":"Kakamega"}},{"type":"Feature","geometry":{"type":"Point","coordinates":[34.509157,0.28851]},"properties":{"id":"523280891","n":"kamashia A PD 5","t":"pdw","c":"Kakamega"}},{"type":"Feature","geometry":{"type":"Point","coordinates":[34.514563,0.303084]},"properties":{"id":"523205003","n":"EBUBOLE A PS 5","t":"ps","c":"Kakamega"}},{"type":"Feature","geometry":{"type":"Point","coordinates":[34.506495,0.310835]},"properties":{"id":"523351935","n":"ESHIKWENYI PD 21","t":"pdw","c":"Kakamega"}},{"type":"Feature","geometry":{"type":"Point","coordinates":[34.539345,0.28163]},"properties":{"id":"523328113","n":"Indoli PD 4","t":"pdw","c":"Kakamega"}},{"type":"Feature","geometry":{"type":"Point","coordinates":[34.527819,0.32249]},"properties":{"id":"523209306","n":"EBUTOBE PD 8","t":"pdw","c":"Kakamega"}},{"type":"Feature","geometry":{"type":"Point","coordinates":[34.49302,0.311026]},"properties":{"id":"523300984","n":"IKOSHE PS 2","t":"ps","c":"Kakamega"}},{"type":"Feature","geometry":{"type":"Point","coordinates":[34.557195,0.315655]},"properties":{"id":"523268558","n":"Musoma PD 16","t":"pdw","c":"Kakamega"}},{"type":"Feature","geometry":{"type":"Point","coordinates":[34.504129,0.298991]},"properties":{"id":"523281012","n":"EMAHANGA B PD 15","t":"pdw","c":"Kakamega"}},{"type":"Feature","geometry":{"type":"Point","coordinates":[34.51811,0.32364]},"properties":{"id":"17388399","n":"Eshitowa Community - 4805","t":"bh","c":"Kakamega"}},{"type":"Feature","geometry":{"type":"Point","coordinates":[34.58684,0.301883]},"properties":{"id":"523265414","n":"Mungakha PD","t":"bh","c":"Kakamega"}},{"type":"Feature","geometry":{"type":"Point","coordinates":[34.500192,0.306535]},"properties":{"id":"523290513","n":"EBWALIRO A PD 13","t":"pdw","c":"Kakamega"}},{"type":"Feature","geometry":{"type":"Point","coordinates":[34.503619,0.293359]},"properties":{"id":"523319100","n":"Kamashia B PD 8","t":"pdw","c":"Kakamega"}},{"type":"Feature","geometry":{"type":"Point","coordinates":[34.5526,0.299906]},"properties":{"id":"523224051","n":"Shibinga PD 11","t":"pdw","c":"Kakamega"}},{"type":"Feature","geometry":{"type":"Point","coordinates":[34.528801,0.309098]},"properties":{"id":"523271314","n":"Emuberi north PD 12","t":"pdw","c":"Kakamega"}},{"type":"Feature","geometry":{"type":"Point","coordinates":[34.564417,0.314589]},"properties":{"id":"523243834","n":"Mwisasia PD 5","t":"pdw","c":"Kakamega"}},{"type":"Feature","geometry":{"type":"Point","coordinates":[34.524208,0.32576]},"properties":{"id":"523206152","n":"Shifuyo A PD1","t":"pdw","c":"Kakamega"}},{"type":"Feature","geometry":{"type":"Point","coordinates":[34.534706,0.303536]},"properties":{"id":"523335856","n":"Lusheya west PS 1","t":"ps","c":"Kakamega"}},{"type":"Feature","geometry":{"type":"Point","coordinates":[34.513341,0.282585]},"properties":{"id":"523245379","n":"Ebulembo PD 11","t":"pdw","c":"Kakamega"}},{"type":"Feature","geometry":{"type":"Point","coordinates":[34.514037,0.287583]},"properties":{"id":"523193654","n":"Ebulembo PD1","t":"pdw","c":"Kakamega"}},{"type":"Feature","geometry":{"type":"Point","coordinates":[34.530732,0.288774]},"properties":{"id":"523261355","n":"Mwikabaniro PD 4","t":"pdw","c":"Kakamega"}},{"type":"Feature","geometry":{"type":"Point","coordinates":[34.509289,0.312328]},"properties":{"id":"523330631","n":"MWIKALI PD 19","t":"pdw","c":"Kakamega"}},{"type":"Feature","geometry":{"type":"Point","coordinates":[34.570625,0.317588]},"properties":{"id":"523278081","n":"Shianda A PD 4","t":"pdw","c":"Kakamega"}},{"type":"Feature","geometry":{"type":"Point","coordinates":[34.516097,0.309641]},"properties":{"id":"523333483","n":"EMWAKU PD 13","t":"pdw","c":"Kakamega"}},{"type":"Feature","geometry":{"type":"Point","coordinates":[34.553542,0.296517]},"properties":{"id":"523222444","n":"Emulakha PS 1","t":"ps","c":"Kakamega"}},{"type":"Feature","geometry":{"type":"Point","coordinates":[34.569319,0.305964]},"properties":{"id":"523284266","n":"Khunyiri PS 2","t":"ps","c":"Kakamega"}},{"type":"Feature","geometry":{"type":"Point","coordinates":[34.582165,0.297184]},"properties":{"id":"523193001","n":"Shitoto B PD 18","t":"pdw","c":"Kakamega"}},{"type":"Feature","geometry":{"type":"Point","coordinates":[34.546235,0.322287]},"properties":{"id":"523345365","n":"KISUMU NDOGO PS 14","t":"ps","c":"Kakamega"}},{"type":"Feature","geometry":{"type":"Point","coordinates":[34.54335,0.323574]},"properties":{"id":"523323967","n":"KISUMU NDOGO PS 11","t":"ps","c":"Kakamega"}},{"type":"Feature","geometry":{"type":"Point","coordinates":[34.530586,0.286521]},"properties":{"id":"523326946","n":"Mwikabaniro PD 3","t":"pdw","c":"Kakamega"}},{"type":"Feature","geometry":{"type":"Point","coordinates":[34.544825,0.322799]},"properties":{"id":"523221326","n":"KISUMU NDOGO PD 13","t":"pdw","c":"Kakamega"}},{"type":"Feature","geometry":{"type":"Point","coordinates":[34.568109,0.28917]},"properties":{"id":"523236861","n":"Musaka PD 17","t":"pdw","c":"Kakamega"}},{"type":"Feature","geometry":{"type":"Point","coordinates":[34.569992,0.292745]},"properties":{"id":"523265342","n":"Emalingana PD 16","t":"pdw","c":"Kakamega"}},{"type":"Feature","geometry":{"type":"Point","coordinates":[34.563636,0.309865]},"properties":{"id":"523231347","n":"Lubinu PD 8","t":"pdw","c":"Kakamega"}},{"type":"Feature","geometry":{"type":"Point","coordinates":[34.55489,0.317421]},"properties":{"id":"523194758","n":"Musoma PD 23","t":"pdw","c":"Kakamega"}},{"type":"Feature","geometry":{"type":"Point","coordinates":[34.546857,0.302616]},"properties":{"id":"523218034","n":"Mwikunda PD 2","t":"pdw","c":"Kakamega"}},{"type":"Feature","geometry":{"type":"Point","coordinates":[34.574397,0.291235]},"properties":{"id":"523206420","n":"Mulwanda PD 15","t":"pdw","c":"Kakamega"}},{"type":"Feature","geometry":{"type":"Point","coordinates":[34.520438,0.316367]},"properties":{"id":"523277822","n":"ENYAMOSO 7","t":"pdw","c":"Kakamega"}},{"type":"Feature","geometry":{"type":"Point","coordinates":[34.552267,0.298613]},"properties":{"id":"523270959","n":"Shibinga PD 8","t":"pdw","c":"Kakamega"}},{"type":"Feature","geometry":{"type":"Point","coordinates":[34.505227,0.323068]},"properties":{"id":"523208082","n":"EKERO B PD 1","t":"pdw","c":"Kakamega"}},{"type":"Feature","geometry":{"type":"Point","coordinates":[34.508294,0.297334]},"properties":{"id":"523345073","n":"EMWANDA PD 6","t":"pdw","c":"Kakamega"}},{"type":"Feature","geometry":{"type":"Point","coordinates":[34.505468,0.323744]},"properties":{"id":"523344900","n":"EKERO A PD 1","t":"pdw","c":"Kakamega"}},{"type":"Feature","geometry":{"type":"Point","coordinates":[34.506465,0.322621]},"properties":{"id":"523352015","n":"EKERO B PD 4","t":"pdw","c":"Kakamega"}},{"type":"Feature","geometry":{"type":"Point","coordinates":[34.55062,0.290111]},"properties":{"id":"523311535","n":"Shibinga B PD 2","t":"pdw","c":"Kakamega"}},{"type":"Feature","geometry":{"type":"Point","coordinates":[34.522798,0.31304]},"properties":{"id":"523252191","n":"EMALISHIRA PD 22","t":"pdw","c":"Kakamega"}},{"type":"Feature","geometry":{"type":"Point","coordinates":[34.530944,0.306924]},"properties":{"id":"523235963","n":"Emuberi north PS 3","t":"ps","c":"Kakamega"}},{"type":"Feature","geometry":{"type":"Point","coordinates":[34.518528,0.298518]},"properties":{"id":"523268675","n":"EBUTOBE PD 9","t":"pdw","c":"Kakamega"}},{"type":"Feature","geometry":{"type":"Point","coordinates":[34.529109,0.323852]},"properties":{"id":"523314758","n":"MWITOTI B PD 4","t":"pdw","c":"Kakamega"}},{"type":"Feature","geometry":{"type":"Point","coordinates":[34.516514,0.314341]},"properties":{"id":"523197452","n":"EMATSANZA PD 2","t":"pdw","c":"Kakamega"}},{"type":"Feature","geometry":{"type":"Point","coordinates":[34.543471,0.316065]},"properties":{"id":"519979178","n":"St. Lukes Ack Shanderema Mixed Secondary School - 22411","t":"bh","c":"Kakamega","d":15.0}},{"type":"Feature","geometry":{"type":"Point","coordinates":[34.549551,0.291683]},"properties":{"id":"523256724","n":"Shibinga B PD 4","t":"pdw","c":"Kakamega"}},{"type":"Feature","geometry":{"type":"Point","coordinates":[34.565803,0.322139]},"properties":{"id":"523319155","n":"Busimbiro PD 34","t":"pdw","c":"Kakamega"}},{"type":"Feature","geometry":{"type":"Point","coordinates":[34.501065,0.303453]},"properties":{"id":"523351674","n":"EMAHANGA A PD 15","t":"pdw","c":"Kakamega"}},{"type":"Feature","geometry":{"type":"Point","coordinates":[34.52012,0.307055]},"properties":{"id":"523288198","n":"MULUSIOLO PD 18","t":"pdw","c":"Kakamega"}},{"type":"Feature","geometry":{"type":"Point","coordinates":[34.532667,0.28573]},"properties":{"id":"523198556","n":"Mwikabaniro PD 1","t":"pdw","c":"Kakamega"}},{"type":"Feature","geometry":{"type":"Point","coordinates":[34.554613,0.30184]},"properties":{"id":"523327040","n":"Mushikulu A PD 3","t":"pdw","c":"Kakamega"}},{"type":"Feature","geometry":{"type":"Point","coordinates":[34.573118,0.307792]},"properties":{"id":"523301600","n":"Khunyiri PD 10","t":"pdw","c":"Kakamega"}},{"type":"Feature","geometry":{"type":"Point","coordinates":[34.566973,0.320133]},"properties":{"id":"523211707","n":"MWIMANYE PD 32","t":"pdw","c":"Kakamega"}},{"type":"Feature","geometry":{"type":"Point","coordinates":[34.533806,0.322722]},"properties":{"id":"523288291","n":"EMAKOMBE PD 8","t":"pdw","c":"Kakamega"}},{"type":"Feature","geometry":{"type":"Point","coordinates":[34.535514,0.307978]},"properties":{"id":"523261472","n":"Lusheya west PD 2","t":"pdw","c":"Kakamega"}},{"type":"Feature","geometry":{"type":"Point","coordinates":[34.545373,0.279444]},"properties":{"id":"523210036","n":"Shiandaingo PD 2","t":"pdw","c":"Kakamega"}},{"type":"Feature","geometry":{"type":"Point","coordinates":[34.55876,0.31133]},"properties":{"id":"3749726","n":"Decommissioned 2019 - Lubinu Primary School Hand-Dug Well","t":"pdw","c":"Kakamega"}},{"type":"Feature","geometry":{"type":"Point","coordinates":[34.540742,0.277065]},"properties":{"id":"523270052","n":"Emaira PD 9","t":"pdw","c":"Kakamega"}},{"type":"Feature","geometry":{"type":"Point","coordinates":[34.567021,0.293827]},"properties":{"id":"523196293","n":"Emalingana PD 9","t":"pdw","c":"Kakamega"}},{"type":"Feature","geometry":{"type":"Point","coordinates":[34.497524,0.302053]},"properties":{"id":"523351849","n":"EBULINJI PD 15","t":"pdw","c":"Kakamega"}},{"type":"Feature","geometry":{"type":"Point","coordinates":[34.571697,0.305874]},"properties":{"id":"523294036","n":"Khunyiri PD 5","t":"pdw","c":"Kakamega"}},{"type":"Feature","geometry":{"type":"Point","coordinates":[34.551103,0.283781]},"properties":{"id":"523199643","n":"Eshiambale PD 1","t":"pdw","c":"Kakamega"}},{"type":"Feature","geometry":{"type":"Point","coordinates":[34.57579,0.306984]},"properties":{"id":"523224769","n":"Shitoto A PD 17","t":"pdw","c":"Kakamega"}},{"type":"Feature","geometry":{"type":"Point","coordinates":[34.568663,0.316488]},"properties":{"id":"523226204","n":"Mwisasia PD 20","t":"pdw","c":"Kakamega"}},{"type":"Feature","geometry":{"type":"Point","coordinates":[34.501063,0.322936]},"properties":{"id":"523235860","n":"EBUJWANG'A A PS 3","t":"ps","c":"Kakamega"}},{"type":"Feature","geometry":{"type":"Point","coordinates":[34.50791,0.296991]},"properties":{"id":"523335643","n":"EMWANDA PD 7","t":"pdw","c":"Kakamega"}},{"type":"Feature","geometry":{"type":"Point","coordinates":[34.524098,0.311205]},"properties":{"id":"523192440","n":"EMALISHIRA PS 24","t":"ps","c":"Kakamega"}},{"type":"Feature","geometry":{"type":"Point","coordinates":[34.517229,0.312375]},"properties":{"id":"523211549","n":"EMWAKU PD 18","t":"pdw","c":"Kakamega"}},{"type":"Feature","geometry":{"type":"Point","coordinates":[34.570331,0.323803]},"properties":{"id":"523245537","n":"Shianda 31","t":"pdw","c":"Kakamega"}},{"type":"Feature","geometry":{"type":"Point","coordinates":[34.50515,0.32032]},"properties":{"id":"523219530","n":"EKERO B PD 17","t":"pdw","c":"Kakamega"}},{"type":"Feature","geometry":{"type":"Point","coordinates":[34.572579,0.322133]},"properties":{"id":"523248011","n":"Shianda PD 32","t":"pdw","c":"Kakamega"}},{"type":"Feature","geometry":{"type":"Point","coordinates":[34.524393,0.326695]},"properties":{"id":"523350934","n":"Eshifuyo B PD8","t":"pdw","c":"Kakamega"}},{"type":"Feature","geometry":{"type":"Point","coordinates":[34.559682,0.288995]},"properties":{"id":"523255709","n":"Shibinga A PD 10","t":"pdw","c":"Kakamega"}},{"type":"Feature","geometry":{"type":"Point","coordinates":[34.52915,0.282733]},"properties":{"id":"523227047","n":"Indangalasia PD 4","t":"pdw","c":"Kakamega"}},{"type":"Feature","geometry":{"type":"Point","coordinates":[34.496343,0.303551]},"properties":{"id":"523294809","n":"EBULINJI PS 12","t":"ps","c":"Kakamega"}},{"type":"Feature","geometry":{"type":"Point","coordinates":[34.572408,0.319891]},"properties":{"id":"523262875","n":"ShiandaPD35","t":"pdw","c":"Kakamega"}},{"type":"Feature","geometry":{"type":"Point","coordinates":[34.528726,0.325067]},"properties":{"id":"523351289","n":"MWITOTI B PD 2","t":"pdw","c":"Kakamega"}},{"type":"Feature","geometry":{"type":"Point","coordinates":[34.548188,0.323787]},"properties":{"id":"523306760","n":"KISUMU NDOGO PD 18","t":"pdw","c":"Kakamega"}},{"type":"Feature","geometry":{"type":"Point","coordinates":[34.562828,0.311818]},"properties":{"id":"523330057","n":"Lubinu PD 11","t":"pdw","c":"Kakamega"}},{"type":"Feature","geometry":{"type":"Point","coordinates":[34.497118,0.299326]},"properties":{"id":"523225117","n":"EBULINJI PD 18","t":"pdw","c":"Kakamega"}},{"type":"Feature","geometry":{"type":"Point","coordinates":[34.547864,0.313203]},"properties":{"id":"523292539","n":"Khwihondwe PD 5","t":"pdw","c":"Kakamega"}},{"type":"Feature","geometry":{"type":"Point","coordinates":[34.567266,0.32022]},"properties":{"id":"523307369","n":"MWIMANYE PD 33","t":"pdw","c":"Kakamega"}},{"type":"Feature","geometry":{"type":"Point","coordinates":[34.532238,0.321613]},"properties":{"id":"523248303","n":"MWITOTI A PS 11","t":"ps","c":"Kakamega"}},{"type":"Feature","geometry":{"type":"Point","coordinates":[34.587122,0.299178]},"properties":{"id":"523347532","n":"Mungakha PD","t":"pdw","c":"Kakamega"}},{"type":"Feature","geometry":{"type":"Point","coordinates":[34.494568,0.305462]},"properties":{"id":"3749898","n":"Ebwaliro Community - 4201","t":"bh","c":"Kakamega"}},{"type":"Feature","geometry":{"type":"Point","coordinates":[34.558156,0.304875]},"properties":{"id":"523325938","n":"Lubinu PD 17","t":"pdw","c":"Kakamega"}},{"type":"Feature","geometry":{"type":"Point","coordinates":[34.561599,0.29258]},"properties":{"id":"523323163","n":"Emulakha PD 10","t":"pdw","c":"Kakamega"}},{"type":"Feature","geometry":{"type":"Point","coordinates":[34.546676,0.309631]},"properties":{"id":"523229331","n":"Wetsetse PS 1","t":"ps","c":"Kakamega"}},{"type":"Feature","geometry":{"type":"Point","coordinates":[34.508612,0.320063]},"properties":{"id":"523332224","n":"MWIKALI PD 2","t":"pdw","c":"Kakamega"}},{"type":"Feature","geometry":{"type":"Point","coordinates":[34.52055,0.285529]},"properties":{"id":"523316468","n":"Mukhome PD1","t":"pdw","c":"Kakamega"}},{"type":"Feature","geometry":{"type":"Point","coordinates":[34.567007,0.322192]},"properties":{"id":"523300726","n":"Busimbiro PD 33","t":"pdw","c":"Kakamega"}},{"type":"Feature","geometry":{"type":"Point","coordinates":[34.53043,0.307064]},"properties":{"id":"523239345","n":"Emuberi PS 2","t":"ps","c":"Kakamega"}},{"type":"Feature","geometry":{"type":"Point","coordinates":[34.553688,0.320672]},"properties":{"id":"523308212","n":"EBUCHEMBE PD 1","t":"pdw","c":"Kakamega"}},{"type":"Feature","geometry":{"type":"Point","coordinates":[34.545082,0.28775]},"properties":{"id":"523196767","n":"Shibinga B PS 4","t":"ps","c":"Kakamega"}},{"type":"Feature","geometry":{"type":"Point","coordinates":[34.573709,0.325166]},"properties":{"id":"84829454","n":"Shianda Township Community, Olingo Spring - 20021","t":"ps","c":"Kakamega"}},{"type":"Feature","geometry":{"type":"Point","coordinates":[34.50015,0.300637]},"properties":{"id":"523195766","n":"EMAHANGA A PD 5","t":"pdw","c":"Kakamega"}},{"type":"Feature","geometry":{"type":"Point","coordinates":[34.525398,0.317549]},"properties":{"id":"523333610","n":"EMALISHIRA PS 13","t":"ps","c":"Kakamega"}},{"type":"Feature","geometry":{"type":"Point","coordinates":[34.506248,0.297581]},"properties":{"id":"523327978","n":"EBUYONI PD 12","t":"pdw","c":"Kakamega"}},{"type":"Feature","geometry":{"type":"Point","coordinates":[34.514648,0.28026]},"properties":{"id":"523346373","n":"Ebulembo PS 15","t":"ps","c":"Kakamega"}},{"type":"Feature","geometry":{"type":"Point","coordinates":[34.546815,0.288461]},"properties":{"id":"523274087","n":"Shibinga B PD 7","t":"pdw","c":"Kakamega"}},{"type":"Feature","geometry":{"type":"Point","coordinates":[34.516514,0.283826]},"properties":{"id":"523318714","n":"Ebulembo PD 18","t":"pdw","c":"Kakamega"}},{"type":"Feature","geometry":{"type":"Point","coordinates":[34.534219,0.314418]},"properties":{"id":"523344838","n":"Mulufu PD 15","t":"pdw","c":"Kakamega"}},{"type":"Feature","geometry":{"type":"Point","coordinates":[34.514301,0.306773]},"properties":{"id":"523327583","n":"EMWAKU PS 3","t":"ps","c":"Kakamega"}},{"type":"Feature","geometry":{"type":"Point","coordinates":[34.505271,0.305676]},"properties":{"id":"523280918","n":"EBUYONI PD 1","t":"pdw","c":"Kakamega"}},{"type":"Feature","geometry":{"type":"Point","coordinates":[34.558665,0.296457]},"properties":{"id":"523297802","n":"Emulakha PD 15","t":"pdw","c":"Kakamega"}},{"type":"Feature","geometry":{"type":"Point","coordinates":[34.491166,0.30738]},"properties":{"id":"523248688","n":"ICHINGO PD 14","t":"pdw","c":"Kakamega"}},{"type":"Feature","geometry":{"type":"Point","coordinates":[34.571,0.326532]},"properties":{"id":"523253604","n":"Busimbiro PD 12","t":"udw","c":"Kakamega"}},{"type":"Feature","geometry":{"type":"Point","coordinates":[34.505995,0.310441]},"properties":{"id":"523351942","n":"ESHIKWENYI PD 22","t":"pdw","c":"Kakamega"}},{"type":"Feature","geometry":{"type":"Point","coordinates":[34.496997,0.301864]},"properties":{"id":"523284802","n":"EBULINJI PD 16","t":"pdw","c":"Kakamega"}},{"type":"Feature","geometry":{"type":"Point","coordinates":[34.567263,0.313925]},"properties":{"id":"523303341","n":"Mwisasia PD 9","t":"pdw","c":"Kakamega"}},{"type":"Feature","geometry":{"type":"Point","coordinates":[34.51615,0.308962]},"properties":{"id":"523215141","n":"EMWAKU PD 12","t":"pdw","c":"Kakamega"}},{"type":"Feature","geometry":{"type":"Point","coordinates":[34.579998,0.301335]},"properties":{"id":"523333380","n":"Shitoto A PS 12","t":"ps","c":"Kakamega"}},{"type":"Feature","geometry":{"type":"Point","coordinates":[34.571392,0.321182]},"properties":{"id":"523234072","n":"Shianda PD 25","t":"pdw","c":"Kakamega"}},{"type":"Feature","geometry":{"type":"Point","coordinates":[34.569886,0.300474]},"properties":{"id":"523209014","n":"Mushirongo PD 4","t":"pdw","c":"Kakamega"}},{"type":"Feature","geometry":{"type":"Point","coordinates":[34.533044,0.307411]},"properties":{"id":"523215749","n":"Emuberi north PD 11","t":"pdw","c":"Kakamega"}},{"type":"Feature","geometry":{"type":"Point","coordinates":[34.531413,0.313568]},"properties":{"id":"523352754","n":"Mulufu PD 10","t":"pdw","c":"Kakamega"}},{"type":"Feature","geometry":{"type":"Point","coordinates":[34.530506,0.311133]},"properties":{"id":"523345176","n":"Mulufu PD 2","t":"pdw","c":"Kakamega"}},{"type":"Feature","geometry":{"type":"Point","coordinates":[34.56882,0.293547]},"properties":{"id":"523276481","n":"Emalingana US 13","t":"us","c":"Kakamega"}},{"type":"Feature","geometry":{"type":"Point","coordinates":[34.519595,0.286136]},"properties":{"id":"523306870","n":"Mukhome PS 2","t":"ps","c":"Kakamega"}},{"type":"Feature","geometry":{"type":"Point","coordinates":[34.52746,0.320814]},"properties":{"id":"523213682","n":"EBUTOBE PD 6","t":"pdw","c":"Kakamega"}},{"type":"Feature","geometry":{"type":"Point","coordinates":[34.584163,0.303698]},"properties":{"id":"523286457","n":"Mungakha PD","t":"pdw","c":"Kakamega"}},{"type":"Feature","geometry":{"type":"Point","coordinates":[34.546105,0.324842]},"properties":{"id":"523282336","n":"KISUMU NDOGO PD 4","t":"pdw","c":"Kakamega"}},{"type":"Feature","geometry":{"type":"Point","coordinates":[34.544428,0.327033]},"properties":{"id":"679035521","n":"Emusoma Community - 23314","t":"bh","c":"Kakamega","d":110.0}},{"type":"Feature","geometry":{"type":"Point","coordinates":[34.494005,0.312724]},"properties":{"id":"523342410","n":"IKOSHE PD 7","t":"pdw","c":"Kakamega"}},{"type":"Feature","geometry":{"type":"Point","coordinates":[34.534573,0.299929]},"properties":{"id":"523254227","n":"Buyofu PD 3","t":"pdw","c":"Kakamega"}},{"type":"Feature","geometry":{"type":"Point","coordinates":[34.573082,0.299128]},"properties":{"id":"523307163","n":"Mulwanda PS 20","t":"ps","c":"Kakamega"}},{"type":"Feature","geometry":{"type":"Point","coordinates":[34.558282,0.313264]},"properties":{"id":"523245070","n":"Musoma PD 9","t":"pdw","c":"Kakamega"}},{"type":"Feature","geometry":{"type":"Point","coordinates":[34.567752,0.320436]},"properties":{"id":"523351502","n":"MWIMANYE PD 30","t":"pdw","c":"Kakamega"}},{"type":"Feature","geometry":{"type":"Point","coordinates":[34.510065,0.315819]},"properties":{"id":"523258269","n":"MWIKALI PS 11","t":"ps","c":"Kakamega"}},{"type":"Feature","geometry":{"type":"Point","coordinates":[34.502381,0.319356]},"properties":{"id":"523246772","n":"EBUJWANG'A A PD 10","t":"pdw","c":"Kakamega"}},{"type":"Feature","geometry":{"type":"Point","coordinates":[34.542877,0.290397]},"properties":{"id":"523308391","n":"Indoli PD 4","t":"pdw","c":"Kakamega"}},{"type":"Feature","geometry":{"type":"Point","coordinates":[34.527271,0.322587]},"properties":{"id":"523263168","n":"EBUTOBE PD 4","t":"pdw","c":"Kakamega"}},{"type":"Feature","geometry":{"type":"Point","coordinates":[34.551728,0.297241]},"properties":{"id":"523283629","n":"Shibinga PD4","t":"pdw","c":"Kakamega"}},{"type":"Feature","geometry":{"type":"Point","coordinates":[34.502734,0.298537]},"properties":{"id":"523286471","n":"EMAHANGA A PD 13","t":"pdw","c":"Kakamega"}},{"type":"Feature","geometry":{"type":"Point","coordinates":[34.56882,0.319645]},"properties":{"id":"523351564","n":"MWIMANYE PD 45","t":"pdw","c":"Kakamega"}},{"type":"Feature","geometry":{"type":"Point","coordinates":[34.567991,0.315436]},"properties":{"id":"523307596","n":"Mwisasia PD 22","t":"pdw","c":"Kakamega"}},{"type":"Feature","geometry":{"type":"Point","coordinates":[34.533273,0.297582]},"properties":{"id":"523284170","n":"Buyofu PD 1","t":"ps","c":"Kakamega"}},{"type":"Feature","geometry":{"type":"Point","coordinates":[34.573649,0.314925]},"properties":{"id":"523337607","n":"Shainda A PS 26","t":"ps","c":"Kakamega"}},{"type":"Feature","geometry":{"type":"Point","coordinates":[34.499341,0.301911]},"properties":{"id":"523325608","n":"EBULINJI PD 7","t":"pdw","c":"Kakamega"}},{"type":"Feature","geometry":{"type":"Point","coordinates":[34.524994,0.280345]},"properties":{"id":"523281304","n":"Indangalasia A PD 7","t":"pdw","c":"Kakamega"}},{"type":"Feature","geometry":{"type":"Point","coordinates":[34.538767,0.286897]},"properties":{"id":"523325749","n":"MWIKABANIRO PD 7","t":"pdw","c":"Kakamega"}},{"type":"Feature","geometry":{"type":"Point","coordinates":[34.523254,0.317412]},"properties":{"id":"523195821","n":"EMALISHIRA PD 4","t":"pdw","c":"Kakamega"}},{"type":"Feature","geometry":{"type":"Point","coordinates":[34.516909,0.286031]},"properties":{"id":"523306928","n":"Mukhome PD 7","t":"pdw","c":"Kakamega"}},{"type":"Feature","geometry":{"type":"Point","coordinates":[34.530435,0.289385]},"properties":{"id":"523313362","n":"Mwikabaniro PD 6","t":"pdw","c":"Kakamega"}},{"type":"Feature","geometry":{"type":"Point","coordinates":[34.554403,0.298058]},"properties":{"id":"316006572","n":"Mushikulu A Community, Wesonga Spring - 21323","t":"ps","c":"Kakamega"}},{"type":"Feature","geometry":{"type":"Point","coordinates":[34.519877,0.311347]},"properties":{"id":"523252225","n":"MULUSIOLO PD 2","t":"pdw","c":"Kakamega"}},{"type":"Feature","geometry":{"type":"Point","coordinates":[34.553279,0.28798]},"properties":{"id":"523202921","n":"Shibinga A PS 1","t":"pdw","c":"Kakamega"}},{"type":"Feature","geometry":{"type":"Point","coordinates":[34.505803,0.316402]},"properties":{"id":"523266673","n":"EBUTINGO PD 6","t":"pdw","c":"Kakamega"}},{"type":"Feature","geometry":{"type":"Point","coordinates":[34.534321,0.323752]},"properties":{"id":"523230470","n":"EMAKOMBE PD 10","t":"pdw","c":"Kakamega"}},{"type":"Feature","geometry":{"type":"Point","coordinates":[34.559098,0.319004]},"properties":{"id":"523332949","n":"Musoma PD 1","t":"pdw","c":"Kakamega"}},{"type":"Feature","geometry":{"type":"Point","coordinates":[34.555607,0.282049]},"properties":{"id":"523308762","n":"Elwakana B PD 4","t":"pdw","c":"Kakamega"}},{"type":"Feature","geometry":{"type":"Point","coordinates":[34.568522,0.320872]},"properties":{"id":"523351540","n":"MWIMANYE PD 40","t":"pdw","c":"Kakamega"}},{"type":"Feature","geometry":{"type":"Point","coordinates":[34.55567,0.32375]},"properties":{"id":"523281665","n":"EBUCHIMBE PD 13","t":"pdw","c":"Kakamega"}},{"type":"Feature","geometry":{"type":"Point","coordinates":[34.52114,0.315046]},"properties":{"id":"523250364","n":"EMALISHIRA PD 30","t":"pdw","c":"Kakamega"}},{"type":"Feature","geometry":{"type":"Point","coordinates":[34.50523,0.314597]},"properties":{"id":"523348234","n":"ESHIKWENYI PD 8","t":"pdw","c":"Kakamega"}},{"type":"Feature","geometry":{"type":"Point","coordinates":[34.557516,0.293309]},"properties":{"id":"523268778","n":"Emulakha PD 7","t":"pdw","c":"Kakamega"}},{"type":"Feature","geometry":{"type":"Point","coordinates":[34.514479,0.293794]},"properties":{"id":"523249706","n":"Ebumalere PS 9","t":"ps","c":"Kakamega"}},{"type":"Feature","geometry":{"type":"Point","coordinates":[34.494639,0.305335]},"properties":{"id":"523351863","n":"EBWALIRO A PD 4","t":"pdw","c":"Kakamega"}},{"type":"Feature","geometry":{"type":"Point","coordinates":[34.54909,0.30629]},"properties":{"id":"3749795","n":"Mama Sukuma Self Help Womens Group - 407","t":"bh","c":"Kakamega"}},{"type":"Feature","geometry":{"type":"Point","coordinates":[34.551268,0.316018]},"properties":{"id":"523332516","n":"Mwiyala PS 1","t":"ps","c":"Kakamega"}},{"type":"Feature","geometry":{"type":"Point","coordinates":[34.506397,0.304359]},"properties":{"id":"523229290","n":"EBUYONI PD 3","t":"pdw","c":"Kakamega"}},{"type":"Feature","geometry":{"type":"Point","coordinates":[34.526766,0.323386]},"properties":{"id":"523291617","n":"EBUTOBE PD 2","t":"pdw","c":"Kakamega"}},{"type":"Feature","geometry":{"type":"Point","coordinates":[34.504397,0.311112]},"properties":{"id":"523274300","n":"ESHIKWENYI PD 27","t":"pdw","c":"Kakamega"}},{"type":"Feature","geometry":{"type":"Point","coordinates":[34.52374,0.328555]},"properties":{"id":"523327363","n":"Shifuyo A PD9","t":"pdw","c":"Kakamega"}},{"type":"Feature","geometry":{"type":"Point","coordinates":[34.570172,0.319464]},"properties":{"id":"523351588","n":"MWIMANYE PD 49","t":"pdw","c":"Kakamega"}},{"type":"Feature","geometry":{"type":"Point","coordinates":[34.529375,0.330115]},"properties":{"id":"523264372","n":"Mwitoti PS 2","t":"ps","c":"Kakamega"}},{"type":"Feature","geometry":{"type":"Point","coordinates":[34.565991,0.319677]},"properties":{"id":"523262318","n":"MWIMANYE PD 22","t":"pdw","c":"Kakamega"}},{"type":"Feature","geometry":{"type":"Point","coordinates":[34.570025,0.305744]},"properties":{"id":"523195993","n":"Khunyiri PD 4","t":"pdw","c":"Kakamega"}},{"type":"Feature","geometry":{"type":"Point","coordinates":[34.509025,0.30615]},"properties":{"id":"523351746","n":"EMASINDE PD 8","t":"pdw","c":"Kakamega"}},{"type":"Feature","geometry":{"type":"Point","coordinates":[34.555361,0.322895]},"properties":{"id":"523343198","n":"EBUCHIMBE PD 11","t":"pdw","c":"Kakamega"}},{"type":"Feature","geometry":{"type":"Point","coordinates":[34.544745,0.298308]},"properties":{"id":"523294328","n":"Shinambande PD 1","t":"pdw","c":"Kakamega"}},{"type":"Feature","geometry":{"type":"Point","coordinates":[34.532181,0.313464]},"properties":{"id":"523218113","n":"Mulufu PD 11","t":"pdw","c":"Kakamega"}},{"type":"Feature","geometry":{"type":"Point","coordinates":[34.565261,0.315957]},"properties":{"id":"523255008","n":"Mwisasia PD 2","t":"pdw","c":"Kakamega"}},{"type":"Feature","geometry":{"type":"Point","coordinates":[34.506067,0.302754]},"properties":{"id":"523318666","n":"EBUYONI PD 6","t":"pdw","c":"Kakamega"}},{"type":"Feature","geometry":{"type":"Point","coordinates":[34.506208,0.295889]},"properties":{"id":"523212344","n":"Khwiondwe PS 6","t":"ps","c":"Kakamega"}},{"type":"Feature","geometry":{"type":"Point","coordinates":[34.52464,0.32618]},"properties":{"id":"523350941","n":"Eshifuyo B PD10","t":"pdw","c":"Kakamega"}},{"type":"Feature","geometry":{"type":"Point","coordinates":[34.517685,0.301412]},"properties":{"id":"523243360","n":"EBUBOLE A PD 3","t":"pdw","c":"Kakamega"}},{"type":"Feature","geometry":{"type":"Point","coordinates":[34.572453,0.289943]},"properties":{"id":"290455221","n":"Elwasambi Community, Mboya Spring - 21314","t":"ps","c":"Kakamega"}},{"type":"Feature","geometry":{"type":"Point","coordinates":[34.558589,0.293791]},"properties":{"id":"523264970","n":"Emulakha PD 8","t":"pdw","c":"Kakamega"}},{"type":"Feature","geometry":{"type":"Point","coordinates":[34.565774,0.32167]},"properties":{"id":"523346524","n":"MWIMANYE PD 19","t":"pdw","c":"Kakamega"}},{"type":"Feature","geometry":{"type":"Point","coordinates":[34.528153,0.317372]},"properties":{"id":"523313025","n":"BUTUNYI PD 5","t":"pdw","c":"Kakamega"}},{"type":"Feature","geometry":{"type":"Point","coordinates":[34.546101,0.318868]},"properties":{"id":"523223634","n":"Shanderema PS 2","t":"ps","c":"Kakamega"}},{"type":"Feature","geometry":{"type":"Point","coordinates":[34.5554,0.280563]},"properties":{"id":"523311731","n":"Elwakana B PD 10","t":"pdw","c":"Kakamega"}},{"type":"Feature","geometry":{"type":"Point","coordinates":[34.53781,0.31382]},"properties":{"id":"272019845","n":"Mukhuyu Community, Namukuru Spring - 21310","t":"ps","c":"Kakamega"}},{"type":"Feature","geometry":{"type":"Point","coordinates":[34.52555,0.282242]},"properties":{"id":"523214504","n":"Indangalasia PD 2","t":"pdw","c":"Kakamega"}},{"type":"Feature","geometry":{"type":"Point","coordinates":[34.536447,0.325827]},"properties":{"id":"523269690","n":"KHABUNENE PD 3","t":"pdw","c":"Kakamega"}},{"type":"Feature","geometry":{"type":"Point","coordinates":[34.512348,0.293408]},"properties":{"id":"523331144","n":"Khwiondwe B PD 10","t":"pdw","c":"Kakamega"}},{"type":"Feature","geometry":{"type":"Point","coordinates":[34.496731,0.308358]},"properties":{"id":"523283337","n":"EBWALIRO A PD 9","t":"pdw","c":"Kakamega"}},{"type":"Feature","geometry":{"type":"Point","coordinates":[34.527587,0.301806]},"properties":{"id":"523208783","n":"Emuberi south 6","t":"pdw","c":"Kakamega"}},{"type":"Feature","geometry":{"type":"Point","coordinates":[34.574103,0.317833]},"properties":{"id":"523241210","n":"Shianda A PD 29","t":"pdw","c":"Kakamega"}},{"type":"Feature","geometry":{"type":"Point","coordinates":[34.557961,0.30083]},"properties":{"id":"523343789","n":"Mushikulu A PS 12","t":"ps","c":"Kakamega"}},{"type":"Feature","geometry":{"type":"Point","coordinates":[34.568862,0.30967]},"properties":{"id":"523276807","n":"Shianda B PD 1","t":"pdw","c":"Kakamega"}},{"type":"Feature","geometry":{"type":"Point","coordinates":[34.551448,0.296469]},"properties":{"id":"523273770","n":"Shibinga PD 2","t":"pdw","c":"Kakamega"}},{"type":"Feature","geometry":{"type":"Point","coordinates":[34.526293,0.322728]},"properties":{"id":"523234003","n":"BUTUNYI PD 2","t":"pdw","c":"Kakamega"}},{"type":"Feature","geometry":{"type":"Point","coordinates":[34.562725,0.32565]},"properties":{"id":"523328711","n":"Busimbiro PS 3","t":"ps","c":"Kakamega"}},{"type":"Feature","geometry":{"type":"Point","coordinates":[34.502917,0.299052]},"properties":{"id":"523351708","n":"EMAHANGA B PD 16","t":"pdw","c":"Kakamega"}},{"type":"Feature","geometry":{"type":"Point","coordinates":[34.497781,0.311603]},"properties":{"id":"523298944","n":"IKOSHE PD 40","t":"pdw","c":"Kakamega"}},{"type":"Feature","geometry":{"type":"Point","coordinates":[34.572316,0.324041]},"properties":{"id":"523291844","n":"Shianda PD 16","t":"pdw","c":"Kakamega"}},{"type":"Feature","geometry":{"type":"Point","coordinates":[34.50649,0.305007]},"properties":{"id":"523303853","n":"EBUYONI PD 2","t":"pdw","c":"Kakamega"}},{"type":"Feature","geometry":{"type":"Point","coordinates":[34.494956,0.300688]},"properties":{"id":"523217521","n":"EBULINJI PD 20","t":"pdw","c":"Kakamega"}},{"type":"Feature","geometry":{"type":"Point","coordinates":[34.507042,0.291874]},"properties":{"id":"523217428","n":"Kamashia B PD 3","t":"pdw","c":"Kakamega"}},{"type":"Feature","geometry":{"type":"Point","coordinates":[34.544695,0.289556]},"properties":{"id":"523278562","n":"Indangalasia PD 4","t":"pdw","c":"Kakamega"}},{"type":"Feature","geometry":{"type":"Point","coordinates":[34.537882,0.328715]},"properties":{"id":"523346225","n":"Eshikumulo PD2","t":"pdw","c":"Kakamega"}},{"type":"Feature","geometry":{"type":"Point","coordinates":[34.578033,0.304287]},"properties":{"id":"523230683","n":"Shitoto A PD 16","t":"pdw","c":"Kakamega"}},{"type":"Feature","geometry":{"type":"Point","coordinates":[34.572096,0.304658]},"properties":{"id":"523280970","n":"Mushirongo PS 10","t":"ps","c":"Kakamega"}},{"type":"Feature","geometry":{"type":"Point","coordinates":[34.524014,0.323711]},"properties":{"id":"523351100","n":"BUTUNYI PD 14","t":"pdw","c":"Kakamega"}},{"type":"Feature","geometry":{"type":"Point","coordinates":[34.549717,0.287052]},"properties":{"id":"523330992","n":"Mufisi PD 2","t":"pdw","c":"Kakamega"}},{"type":"Feature","geometry":{"type":"Point","coordinates":[34.562915,0.304597]},"properties":{"id":"523293334","n":"Lubinu PS 2","t":"ps","c":"Kakamega"}},{"type":"Feature","geometry":{"type":"Point","coordinates":[34.534149,0.323752]},"properties":{"id":"523333500","n":"EMAKOMBE PD 13","t":"pdw","c":"Kakamega"}},{"type":"Feature","geometry":{"type":"Point","coordinates":[34.572728,0.307573]},"properties":{"id":"523283148","n":"Khunyiri PD 7","t":"pdw","c":"Kakamega"}},{"type":"Feature","geometry":{"type":"Point","coordinates":[34.504953,0.317824]},"properties":{"id":"523351375","n":"EBUTINGO PD 8","t":"pdw","c":"Kakamega"}},{"type":"Feature","geometry":{"type":"Point","coordinates":[34.531878,0.329487]},"properties":{"id":"523239606","n":"Khulwanda PD5","t":"pdw","c":"Kakamega"}},{"type":"Feature","geometry":{"type":"Point","coordinates":[34.557788,0.316346]},"properties":{"id":"523339207","n":"Musoma PD 17","t":"pdw","c":"Kakamega"}},{"type":"Feature","geometry":{"type":"Point","coordinates":[34.571193,0.293423]},"properties":{"id":"523192835","n":"Emusaka PD 13","t":"pdw","c":"Kakamega"}},{"type":"Feature","geometry":{"type":"Point","coordinates":[34.55958,0.294636]},"properties":{"id":"523211415","n":"Emulakha PD 13","t":"pdw","c":"Kakamega"}},{"type":"Feature","geometry":{"type":"Point","coordinates":[34.505842,0.314876]},"properties":{"id":"523265191","n":"ESHIKWENYI PD 1","t":"pdw","c":"Kakamega"}},{"type":"Feature","geometry":{"type":"Point","coordinates":[34.503894,0.3226]},"properties":{"id":"523324092","n":"EKERO A PD 8","t":"pdw","c":"Kakamega"}},{"type":"Feature","geometry":{"type":"Point","coordinates":[34.530532,0.290034]},"properties":{"id":"523310345","n":"mwikabaniro PS 1","t":"ps","c":"Kakamega"}},{"type":"Feature","geometry":{"type":"Point","coordinates":[34.523344,0.319015]},"properties":{"id":"523236328","n":"EMALISHIRA PD 6","t":"pdw","c":"Kakamega"}},{"type":"Feature","geometry":{"type":"Point","coordinates":[34.581917,0.301119]},"properties":{"id":"506970588","n":"Shitoto Girls Secondary School - 22409","t":"bh","c":"Kakamega","d":75.0}},{"type":"Feature","geometry":{"type":"Point","coordinates":[34.503591,0.320502]},"properties":{"id":"523250539","n":"EKERO A PD 15","t":"pdw","c":"Kakamega"}},{"type":"Feature","geometry":{"type":"Point","coordinates":[34.54136,0.330062]},"properties":{"id":"523194260","n":"Eshikumulo PD9","t":"pdw","c":"Kakamega"}},{"type":"Feature","geometry":{"type":"Point","coordinates":[34.53653,0.326845]},"properties":{"id":"523343851","n":"Khulwanda PD14","t":"pdw","c":"Kakamega"}},{"type":"Feature","geometry":{"type":"Point","coordinates":[34.560324,0.288611]},"properties":{"id":"523275428","n":"Shibinga A PD 11","t":"pdw","c":"Kakamega"}},{"type":"Feature","geometry":{"type":"Point","coordinates":[34.541601,0.321056]},"properties":{"id":"523229276","n":"Shanderema PS 2","t":"ps","c":"Kakamega"}},{"type":"Feature","geometry":{"type":"Point","coordinates":[34.503828,0.323299]},"properties":{"id":"523351980","n":"EKERO A PD 5","t":"pdw","c":"Kakamega"}},{"type":"Feature","geometry":{"type":"Point","coordinates":[34.522983,0.313511]},"properties":{"id":"523351430","n":"EMALISHIRA PD 21","t":"pdw","c":"Kakamega"}},{"type":"Feature","geometry":{"type":"Point","coordinates":[34.531196,0.297012]},"properties":{"id":"523215608","n":"BuyofuPD 1","t":"pdw","c":"Kakamega"}},{"type":"Feature","geometry":{"type":"Point","coordinates":[34.561273,0.328007]},"properties":{"id":"523263601","n":"Khabakaya PS 1","t":"ps","c":"Kakamega"}},{"type":"Feature","geometry":{"type":"Point","coordinates":[34.504948,0.316118]},"properties":{"id":"523344807","n":"ESHIKWENYI PD 2","t":"pdw","c":"Kakamega"}},{"type":"Feature","geometry":{"type":"Point","coordinates":[34.503989,0.318218]},"properties":{"id":"523233019","n":"EKERO A PD 21","t":"pdw","c":"Kakamega"}},{"type":"Feature","geometry":{"type":"Point","coordinates":[34.523078,0.298629]},"properties":{"id":"523254409","n":"ENYANGERA CENTRAL BH 4","t":"bh","c":"Kakamega"}},{"type":"Feature","geometry":{"type":"Point","coordinates":[34.533909,0.302235]},"properties":{"id":"523253233","n":"Liyala PD 9","t":"pdw","c":"Kakamega"}},{"type":"Feature","geometry":{"type":"Point","coordinates":[34.508208,0.311511]},"properties":{"id":"523207191","n":"MWIKALI PD 24","t":"pdw","c":"Kakamega"}},{"type":"Feature","geometry":{"type":"Point","coordinates":[34.552963,0.29148]},"properties":{"id":"523239273","n":"Shibinga A PD 3","t":"pdw","c":"Kakamega"}},{"type":"Feature","geometry":{"type":"Point","coordinates":[34.515638,0.290811]},"properties":{"id":"523217404","n":"Ebumalere PD 4","t":"pdw","c":"Kakamega"}},{"type":"Feature","geometry":{"type":"Point","coordinates":[34.518247,0.309953]},"properties":{"id":"523256456","n":"MULUSIOLO PD 6","t":"pdw","c":"Kakamega"}},{"type":"Feature","geometry":{"type":"Point","coordinates":[34.525265,0.324369]},"properties":{"id":"523215677","n":"BUTUNYI PD 16","t":"pdw","c":"Kakamega"}},{"type":"Feature","geometry":{"type":"Point","coordinates":[34.552532,0.325768]},"properties":{"id":"523303334","n":"Enyera PD 10","t":"pdw","c":"Kakamega"}},{"type":"Feature","geometry":{"type":"Point","coordinates":[34.534013,0.316943]},"properties":{"id":"523237886","n":"Mulufu PS 4","t":"ps","c":"Kakamega"}},{"type":"Feature","geometry":{"type":"Point","coordinates":[34.538393,0.286713]},"properties":{"id":"574294520","n":"Mwikabaniro Community, Okuku Spring - 23309","t":"ps","c":"Kakamega"}},{"type":"Feature","geometry":{"type":"Point","coordinates":[34.513913,0.30584]},"properties":{"id":"523246363","n":"EMWAKU PD 7","t":"pdw","c":"Kakamega"}},{"type":"Feature","geometry":{"type":"Point","coordinates":[34.531105,0.28688]},"properties":{"id":"523230188","n":"Mwikabaniro PD 2","t":"pdw","c":"Kakamega"}},{"type":"Feature","geometry":{"type":"Point","coordinates":[34.502939,0.320719]},"properties":{"id":"523301772","n":"EBUJWANG'A A PD 20","t":"pdw","c":"Kakamega"}},{"type":"Feature","geometry":{"type":"Point","coordinates":[34.508971,0.318475]},"properties":{"id":"523221546","n":"EBUTINGO PD 3","t":"pdw","c":"Kakamega"}},{"type":"Feature","geometry":{"type":"Point","coordinates":[34.564941,0.290895]},"properties":{"id":"523245795","n":"Elwasambi PS 13","t":"ps","c":"Kakamega"}},{"type":"Feature","geometry":{"type":"Point","coordinates":[34.508286,0.29864]},"properties":{"id":"523270894","n":"EMWANDA PD 5","t":"pdw","c":"Kakamega"}},{"type":"Feature","geometry":{"type":"Point","coordinates":[34.489428,0.304829]},"properties":{"id":"523289137","n":"ICHINGO PD 1","t":"bh","c":"Kakamega"}},{"type":"Feature","geometry":{"type":"Point","coordinates":[34.495296,0.310677]},"properties":{"id":"523331900","n":"EBWALIRO A PD 14","t":"pdw","c":"Kakamega"}},{"type":"Feature","geometry":{"type":"Point","coordinates":[34.548846,0.289946]},"properties":{"id":"523287032","n":"Shibinga B PS 1","t":"ps","c":"Kakamega"}},{"type":"Feature","geometry":{"type":"Point","coordinates":[34.53924,0.277098]},"properties":{"id":"523241155","n":"Emaira PD 7","t":"pdw","c":"Kakamega"}},{"type":"Feature","geometry":{"type":"Point","coordinates":[34.565391,0.31953]},"properties":{"id":"523350367","n":"MWIMANYE PD 11","t":"pdw","c":"Kakamega"}},{"type":"Feature","geometry":{"type":"Point","coordinates":[34.508867,0.304085]},"properties":{"id":"523284644","n":"EMASINDE PD 2","t":"pdw","c":"Kakamega"}},{"type":"Feature","geometry":{"type":"Point","coordinates":[34.501922,0.303196]},"properties":{"id":"523276845","n":"EMAHANGA B PD 9","t":"pdw","c":"Kakamega"}},{"type":"Feature","geometry":{"type":"Point","coordinates":[34.511625,0.297702]},"properties":{"id":"523285133","n":"EBUBOLE B PS 1","t":"ps","c":"Kakamega"}},{"type":"Feature","geometry":{"type":"Point","coordinates":[34.523606,0.318625]},"properties":{"id":"523302704","n":"EMALISHIRA PD 5","t":"pdw","c":"Kakamega"}}]}