{"type":"FeatureCollection","features":[{"type":"Feature","geometry":{"type":"Point","coordinates":[34.71372,0.267587]},"properties":{"id":"523296203","n":"Elwesero US 3","t":"us","c":"Kakamega"}},{"type":"Feature","geometry":{"type":"Point","coordinates":[34.754244,0.280241]},"properties":{"id":"699571593","n":"Kakamega Central Police Station - 410057","t":"bh","c":"Kakamega","d":100.0}},{"type":"Feature","geometry":{"type":"Point","coordinates":[34.729072,0.271625]},"properties":{"id":"523254887","n":"Shipalo PD 12","t":"pdw","c":"Kakamega"}},{"type":"Feature","geometry":{"type":"Point","coordinates":[34.710424,0.258385]},"properties":{"id":"523311267","n":"Shisasari PD 8","t":"pdw","c":"Kakamega"}},{"type":"Feature","geometry":{"type":"Point","coordinates":[34.721926,0.274999]},"properties":{"id":"523269250","n":"Shibiriri PD","t":"pdw","c":"Kakamega"}},{"type":"Feature","geometry":{"type":"Point","coordinates":[34.732692,0.280867]},"properties":{"id":"523282068","n":"Shikhungula PS3","t":"ps","c":"Kakamega"}},{"type":"Feature","geometry":{"type":"Point","coordinates":[34.759221,0.263305]},"properties":{"id":"523237343","n":"Matende PS 25","t":"ps","c":"Kakamega"}},{"type":"Feature","geometry":{"type":"Point","coordinates":[34.740823,0.274957]},"properties":{"id":"523327332","n":"Murram PS 9","t":"ps","c":"Kakamega"}},{"type":"Feature","geometry":{"type":"Point","coordinates":[34.734249,0.265431]},"properties":{"id":"523243229","n":"Mukango PS 14","t":"ps","c":"Kakamega"}},{"type":"Feature","geometry":{"type":"Point","coordinates":[34.740751,0.274964]},"properties":{"id":"423406698","n":"Lutonyi Community, Mmasi Lusinde Spring - 22072","t":"ps","c":"Kakamega"}},{"type":"Feature","geometry":{"type":"Point","coordinates":[34.763337,0.258348]},"properties":{"id":"523279233","n":"Shivakala BH 2","t":"bh","c":"Kakamega"}},{"type":"Feature","geometry":{"type":"Point","coordinates":[34.718406,0.26979]},"properties":{"id":"523285975","n":"Emusikongo PS","t":"ps","c":"Kakamega"}},{"type":"Feature","geometry":{"type":"Point","coordinates":[34.742265,0.264479]},"properties":{"id":"523230078","n":"Musiolo PS 1","t":"ps","c":"Kakamega"}},{"type":"Feature","geometry":{"type":"Point","coordinates":[34.769104,0.272109]},"properties":{"id":"506970337","n":"Shieywe Secondary School - 23012","t":"bh","c":"Kakamega","d":71.0}},{"type":"Feature","geometry":{"type":"Point","coordinates":[34.719123,0.271085]},"properties":{"id":"523272281","n":"Emusikongo PD","t":"pdw","c":"Kakamega"}},{"type":"Feature","geometry":{"type":"Point","coordinates":[34.742255,0.27317]},"properties":{"id":"523203070","n":"Murray RW 7","t":"pdw","c":"Kakamega"}},{"type":"Feature","geometry":{"type":"Point","coordinates":[34.76624,0.25981]},"properties":{"id":"523314741","n":"Lukala PS 1","t":"ps","c":"Kakamega"}},{"type":"Feature","geometry":{"type":"Point","coordinates":[34.774062,0.28608]},"properties":{"id":"523237604","n":"Munzakula B PD 4","t":"pdw","c":"Kakamega"}},{"type":"Feature","geometry":{"type":"Point","coordinates":[34.736122,0.264697]},"properties":{"id":"523237082","n":"Mukango PD 13","t":"pdw","c":"Kakamega"}},{"type":"Feature","geometry":{"type":"Point","coordinates":[34.71635,0.25514]},"properties":{"id":"272020087","n":"Shisasari Itumbu Community, Mathias Juma Spring - 21034","t":"ps","c":"Kakamega"}},{"type":"Feature","geometry":{"type":"Point","coordinates":[34.741606,0.264574]},"properties":{"id":"523224501","n":"Lutonyi PS 3","t":"ps","c":"Kakamega"}},{"type":"Feature","geometry":{"type":"Point","coordinates":[34.739657,0.283795]},"properties":{"id":"523321044","n":"Emusonga PS 1","t":"ps","c":"Kakamega"}},{"type":"Feature","geometry":{"type":"Point","coordinates":[34.715558,0.268642]},"properties":{"id":"523197919","n":"Elwesero BH 8","t":"bh","c":"Kakamega"}},{"type":"Feature","geometry":{"type":"Point","coordinates":[34.718721,0.270793]},"properties":{"id":"523226280","n":"Emusikongo PD","t":"pdw","c":"Kakamega"}},{"type":"Feature","geometry":{"type":"Point","coordinates":[34.729173,0.263558]},"properties":{"id":"540056420","n":"Kakamega","t":"bh","c":"Kakamega"}},{"type":"Feature","geometry":{"type":"Point","coordinates":[34.710341,0.262353]},"properties":{"id":"523242871","n":"Emakaka A PS 2","t":"ps","c":"Kakamega"}},{"type":"Feature","geometry":{"type":"Point","coordinates":[34.771574,0.263435]},"properties":{"id":"523331278","n":"Busiayi PS 10","t":"ps","c":"Kakamega"}},{"type":"Feature","geometry":{"type":"Point","coordinates":[34.71985,0.26009]},"properties":{"id":"523231608","n":"Mulombole US 3","t":"us","c":"Kakamega"}},{"type":"Feature","geometry":{"type":"Point","coordinates":[34.729575,0.279225]},"properties":{"id":"523306155","n":"Mulwanda PS","t":"ps","c":"Kakamega"}},{"type":"Feature","geometry":{"type":"Point","coordinates":[34.733573,0.268182]},"properties":{"id":"9488610","n":"Lutonyi, Shihachi Spring - 4738","t":"ps","c":"Kakamega"}},{"type":"Feature","geometry":{"type":"Point","coordinates":[34.717462,0.265057]},"properties":{"id":"523344326","n":"Eluesero PD 4","t":"pdw","c":"Kakamega"}},{"type":"Feature","geometry":{"type":"Point","coordinates":[34.714351,0.266773]},"properties":{"id":"523206145","n":"Elwesero PS 6","t":"ps","c":"Kakamega"}},{"type":"Feature","geometry":{"type":"Point","coordinates":[34.75394,0.26276]},"properties":{"id":"3750243","n":"Decommissioned 2016 - Matende Girls Secondary School Borehole Well","t":"bh","c":"Kakamega"}},{"type":"Feature","geometry":{"type":"Point","coordinates":[34.75981,0.26189]},"properties":{"id":"8728458","n":"Shirakala, Ambani Spring - 18128","t":"ps","c":"Kakamega"}},{"type":"Feature","geometry":{"type":"Point","coordinates":[34.719725,0.267988]},"properties":{"id":"523260866","n":"Shibiriri PS","t":"ps","c":"Kakamega"}},{"type":"Feature","geometry":{"type":"Point","coordinates":[34.74933,0.26462]},"properties":{"id":"272020135","n":"Shikoye Community, Kwa Witinga Spring - 21033","t":"ps","c":"Kakamega"}},{"type":"Feature","geometry":{"type":"Point","coordinates":[34.741977,0.272348]},"properties":{"id":"523237013","n":"Murray PD 3","t":"pdw","c":"Kakamega"}},{"type":"Feature","geometry":{"type":"Point","coordinates":[34.728618,0.279336]},"properties":{"id":"523290836","n":"Mulwanda PD","t":"pdw","c":"Kakamega"}},{"type":"Feature","geometry":{"type":"Point","coordinates":[34.811538,0.526215]},"properties":{"id":"523267368","n":"MATSAKHA C PD 36","t":"pdw","c":"Kakamega"}},{"type":"Feature","geometry":{"type":"Point","coordinates":[34.804812,0.478015]},"properties":{"id":"523281603","n":"MAKUU B PD 2","t":"pdw","c":"Kakamega"}},{"type":"Feature","geometry":{"type":"Point","coordinates":[34.809926,0.525784]},"properties":{"id":"523352211","n":"MATSAKHA C PD 56","t":"pdw","c":"Kakamega"}},{"type":"Feature","geometry":{"type":"Point","coordinates":[34.799094,0.497552]},"properties":{"id":"523337456","n":"MAKALE A PD 8","t":"pdw","c":"Kakamega"}},{"type":"Feature","geometry":{"type":"Point","coordinates":[34.798156,0.528445]},"properties":{"id":"523205481","n":"Lugusi PD 41","t":"pdw","c":"Kakamega"}},{"type":"Feature","geometry":{"type":"Point","coordinates":[34.810825,0.544121]},"properties":{"id":"523193269","n":"Mbande UD 19","t":"udw","c":"Kakamega"}},{"type":"Feature","geometry":{"type":"Point","coordinates":[34.863679,0.481136]},"properties":{"id":"423406667","n":"Mukavakava Community, Opaye Forest Spring - 22081","t":"ps","c":"Kakamega"}},{"type":"Feature","geometry":{"type":"Point","coordinates":[34.79048,0.514816]},"properties":{"id":"523321051","n":"MAKUCHE A PD 12","t":"pdw","c":"Kakamega"}},{"type":"Feature","geometry":{"type":"Point","coordinates":[34.850607,0.493761]},"properties":{"id":"523199289","n":"Tande B PD 11","t":"pdw","c":"Kakamega"}},{"type":"Feature","geometry":{"type":"Point","coordinates":[34.812059,0.546175]},"properties":{"id":"523285023","n":"Mbande UD 26","t":"udw","c":"Kakamega"}},{"type":"Feature","geometry":{"type":"Point","coordinates":[34.784188,0.510211]},"properties":{"id":"523197500","n":"NAMUSHIYA A UD 4","t":"udw","c":"Kakamega"}},{"type":"Feature","geometry":{"type":"Point","coordinates":[34.858329,0.49714]},"properties":{"id":"523324054","n":"Marukusi US 6","t":"us","c":"Kakamega"}},{"type":"Feature","geometry":{"type":"Point","coordinates":[34.808247,0.523582]},"properties":{"id":"523229757","n":"MATSAKHA C PS 63","t":"ps","c":"Kakamega"}},{"type":"Feature","geometry":{"type":"Point","coordinates":[34.817751,0.542336]},"properties":{"id":"523250230","n":"SHARAMBATSA PS 20","t":"ps","c":"Kakamega"}},{"type":"Feature","geometry":{"type":"Point","coordinates":[34.814983,0.544798]},"properties":{"id":"523291662","n":"Mbande UD 35","t":"udw","c":"Kakamega"}},{"type":"Feature","geometry":{"type":"Point","coordinates":[34.820383,0.520486]},"properties":{"id":"523352204","n":"ST. MARTIN PD 28","t":"pdw","c":"Kakamega"}},{"type":"Feature","geometry":{"type":"Point","coordinates":[34.785349,0.522855]},"properties":{"id":"523299055","n":"LUANDA PD 11","t":"pdw","c":"Kakamega"}},{"type":"Feature","geometry":{"type":"Point","coordinates":[34.81816,0.50371]},"properties":{"id":"523336802","n":"TIMBITO B PD 3","t":"pdw","c":"Kakamega"}},{"type":"Feature","geometry":{"type":"Point","coordinates":[34.851167,0.495677]},"properties":{"id":"523234876","n":"Chevaywa B PD 13","t":"pdw","c":"Kakamega"}},{"type":"Feature","geometry":{"type":"Point","coordinates":[34.795202,0.524235]},"properties":{"id":"523214195","n":"Lugusi PS 52","t":"ps","c":"Kakamega"}},{"type":"Feature","geometry":{"type":"Point","coordinates":[34.823786,0.528891]},"properties":{"id":"523302670","n":"SHILONGO PD 19","t":"pdw","c":"Kakamega"}},{"type":"Feature","geometry":{"type":"Point","coordinates":[34.814202,0.522825]},"properties":{"id":"523340982","n":"MATSAKHA C PD 25","t":"pdw","c":"Kakamega"}},{"type":"Feature","geometry":{"type":"Point","coordinates":[34.795843,0.489877]},"properties":{"id":"523335681","n":"CHEGULO A PS 3","t":"ps","c":"Kakamega"}},{"type":"Feature","geometry":{"type":"Point","coordinates":[34.84796,0.468709]},"properties":{"id":"523267131","n":"Cereal Board PD 5","t":"pdw","c":"Kakamega"}},{"type":"Feature","geometry":{"type":"Point","coordinates":[34.784161,0.523698]},"properties":{"id":"523269968","n":"LUANDA PD 9","t":"pdw","c":"Kakamega"}},{"type":"Feature","geometry":{"type":"Point","coordinates":[34.809946,0.5252]},"properties":{"id":"523266903","n":"MATSAKHA C UD 58","t":"udw","c":"Kakamega"}},{"type":"Feature","geometry":{"type":"Point","coordinates":[34.781824,0.521675]},"properties":{"id":"523229245","n":"LUANDA PD 2","t":"pdw","c":"Kakamega"}},{"type":"Feature","geometry":{"type":"Point","coordinates":[34.815747,0.534927]},"properties":{"id":"523221003","n":"MATSAKHA B UD 15","t":"udw","c":"Kakamega"}},{"type":"Feature","geometry":{"type":"Point","coordinates":[34.808985,0.537179]},"properties":{"id":"523340298","n":"Mbande PD 2","t":"pdw","c":"Kakamega"}},{"type":"Feature","geometry":{"type":"Point","coordinates":[34.825231,0.520478]},"properties":{"id":"523252847","n":"LUYESHE BH 25","t":"pdw","c":"Kakamega"}},{"type":"Feature","geometry":{"type":"Point","coordinates":[34.80179,0.532876]},"properties":{"id":"523271211","n":"Lugusi PD 24","t":"pdw","c":"Kakamega"}},{"type":"Feature","geometry":{"type":"Point","coordinates":[34.788338,0.516514]},"properties":{"id":"523261427","n":"MAKUCHE B UD 10","t":"udw","c":"Kakamega"}},{"type":"Feature","geometry":{"type":"Point","coordinates":[34.857478,0.497237]},"properties":{"id":"523208491","n":"Marukusi PD 5","t":"pdw","c":"Kakamega"}},{"type":"Feature","geometry":{"type":"Point","coordinates":[34.81777,0.52486]},"properties":{"id":"523192433","n":"SHILONGO PD 13","t":"pdw","c":"Kakamega"}},{"type":"Feature","geometry":{"type":"Point","coordinates":[34.803232,0.528289]},"properties":{"id":"523302436","n":"MATSAKHA A UD 4","t":"udw","c":"Kakamega"}},{"type":"Feature","geometry":{"type":"Point","coordinates":[34.7975,0.500118]},"properties":{"id":"523322629","n":"MAKALE A PD 11","t":"pdw","c":"Kakamega"}},{"type":"Feature","geometry":{"type":"Point","coordinates":[34.774822,0.504258]},"properties":{"id":"523236445","n":"MUKAKAWAYI PD 6","t":"pdw","c":"Kakamega"}},{"type":"Feature","geometry":{"type":"Point","coordinates":[34.838232,0.474149]},"properties":{"id":"523260732","n":"Cereal Board PD 10","t":"pdw","c":"Kakamega"}},{"type":"Feature","geometry":{"type":"Point","coordinates":[34.775356,0.517663]},"properties":{"id":"523329097","n":"NAMUSHIYA B PD 9","t":"pdw","c":"Kakamega"}},{"type":"Feature","geometry":{"type":"Point","coordinates":[34.810867,0.532951]},"properties":{"id":"523280932","n":"MATSAKHA B PD 4","t":"pdw","c":"Kakamega"}},{"type":"Feature","geometry":{"type":"Point","coordinates":[34.80255,0.484204]},"properties":{"id":"523242503","n":"MAHUSI A PD 8","t":"pdw","c":"Kakamega"}},{"type":"Feature","geometry":{"type":"Point","coordinates":[34.812089,0.467002]},"properties":{"id":"523206839","n":"Shipala East PD 15","t":"pdw","c":"Kakamega"}},{"type":"Feature","geometry":{"type":"Point","coordinates":[34.766875,0.505861]},"properties":{"id":"523323125","n":"VUYANZI PD 8","t":"pdw","c":"Kakamega"}},{"type":"Feature","geometry":{"type":"Point","coordinates":[34.8133,0.51044]},"properties":{"id":"75262","n":"Timbito, Timbito Spring - 4294","t":"ps","c":"Kakamega"}},{"type":"Feature","geometry":{"type":"Point","coordinates":[34.855615,0.504267]},"properties":{"id":"523200266","n":"Cheptuli B UD 6","t":"udw","c":"Kakamega"}},{"type":"Feature","geometry":{"type":"Point","coordinates":[34.836641,0.510829]},"properties":{"id":"523207476","n":"Manyonje B PD 18","t":"pdw","c":"Kakamega"}},{"type":"Feature","geometry":{"type":"Point","coordinates":[34.812835,0.54387]},"properties":{"id":"523328395","n":"Mbande UD 29","t":"udw","c":"Kakamega"}},{"type":"Feature","geometry":{"type":"Point","coordinates":[34.853927,0.472399]},"properties":{"id":"523238791","n":"Muhoni US 3","t":"us","c":"Kakamega"}},{"type":"Feature","geometry":{"type":"Point","coordinates":[34.823717,0.525421]},"properties":{"id":"523302388","n":"SHILONGO PD 22","t":"pdw","c":"Kakamega"}},{"type":"Feature","geometry":{"type":"Point","coordinates":[34.829441,0.518031]},"properties":{"id":"523206987","n":"LUTINYE PD 5","t":"pdw","c":"Kakamega"}},{"type":"Feature","geometry":{"type":"Point","coordinates":[34.82268,0.498894]},"properties":{"id":"523338017","n":"LURAMBI PD 8","t":"pdw","c":"Kakamega"}},{"type":"Feature","geometry":{"type":"Point","coordinates":[34.849156,0.479678]},"properties":{"id":"523292560","n":"Fukoye B PD 1","t":"pdw","c":"Kakamega"}},{"type":"Feature","geometry":{"type":"Point","coordinates":[34.822723,0.52355]},"properties":{"id":"523251853","n":"SHILONGO PD 24","t":"pdw","c":"Kakamega"}},{"type":"Feature","geometry":{"type":"Point","coordinates":[34.791598,0.504183]},"properties":{"id":"523225533","n":"LUVAMBO PD 3","t":"pdw","c":"Kakamega"}},{"type":"Feature","geometry":{"type":"Point","coordinates":[34.80288,0.496237]},"properties":{"id":"523196987","n":"MAHUSI B PS 4","t":"ps","c":"Kakamega"}},{"type":"Feature","geometry":{"type":"Point","coordinates":[34.763456,0.512163]},"properties":{"id":"523193991","n":"SHIVAGALA A PD 4","t":"pdw","c":"Kakamega"}},{"type":"Feature","geometry":{"type":"Point","coordinates":[34.857834,0.501501]},"properties":{"id":"523288710","n":"Kharakha UD 2","t":"udw","c":"Kakamega"}},{"type":"Feature","geometry":{"type":"Point","coordinates":[34.80218,0.480718]},"properties":{"id":"523243425","n":"MAHUSI A PD 9","t":"pdw","c":"Kakamega"}},{"type":"Feature","geometry":{"type":"Point","coordinates":[34.767284,0.506271]},"properties":{"id":"523344096","n":"VUYANZI PD 4","t":"pdw","c":"Kakamega"}},{"type":"Feature","geometry":{"type":"Point","coordinates":[34.836188,0.509464]},"properties":{"id":"523328319","n":"CHEBWAI C PD 6","t":"pdw","c":"Kakamega"}},{"type":"Feature","geometry":{"type":"Point","coordinates":[34.814031,0.532856]},"properties":{"id":"523253161","n":"MATSAKHA B UD 13","t":"udw","c":"Kakamega"}},{"type":"Feature","geometry":{"type":"Point","coordinates":[34.796673,0.526339]},"properties":{"id":"523197469","n":"Lugusi UD 42","t":"udw","c":"Kakamega"}},{"type":"Feature","geometry":{"type":"Point","coordinates":[34.784821,0.522174]},"properties":{"id":"523262693","n":"LUANDA PD 12","t":"pdw","c":"Kakamega"}},{"type":"Feature","geometry":{"type":"Point","coordinates":[34.854763,0.504372]},"properties":{"id":"523296753","n":"Cheptuli B UD 7","t":"udw","c":"Kakamega"}},{"type":"Feature","geometry":{"type":"Point","coordinates":[34.847125,0.503863]},"properties":{"id":"523228457","n":"Chevaywa B PD 10","t":"pdw","c":"Kakamega"}},{"type":"Feature","geometry":{"type":"Point","coordinates":[34.817726,0.519315]},"properties":{"id":"523339245","n":"ST. MARTIN PD 25","t":"pdw","c":"Kakamega"}},{"type":"Feature","geometry":{"type":"Point","coordinates":[34.810993,0.526236]},"properties":{"id":"523193771","n":"MATSAKHA C PD 35","t":"pdw","c":"Kakamega"}},{"type":"Feature","geometry":{"type":"Point","coordinates":[34.817901,0.501104]},"properties":{"id":"523222561","n":"LURAMBI PD 6","t":"pdw","c":"Kakamega"}},{"type":"Feature","geometry":{"type":"Point","coordinates":[34.815277,0.549118]},"properties":{"id":"523244220","n":"Sango PD2","t":"pdw","c":"Kakamega"}},{"type":"Feature","geometry":{"type":"Point","coordinates":[34.842586,0.466897]},"properties":{"id":"523214528","n":"Makhwabuye PD 3","t":"pdw","c":"Kakamega"}},{"type":"Feature","geometry":{"type":"Point","coordinates":[34.796389,0.525545]},"properties":{"id":"523308267","n":"Lugusi UD 49","t":"udw","c":"Kakamega"}},{"type":"Feature","geometry":{"type":"Point","coordinates":[34.811066,0.543293]},"properties":{"id":"523269827","n":"Mbande PD 28","t":"pdw","c":"Kakamega"}},{"type":"Feature","geometry":{"type":"Point","coordinates":[34.820467,0.521872]},"properties":{"id":"523298597","n":"SHILONGO PD 8","t":"pdw","c":"Kakamega"}},{"type":"Feature","geometry":{"type":"Point","coordinates":[34.81008,0.487864]},"properties":{"id":"523218773","n":"MAHUSI A PS 5","t":"ps","c":"Kakamega"}},{"type":"Feature","geometry":{"type":"Point","coordinates":[34.815893,0.543665]},"properties":{"id":"523279006","n":"SHARAMBATSA PD 26","t":"pdw","c":"Kakamega"}},{"type":"Feature","geometry":{"type":"Point","coordinates":[34.835957,0.520579]},"properties":{"id":"523205814","n":"CHEBWAI C PD 2","t":"pdw","c":"Kakamega"}},{"type":"Feature","geometry":{"type":"Point","coordinates":[34.813796,0.530407]},"properties":{"id":"523243078","n":"MATSAKHA B PD 66","t":"pdw","c":"Kakamega"}},{"type":"Feature","geometry":{"type":"Point","coordinates":[34.813678,0.528371]},"properties":{"id":"523316080","n":"MATSAKHA B PD 64","t":"pdw","c":"Kakamega"}},{"type":"Feature","geometry":{"type":"Point","coordinates":[34.822794,0.517477]},"properties":{"id":"523285047","n":"CHEBWAI B PD 6","t":"pdw","c":"Kakamega"}},{"type":"Feature","geometry":{"type":"Point","coordinates":[34.77888,0.507176]},"properties":{"id":"523205656","n":"NAMUSHIYA B PS 1","t":"ps","c":"Kakamega"}},{"type":"Feature","geometry":{"type":"Point","coordinates":[34.811332,0.538458]},"properties":{"id":"523313881","n":"Mbande PD 46","t":"pdw","c":"Kakamega"}},{"type":"Feature","geometry":{"type":"Point","coordinates":[34.809014,0.469091]},"properties":{"id":"523231749","n":"Shipala West PS 1","t":"ps","c":"Kakamega"}},{"type":"Feature","geometry":{"type":"Point","coordinates":[34.764869,0.510985]},"properties":{"id":"523318446","n":"VUYANZI US 2","t":"us","c":"Kakamega"}},{"type":"Feature","geometry":{"type":"Point","coordinates":[34.764575,0.503793]},"properties":{"id":"523208680","n":"SHIVAGALA B PD 4","t":"pdw","c":"Kakamega"}},{"type":"Feature","geometry":{"type":"Point","coordinates":[34.869831,0.499155]},"properties":{"id":"523249809","n":"Namagara A PD 4","t":"pdw","c":"Kakamega"}},{"type":"Feature","geometry":{"type":"Point","coordinates":[34.849048,0.495688]},"properties":{"id":"523214250","n":"Chevaywa B PS 12","t":"ps","c":"Kakamega"}},{"type":"Feature","geometry":{"type":"Point","coordinates":[34.847765,0.504935]},"properties":{"id":"523292917","n":"Chevaywa B PD 8","t":"pdw","c":"Kakamega"}},{"type":"Feature","geometry":{"type":"Point","coordinates":[34.831959,0.478528]},"properties":{"id":"523326702","n":"Lunyironi PD 8","t":"pdw","c":"Kakamega"}},{"type":"Feature","geometry":{"type":"Point","coordinates":[34.815666,0.521196]},"properties":{"id":"523251145","n":"ST. MARTIN PS 4","t":"ps","c":"Kakamega"}},{"type":"Feature","geometry":{"type":"Point","coordinates":[34.801353,0.508005]},"properties":{"id":"25786404","n":"Chegulo, Sembeya Spring - 19122","t":"ps","c":"Kakamega"}},{"type":"Feature","geometry":{"type":"Point","coordinates":[34.830696,0.48193]},"properties":{"id":"523286093","n":"Butali PS 2","t":"ps","c":"Kakamega"}},{"type":"Feature","geometry":{"type":"Point","coordinates":[34.804517,0.50791]},"properties":{"id":"523244536","n":"MAKALE B PD 7","t":"pdw","c":"Kakamega"}},{"type":"Feature","geometry":{"type":"Point","coordinates":[34.800177,0.505504]},"properties":{"id":"523338196","n":"MAKALE B PD 11","t":"pdw","c":"Kakamega"}},{"type":"Feature","geometry":{"type":"Point","coordinates":[34.821035,0.522383]},"properties":{"id":"523349259","n":"SHILONGO PD 27","t":"pdw","c":"Kakamega"}},{"type":"Feature","geometry":{"type":"Point","coordinates":[34.826528,0.515504]},"properties":{"id":"5745559","n":"Lutinye Community Well Rehabilitation - 4522","t":"pdw","c":"Kakamega"}},{"type":"Feature","geometry":{"type":"Point","coordinates":[34.807714,0.52829]},"properties":{"id":"523270760","n":"MATSAKHA C PD 48","t":"pdw","c":"Kakamega"}},{"type":"Feature","geometry":{"type":"Point","coordinates":[34.78482,0.514147]},"properties":{"id":"523232489","n":"MAKUCHE A PD 9","t":"pdw","c":"Kakamega"}},{"type":"Feature","geometry":{"type":"Point","coordinates":[34.840896,0.513019]},"properties":{"id":"523196248","n":"Chevaywa A PD 14","t":"pdw","c":"Kakamega"}},{"type":"Feature","geometry":{"type":"Point","coordinates":[34.874298,0.479195]},"properties":{"id":"523324669","n":"Mungakha Forest PS 9","t":"ps","c":"Kakamega"}},{"type":"Feature","geometry":{"type":"Point","coordinates":[34.826429,0.512375]},"properties":{"id":"523320469","n":"CHEBWAI B PD 21","t":"pdw","c":"Kakamega"}},{"type":"Feature","geometry":{"type":"Point","coordinates":[34.844817,0.506563]},"properties":{"id":"523195838","n":"Chevaywa B PD 2","t":"pdw","c":"Kakamega"}},{"type":"Feature","geometry":{"type":"Point","coordinates":[34.878869,0.477371]},"properties":{"id":"523345592","n":"Marukusi UD 5","t":"udw","c":"Kakamega"}},{"type":"Feature","geometry":{"type":"Point","coordinates":[34.827011,0.510169]},"properties":{"id":"523304672","n":"CHEBWAI B PD 11","t":"pdw","c":"Kakamega"}},{"type":"Feature","geometry":{"type":"Point","coordinates":[34.802,0.503623]},"properties":{"id":"523334477","n":"MAKALE B PD 3","t":"pdw","c":"Kakamega"}},{"type":"Feature","geometry":{"type":"Point","coordinates":[34.835092,0.524781]},"properties":{"id":"523248248","n":"Mukhuyu UD 2","t":"udw","c":"Kakamega"}},{"type":"Feature","geometry":{"type":"Point","coordinates":[34.80545,0.529501]},"properties":{"id":"523249641","n":"MATSAKHA A UD 15","t":"udw","c":"Kakamega"}},{"type":"Feature","geometry":{"type":"Point","coordinates":[34.798789,0.528152]},"properties":{"id":"523203757","n":"MATSAKHA A PD 10","t":"pdw","c":"Kakamega"}},{"type":"Feature","geometry":{"type":"Point","coordinates":[34.805171,0.53765]},"properties":{"id":"523273299","n":"Lugusi PD 7","t":"pdw","c":"Kakamega"}},{"type":"Feature","geometry":{"type":"Point","coordinates":[34.83648,0.524469]},"properties":{"id":"523307170","n":"Mukhuyu UD 3","t":"udw","c":"Kakamega"}},{"type":"Feature","geometry":{"type":"Point","coordinates":[34.809603,0.542793]},"properties":{"id":"523221027","n":"Mbande PD 15","t":"pdw","c":"Kakamega"}},{"type":"Feature","geometry":{"type":"Point","coordinates":[34.795209,0.524208]},"properties":{"id":"8728506","n":"Matsakha, Siseche Spring - 18134","t":"ps","c":"Kakamega"}},{"type":"Feature","geometry":{"type":"Point","coordinates":[34.826323,0.496926]},"properties":{"id":"523249823","n":"LURAMBI PD 11","t":"pdw","c":"Kakamega"}},{"type":"Feature","geometry":{"type":"Point","coordinates":[34.777654,0.514115]},"properties":{"id":"523268486","n":"NAMUSHIYA A PD 16","t":"pdw","c":"Kakamega"}},{"type":"Feature","geometry":{"type":"Point","coordinates":[34.843089,0.488434]},"properties":{"id":"523294531","n":"Tande B PD 2","t":"pdw","c":"Kakamega"}},{"type":"Feature","geometry":{"type":"Point","coordinates":[34.771557,0.515039]},"properties":{"id":"523290661","n":"MWIYALA PD 6","t":"pdw","c":"Kakamega"}},{"type":"Feature","geometry":{"type":"Point","coordinates":[34.790024,0.506648]},"properties":{"id":"4508052","n":"Luvambo Community - 4537","t":"pdw","c":"Kakamega"}},{"type":"Feature","geometry":{"type":"Point","coordinates":[34.816852,0.531348]},"properties":{"id":"523300032","n":"MATSAKHA B PD 48","t":"pdw","c":"Kakamega"}},{"type":"Feature","geometry":{"type":"Point","coordinates":[34.804017,0.526056]},"properties":{"id":"523205302","n":"MATSAKHA C UD 71","t":"udw","c":"Kakamega"}},{"type":"Feature","geometry":{"type":"Point","coordinates":[34.829027,0.506686]},"properties":{"id":"523197029","n":"CHEBWAI B PD 13","t":"pdw","c":"Kakamega"}},{"type":"Feature","geometry":{"type":"Point","coordinates":[34.798839,0.515006]},"properties":{"id":"523264750","n":"LUVAMBO A PD 1","t":"pdw","c":"Kakamega"}},{"type":"Feature","geometry":{"type":"Point","coordinates":[34.77493,0.50075]},"properties":{"id":"523223146","n":"LUGUSI PS 13","t":"ps","c":"Kakamega"}},{"type":"Feature","geometry":{"type":"Point","coordinates":[34.825197,0.521913]},"properties":{"id":"523233215","n":"LUYESHE PD 8","t":"pdw","c":"Kakamega"}},{"type":"Feature","geometry":{"type":"Point","coordinates":[34.80006,0.524174]},"properties":{"id":"16871076","n":"Matsakha, Kombwa Spring - 4856","t":"ps","c":"Kakamega"}},{"type":"Feature","geometry":{"type":"Point","coordinates":[34.817517,0.519357]},"properties":{"id":"523243810","n":"ST. MARTIN PD 24","t":"pdw","c":"Kakamega"}},{"type":"Feature","geometry":{"type":"Point","coordinates":[34.815032,0.543179]},"properties":{"id":"523270942","n":"SHARAMBATSA UD 29","t":"udw","c":"Kakamega"}},{"type":"Feature","geometry":{"type":"Point","coordinates":[34.828947,0.476834]},"properties":{"id":"523227236","n":"Lunyironi PD 10","t":"pdw","c":"Kakamega"}},{"type":"Feature","geometry":{"type":"Point","coordinates":[34.801208,0.520251]},"properties":{"id":"523262332","n":"LUVAMBO A PD 5","t":"pdw","c":"Kakamega"}},{"type":"Feature","geometry":{"type":"Point","coordinates":[34.813098,0.480317]},"properties":{"id":"523218405","n":"MAKUU A PD 1","t":"pdw","c":"Kakamega"}},{"type":"Feature","geometry":{"type":"Point","coordinates":[34.818756,0.51853]},"properties":{"id":"523223184","n":"ST. MARTIN PD 26","t":"pdw","c":"Kakamega"}},{"type":"Feature","geometry":{"type":"Point","coordinates":[34.859778,0.466133]},"properties":{"id":"471340281","n":"Muhoni Community, Mukachelelwa spring - 22148","t":"ps","c":"Kakamega"}},{"type":"Feature","geometry":{"type":"Point","coordinates":[34.75736,0.501854]},"properties":{"id":"523248956","n":"VASHELE B PD 2","t":"pdw","c":"Kakamega"}},{"type":"Feature","geometry":{"type":"Point","coordinates":[34.818777,0.540752]},"properties":{"id":"523290221","n":"SHARAMBATSA UD 13","t":"udw","c":"Kakamega"}},{"type":"Feature","geometry":{"type":"Point","coordinates":[34.806182,0.537328]},"properties":{"id":"523288806","n":"Lugusi PD5","t":"pdw","c":"Kakamega"}},{"type":"Feature","geometry":{"type":"Point","coordinates":[34.778123,0.50858]},"properties":{"id":"523197270","n":"NAMUSHIYA B PD 2","t":"pdw","c":"Kakamega"}},{"type":"Feature","geometry":{"type":"Point","coordinates":[34.839215,0.492847]},"properties":{"id":"523265225","n":"Chevaywa A PD 10","t":"pdw","c":"Kakamega"}},{"type":"Feature","geometry":{"type":"Point","coordinates":[34.831618,0.511216]},"properties":{"id":"523226541","n":"LUTINYE PS 40","t":"ps","c":"Kakamega"}},{"type":"Feature","geometry":{"type":"Point","coordinates":[34.817475,0.530923]},"properties":{"id":"523270911","n":"MATSAKHA B PD 47","t":"pdw","c":"Kakamega"}},{"type":"Feature","geometry":{"type":"Point","coordinates":[34.863271,0.490887]},"properties":{"id":"523273158","n":"Mukavakava BH 1","t":"bh","c":"Kakamega"}},{"type":"Feature","geometry":{"type":"Point","coordinates":[34.799587,0.498659]},"properties":{"id":"523345097","n":"MAKALE A PD 10","t":"pdw","c":"Kakamega"}},{"type":"Feature","geometry":{"type":"Point","coordinates":[34.770986,0.517773]},"properties":{"id":"523276539","n":"NAMUSHIYA B US 12","t":"us","c":"Kakamega"}},{"type":"Feature","geometry":{"type":"Point","coordinates":[34.829121,0.527764]},"properties":{"id":"523262851","n":"LUYESHE PD 19","t":"pdw","c":"Kakamega"}},{"type":"Feature","geometry":{"type":"Point","coordinates":[34.796645,0.50391]},"properties":{"id":"523282460","n":"MAKALE A PS 1","t":"ps","c":"Kakamega"}},{"type":"Feature","geometry":{"type":"Point","coordinates":[34.81978,0.522556]},"properties":{"id":"523257220","n":"SHILONGO PD 9","t":"pdw","c":"Kakamega"}},{"type":"Feature","geometry":{"type":"Point","coordinates":[34.871749,0.479168]},"properties":{"id":"523317335","n":"Mukavakava PS 5","t":"pdw","c":"Kakamega"}},{"type":"Feature","geometry":{"type":"Point","coordinates":[34.799303,0.534865]},"properties":{"id":"523285724","n":"Lugusi PD 21","t":"pdw","c":"Kakamega"}},{"type":"Feature","geometry":{"type":"Point","coordinates":[34.818333,0.530606]},"properties":{"id":"523246617","n":"MATSAKHA B PD 44","t":"pdw","c":"Kakamega"}},{"type":"Feature","geometry":{"type":"Point","coordinates":[34.826236,0.518263]},"properties":{"id":"523336833","n":"LUTINYE PD 4","t":"pdw","c":"Kakamega"}},{"type":"Feature","geometry":{"type":"Point","coordinates":[34.786084,0.523167]},"properties":{"id":"523283887","n":"LUANDA PD 10","t":"pdw","c":"Kakamega"}},{"type":"Feature","geometry":{"type":"Point","coordinates":[34.802949,0.503509]},"properties":{"id":"523239376","n":"MAKALE B PD 4","t":"pdw","c":"Kakamega"}},{"type":"Feature","geometry":{"type":"Point","coordinates":[34.806739,0.528748]},"properties":{"id":"523240769","n":"MATSAKHA C PD 47","t":"pdw","c":"Kakamega"}},{"type":"Feature","geometry":{"type":"Point","coordinates":[34.827642,0.511965]},"properties":{"id":"523269133","n":"LUTINYE PD 34","t":"pdw","c":"Kakamega"}},{"type":"Feature","geometry":{"type":"Point","coordinates":[34.838875,0.527554]},"properties":{"id":"523251523","n":"Mukhuyu UD 9","t":"udw","c":"Kakamega"}},{"type":"Feature","geometry":{"type":"Point","coordinates":[34.804354,0.527559]},"properties":{"id":"523297455","n":"MATSAKHA C PD 76","t":"pdw","c":"Kakamega"}},{"type":"Feature","geometry":{"type":"Point","coordinates":[34.828901,0.503001]},"properties":{"id":"523247034","n":"CHEBWAI A PD 2","t":"pdw","c":"Kakamega"}},{"type":"Feature","geometry":{"type":"Point","coordinates":[34.811301,0.546004]},"properties":{"id":"523318374","n":"Mbande UD 22","t":"udw","c":"Kakamega"}},{"type":"Feature","geometry":{"type":"Point","coordinates":[34.791149,0.510258]},"properties":{"id":"523313922","n":"LUVAMBO DIP UD 12","t":"udw","c":"Kakamega"}},{"type":"Feature","geometry":{"type":"Point","coordinates":[34.823404,0.518255]},"properties":{"id":"523323950","n":"CHEBWAI B PD 5","t":"pdw","c":"Kakamega"}},{"type":"Feature","geometry":{"type":"Point","coordinates":[34.827502,0.51952]},"properties":{"id":"523352163","n":"LUYESHE BH 24","t":"bh","c":"Kakamega"}},{"type":"Feature","geometry":{"type":"Point","coordinates":[34.82326,0.48361]},"properties":{"id":"3908802","n":"Namanja, William Katui Spring - 4434","t":"ps","c":"Kakamega"}},{"type":"Feature","geometry":{"type":"Point","coordinates":[34.775477,0.514939]},"properties":{"id":"523284998","n":"NAMUSHIYA B PD 7","t":"pdw","c":"Kakamega"}},{"type":"Feature","geometry":{"type":"Point","coordinates":[34.842869,0.473213]},"properties":{"id":"523331601","n":"Cereal Board US 8","t":"us","c":"Kakamega"}},{"type":"Feature","geometry":{"type":"Point","coordinates":[34.795694,0.527154]},"properties":{"id":"523269511","n":"Lugusi PD 43","t":"pdw","c":"Kakamega"}},{"type":"Feature","geometry":{"type":"Point","coordinates":[34.807127,0.538678]},"properties":{"id":"523331735","n":"Lugusi PD 2","t":"pdw","c":"Kakamega"}},{"type":"Feature","geometry":{"type":"Point","coordinates":[34.858262,0.500758]},"properties":{"id":"523311298","n":"Kharakha UD 3","t":"udw","c":"Kakamega"}},{"type":"Feature","geometry":{"type":"Point","coordinates":[34.848613,0.505514]},"properties":{"id":"523203623","n":"Chevaywa B UD 14","t":"pdw","c":"Kakamega"}},{"type":"Feature","geometry":{"type":"Point","coordinates":[34.874883,0.478683]},"properties":{"id":"523273268","n":"Harambee PD 5","t":"pdw","c":"Kakamega"}},{"type":"Feature","geometry":{"type":"Point","coordinates":[34.821225,0.516874]},"properties":{"id":"523282800","n":"CHEBWAI B PD 2","t":"pdw","c":"Kakamega"}},{"type":"Feature","geometry":{"type":"Point","coordinates":[34.811657,0.547888]},"properties":{"id":"523205560","n":"Sango PS1","t":"ps","c":"Kakamega"}},{"type":"Feature","geometry":{"type":"Point","coordinates":[34.812865,0.542626]},"properties":{"id":"523267210","n":"Mbande PD 31","t":"pdw","c":"Kakamega"}},{"type":"Feature","geometry":{"type":"Point","coordinates":[34.793782,0.522781]},"properties":{"id":"523344371","n":"Lugusi PD 54","t":"pdw","c":"Kakamega"}},{"type":"Feature","geometry":{"type":"Point","coordinates":[34.805096,0.525884]},"properties":{"id":"523202880","n":"MATSAKHA C PD 70","t":"pdw","c":"Kakamega"}},{"type":"Feature","geometry":{"type":"Point","coordinates":[34.874282,0.479243]},"properties":{"id":"523237116","n":"Harambee PS 4","t":"ps","c":"Kakamega"}},{"type":"Feature","geometry":{"type":"Point","coordinates":[34.88395,0.473073]},"properties":{"id":"523314875","n":"Namatala PD 4","t":"pdw","c":"Kakamega"}},{"type":"Feature","geometry":{"type":"Point","coordinates":[34.794995,0.488591]},"properties":{"id":"523299220","n":"CHEGULO A PD 5","t":"pdw","c":"Kakamega"}},{"type":"Feature","geometry":{"type":"Point","coordinates":[34.807487,0.54716]},"properties":{"id":"523196664","n":"Mbande UD","t":"udw","c":"Kakamega"}},{"type":"Feature","geometry":{"type":"Point","coordinates":[34.834912,0.494076]},"properties":{"id":"523268345","n":"Chevaywa A UD 6","t":"udw","c":"Kakamega"}},{"type":"Feature","geometry":{"type":"Point","coordinates":[34.76345,0.507724]},"properties":{"id":"523250773","n":"SHIVAGALA B PS 7","t":"ps","c":"Kakamega"}},{"type":"Feature","geometry":{"type":"Point","coordinates":[34.85038,0.505206]},"properties":{"id":"523228251","n":"Chevaywa B UD 16","t":"udw","c":"Kakamega"}},{"type":"Feature","geometry":{"type":"Point","coordinates":[34.809296,0.523356]},"properties":{"id":"523238492","n":"MATSAKHA C US 61","t":"us","c":"Kakamega"}},{"type":"Feature","geometry":{"type":"Point","coordinates":[34.814846,0.526074]},"properties":{"id":"523298755","n":"MATSAKHA C PD 15","t":"pdw","c":"Kakamega"}},{"type":"Feature","geometry":{"type":"Point","coordinates":[34.812262,0.542621]},"properties":{"id":"523286804","n":"Mbande 32","t":"pdw","c":"Kakamega"}},{"type":"Feature","geometry":{"type":"Point","coordinates":[34.814326,0.471098]},"properties":{"id":"523270674","n":"Makale PD 1","t":"pdw","c":"Kakamega"}},{"type":"Feature","geometry":{"type":"Point","coordinates":[34.831231,0.517872]},"properties":{"id":"523232056","n":"LUTINYE PD 20","t":"pdw","c":"Kakamega"}},{"type":"Feature","geometry":{"type":"Point","coordinates":[34.825948,0.516779]},"properties":{"id":"523222231","n":"LUTINYE PD 2","t":"pdw","c":"Kakamega"}},{"type":"Feature","geometry":{"type":"Point","coordinates":[34.808923,0.529511]},"properties":{"id":"523348069","n":"MATSAKHA C PD 44","t":"pdw","c":"Kakamega"}},{"type":"Feature","geometry":{"type":"Point","coordinates":[34.851975,0.502934]},"properties":{"id":"523276388","n":"Cheptuli B UD 16","t":"udw","c":"Kakamega"}},{"type":"Feature","geometry":{"type":"Point","coordinates":[34.837123,0.49118]},"properties":{"id":"523343655","n":"Chevaywa A PS 12","t":"ps","c":"Kakamega"}},{"type":"Feature","geometry":{"type":"Point","coordinates":[34.846704,0.500048]},"properties":{"id":"523194631","n":"Chevaywa B PD 5","t":"pdw","c":"Kakamega"}},{"type":"Feature","geometry":{"type":"Point","coordinates":[34.81433,0.470125]},"properties":{"id":"4508014","n":"Shipala Primary School Hand-Dug Well - 4533","t":"pdw","c":"Kakamega"}},{"type":"Feature","geometry":{"type":"Point","coordinates":[34.8243,0.530853]},"properties":{"id":"523255950","n":"SHILONGO PD 18","t":"pdw","c":"Kakamega"}},{"type":"Feature","geometry":{"type":"Point","coordinates":[34.836828,0.524157]},"properties":{"id":"523350044","n":"Mukhuyu UD 4","t":"udw","c":"Kakamega"}},{"type":"Feature","geometry":{"type":"Point","coordinates":[34.78857,0.504159]},"properties":{"id":"523338062","n":"LUVAMBO DIP PD 2","t":"pdw","c":"Kakamega"}},{"type":"Feature","geometry":{"type":"Point","coordinates":[34.877145,0.477858]},"properties":{"id":"523246514","n":"Harambee PD 14","t":"pdw","c":"Kakamega"}},{"type":"Feature","geometry":{"type":"Point","coordinates":[34.877069,0.490428]},"properties":{"id":"523269762","n":"Munenga PD 9","t":"pdw","c":"Kakamega"}},{"type":"Feature","geometry":{"type":"Point","coordinates":[34.870593,0.485994]},"properties":{"id":"523208257","n":"Mukavakava PD 9","t":"pdw","c":"Kakamega"}},{"type":"Feature","geometry":{"type":"Point","coordinates":[34.846047,0.504958]},"properties":{"id":"523321817","n":"Chevaywa B PD 5","t":"pdw","c":"Kakamega"}},{"type":"Feature","geometry":{"type":"Point","coordinates":[34.807132,0.478986]},"properties":{"id":"523296155","n":"MAKUU B UD 6","t":"udw","c":"Kakamega"}},{"type":"Feature","geometry":{"type":"Point","coordinates":[34.810902,0.52519]},"properties":{"id":"523265971","n":"MATSAKHA C UD 59","t":"pdw","c":"Kakamega"}},{"type":"Feature","geometry":{"type":"Point","coordinates":[34.80412,0.527168]},"properties":{"id":"523209337","n":"MATSAKHA C PD 75","t":"pdw","c":"Kakamega"}},{"type":"Feature","geometry":{"type":"Point","coordinates":[34.803467,0.507074]},"properties":{"id":"523276144","n":"MAKALE B PD 8","t":"pdw","c":"Kakamega"}},{"type":"Feature","geometry":{"type":"Point","coordinates":[34.79352,0.516339]},"properties":{"id":"523213022","n":"LUVAMBO A PD 10","t":"pdw","c":"Kakamega"}},{"type":"Feature","geometry":{"type":"Point","coordinates":[34.82022,0.535146]},"properties":{"id":"523327899","n":"MATSAKHA B UD 28","t":"udw","c":"Kakamega"}},{"type":"Feature","geometry":{"type":"Point","coordinates":[34.81657,0.519329]},"properties":{"id":"523279525","n":"ST. MARTIN PD 21","t":"pdw","c":"Kakamega"}},{"type":"Feature","geometry":{"type":"Point","coordinates":[34.811812,0.54283]},"properties":{"id":"523287379","n":"Mbande UD 33","t":"udw","c":"Kakamega"}},{"type":"Feature","geometry":{"type":"Point","coordinates":[34.869,0.460558]},"properties":{"id":"523200929","n":"Shitirira Forest US 3","t":"us","c":"Kakamega"}},{"type":"Feature","geometry":{"type":"Point","coordinates":[34.814674,0.525969]},"properties":{"id":"523314930","n":"MATSAKHA C PD 12","t":"pdw","c":"Kakamega"}},{"type":"Feature","geometry":{"type":"Point","coordinates":[34.849011,0.506905]},"properties":{"id":"523248468","n":"Chevaywa B UD 25","t":"udw","c":"Kakamega"}},{"type":"Feature","geometry":{"type":"Point","coordinates":[34.768632,0.50267]},"properties":{"id":"523241526","n":"VUYANZI PS 11","t":"ps","c":"Kakamega"}},{"type":"Feature","geometry":{"type":"Point","coordinates":[34.852268,0.496478]},"properties":{"id":"523233064","n":"Chevaywa B PD 16","t":"pdw","c":"Kakamega"}},{"type":"Feature","geometry":{"type":"Point","coordinates":[34.866964,0.487182]},"properties":{"id":"523310462","n":"Mukavakava UD 11","t":"udw","c":"Kakamega"}},{"type":"Feature","geometry":{"type":"Point","coordinates":[34.870738,0.466503]},"properties":{"id":"523230236","n":"Shitirira Forest PS 1","t":"ps","c":"Kakamega"}},{"type":"Feature","geometry":{"type":"Point","coordinates":[34.815253,0.525474]},"properties":{"id":"523212234","n":"MATSAKHA C PD 17","t":"pdw","c":"Kakamega"}},{"type":"Feature","geometry":{"type":"Point","coordinates":[34.818489,0.537112]},"properties":{"id":"523247577","n":"MATSAKHA B UD 21","t":"udw","c":"Kakamega"}},{"type":"Feature","geometry":{"type":"Point","coordinates":[34.807116,0.487951]},"properties":{"id":"523339623","n":"MAHUSI A PS 2","t":"ps","c":"Kakamega"}},{"type":"Feature","geometry":{"type":"Point","coordinates":[34.765828,0.505466]},"properties":{"id":"523267100","n":"VUYANZI PD 1","t":"pdw","c":"Kakamega"}},{"type":"Feature","geometry":{"type":"Point","coordinates":[34.815555,0.535411]},"properties":{"id":"523269023","n":"MATSAKHA B PD 16","t":"pdw","c":"Kakamega"}},{"type":"Feature","geometry":{"type":"Point","coordinates":[34.793273,0.489108]},"properties":{"id":"523236854","n":"CHEGULO A PD 6","t":"pdw","c":"Kakamega"}},{"type":"Feature","geometry":{"type":"Point","coordinates":[34.812846,0.538289]},"properties":{"id":"523228567","n":"SHARAMBATSA PD 38","t":"pdw","c":"Kakamega"}},{"type":"Feature","geometry":{"type":"Point","coordinates":[34.805731,0.477426]},"properties":{"id":"523200101","n":"MAKUU A UD 13","t":"udw","c":"Kakamega"}},{"type":"Feature","geometry":{"type":"Point","coordinates":[34.828919,0.514051]},"properties":{"id":"523283904","n":"LUTINYE PD 31","t":"pdw","c":"Kakamega"}},{"type":"Feature","geometry":{"type":"Point","coordinates":[34.82193,0.543662]},"properties":{"id":"523207012","n":"Shichebe PD4","t":"pdw","c":"Kakamega"}},{"type":"Feature","geometry":{"type":"Point","coordinates":[34.815993,0.523017]},"properties":{"id":"3507407","n":"Luyeshe Community - 4525","t":"pdw","c":"Kakamega"}},{"type":"Feature","geometry":{"type":"Point","coordinates":[34.824277,0.481232]},"properties":{"id":"459133924","n":"Namanja Community, Saidi Spring - 22016","t":"ps","c":"Kakamega"}},{"type":"Feature","geometry":{"type":"Point","coordinates":[34.836526,0.513977]},"properties":{"id":"523219114","n":"Manyonje B UD 7","t":"udw","c":"Kakamega"}},{"type":"Feature","geometry":{"type":"Point","coordinates":[34.847404,0.468944]},"properties":{"id":"523210892","n":"Cereal Board PD 4","t":"pdw","c":"Kakamega"}},{"type":"Feature","geometry":{"type":"Point","coordinates":[34.819598,0.522624]},"properties":{"id":"523340078","n":"SHILONGO PD 10","t":"pdw","c":"Kakamega"}},{"type":"Feature","geometry":{"type":"Point","coordinates":[34.803725,0.536273]},"properties":{"id":"523193733","n":"Lugusi PD 11","t":"pdw","c":"Kakamega"}},{"type":"Feature","geometry":{"type":"Point","coordinates":[34.845225,0.497038]},"properties":{"id":"523231309","n":"Chevaywa B PD 10","t":"pdw","c":"Kakamega"}},{"type":"Feature","geometry":{"type":"Point","coordinates":[34.813639,0.478925]},"properties":{"id":"523277437","n":"SHIPALA PD 2","t":"pdw","c":"Kakamega"}},{"type":"Feature","geometry":{"type":"Point","coordinates":[34.871066,0.461972]},"properties":{"id":"523264138","n":"Shitirira Forest PD 5","t":"pdw","c":"Kakamega"}},{"type":"Feature","geometry":{"type":"Point","coordinates":[34.80373,0.51159]},"properties":{"id":"523324061","n":"SHIKULU PD 10","t":"pdw","c":"Kakamega"}},{"type":"Feature","geometry":{"type":"Point","coordinates":[34.866731,0.499984]},"properties":{"id":"523246253","n":"Namagara B PS 4","t":"ps","c":"Kakamega"}},{"type":"Feature","geometry":{"type":"Point","coordinates":[34.877406,0.476197]},"properties":{"id":"523227298","n":"Harambee PD 13","t":"pdw","c":"Kakamega"}},{"type":"Feature","geometry":{"type":"Point","coordinates":[34.787404,0.505857]},"properties":{"id":"523237099","n":"LUVAMBO DIP PD 10","t":"pdw","c":"Kakamega"}},{"type":"Feature","geometry":{"type":"Point","coordinates":[34.798336,0.508632]},"properties":{"id":"523213950","n":"SHIKULU UD 18","t":"udw","c":"Kakamega"}},{"type":"Feature","geometry":{"type":"Point","coordinates":[34.806544,0.46877]},"properties":{"id":"523230920","n":"Shipala West PD 3","t":"pdw","c":"Kakamega"}},{"type":"Feature","geometry":{"type":"Point","coordinates":[34.835459,0.501648]},"properties":{"id":"523316365","n":"CHEBWAI A PD 9","t":"ps","c":"Kakamega"}},{"type":"Feature","geometry":{"type":"Point","coordinates":[34.827975,0.492268]},"properties":{"id":"523276041","n":"MUYUNDI A PS 16","t":"ps","c":"Kakamega"}},{"type":"Feature","geometry":{"type":"Point","coordinates":[34.801841,0.501603]},"properties":{"id":"523329451","n":"MAKALE B PD 2","t":"pdw","c":"Kakamega"}},{"type":"Feature","geometry":{"type":"Point","coordinates":[34.784267,0.524624]},"properties":{"id":"523250326","n":"LUANDA US 7","t":"us","c":"Kakamega"}},{"type":"Feature","geometry":{"type":"Point","coordinates":[34.800985,0.500894]},"properties":{"id":"523209313","n":"MAKALE A PD 14","t":"udw","c":"Kakamega"}},{"type":"Feature","geometry":{"type":"Point","coordinates":[34.820131,0.484985]},"properties":{"id":"523243456","n":"MUYUNDI A PD 14","t":"pdw","c":"Kakamega"}},{"type":"Feature","geometry":{"type":"Point","coordinates":[34.831863,0.514336]},"properties":{"id":"523253295","n":"LUTINYE PD 29","t":"pdw","c":"Kakamega"}},{"type":"Feature","geometry":{"type":"Point","coordinates":[34.832627,0.503008]},"properties":{"id":"523286567","n":"CHEBWAI A PD 8","t":"pdw","c":"Kakamega"}},{"type":"Feature","geometry":{"type":"Point","coordinates":[34.86168,0.472267]},"properties":{"id":"523198721","n":"Muhoni PD 6","t":"pdw","c":"Kakamega"}},{"type":"Feature","geometry":{"type":"Point","coordinates":[34.815746,0.5255]},"properties":{"id":"523200840","n":"MATSAKHA C PD 19","t":"pdw","c":"Kakamega"}},{"type":"Feature","geometry":{"type":"Point","coordinates":[34.808967,0.552395]},"properties":{"id":"523212306","n":"Sango PD4","t":"pdw","c":"Kakamega"}},{"type":"Feature","geometry":{"type":"Point","coordinates":[34.799575,0.512079]},"properties":{"id":"523282099","n":"SHIKULU PD 15","t":"pdw","c":"Kakamega"}},{"type":"Feature","geometry":{"type":"Point","coordinates":[34.796371,0.5121]},"properties":{"id":"523225801","n":"SHIKULU PD 1","t":"pdw","c":"Kakamega"}},{"type":"Feature","geometry":{"type":"Point","coordinates":[34.829278,0.519195]},"properties":{"id":"523276474","n":"LUTINYE PD 7","t":"pdw","c":"Kakamega"}},{"type":"Feature","geometry":{"type":"Point","coordinates":[34.802954,0.495329]},"properties":{"id":"523331924","n":"MAHUSI B PS 3","t":"ps","c":"Kakamega"}},{"type":"Feature","geometry":{"type":"Point","coordinates":[34.80831,0.52344]},"properties":{"id":"8357841","n":"Matsakha, Mbakaya Spring - 18123","t":"ps","c":"Kakamega"}},{"type":"Feature","geometry":{"type":"Point","coordinates":[34.81511,0.542512]},"properties":{"id":"523268118","n":"SHARAMBATSA UD 28","t":"udw","c":"Kakamega"}},{"type":"Feature","geometry":{"type":"Point","coordinates":[34.859275,0.503675]},"properties":{"id":"523241643","n":"Cheptuli B PD 20","t":"pdw","c":"Kakamega"}},{"type":"Feature","geometry":{"type":"Point","coordinates":[34.812769,0.528121]},"properties":{"id":"523232843","n":"MATSAKHA C PD 42","t":"pdw","c":"Kakamega"}},{"type":"Feature","geometry":{"type":"Point","coordinates":[34.81651,0.487414]},"properties":{"id":"523217868","n":"MUYUNDI A PD 6","t":"pdw","c":"Kakamega"}},{"type":"Feature","geometry":{"type":"Point","coordinates":[34.820262,0.472333]},"properties":{"id":"523219516","n":"Shisumi PD 8","t":"pdw","c":"Kakamega"}},{"type":"Feature","geometry":{"type":"Point","coordinates":[34.828644,0.508189]},"properties":{"id":"523285683","n":"CHEBWAI B PD 18","t":"pdw","c":"Kakamega"}},{"type":"Feature","geometry":{"type":"Point","coordinates":[34.802875,0.534193]},"properties":{"id":"523336929","n":"Lugusi UD 17","t":"udw","c":"Kakamega"}},{"type":"Feature","geometry":{"type":"Point","coordinates":[34.80529,0.499285]},"properties":{"id":"523219619","n":"MAHUSI B PD 5","t":"pdw","c":"Kakamega"}},{"type":"Feature","geometry":{"type":"Point","coordinates":[34.842819,0.483906]},"properties":{"id":"523251451","n":"Tande A PD 12","t":"pdw","c":"Kakamega"}},{"type":"Feature","geometry":{"type":"Point","coordinates":[34.872292,0.47672]},"properties":{"id":"523197263","n":"Mungakha Forest PD 8","t":"pdw","c":"Kakamega"}},{"type":"Feature","geometry":{"type":"Point","coordinates":[34.81713,0.505593]},"properties":{"id":"523340023","n":"TIMBITO A PD 9","t":"pdw","c":"Kakamega"}},{"type":"Feature","geometry":{"type":"Point","coordinates":[34.813508,0.524294]},"properties":{"id":"523317689","n":"MATSAKHA C PD 22","t":"pdw","c":"Kakamega"}},{"type":"Feature","geometry":{"type":"Point","coordinates":[34.802774,0.529098]},"properties":{"id":"523269463","n":"MATSAKHA A UD 2","t":"udw","c":"Kakamega"}},{"type":"Feature","geometry":{"type":"Point","coordinates":[34.779842,0.513681]},"properties":{"id":"523308384","n":"NAMUSHIYA A PD 14","t":"pdw","c":"Kakamega"}},{"type":"Feature","geometry":{"type":"Point","coordinates":[34.843361,0.510632]},"properties":{"id":"523276876","n":"Chevaywa A PD 9","t":"pdw","c":"Kakamega"}},{"type":"Feature","geometry":{"type":"Point","coordinates":[34.851166,0.482616]},"properties":{"id":"523314703","n":"Fukoye A US 11","t":"us","c":"Kakamega"}},{"type":"Feature","geometry":{"type":"Point","coordinates":[34.82656,0.511574]},"properties":{"id":"523214470","n":"CHEBWAI B PD 20","t":"pdw","c":"Kakamega"}},{"type":"Feature","geometry":{"type":"Point","coordinates":[34.826568,0.515481]},"properties":{"id":"523297479","n":"LUTINYE PD 1","t":"pdw","c":"Kakamega"}},{"type":"Feature","geometry":{"type":"Point","coordinates":[34.814247,0.508947]},"properties":{"id":"523230432","n":"TIMBITO A PD 7","t":"pdw","c":"Kakamega"}},{"type":"Feature","geometry":{"type":"Point","coordinates":[34.785829,0.515174]},"properties":{"id":"523197562","n":"MAKUCHE A PD 8","t":"pdw","c":"Kakamega"}},{"type":"Feature","geometry":{"type":"Point","coordinates":[34.875878,0.477201]},"properties":{"id":"523192842","n":"Harambee PD 8","t":"pdw","c":"Kakamega"}},{"type":"Feature","geometry":{"type":"Point","coordinates":[34.819852,0.52136]},"properties":{"id":"523328326","n":"ST. MARTIN PD 12","t":"pdw","c":"Kakamega"}},{"type":"Feature","geometry":{"type":"Point","coordinates":[34.80269,0.52601]},"properties":{"id":"523220916","n":"MATSAKHA C PD 73","t":"pdw","c":"Kakamega"}},{"type":"Feature","geometry":{"type":"Point","coordinates":[34.828561,0.511667]},"properties":{"id":"523195120","n":"LUTINYE PD 38","t":"pdw","c":"Kakamega"}},{"type":"Feature","geometry":{"type":"Point","coordinates":[34.784078,0.51198]},"properties":{"id":"523214597","n":"NAMUSHIYA A PD 7","t":"pdw","c":"Kakamega"}},{"type":"Feature","geometry":{"type":"Point","coordinates":[34.797783,0.532748]},"properties":{"id":"523265854","n":"Lugusi PD 31","t":"pdw","c":"Kakamega"}},{"type":"Feature","geometry":{"type":"Point","coordinates":[34.797376,0.493812]},"properties":{"id":"523217992","n":"CHEGULO B PD 8","t":"pdw","c":"Kakamega"}},{"type":"Feature","geometry":{"type":"Point","coordinates":[34.807182,0.535658]},"properties":{"id":"523228749","n":"MATSAKHA A PD 19","t":"pdw","c":"Kakamega"}},{"type":"Feature","geometry":{"type":"Point","coordinates":[34.800681,0.528468]},"properties":{"id":"523259693","n":"MATSAKHA A PD 12","t":"pdw","c":"Kakamega"}},{"type":"Feature","geometry":{"type":"Point","coordinates":[34.806034,0.469209]},"properties":{"id":"523219860","n":"Shipala West UD 4","t":"udw","c":"Kakamega"}},{"type":"Feature","geometry":{"type":"Point","coordinates":[34.817355,0.477548]},"properties":{"id":"523204538","n":"Makale PD 4","t":"ps","c":"Kakamega"}},{"type":"Feature","geometry":{"type":"Point","coordinates":[34.8087,0.494114]},"properties":{"id":"523273639","n":"MAHUSI B PS 9","t":"ps","c":"Kakamega"}},{"type":"Feature","geometry":{"type":"Point","coordinates":[34.830867,0.501323]},"properties":{"id":"523200118","n":"CHEBWAI A PD 4","t":"pdw","c":"Kakamega"}},{"type":"Feature","geometry":{"type":"Point","coordinates":[34.835966,0.512517]},"properties":{"id":"523227346","n":"CHEBWAI C UD 4","t":"udw","c":"Kakamega"}},{"type":"Feature","geometry":{"type":"Point","coordinates":[34.783191,0.510102]},"properties":{"id":"523307637","n":"NAMUSHIYA A PD 8","t":"pdw","c":"Kakamega"}},{"type":"Feature","geometry":{"type":"Point","coordinates":[34.814795,0.526232]},"properties":{"id":"523278926","n":"MATSAKHA C PD 14","t":"pdw","c":"Kakamega"}},{"type":"Feature","geometry":{"type":"Point","coordinates":[34.795091,0.527464]},"properties":{"id":"523254863","n":"Lugusi UD 45","t":"udw","c":"Kakamega"}},{"type":"Feature","geometry":{"type":"Point","coordinates":[34.789446,0.513843]},"properties":{"id":"523300355","n":"MAKUCHE A PD 4","t":"pdw","c":"Kakamega"}},{"type":"Feature","geometry":{"type":"Point","coordinates":[34.874001,0.474073]},"properties":{"id":"523211941","n":"Mungakha Forest PD 4","t":"pdw","c":"Kakamega"}},{"type":"Feature","geometry":{"type":"Point","coordinates":[34.802037,0.470391]},"properties":{"id":"523285384","n":"SHIPALA PD 13","t":"pdw","c":"Kakamega"}},{"type":"Feature","geometry":{"type":"Point","coordinates":[34.846101,0.477835]},"properties":{"id":"523304452","n":"Lunyironi PD 3","t":"pdw","c":"Kakamega"}},{"type":"Feature","geometry":{"type":"Point","coordinates":[34.82045,0.528082]},"properties":{"id":"523342355","n":"MATSAKHA B PD 59","t":"pdw","c":"Kakamega"}},{"type":"Feature","geometry":{"type":"Point","coordinates":[34.852921,0.482914]},"properties":{"id":"523213118","n":"Fukoye A PS 9","t":"ps","c":"Kakamega"}},{"type":"Feature","geometry":{"type":"Point","coordinates":[34.78661,0.512302]},"properties":{"id":"523292371","n":"MAKUCHE A US 6","t":"us","c":"Kakamega"}},{"type":"Feature","geometry":{"type":"Point","coordinates":[34.807503,0.543764]},"properties":{"id":"523194837","n":"Mbande PD 9","t":"pdw","c":"Kakamega"}},{"type":"Feature","geometry":{"type":"Point","coordinates":[34.84903,0.467979]},"properties":{"id":"523285803","n":"Cereal Board PD 3","t":"pdw","c":"Kakamega"}},{"type":"Feature","geometry":{"type":"Point","coordinates":[34.81899,0.485157]},"properties":{"id":"523258719","n":"MUYUNDI A US 10","t":"us","c":"Kakamega"}},{"type":"Feature","geometry":{"type":"Point","coordinates":[34.81395,0.533996]},"properties":{"id":"523313465","n":"MATSAKHA B PD 12","t":"udw","c":"Kakamega"}},{"type":"Feature","geometry":{"type":"Point","coordinates":[34.84974,0.493471]},"properties":{"id":"523282848","n":"Tande B US 10","t":"us","c":"Kakamega"}},{"type":"Feature","geometry":{"type":"Point","coordinates":[34.855618,0.491118]},"properties":{"id":"523315405","n":"Fukoye A PD 2","t":"pdw","c":"Kakamega"}},{"type":"Feature","geometry":{"type":"Point","coordinates":[34.823147,0.521312]},"properties":{"id":"523257017","n":"LUYESHE PD 5","t":"pdw","c":"Kakamega"}},{"type":"Feature","geometry":{"type":"Point","coordinates":[34.813368,0.539629]},"properties":{"id":"523267935","n":"SHARAMBATSA PD 34","t":"pdw","c":"Kakamega"}},{"type":"Feature","geometry":{"type":"Point","coordinates":[34.76102,0.511278]},"properties":{"id":"523214511","n":"SHIVAGALA A PD 2","t":"pdw","c":"Kakamega"}},{"type":"Feature","geometry":{"type":"Point","coordinates":[34.82036,0.522727]},"properties":{"id":"523247223","n":"SHILONGO PD 1","t":"pdw","c":"Kakamega"}},{"type":"Feature","geometry":{"type":"Point","coordinates":[34.827104,0.52002]},"properties":{"id":"523329822","n":"LUYESHE PD 23","t":"pdw","c":"Kakamega"}},{"type":"Feature","geometry":{"type":"Point","coordinates":[34.815669,0.5212]},"properties":{"id":"47024508","n":"Luyeshe, Matolo Spring - 18126","t":"ps","c":"Kakamega"}},{"type":"Feature","geometry":{"type":"Point","coordinates":[34.839224,0.51113]},"properties":{"id":"523239390","n":"Manyonje B PS 19","t":"ps","c":"Kakamega"}},{"type":"Feature","geometry":{"type":"Point","coordinates":[34.803492,0.474231]},"properties":{"id":"523226761","n":"MAKUU B PD 10","t":"pdw","c":"Kakamega"}},{"type":"Feature","geometry":{"type":"Point","coordinates":[34.811961,0.525286]},"properties":{"id":"523234759","n":"MATSAKHA C PD 33","t":"pdw","c":"Kakamega"}},{"type":"Feature","geometry":{"type":"Point","coordinates":[34.792146,0.51766]},"properties":{"id":"523291112","n":"MAKUCHE B US 5","t":"us","c":"Kakamega"}},{"type":"Feature","geometry":{"type":"Point","coordinates":[34.796552,0.514956]},"properties":{"id":"523278366","n":"LUVAMBO A PD 9","t":"pdw","c":"Kakamega"}},{"type":"Feature","geometry":{"type":"Point","coordinates":[34.817045,0.541342]},"properties":{"id":"523220978","n":"SHARAMBATSA PD 21","t":"pdw","c":"Kakamega"}},{"type":"Feature","geometry":{"type":"Point","coordinates":[34.806587,0.479249]},"properties":{"id":"523205137","n":"MAKUU B PD 5","t":"pdw","c":"Kakamega"}},{"type":"Feature","geometry":{"type":"Point","coordinates":[34.810955,0.481511]},"properties":{"id":"523337827","n":"MAKUU A PS 3","t":"ps","c":"Kakamega"}},{"type":"Feature","geometry":{"type":"Point","coordinates":[34.77888,0.506609]},"properties":{"id":"523256573","n":"LUTONYI PS 8","t":"ps","c":"Kakamega"}},{"type":"Feature","geometry":{"type":"Point","coordinates":[34.796196,0.486168]},"properties":{"id":"523247319","n":"CHEGULO A PD 9","t":"pdw","c":"Kakamega"}},{"type":"Feature","geometry":{"type":"Point","coordinates":[34.864371,0.474791]},"properties":{"id":"523223139","n":"Muhoni PS 5","t":"ps","c":"Kakamega"}},{"type":"Feature","geometry":{"type":"Point","coordinates":[34.819822,0.53496]},"properties":{"id":"523334374","n":"MATSAKHA B PD 29","t":"pdw","c":"Kakamega"}},{"type":"Feature","geometry":{"type":"Point","coordinates":[34.878433,0.490234]},"properties":{"id":"523196169","n":"Munenga PD 7","t":"pdw","c":"Kakamega"}},{"type":"Feature","geometry":{"type":"Point","coordinates":[34.81486,0.540101]},"properties":{"id":"523220071","n":"SHARAMBATSA UD 35","t":"udw","c":"Kakamega"}},{"type":"Feature","geometry":{"type":"Point","coordinates":[34.809122,0.536864]},"properties":{"id":"523290379","n":"Mbande PD 1","t":"pdw","c":"Kakamega"}},{"type":"Feature","geometry":{"type":"Point","coordinates":[34.875374,0.475842]},"properties":{"id":"523344546","n":"Harambee PD 11","t":"pdw","c":"Kakamega"}},{"type":"Feature","geometry":{"type":"Point","coordinates":[34.852954,0.479454]},"properties":{"id":"523284699","n":"Fukoye B US 4","t":"us","c":"Kakamega"}},{"type":"Feature","geometry":{"type":"Point","coordinates":[34.814006,0.522592]},"properties":{"id":"523245908","n":"MATSAKHA C PD 26","t":"pdw","c":"Kakamega"}},{"type":"Feature","geometry":{"type":"Point","coordinates":[34.820908,0.477053]},"properties":{"id":"523305886","n":"Lunyironi PS 16","t":"ps","c":"Kakamega"}},{"type":"Feature","geometry":{"type":"Point","coordinates":[34.846105,0.498038]},"properties":{"id":"523250814","n":"Chevaywa B PD 7","t":"pdw","c":"Kakamega"}},{"type":"Feature","geometry":{"type":"Point","coordinates":[34.818821,0.537343]},"properties":{"id":"523200273","n":"MATSAKHA B UD 22","t":"udw","c":"Kakamega"}},{"type":"Feature","geometry":{"type":"Point","coordinates":[34.827571,0.476442]},"properties":{"id":"523306650","n":"Lunyironi US 12","t":"us","c":"Kakamega"}},{"type":"Feature","geometry":{"type":"Point","coordinates":[34.823369,0.517122]},"properties":{"id":"523329592","n":"CHEBWAI B PD 7","t":"pdw","c":"Kakamega"}},{"type":"Feature","geometry":{"type":"Point","coordinates":[34.822478,0.493005]},"properties":{"id":"47024560","n":"Muyundi, Ngalame Spring - 18143","t":"ps","c":"Kakamega"}},{"type":"Feature","geometry":{"type":"Point","coordinates":[34.85202,0.475585]},"properties":{"id":"523338213","n":"Fukoye B PD 6","t":"pdw","c":"Kakamega"}},{"type":"Feature","geometry":{"type":"Point","coordinates":[34.814996,0.525768]},"properties":{"id":"523231330","n":"MATSAKHA C PD 16","t":"pdw","c":"Kakamega"}},{"type":"Feature","geometry":{"type":"Point","coordinates":[34.825582,0.499873]},"properties":{"id":"523243690","n":"LURAMBI UD 13","t":"udw","c":"Kakamega"}},{"type":"Feature","geometry":{"type":"Point","coordinates":[34.817961,0.47607]},"properties":{"id":"523324542","n":"Makale PD 7","t":"pdw","c":"Kakamega"}},{"type":"Feature","geometry":{"type":"Point","coordinates":[34.803105,0.505642]},"properties":{"id":"523271101","n":"MAKALE B PD 9","t":"pdw","c":"Kakamega"}},{"type":"Feature","geometry":{"type":"Point","coordinates":[34.818365,0.541641]},"properties":{"id":"523310297","n":"SHARAMBATSA PD 19","t":"pdw","c":"Kakamega"}},{"type":"Feature","geometry":{"type":"Point","coordinates":[34.808355,0.481322]},"properties":{"id":"523277932","n":"MAKUU B PD 8","t":"pdw","c":"Kakamega"}},{"type":"Feature","geometry":{"type":"Point","coordinates":[34.827545,0.52459]},"properties":{"id":"523229740","n":"LUYESHE PD 14","t":"pdw","c":"Kakamega"}},{"type":"Feature","geometry":{"type":"Point","coordinates":[34.811899,0.521576]},"properties":{"id":"523347635","n":"MATSAKHA C PD 31","t":"pdw","c":"Kakamega"}},{"type":"Feature","geometry":{"type":"Point","coordinates":[34.820344,0.470566]},"properties":{"id":"523273309","n":"Shisumi PS 6","t":"ps","c":"Kakamega"}},{"type":"Feature","geometry":{"type":"Point","coordinates":[34.790006,0.516469]},"properties":{"id":"523223517","n":"MAKUCHE B PD 8","t":"pdw","c":"Kakamega"}},{"type":"Feature","geometry":{"type":"Point","coordinates":[34.803144,0.533307]},"properties":{"id":"523313513","n":"Lugusi PD16","t":"pdw","c":"Kakamega"}},{"type":"Feature","geometry":{"type":"Point","coordinates":[34.81,0.54]},"properties":{"id":"4303192","n":"Matsakha A Community Well Rehabilitation - 4527","t":"pdw","c":"Kakamega"}},{"type":"Feature","geometry":{"type":"Point","coordinates":[34.777966,0.504301]},"properties":{"id":"523226668","n":"LUTONYI PD 7","t":"pdw","c":"Kakamega"}},{"type":"Feature","geometry":{"type":"Point","coordinates":[34.841488,0.487415]},"properties":{"id":"523268761","n":"Tande A PD 5","t":"pdw","c":"Kakamega"}},{"type":"Feature","geometry":{"type":"Point","coordinates":[34.853331,0.504059]},"properties":{"id":"523328560","n":"Cheptuli B UD 8","t":"udw","c":"Kakamega"}},{"type":"Feature","geometry":{"type":"Point","coordinates":[34.843903,0.51079]},"properties":{"id":"523289254","n":"Chevaywa A PD 8","t":"pdw","c":"Kakamega"}},{"type":"Feature","geometry":{"type":"Point","coordinates":[34.819658,0.540572]},"properties":{"id":"523284352","n":"SHARAMBATSA UD 14","t":"udw","c":"Kakamega"}},{"type":"Feature","geometry":{"type":"Point","coordinates":[34.859574,0.467131]},"properties":{"id":"523304311","n":"Muhoni PS 10","t":"ps","c":"Kakamega"}},{"type":"Feature","geometry":{"type":"Point","coordinates":[34.829395,0.509111]},"properties":{"id":"523218261","n":"LUTINYE PD 43","t":"pdw","c":"Kakamega"}},{"type":"Feature","geometry":{"type":"Point","coordinates":[34.79448,0.51519]},"properties":{"id":"8357827","n":"Luvambo, Tindi Spring - 18120","t":"ps","c":"Kakamega"}},{"type":"Feature","geometry":{"type":"Point","coordinates":[34.776144,0.503812]},"properties":{"id":"523292508","n":"MUKAKAWAYI PD 8","t":"pdw","c":"Kakamega"}},{"type":"Feature","geometry":{"type":"Point","coordinates":[34.814258,0.540905]},"properties":{"id":"523236483","n":"SHARAMBATSA PD 31","t":"pdw","c":"Kakamega"}},{"type":"Feature","geometry":{"type":"Point","coordinates":[34.815578,0.535412]},"properties":{"id":"3509007","n":"Sharambatsa Well Rehabilitation - 4526","t":"pdw","c":"Kakamega"}},{"type":"Feature","geometry":{"type":"Point","coordinates":[34.806667,0.497545]},"properties":{"id":"523207720","n":"MAHUSI B PD 6","t":"pdw","c":"Kakamega"}},{"type":"Feature","geometry":{"type":"Point","coordinates":[34.820538,0.534467]},"properties":{"id":"523323558","n":"MATSAKHA B PD 31","t":"pdw","c":"Kakamega"}},{"type":"Feature","geometry":{"type":"Point","coordinates":[34.808063,0.48993]},"properties":{"id":"523335973","n":"MAHUSI A PS 3","t":"ps","c":"Kakamega"}},{"type":"Feature","geometry":{"type":"Point","coordinates":[34.832649,0.498055]},"properties":{"id":"523204105","n":"CHEBWAI A PD 5","t":"ps","c":"Kakamega"}},{"type":"Feature","geometry":{"type":"Point","coordinates":[34.838765,0.519541]},"properties":{"id":"523339984","n":"Manyonje B PD 14","t":"pdw","c":"Kakamega"}},{"type":"Feature","geometry":{"type":"Point","coordinates":[34.822356,0.52451]},"properties":{"id":"523345200","n":"SHILONGO PD 23","t":"pdw","c":"Kakamega"}},{"type":"Feature","geometry":{"type":"Point","coordinates":[34.81771,0.5423]},"properties":{"id":"17388296","n":"Sharambatsa, Mihako Spring - 18122","t":"ps","c":"Kakamega"}},{"type":"Feature","geometry":{"type":"Point","coordinates":[34.806094,0.494478]},"properties":{"id":"523302900","n":"MAHUSI B PD 7","t":"pdw","c":"Kakamega"}},{"type":"Feature","geometry":{"type":"Point","coordinates":[34.817679,0.535903]},"properties":{"id":"523341608","n":"MATSAKHA B PD 19","t":"pdw","c":"Kakamega"}},{"type":"Feature","geometry":{"type":"Point","coordinates":[34.816324,0.543951]},"properties":{"id":"523259239","n":"SHARAMBATSA PD 27","t":"pdw","c":"Kakamega"}},{"type":"Feature","geometry":{"type":"Point","coordinates":[34.831594,0.520142]},"properties":{"id":"523319849","n":"LUTINYE PD 17","t":"pdw","c":"Kakamega"}},{"type":"Feature","geometry":{"type":"Point","coordinates":[34.816994,0.520353]},"properties":{"id":"523266927","n":"ST. MARTIN PD 18","t":"pdw","c":"Kakamega"}},{"type":"Feature","geometry":{"type":"Point","coordinates":[34.787745,0.515303]},"properties":{"id":"523319667","n":"MAKUCHE A PD 11","t":"pdw","c":"Kakamega"}},{"type":"Feature","geometry":{"type":"Point","coordinates":[34.797044,0.531787]},"properties":{"id":"523319715","n":"Lugusi PD 32","t":"pdw","c":"Kakamega"}},{"type":"Feature","geometry":{"type":"Point","coordinates":[34.827861,0.506839]},"properties":{"id":"523251554","n":"CHEBWAI B PD 12","t":"pdw","c":"Kakamega"}},{"type":"Feature","geometry":{"type":"Point","coordinates":[34.834709,0.49461]},"properties":{"id":"523263900","n":"Chevaywa A UD 5","t":"udw","c":"Kakamega"}},{"type":"Feature","geometry":{"type":"Point","coordinates":[34.778329,0.516276]},"properties":{"id":"523268259","n":"NAMUSHIYA A PS 15","t":"ps","c":"Kakamega"}},{"type":"Feature","geometry":{"type":"Point","coordinates":[34.811053,0.533901]},"properties":{"id":"523264949","n":"SHARAMBATSA PD 4","t":"pdw","c":"Kakamega"}},{"type":"Feature","geometry":{"type":"Point","coordinates":[34.840217,0.492795]},"properties":{"id":"523287221","n":"Chevaywa A PD 9","t":"pdw","c":"Kakamega"}},{"type":"Feature","geometry":{"type":"Point","coordinates":[34.801039,0.469647]},"properties":{"id":"523276780","n":"SHIPALA PS 12","t":"ps","c":"Kakamega"}},{"type":"Feature","geometry":{"type":"Point","coordinates":[34.851231,0.49135]},"properties":{"id":"523262806","n":"Tande B PD 7","t":"pdw","c":"Kakamega"}},{"type":"Feature","geometry":{"type":"Point","coordinates":[34.872002,0.474331]},"properties":{"id":"523258908","n":"Mungakha Forest PD 6","t":"pdw","c":"Kakamega"}},{"type":"Feature","geometry":{"type":"Point","coordinates":[34.763911,0.505623]},"properties":{"id":"523300805","n":"SHIVAGALA B PD 6","t":"pdw","c":"Kakamega"}},{"type":"Feature","geometry":{"type":"Point","coordinates":[34.820058,0.522694]},"properties":{"id":"523230456","n":"SHILONGO PD 6","t":"pdw","c":"Kakamega"}},{"type":"Feature","geometry":{"type":"Point","coordinates":[34.807838,0.525427]},"properties":{"id":"523234917","n":"MATSAKHA C PD 66","t":"pdw","c":"Kakamega"}},{"type":"Feature","geometry":{"type":"Point","coordinates":[34.81397,0.526808]},"properties":{"id":"523326630","n":"MATSAKHA C PD 4","t":"pdw","c":"Kakamega"}},{"type":"Feature","geometry":{"type":"Point","coordinates":[34.872579,0.473352]},"properties":{"id":"523254870","n":"Mungakha Forest PD 5","t":"pdw","c":"Kakamega"}},{"type":"Feature","geometry":{"type":"Point","coordinates":[34.786923,0.503127]},"properties":{"id":"523206444","n":"LUVAMBO DIP PD 5","t":"pdw","c":"Kakamega"}},{"type":"Feature","geometry":{"type":"Point","coordinates":[34.810669,0.54356]},"properties":{"id":"523202976","n":"Mbande UD 17","t":"pdw","c":"Kakamega"}},{"type":"Feature","geometry":{"type":"Point","coordinates":[34.853782,0.483467]},"properties":{"id":"523222949","n":"Fukoye A PS 8","t":"ps","c":"Kakamega"}},{"type":"Feature","geometry":{"type":"Point","coordinates":[34.795468,0.526809]},"properties":{"id":"523315182","n":"Lugusi UD 48","t":"udw","c":"Kakamega"}},{"type":"Feature","geometry":{"type":"Point","coordinates":[34.81463,0.526816]},"properties":{"id":"523215835","n":"MATSAKHA C PD 10","t":"pdw","c":"Kakamega"}},{"type":"Feature","geometry":{"type":"Point","coordinates":[34.818841,0.473108]},"properties":{"id":"84828855","n":"Makale Community, Luyingo Spring - 20196","t":"ps","c":"Kakamega"}},{"type":"Feature","geometry":{"type":"Point","coordinates":[34.806423,0.483419]},"properties":{"id":"523196468","n":"MAHUSI A PD 7","t":"pdw","c":"Kakamega"}},{"type":"Feature","geometry":{"type":"Point","coordinates":[34.802804,0.47307]},"properties":{"id":"523338237","n":"MAKUU B PS 12","t":"pdw","c":"Kakamega"}},{"type":"Feature","geometry":{"type":"Point","coordinates":[34.760423,0.504691]},"properties":{"id":"523339317","n":"VASHELE B PS 5","t":"ps","c":"Kakamega"}},{"type":"Feature","geometry":{"type":"Point","coordinates":[34.840775,0.495299]},"properties":{"id":"523221120","n":"Chevaywa A PD 2","t":"pdw","c":"Kakamega"}},{"type":"Feature","geometry":{"type":"Point","coordinates":[34.807276,0.524535]},"properties":{"id":"523203599","n":"MATSAKHA C PD 65","t":"pdw","c":"Kakamega"}},{"type":"Feature","geometry":{"type":"Point","coordinates":[34.77795,0.512288]},"properties":{"id":"523223830","n":"NAMUSHIYA B PD 13","t":"pdw","c":"Kakamega"}},{"type":"Feature","geometry":{"type":"Point","coordinates":[34.824093,0.525408]},"properties":{"id":"523289807","n":"LUYESHE UD 10","t":"udw","c":"Kakamega"}},{"type":"Feature","geometry":{"type":"Point","coordinates":[34.807162,0.535322]},"properties":{"id":"523274135","n":"MATSAKHA A UD 18","t":"udw","c":"Kakamega"}},{"type":"Feature","geometry":{"type":"Point","coordinates":[34.788927,0.51688]},"properties":{"id":"523310273","n":"MAKUCHE B PD 9","t":"pdw","c":"Kakamega"}},{"type":"Feature","geometry":{"type":"Point","coordinates":[34.813322,0.527879]},"properties":{"id":"523225344","n":"MATSAKHA C PD 2","t":"pdw","c":"Kakamega"}},{"type":"Feature","geometry":{"type":"Point","coordinates":[34.823602,0.483735]},"properties":{"id":"523317603","n":"Namanja PS 2","t":"pdw","c":"Kakamega"}},{"type":"Feature","geometry":{"type":"Point","coordinates":[34.815939,0.541043]},"properties":{"id":"523274953","n":"SHARAMBATSA PD 23","t":"pdw","c":"Kakamega"}},{"type":"Feature","geometry":{"type":"Point","coordinates":[34.784087,0.51151]},"properties":{"id":"523239589","n":"NAMUSHIYA A PD 6","t":"pdw","c":"Kakamega"}},{"type":"Feature","geometry":{"type":"Point","coordinates":[34.782069,0.510865]},"properties":{"id":"523317919","n":"NAMUSHIYA A UD 11","t":"udw","c":"Kakamega"}},{"type":"Feature","geometry":{"type":"Point","coordinates":[34.801478,0.53184]},"properties":{"id":"523355290","n":"Lugusi PD 25","t":"pdw","c":"Kakamega"}},{"type":"Feature","geometry":{"type":"Point","coordinates":[34.846054,0.506381]},"properties":{"id":"523197775","n":"Chevaywa B PD 3","t":"pdw","c":"Kakamega"}},{"type":"Feature","geometry":{"type":"Point","coordinates":[34.796115,0.509683]},"properties":{"id":"523278775","n":"SHIKULU UD 22","t":"udw","c":"Kakamega"}},{"type":"Feature","geometry":{"type":"Point","coordinates":[34.865541,0.498223]},"properties":{"id":"523259208","n":"Namagara A PD 2","t":"pdw","c":"Kakamega"}},{"type":"Feature","geometry":{"type":"Point","coordinates":[34.814869,0.525547]},"properties":{"id":"523219004","n":"MATSAKHA C PD 18","t":"pdw","c":"Kakamega"}},{"type":"Feature","geometry":{"type":"Point","coordinates":[34.864176,0.489563]},"properties":{"id":"523240501","n":"Mukavakava UD 13","t":"udw","c":"Kakamega"}},{"type":"Feature","geometry":{"type":"Point","coordinates":[34.80926,0.524712]},"properties":{"id":"523352228","n":"MATSAKHA C PD 62","t":"pdw","c":"Kakamega"}},{"type":"Feature","geometry":{"type":"Point","coordinates":[34.81069,0.553498]},"properties":{"id":"523336077","n":"Matete B PS2","t":"ps","c":"Kakamega"}},{"type":"Feature","geometry":{"type":"Point","coordinates":[34.81017,0.533598]},"properties":{"id":"523332190","n":"SHARAMBATSA PD 2","t":"pdw","c":"Kakamega"}},{"type":"Feature","geometry":{"type":"Point","coordinates":[34.834501,0.526357]},"properties":{"id":"523326537","n":"Bateta PD 14","t":"pdw","c":"Kakamega"}},{"type":"Feature","geometry":{"type":"Point","coordinates":[34.821294,0.530495]},"properties":{"id":"523317153","n":"MATSAKHA B PD 43","t":"pdw","c":"Kakamega"}},{"type":"Feature","geometry":{"type":"Point","coordinates":[34.812699,0.539394]},"properties":{"id":"523193094","n":"SHARAMBATSA UD 39","t":"udw","c":"Kakamega"}},{"type":"Feature","geometry":{"type":"Point","coordinates":[34.819703,0.547277]},"properties":{"id":"523324456","n":"Shichebe PD1","t":"pdw","c":"Kakamega"}},{"type":"Feature","geometry":{"type":"Point","coordinates":[34.799466,0.516313]},"properties":{"id":"523247481","n":"LUVAMBO A UD 6","t":"udw","c":"Kakamega"}},{"type":"Feature","geometry":{"type":"Point","coordinates":[34.830343,0.509874]},"properties":{"id":"523330899","n":"LUTINYE PD 41","t":"pdw","c":"Kakamega"}},{"type":"Feature","geometry":{"type":"Point","coordinates":[34.815031,0.526954]},"properties":{"id":"523211439","n":"MATSAKHA B PD 62","t":"pdw","c":"Kakamega"}},{"type":"Feature","geometry":{"type":"Point","coordinates":[34.785927,0.520276]},"properties":{"id":"523330325","n":"LUANDA PD 16","t":"pdw","c":"Kakamega"}},{"type":"Feature","geometry":{"type":"Point","coordinates":[34.759698,0.5094]},"properties":{"id":"523327387","n":"SHIVAGALA A PD 7","t":"pdw","c":"Kakamega"}},{"type":"Feature","geometry":{"type":"Point","coordinates":[34.789671,0.508684]},"properties":{"id":"523308690","n":"LUVAMBO DIP PD 13","t":"pdw","c":"Kakamega"}},{"type":"Feature","geometry":{"type":"Point","coordinates":[34.837696,0.505302]},"properties":{"id":"523304036","n":"Manyonje A PD 5","t":"pdw","c":"Kakamega"}},{"type":"Feature","geometry":{"type":"Point","coordinates":[34.816547,0.473986]},"properties":{"id":"523322021","n":"Makale PD 8","t":"pdw","c":"Kakamega"}},{"type":"Feature","geometry":{"type":"Point","coordinates":[34.817074,0.473201]},"properties":{"id":"523338505","n":"Makale US 9","t":"us","c":"Kakamega"}},{"type":"Feature","geometry":{"type":"Point","coordinates":[34.811942,0.534911]},"properties":{"id":"523193238","n":"SHARAMBATSA UD 5","t":"udw","c":"Kakamega"}},{"type":"Feature","geometry":{"type":"Point","coordinates":[34.874943,0.475468]},"properties":{"id":"523325811","n":"Harambee PD 10","t":"pdw","c":"Kakamega"}},{"type":"Feature","geometry":{"type":"Point","coordinates":[34.819682,0.502147]},"properties":{"id":"523317050","n":"LURAMBI PD 3","t":"pdw","c":"Kakamega"}},{"type":"Feature","geometry":{"type":"Point","coordinates":[34.786287,0.519531]},"properties":{"id":"523317270","n":"LUANDA PD 15","t":"pdw","c":"Kakamega"}},{"type":"Feature","geometry":{"type":"Point","coordinates":[34.830536,0.517589]},"properties":{"id":"523328357","n":"LUTINYE PD 21","t":"pdw","c":"Kakamega"}},{"type":"Feature","geometry":{"type":"Point","coordinates":[34.845029,0.499405]},"properties":{"id":"523303097","n":"Chevaywa B PD 4","t":"pdw","c":"Kakamega"}},{"type":"Feature","geometry":{"type":"Point","coordinates":[34.810997,0.517725]},"properties":{"id":"4508090","n":"Timbito B Community - 4541","t":"pdw","c":"Kakamega"}},{"type":"Feature","geometry":{"type":"Point","coordinates":[34.808039,0.528642]},"properties":{"id":"523220057","n":"MATSAKHA C PD 45","t":"pdw","c":"Kakamega"}},{"type":"Feature","geometry":{"type":"Point","coordinates":[34.819372,0.51984]},"properties":{"id":"523352194","n":"ST. MARTIN PD 27","t":"pdw","c":"Kakamega"}},{"type":"Feature","geometry":{"type":"Point","coordinates":[34.82149,0.520324]},"properties":{"id":"523318082","n":"ST. MARTIN PD 30","t":"pdw","c":"Kakamega"}},{"type":"Feature","geometry":{"type":"Point","coordinates":[34.812768,0.534923]},"properties":{"id":"523272755","n":"MATSAKHA B PD 9","t":"pdw","c":"Kakamega"}},{"type":"Feature","geometry":{"type":"Point","coordinates":[34.819341,0.541568]},"properties":{"id":"523320012","n":"SHARAMBATSA PD 17","t":"pdw","c":"Kakamega"}},{"type":"Feature","geometry":{"type":"Point","coordinates":[34.803763,0.526112]},"properties":{"id":"523213716","n":"MATSAKHA C PD 72","t":"pdw","c":"Kakamega"}},{"type":"Feature","geometry":{"type":"Point","coordinates":[34.816763,0.48741]},"properties":{"id":"523197153","n":"MUYUNDI A PD 5","t":"pdw","c":"Kakamega"}},{"type":"Feature","geometry":{"type":"Point","coordinates":[34.866927,0.477239]},"properties":{"id":"523322234","n":"Mukavakava PS 4","t":"ps","c":"Kakamega"}},{"type":"Feature","geometry":{"type":"Point","coordinates":[34.820413,0.523207]},"properties":{"id":"523331168","n":"SHILONGO PD 4","t":"pdw","c":"Kakamega"}},{"type":"Feature","geometry":{"type":"Point","coordinates":[34.848787,0.492943]},"properties":{"id":"523254928","n":"Tande B US 9","t":"us","c":"Kakamega"}},{"type":"Feature","geometry":{"type":"Point","coordinates":[34.831042,0.507135]},"properties":{"id":"523209052","n":"CHEBWAI B PD 15","t":"pdw","c":"Kakamega"}},{"type":"Feature","geometry":{"type":"Point","coordinates":[34.766685,0.507678]},"properties":{"id":"523270595","n":"VUYANZI PD 3","t":"pdw","c":"Kakamega"}},{"type":"Feature","geometry":{"type":"Point","coordinates":[34.812729,0.52644]},"properties":{"id":"523327301","n":"MATSAKHA C PD 37","t":"pdw","c":"Kakamega"}},{"type":"Feature","geometry":{"type":"Point","coordinates":[34.80317,0.48112]},"properties":{"id":"523220686","n":"MAHUSI A PD 10","t":"pdw","c":"Kakamega"}},{"type":"Feature","geometry":{"type":"Point","coordinates":[34.853644,0.487677]},"properties":{"id":"523197603","n":"Fukoye A PD 5","t":"pdw","c":"Kakamega"}},{"type":"Feature","geometry":{"type":"Point","coordinates":[34.830817,0.514303]},"properties":{"id":"523322698","n":"LUTINYE PD 30","t":"pdw","c":"Kakamega"}},{"type":"Feature","geometry":{"type":"Point","coordinates":[34.819758,0.497662]},"properties":{"id":"47024591","n":"Chegulo, Werabunuka Spring - 18146","t":"ps","c":"Kakamega"}},{"type":"Feature","geometry":{"type":"Point","coordinates":[34.820925,0.518168]},"properties":{"id":"523216472","n":"ST. MARTIN PD 38","t":"pdw","c":"Kakamega"}},{"type":"Feature","geometry":{"type":"Point","coordinates":[34.878368,0.476792]},"properties":{"id":"523215701","n":"Marukusi UD 4","t":"udw","c":"Kakamega"}},{"type":"Feature","geometry":{"type":"Point","coordinates":[34.808708,0.506582]},"properties":{"id":"523250632","n":"TIMBITO A PD 6","t":"pdw","c":"Kakamega"}},{"type":"Feature","geometry":{"type":"Point","coordinates":[34.815197,0.481062]},"properties":{"id":"523291992","n":"MAKUU A PD 7","t":"pdw","c":"Kakamega"}},{"type":"Feature","geometry":{"type":"Point","coordinates":[34.79995,0.528742]},"properties":{"id":"523258654","n":"MATSAKHA A PD 13","t":"pdw","c":"Kakamega"}},{"type":"Feature","geometry":{"type":"Point","coordinates":[34.851799,0.497236]},"properties":{"id":"523253422","n":"Chevaywa B PD 14","t":"pdw","c":"Kakamega"}},{"type":"Feature","geometry":{"type":"Point","coordinates":[34.87618,0.475194]},"properties":{"id":"523255376","n":"Harambee UD 12","t":"udw","c":"Kakamega"}},{"type":"Feature","geometry":{"type":"Point","coordinates":[34.829552,0.497242]},"properties":{"id":"523267519","n":"CHEBWAI A PS 3","t":"ps","c":"Kakamega"}},{"type":"Feature","geometry":{"type":"Point","coordinates":[34.815464,0.537844]},"properties":{"id":"523267870","n":"SHARAMBATSA PD 9","t":"pdw","c":"Kakamega"}},{"type":"Feature","geometry":{"type":"Point","coordinates":[34.808919,0.525702]},"properties":{"id":"523197861","n":"MATSAKHA C PD 55","t":"pdw","c":"Kakamega"}},{"type":"Feature","geometry":{"type":"Point","coordinates":[34.866073,0.498785]},"properties":{"id":"523223476","n":"Namagara A PD 1","t":"pdw","c":"Kakamega"}},{"type":"Feature","geometry":{"type":"Point","coordinates":[34.803629,0.535842]},"properties":{"id":"523338938","n":"Lugusi PD 12","t":"pdw","c":"Kakamega"}},{"type":"Feature","geometry":{"type":"Point","coordinates":[34.83302,0.480807]},"properties":{"id":"523194428","n":"Lunyironi US 9","t":"us","c":"Kakamega"}},{"type":"Feature","geometry":{"type":"Point","coordinates":[34.807945,0.509488]},"properties":{"id":"4161622","n":"Timbito, Atechere Spring - 4847","t":"ps","c":"Kakamega"}},{"type":"Feature","geometry":{"type":"Point","coordinates":[34.836176,0.492926]},"properties":{"id":"523285982","n":"Chevaywa A PD 7","t":"pdw","c":"Kakamega"}},{"type":"Feature","geometry":{"type":"Point","coordinates":[34.808473,0.49064]},"properties":{"id":"523239091","n":"MAHUSI A PS 4","t":"ps","c":"Kakamega"}},{"type":"Feature","geometry":{"type":"Point","coordinates":[34.842907,0.460717]},"properties":{"id":"471340391","n":"Makhwabuye Community, Machanja Vihembo Spring - 22070","t":"ps","c":"Kakamega"}},{"type":"Feature","geometry":{"type":"Point","coordinates":[34.836843,0.51462]},"properties":{"id":"523320562","n":"Manyonje B PD 8","t":"pdw","c":"Kakamega"}},{"type":"Feature","geometry":{"type":"Point","coordinates":[34.837061,0.528133]},"properties":{"id":"523203173","n":"Bateta PD 15","t":"pdw","c":"Kakamega"}},{"type":"Feature","geometry":{"type":"Point","coordinates":[34.852376,0.500212]},"properties":{"id":"523307015","n":"Cheptuli B US 17","t":"us","c":"Kakamega"}},{"type":"Feature","geometry":{"type":"Point","coordinates":[34.834925,0.487474]},"properties":{"id":"523325282","n":"Butali PS 1","t":"ps","c":"Kakamega"}},{"type":"Feature","geometry":{"type":"Point","coordinates":[34.810679,0.533816]},"properties":{"id":"523210380","n":"SHARAMBATSA PD 3","t":"pdw","c":"Kakamega"}},{"type":"Feature","geometry":{"type":"Point","coordinates":[34.8496,0.504274]},"properties":{"id":"523227906","n":"Chevaywa B UD 13","t":"udw","c":"Kakamega"}},{"type":"Feature","geometry":{"type":"Point","coordinates":[34.790483,0.499029]},"properties":{"id":"4161660","n":"Chegulo, Shakava Spring - 4846","t":"ps","c":"Kakamega"}},{"type":"Feature","geometry":{"type":"Point","coordinates":[34.876362,0.481293]},"properties":{"id":"523212179","n":"Harambee PD 3","t":"pdw","c":"Kakamega"}},{"type":"Feature","geometry":{"type":"Point","coordinates":[34.821338,0.51893]},"properties":{"id":"523295460","n":"ST. MARTIN PD 33","t":"pdw","c":"Kakamega"}},{"type":"Feature","geometry":{"type":"Point","coordinates":[34.822404,0.518202]},"properties":{"id":"523294311","n":"CHEBWAI B PD 3","t":"pdw","c":"Kakamega"}},{"type":"Feature","geometry":{"type":"Point","coordinates":[34.831787,0.521431]},"properties":{"id":"523204284","n":"LUTINYE US 11","t":"pdw","c":"Kakamega"}},{"type":"Feature","geometry":{"type":"Point","coordinates":[34.808809,0.502443]},"properties":{"id":"523341017","n":"MUYUNDI B PD 3","t":"pdw","c":"Kakamega"}},{"type":"Feature","geometry":{"type":"Point","coordinates":[34.775034,0.506484]},"properties":{"id":"523343143","n":"MUKAKAWAYI PD 5","t":"pdw","c":"Kakamega"}},{"type":"Feature","geometry":{"type":"Point","coordinates":[34.818265,0.522776]},"properties":{"id":"523272803","n":"ST. MARTIN PD 1","t":"pdw","c":"Kakamega"}},{"type":"Feature","geometry":{"type":"Point","coordinates":[34.788956,0.51926]},"properties":{"id":"523228316","n":"MAKUCHE B UD 2","t":"udw","c":"Kakamega"}},{"type":"Feature","geometry":{"type":"Point","coordinates":[34.80352,0.48888]},"properties":{"id":"523323091","n":"MAHUSI B PS 12","t":"ps","c":"Kakamega"}},{"type":"Feature","geometry":{"type":"Point","coordinates":[34.848786,0.503618]},"properties":{"id":"523256793","n":"Chevaywa B PD 11","t":"pdw","c":"Kakamega"}},{"type":"Feature","geometry":{"type":"Point","coordinates":[34.814596,0.533189]},"properties":{"id":"523302632","n":"MATSAKHA B PD 14","t":"pdw","c":"Kakamega"}},{"type":"Feature","geometry":{"type":"Point","coordinates":[34.840503,0.467638]},"properties":{"id":"523303949","n":"Makhwabuye PD 2","t":"pdw","c":"Kakamega"}},{"type":"Feature","geometry":{"type":"Point","coordinates":[34.813197,0.529031]},"properties":{"id":"523208446","n":"MATSAKHA B PD 65","t":"pdw","c":"Kakamega"}},{"type":"Feature","geometry":{"type":"Point","coordinates":[34.839594,0.497379]},"properties":{"id":"523290180","n":"Manyonje A PS 7","t":"ps","c":"Kakamega"}},{"type":"Feature","geometry":{"type":"Point","coordinates":[34.779958,0.519457]},"properties":{"id":"523238155","n":"MUTUA PD 4","t":"pdw","c":"Kakamega"}},{"type":"Feature","geometry":{"type":"Point","coordinates":[34.882834,0.473496]},"properties":{"id":"679035277","n":"Namatala Girls Secondary School - 410021","t":"bh","c":"Kakamega","d":80.0}},{"type":"Feature","geometry":{"type":"Point","coordinates":[34.784766,0.510677]},"properties":{"id":"523260660","n":"NAMUSHIYA A PD 5","t":"pdw","c":"Kakamega"}},{"type":"Feature","geometry":{"type":"Point","coordinates":[34.824318,0.535122]},"properties":{"id":"523235585","n":"Vateta US1","t":"us","c":"Kakamega"}},{"type":"Feature","geometry":{"type":"Point","coordinates":[34.809646,0.536555]},"properties":{"id":"523212320","n":"SHARAMBATSA PD 42","t":"pdw","c":"Kakamega"}},{"type":"Feature","geometry":{"type":"Point","coordinates":[34.83761,0.507051]},"properties":{"id":"523237628","n":"Manyonje B PD 24","t":"pdw","c":"Kakamega"}},{"type":"Feature","geometry":{"type":"Point","coordinates":[34.812215,0.538361]},"properties":{"id":"523265531","n":"Mbande UD 47","t":"udw","c":"Kakamega"}},{"type":"Feature","geometry":{"type":"Point","coordinates":[34.79607,0.52947]},"properties":{"id":"523280372","n":"Lugusi UD 36","t":"udw","c":"Kakamega"}},{"type":"Feature","geometry":{"type":"Point","coordinates":[34.820736,0.523806]},"properties":{"id":"523224178","n":"SHILONGO PD 5","t":"pdw","c":"Kakamega"}},{"type":"Feature","geometry":{"type":"Point","coordinates":[34.878054,0.473433]},"properties":{"id":"523229472","n":"Mungaha PD13","t":"pdw","c":"Kakamega"}},{"type":"Feature","geometry":{"type":"Point","coordinates":[34.80691,0.525603]},"properties":{"id":"523333191","n":"MATSAKHA C PD 68","t":"pdw","c":"Kakamega"}},{"type":"Feature","geometry":{"type":"Point","coordinates":[34.822647,0.520816]},"properties":{"id":"523299309","n":"LUYESHE PD 1","t":"pdw","c":"Kakamega"}},{"type":"Feature","geometry":{"type":"Point","coordinates":[34.808686,0.47044]},"properties":{"id":"523272968","n":"Shipala West US 2","t":"us","c":"Kakamega"}},{"type":"Feature","geometry":{"type":"Point","coordinates":[34.853466,0.481321]},"properties":{"id":"523288435","n":"Fukoye B PS 3","t":"ps","c":"Kakamega"}},{"type":"Feature","geometry":{"type":"Point","coordinates":[34.790912,0.512682]},"properties":{"id":"523193939","n":"MAKUCHE A UD 2","t":"udw","c":"Kakamega"}},{"type":"Feature","geometry":{"type":"Point","coordinates":[34.793588,0.479257]},"properties":{"id":"523240446","n":"LWICHI PD 8","t":"pdw","c":"Kakamega"}},{"type":"Feature","geometry":{"type":"Point","coordinates":[34.874338,0.470537]},"properties":{"id":"523307321","n":"Mungaha PD12","t":"pdw","c":"Kakamega"}},{"type":"Feature","geometry":{"type":"Point","coordinates":[34.836327,0.518595]},"properties":{"id":"523327930","n":"CHEBWAI C PD 1","t":"pdw","c":"Kakamega"}},{"type":"Feature","geometry":{"type":"Point","coordinates":[34.811944,0.539359]},"properties":{"id":"523276546","n":"Mbande PD 48","t":"pdw","c":"Kakamega"}},{"type":"Feature","geometry":{"type":"Point","coordinates":[34.810487,0.533282]},"properties":{"id":"523211745","n":"MATSAKHA B PD 5","t":"pdw","c":"Kakamega"}},{"type":"Feature","geometry":{"type":"Point","coordinates":[34.863721,0.469389]},"properties":{"id":"523258427","n":"Muhoni PD 9","t":"pdw","c":"Kakamega"}},{"type":"Feature","geometry":{"type":"Point","coordinates":[34.808039,0.52835]},"properties":{"id":"523294548","n":"MATSAKHA C PD 46","t":"pdw","c":"Kakamega"}},{"type":"Feature","geometry":{"type":"Point","coordinates":[34.804226,0.478375]},"properties":{"id":"523323644","n":"MAKUU B PD 1","t":"pdw","c":"Kakamega"}},{"type":"Feature","geometry":{"type":"Point","coordinates":[34.765179,0.513789]},"properties":{"id":"523223311","n":"SHIVAGALA A US 5","t":"us","c":"Kakamega"}},{"type":"Feature","geometry":{"type":"Point","coordinates":[34.808568,0.551715]},"properties":{"id":"523324346","n":"Sango PD6","t":"pdw","c":"Kakamega"}},{"type":"Feature","geometry":{"type":"Point","coordinates":[34.80468,0.479683]},"properties":{"id":"523298762","n":"MAKUU B PD 3","t":"pdw","c":"Kakamega"}},{"type":"Feature","geometry":{"type":"Point","coordinates":[34.820824,0.5203]},"properties":{"id":"523280279","n":"ST. MARTIN PD 29","t":"pdw","c":"Kakamega"}},{"type":"Feature","geometry":{"type":"Point","coordinates":[34.763234,0.513882]},"properties":{"id":"523337690","n":"SHIVAGALA A PD 6","t":"pdw","c":"Kakamega"}},{"type":"Feature","geometry":{"type":"Point","coordinates":[34.793606,0.48114]},"properties":{"id":"523269339","n":"LWICHI PD 9","t":"pdw","c":"Kakamega"}},{"type":"Feature","geometry":{"type":"Point","coordinates":[34.814731,0.530073]},"properties":{"id":"523282642","n":"MATSAKHA B PD 54","t":"pdw","c":"Kakamega"}},{"type":"Feature","geometry":{"type":"Point","coordinates":[34.765382,0.50066]},"properties":{"id":"523340308","n":"SHIVAGALA B PD 1","t":"pdw","c":"Kakamega"}},{"type":"Feature","geometry":{"type":"Point","coordinates":[34.827622,0.505099]},"properties":{"id":"17391533","n":"Chebwayi B Community - 4529","t":"pdw","c":"Kakamega"}},{"type":"Feature","geometry":{"type":"Point","coordinates":[34.842093,0.488095]},"properties":{"id":"523265627","n":"Tande A PD 3","t":"pdw","c":"Kakamega"}},{"type":"Feature","geometry":{"type":"Point","coordinates":[34.873347,0.472759]},"properties":{"id":"523258300","n":"Mungakha Forest PD 3","t":"pdw","c":"Kakamega"}},{"type":"Feature","geometry":{"type":"Point","coordinates":[34.862021,0.471336]},"properties":{"id":"523244251","n":"Muhoni UD 7","t":"udw","c":"Kakamega"}},{"type":"Feature","geometry":{"type":"Point","coordinates":[34.800228,0.52952]},"properties":{"id":"523282013","n":"MATSAKHA A PD 14","t":"pdw","c":"Kakamega"}},{"type":"Feature","geometry":{"type":"Point","coordinates":[34.82204,0.521411]},"properties":{"id":"523333414","n":"SHILONGO PD 26","t":"pdw","c":"Kakamega"}},{"type":"Feature","geometry":{"type":"Point","coordinates":[34.798252,0.508839]},"properties":{"id":"523250780","n":"SHIKULU PD 19","t":"pdw","c":"Kakamega"}},{"type":"Feature","geometry":{"type":"Point","coordinates":[34.811844,0.533202]},"properties":{"id":"523193472","n":"MATSAKHA B PD 7","t":"pdw","c":"Kakamega"}},{"type":"Feature","geometry":{"type":"Point","coordinates":[34.807325,0.542815]},"properties":{"id":"523209076","n":"Mbande PD 7","t":"pdw","c":"Kakamega"}},{"type":"Feature","geometry":{"type":"Point","coordinates":[34.794752,0.476335]},"properties":{"id":"523217040","n":"LWICHI PD 7","t":"pdw","c":"Kakamega"}},{"type":"Feature","geometry":{"type":"Point","coordinates":[34.827204,0.512862]},"properties":{"id":"523314473","n":"LUTINYE PD 33","t":"pdw","c":"Kakamega"}},{"type":"Feature","geometry":{"type":"Point","coordinates":[34.777672,0.50917]},"properties":{"id":"523330181","n":"NAMUSHIYA B PD 3","t":"pdw","c":"Kakamega"}},{"type":"Feature","geometry":{"type":"Point","coordinates":[34.860576,0.493314]},"properties":{"id":"523236469","n":"Marukusi PD 4","t":"pdw","c":"Kakamega"}},{"type":"Feature","geometry":{"type":"Point","coordinates":[34.804302,0.504636]},"properties":{"id":"523310039","n":"MAKALE B PD 6","t":"pdw","c":"Kakamega"}},{"type":"Feature","geometry":{"type":"Point","coordinates":[34.818867,0.531741]},"properties":{"id":"523293341","n":"MATSAKHA B PD 50","t":"pdw","c":"Kakamega"}},{"type":"Feature","geometry":{"type":"Point","coordinates":[34.766005,0.502835]},"properties":{"id":"523283416","n":"VUYANZI PD 14","t":"pdw","c":"Kakamega"}},{"type":"Feature","geometry":{"type":"Point","coordinates":[34.81449,0.488746]},"properties":{"id":"523219200","n":"MUYUNDI A PD 1","t":"pdw","c":"Kakamega"}},{"type":"Feature","geometry":{"type":"Point","coordinates":[34.821865,0.520017]},"properties":{"id":"523240941","n":"ST. MARTIN PD 32","t":"pdw","c":"Kakamega"}},{"type":"Feature","geometry":{"type":"Point","coordinates":[34.812415,0.523115]},"properties":{"id":"523348564","n":"MATSAKHA C PD 32","t":"pdw","c":"Kakamega"}},{"type":"Feature","geometry":{"type":"Point","coordinates":[34.781579,0.502338]},"properties":{"id":"523213709","n":"LUTONYI PD 10","t":"pdw","c":"Kakamega"}},{"type":"Feature","geometry":{"type":"Point","coordinates":[34.780183,0.510611]},"properties":{"id":"523258795","n":"NAMUSHIYA A PD 18","t":"pdw","c":"Kakamega"}},{"type":"Feature","geometry":{"type":"Point","coordinates":[34.81911,0.533938]},"properties":{"id":"523317469","n":"MATSAKHA B PD 30","t":"pdw","c":"Kakamega"}},{"type":"Feature","geometry":{"type":"Point","coordinates":[34.806262,0.535746]},"properties":{"id":"523240082","n":"Lugusi UD 14","t":"udw","c":"Kakamega"}},{"type":"Feature","geometry":{"type":"Point","coordinates":[34.808064,0.480098]},"properties":{"id":"523309110","n":"MAKUU B PS 7","t":"ps","c":"Kakamega"}},{"type":"Feature","geometry":{"type":"Point","coordinates":[34.811108,0.468803]},"properties":{"id":"523324157","n":"Shipala East PD 16","t":"pdw","c":"Kakamega"}},{"type":"Feature","geometry":{"type":"Point","coordinates":[34.814117,0.528436]},"properties":{"id":"523214016","n":"MATSAKHA B PD 63","t":"pdw","c":"Kakamega"}},{"type":"Feature","geometry":{"type":"Point","coordinates":[34.838782,0.508086]},"properties":{"id":"523256494","n":"Manyonje B PD 22","t":"pdw","c":"Kakamega"}},{"type":"Feature","geometry":{"type":"Point","coordinates":[34.834479,0.527557]},"properties":{"id":"523278328","n":"Bateta PD 12","t":"pdw","c":"Kakamega"}},{"type":"Feature","geometry":{"type":"Point","coordinates":[34.813963,0.53944]},"properties":{"id":"523258616","n":"SHARAMBATSA PD 36","t":"pdw","c":"Kakamega"}},{"type":"Feature","geometry":{"type":"Point","coordinates":[34.829368,0.529401]},"properties":{"id":"523315759","n":"LUYESHE PD 17","t":"pdw","c":"Kakamega"}},{"type":"Feature","geometry":{"type":"Point","coordinates":[34.796881,0.498774]},"properties":{"id":"523211477","n":"MAKALE A PD 7","t":"pdw","c":"Kakamega"}},{"type":"Feature","geometry":{"type":"Point","coordinates":[34.811047,0.537964]},"properties":{"id":"523278445","n":"Mbande PD 45","t":"pdw","c":"Kakamega"}},{"type":"Feature","geometry":{"type":"Point","coordinates":[34.849479,0.503205]},"properties":{"id":"523266714","n":"Cheptuli B PD 13","t":"pdw","c":"Kakamega"}},{"type":"Feature","geometry":{"type":"Point","coordinates":[34.857129,0.498901]},"properties":{"id":"523245087","n":"Kharakha US 4","t":"us","c":"Kakamega"}},{"type":"Feature","geometry":{"type":"Point","coordinates":[34.814876,0.474266]},"properties":{"id":"523326070","n":"Makale PD 2","t":"pdw","c":"Kakamega"}},{"type":"Feature","geometry":{"type":"Point","coordinates":[34.814051,0.524947]},"properties":{"id":"523283265","n":"MATSAKHA C PD 21","t":"pdw","c":"Kakamega"}},{"type":"Feature","geometry":{"type":"Point","coordinates":[34.821526,0.530124]},"properties":{"id":"523214236","n":"MATSAKHA B PD 42","t":"pdw","c":"Kakamega"}},{"type":"Feature","geometry":{"type":"Point","coordinates":[34.856303,0.505035]},"properties":{"id":"523210500","n":"Cheptuli B UD 5","t":"udw","c":"Kakamega"}},{"type":"Feature","geometry":{"type":"Point","coordinates":[34.81724,0.524681]},"properties":{"id":"523250371","n":"SHILONGO PD 12","t":"pdw","c":"Kakamega"}},{"type":"Feature","geometry":{"type":"Point","coordinates":[34.856197,0.470132]},"properties":{"id":"523207751","n":"Muhoni PD 1","t":"pdw","c":"Kakamega"}},{"type":"Feature","geometry":{"type":"Point","coordinates":[34.829972,0.507015]},"properties":{"id":"523241306","n":"CHEBWAI B PD 14","t":"pdw","c":"Kakamega"}},{"type":"Feature","geometry":{"type":"Point","coordinates":[34.838708,0.526054]},"properties":{"id":"523277482","n":"Mukhuyu PD 7","t":"pdw","c":"Kakamega"}},{"type":"Feature","geometry":{"type":"Point","coordinates":[34.800022,0.500094]},"properties":{"id":"523320438","n":"MAKALE A PD 13","t":"pdw","c":"Kakamega"}},{"type":"Feature","geometry":{"type":"Point","coordinates":[34.815448,0.470514]},"properties":{"id":"523237824","n":"Shisumi PD 9","t":"pdw","c":"Kakamega"}},{"type":"Feature","geometry":{"type":"Point","coordinates":[34.757926,0.499816]},"properties":{"id":"523213039","n":"VASHELE B PD 11","t":"pdw","c":"Kakamega"}},{"type":"Feature","geometry":{"type":"Point","coordinates":[34.807114,0.526834]},"properties":{"id":"523247766","n":"MATSAKHA C PD 50","t":"pdw","c":"Kakamega"}},{"type":"Feature","geometry":{"type":"Point","coordinates":[34.875109,0.478297]},"properties":{"id":"523239307","n":"Harambee PD 6","t":"pdw","c":"Kakamega"}},{"type":"Feature","geometry":{"type":"Point","coordinates":[34.76635,0.501687]},"properties":{"id":"523248994","n":"VUYANZI PD 13","t":"pdw","c":"Kakamega"}},{"type":"Feature","geometry":{"type":"Point","coordinates":[34.793212,0.484054]},"properties":{"id":"523224745","n":"LWICHI PD 10","t":"pdw","c":"Kakamega"}},{"type":"Feature","geometry":{"type":"Point","coordinates":[34.803165,0.486702]},"properties":{"id":"523267636","n":"MAHUSI A US 1","t":"us","c":"Kakamega"}},{"type":"Feature","geometry":{"type":"Point","coordinates":[34.818556,0.53579]},"properties":{"id":"523302405","n":"MATSAKHA B PD 20","t":"pdw","c":"Kakamega"}},{"type":"Feature","geometry":{"type":"Point","coordinates":[34.812847,0.478344]},"properties":{"id":"523195412","n":"SHIPALA PD 3","t":"pdw","c":"Kakamega"}},{"type":"Feature","geometry":{"type":"Point","coordinates":[34.804932,0.49347]},"properties":{"id":"523289670","n":"MAHUSI B PD 2","t":"pdw","c":"Kakamega"}},{"type":"Feature","geometry":{"type":"Point","coordinates":[34.844312,0.499684]},"properties":{"id":"523224855","n":"Chevaywa B UD 3","t":"udw","c":"Kakamega"}},{"type":"Feature","geometry":{"type":"Point","coordinates":[34.810021,0.541585]},"properties":{"id":"523302553","n":"Mbande PD 39","t":"pdw","c":"Kakamega"}},{"type":"Feature","geometry":{"type":"Point","coordinates":[34.82085,0.497443]},"properties":{"id":"47024546","n":"Chegulo, Yeni Spring - 18141","t":"ps","c":"Kakamega"}},{"type":"Feature","geometry":{"type":"Point","coordinates":[34.818875,0.525285]},"properties":{"id":"523292656","n":"SHILONGO PD 16","t":"pdw","c":"Kakamega"}},{"type":"Feature","geometry":{"type":"Point","coordinates":[34.846501,0.498337]},"properties":{"id":"523278304","n":"Chevaywa B PD 8","t":"pdw","c":"Kakamega"}},{"type":"Feature","geometry":{"type":"Point","coordinates":[34.802365,0.533945]},"properties":{"id":"523355283","n":"Lugusi PD 18","t":"pdw","c":"Kakamega"}},{"type":"Feature","geometry":{"type":"Point","coordinates":[34.882628,0.473503]},"properties":{"id":"523272449","n":"Namatala PD 2","t":"pdw","c":"Kakamega"}},{"type":"Feature","geometry":{"type":"Point","coordinates":[34.846092,0.504648]},"properties":{"id":"523302515","n":"Chevaywa B UD 6","t":"udw","c":"Kakamega"}},{"type":"Feature","geometry":{"type":"Point","coordinates":[34.822786,0.52052]},"properties":{"id":"523350020","n":"LUYESHE PD 2","t":"udw","c":"Kakamega"}},{"type":"Feature","geometry":{"type":"Point","coordinates":[34.809205,0.543787]},"properties":{"id":"523338127","n":"Mbande PD 16","t":"udw","c":"Kakamega"}},{"type":"Feature","geometry":{"type":"Point","coordinates":[34.845522,0.49573]},"properties":{"id":"523195096","n":"Chevaywa B PD 11","t":"pdw","c":"Kakamega"}},{"type":"Feature","geometry":{"type":"Point","coordinates":[34.823483,0.520211]},"properties":{"id":"523259741","n":"LUYESHE PD 3","t":"pdw","c":"Kakamega"}},{"type":"Feature","geometry":{"type":"Point","coordinates":[34.79507,0.5278]},"properties":{"id":"523346816","n":"Lugusi PD 44","t":"pdw","c":"Kakamega"}},{"type":"Feature","geometry":{"type":"Point","coordinates":[34.838176,0.525478]},"properties":{"id":"523209564","n":"Mukhuyu UD 5","t":"udw","c":"Kakamega"}},{"type":"Feature","geometry":{"type":"Point","coordinates":[34.825536,0.517194]},"properties":{"id":"523252782","n":"LUTINYE PD 3","t":"pdw","c":"Kakamega"}},{"type":"Feature","geometry":{"type":"Point","coordinates":[34.820215,0.522088]},"properties":{"id":"523232159","n":"SHILONGO PD 7","t":"pdw","c":"Kakamega"}},{"type":"Feature","geometry":{"type":"Point","coordinates":[34.761274,0.503861]},"properties":{"id":"523209698","n":"VASHELE B PD 6","t":"pdw","c":"Kakamega"}},{"type":"Feature","geometry":{"type":"Point","coordinates":[34.846995,0.476877]},"properties":{"id":"523316138","n":"Lunyironi PD 1","t":"pdw","c":"Kakamega"}},{"type":"Feature","geometry":{"type":"Point","coordinates":[34.843634,0.469399]},"properties":{"id":"523302137","n":"Makhwabuye PS 4","t":"ps","c":"Kakamega"}},{"type":"Feature","geometry":{"type":"Point","coordinates":[34.870928,0.491705]},"properties":{"id":"432093393","n":"Mukavakava Community, Chikamayi Spring - 22090","t":"ps","c":"Kakamega"}},{"type":"Feature","geometry":{"type":"Point","coordinates":[34.826071,0.524874]},"properties":{"id":"523329444","n":"LUYESHE UP 13","t":"us","c":"Kakamega"}},{"type":"Feature","geometry":{"type":"Point","coordinates":[34.818163,0.530993]},"properties":{"id":"523280334","n":"MATSAKHA B PD 45","t":"pdw","c":"Kakamega"}},{"type":"Feature","geometry":{"type":"Point","coordinates":[34.803273,0.476396]},"properties":{"id":"523325536","n":"MAKUU B PD 9","t":"pdw","c":"Kakamega"}},{"type":"Feature","geometry":{"type":"Point","coordinates":[34.809499,0.502157]},"properties":{"id":"523218395","n":"MUYUNDI B PD 4","t":"pdw","c":"Kakamega"}},{"type":"Feature","geometry":{"type":"Point","coordinates":[34.797034,0.512164]},"properties":{"id":"523274757","n":"SHIKULU PD 2","t":"pdw","c":"Kakamega"}},{"type":"Feature","geometry":{"type":"Point","coordinates":[34.802898,0.528338]},"properties":{"id":"523214085","n":"MATSAKHA A UD 3","t":"udw","c":"Kakamega"}},{"type":"Feature","geometry":{"type":"Point","coordinates":[34.829269,0.51869]},"properties":{"id":"523325464","n":"LUTINYE PD 6","t":"pdw","c":"Kakamega"}},{"type":"Feature","geometry":{"type":"Point","coordinates":[34.817684,0.500248]},"properties":{"id":"523273316","n":"LURAMBI PD 7","t":"pdw","c":"Kakamega"}},{"type":"Feature","geometry":{"type":"Point","coordinates":[34.818535,0.498423]},"properties":{"id":"523209629","n":"LURAMBI PS 1","t":"ps","c":"Kakamega"}},{"type":"Feature","geometry":{"type":"Point","coordinates":[34.81345,0.539912]},"properties":{"id":"523203616","n":"SHARAMBATSA PD 33","t":"bh","c":"Kakamega"}},{"type":"Feature","geometry":{"type":"Point","coordinates":[34.82037,0.539498]},"properties":{"id":"523248114","n":"MATSAKHA B PS 24","t":"ps","c":"Kakamega"}},{"type":"Feature","geometry":{"type":"Point","coordinates":[34.795283,0.528431]},"properties":{"id":"523314916","n":"Lugusi UD 46","t":"udw","c":"Kakamega"}},{"type":"Feature","geometry":{"type":"Point","coordinates":[34.876615,0.489102]},"properties":{"id":"523246325","n":"Munenga US 8","t":"us","c":"Kakamega"}},{"type":"Feature","geometry":{"type":"Point","coordinates":[34.807305,0.517285]},"properties":{"id":"523240879","n":"TIMBITO A UP 1","t":"udw","c":"Kakamega"}},{"type":"Feature","geometry":{"type":"Point","coordinates":[34.788132,0.510508]},"properties":{"id":"523252414","n":"LUVAMBO DIP PS 11","t":"ps","c":"Kakamega"}},{"type":"Feature","geometry":{"type":"Point","coordinates":[34.832459,0.523842]},"properties":{"id":"523236146","n":"LUTINYE US 10","t":"us","c":"Kakamega"}},{"type":"Feature","geometry":{"type":"Point","coordinates":[34.809048,0.542488]},"properties":{"id":"523355252","n":"Mbande PD 14","t":"pdw","c":"Kakamega"}},{"type":"Feature","geometry":{"type":"Point","coordinates":[34.81851,0.525448]},"properties":{"id":"523219688","n":"SHILONGO PD 15","t":"pdw","c":"Kakamega"}},{"type":"Feature","geometry":{"type":"Point","coordinates":[34.873365,0.49535]},"properties":{"id":"523240927","n":"Namagara A US 5","t":"us","c":"Kakamega"}},{"type":"Feature","geometry":{"type":"Point","coordinates":[34.832356,0.517208]},"properties":{"id":"523292144","n":"LUTINYE PD 19","t":"pdw","c":"Kakamega"}},{"type":"Feature","geometry":{"type":"Point","coordinates":[34.847848,0.470218]},"properties":{"id":"523232537","n":"Cereal Board US 1","t":"us","c":"Kakamega"}},{"type":"Feature","geometry":{"type":"Point","coordinates":[34.883308,0.472983]},"properties":{"id":"523225124","n":"Namatala BH 1","t":"bh","c":"Kakamega"}},{"type":"Feature","geometry":{"type":"Point","coordinates":[34.820292,0.500646]},"properties":{"id":"523321233","n":"LURAMBI PD 2","t":"pdw","c":"Kakamega"}},{"type":"Feature","geometry":{"type":"Point","coordinates":[34.802365,0.504179]},"properties":{"id":"523214023","n":"MAKALE B PD 5","t":"pdw","c":"Kakamega"}},{"type":"Feature","geometry":{"type":"Point","coordinates":[34.868995,0.500645]},"properties":{"id":"523247113","n":"Namagara B PS 2","t":"ps","c":"Kakamega"}},{"type":"Feature","geometry":{"type":"Point","coordinates":[34.825679,0.513048]},"properties":{"id":"523291851","n":"CHEBWAI B PD 22","t":"pdw","c":"Kakamega"}},{"type":"Feature","geometry":{"type":"Point","coordinates":[34.783047,0.519315]},"properties":{"id":"523320263","n":"MUTUA PD 2","t":"pdw","c":"Kakamega"}},{"type":"Feature","geometry":{"type":"Point","coordinates":[34.772504,0.518856]},"properties":{"id":"523286880","n":"NAMUSHIYA B PD 11","t":"pdw","c":"Kakamega"}},{"type":"Feature","geometry":{"type":"Point","coordinates":[34.783424,0.509241]},"properties":{"id":"523277815","n":"NAMUSHIYA A PD 9","t":"pdw","c":"Kakamega"}},{"type":"Feature","geometry":{"type":"Point","coordinates":[34.853949,0.495376]},"properties":{"id":"523200383","n":"Chevaywa B PD 17","t":"pdw","c":"Kakamega"}},{"type":"Feature","geometry":{"type":"Point","coordinates":[34.80529,0.539412]},"properties":{"id":"523260103","n":"Lugusi PD 9","t":"pdw","c":"Kakamega"}},{"type":"Feature","geometry":{"type":"Point","coordinates":[34.813753,0.52268]},"properties":{"id":"523255352","n":"MATSAKHA C UD 27","t":"udw","c":"Kakamega"}},{"type":"Feature","geometry":{"type":"Point","coordinates":[34.812137,0.521736]},"properties":{"id":"523216355","n":"MATSAKHA C PD 30","t":"pdw","c":"Kakamega"}},{"type":"Feature","geometry":{"type":"Point","coordinates":[34.829131,0.517439]},"properties":{"id":"523304737","n":"LUTINYE PD 23","t":"pdw","c":"Kakamega"}},{"type":"Feature","geometry":{"type":"Point","coordinates":[34.768568,0.50435]},"properties":{"id":"523317696","n":"VUYANZI PS 10","t":"ps","c":"Kakamega"}},{"type":"Feature","geometry":{"type":"Point","coordinates":[34.834459,0.52509]},"properties":{"id":"523225234","n":"Mukhuyu UD 1","t":"udw","c":"Kakamega"}},{"type":"Feature","geometry":{"type":"Point","coordinates":[34.82064,0.478515]},"properties":{"id":"523289436","n":"Lunyironi PD 15","t":"pdw","c":"Kakamega"}},{"type":"Feature","geometry":{"type":"Point","coordinates":[34.819071,0.537572]},"properties":{"id":"523267997","n":"MATSAKHA B PD 23","t":"pdw","c":"Kakamega"}},{"type":"Feature","geometry":{"type":"Point","coordinates":[34.808557,0.539106]},"properties":{"id":"523237776","n":"Mbande BH 5","t":"bh","c":"Kakamega"}},{"type":"Feature","geometry":{"type":"Point","coordinates":[34.786554,0.503685]},"properties":{"id":"523264705","n":"LUVAMBO DIP PD 6","t":"pdw","c":"Kakamega"}},{"type":"Feature","geometry":{"type":"Point","coordinates":[34.807559,0.543237]},"properties":{"id":"523231488","n":"Mbande PD 8","t":"pdw","c":"Kakamega"}},{"type":"Feature","geometry":{"type":"Point","coordinates":[34.762635,0.512373]},"properties":{"id":"523228189","n":"SHIVAGALA A PD 3","t":"pdw","c":"Kakamega"}},{"type":"Feature","geometry":{"type":"Point","coordinates":[34.811288,0.53257]},"properties":{"id":"523251509","n":"MATSAKHA B PD 3","t":"pdw","c":"Kakamega"}},{"type":"Feature","geometry":{"type":"Point","coordinates":[34.775067,0.516633]},"properties":{"id":"523263357","n":"NAMUSHIYA B PD 8","t":"pdw","c":"Kakamega"}},{"type":"Feature","geometry":{"type":"Point","coordinates":[34.839491,0.515913]},"properties":{"id":"523228859","n":"Manyonje B PD 12","t":"pdw","c":"Kakamega"}},{"type":"Feature","geometry":{"type":"Point","coordinates":[34.820534,0.52312]},"properties":{"id":"523345406","n":"SHILONGO PD 3","t":"pdw","c":"Kakamega"}},{"type":"Feature","geometry":{"type":"Point","coordinates":[34.817478,0.519569]},"properties":{"id":"523308353","n":"ST. MARTIN PD 23","t":"pdw","c":"Kakamega"}},{"type":"Feature","geometry":{"type":"Point","coordinates":[34.803213,0.471909]},"properties":{"id":"523223744","n":"SHIPALA PD 11","t":"pdw","c":"Kakamega"}},{"type":"Feature","geometry":{"type":"Point","coordinates":[34.814364,0.476828]},"properties":{"id":"523230346","n":"SHIPALA PS 1","t":"ps","c":"Kakamega"}},{"type":"Feature","geometry":{"type":"Point","coordinates":[34.830802,0.520465]},"properties":{"id":"523263852","n":"LUTINYE PD 13","t":"pdw","c":"Kakamega"}},{"type":"Feature","geometry":{"type":"Point","coordinates":[34.842037,0.48777]},"properties":{"id":"523348708","n":"Tande A PD 4","t":"pdw","c":"Kakamega"}},{"type":"Feature","geometry":{"type":"Point","coordinates":[34.798465,0.526802]},"properties":{"id":"523209870","n":"MATSAKHA A UD 9","t":"udw","c":"Kakamega"}},{"type":"Feature","geometry":{"type":"Point","coordinates":[34.799401,0.469401]},"properties":{"id":"523256937","n":"SHIPALA PD 14","t":"pdw","c":"Kakamega"}},{"type":"Feature","geometry":{"type":"Point","coordinates":[34.830214,0.528813]},"properties":{"id":"523211611","n":"LUYESHE US 18","t":"us","c":"Kakamega"}},{"type":"Feature","geometry":{"type":"Point","coordinates":[34.811556,0.546582]},"properties":{"id":"523236902","n":"Mbande UD 23","t":"udw","c":"Kakamega"}},{"type":"Feature","geometry":{"type":"Point","coordinates":[34.777115,0.522282]},"properties":{"id":"523286196","n":"MUTUA PD 6","t":"pdw","c":"Kakamega"}},{"type":"Feature","geometry":{"type":"Point","coordinates":[34.806883,0.529919]},"properties":{"id":"523304287","n":"MATSAKHA C PD 78","t":"pdw","c":"Kakamega"}},{"type":"Feature","geometry":{"type":"Point","coordinates":[34.837418,0.50631]},"properties":{"id":"523281500","n":"Manyonje A PD 3","t":"pdw","c":"Kakamega"}},{"type":"Feature","geometry":{"type":"Point","coordinates":[34.851095,0.504229]},"properties":{"id":"523342142","n":"Cheptuli B UD 10","t":"udw","c":"Kakamega"}},{"type":"Feature","geometry":{"type":"Point","coordinates":[34.820293,0.540969]},"properties":{"id":"523248509","n":"SHARAMBATSA PD 15","t":"pdw","c":"Kakamega"}},{"type":"Feature","geometry":{"type":"Point","coordinates":[34.819839,0.483842]},"properties":{"id":"523200589","n":"MUYUNDI A PD 12","t":"pdw","c":"Kakamega"}},{"type":"Feature","geometry":{"type":"Point","coordinates":[34.808093,0.523676]},"properties":{"id":"523259291","n":"MATSAKHA C PD 64","t":"pdw","c":"Kakamega"}},{"type":"Feature","geometry":{"type":"Point","coordinates":[34.798063,0.512682]},"properties":{"id":"523196509","n":"SHIKULU PD 3","t":"pdw","c":"Kakamega"}},{"type":"Feature","geometry":{"type":"Point","coordinates":[34.853968,0.472263]},"properties":{"id":"432093410","n":"Muhoni Community, Charle Musire spring - 22131","t":"ps","c":"Kakamega"}},{"type":"Feature","geometry":{"type":"Point","coordinates":[34.787583,0.521026]},"properties":{"id":"523332145","n":"LUANDA US 17","t":"us","c":"Kakamega"}},{"type":"Feature","geometry":{"type":"Point","coordinates":[34.819878,0.531716]},"properties":{"id":"523283825","n":"MATSAKHA B PD 41","t":"pdw","c":"Kakamega"}},{"type":"Feature","geometry":{"type":"Point","coordinates":[34.803474,0.537331]},"properties":{"id":"523355276","n":"Lugusi PD 10","t":"pdw","c":"Kakamega"}},{"type":"Feature","geometry":{"type":"Point","coordinates":[34.810827,0.52006]},"properties":{"id":"523322849","n":"TIMBITO B PS 1","t":"ps","c":"Kakamega"}},{"type":"Feature","geometry":{"type":"Point","coordinates":[34.824086,0.504748]},"properties":{"id":"523227229","n":"CHEBWAI A PD 1","t":"pdw","c":"Kakamega"}},{"type":"Feature","geometry":{"type":"Point","coordinates":[34.808138,0.503046]},"properties":{"id":"523271486","n":"MUYUNDI B PD 2","t":"pdw","c":"Kakamega"}},{"type":"Feature","geometry":{"type":"Point","coordinates":[34.817045,0.54224]},"properties":{"id":"523251963","n":"SHARAMBATSA PD 24","t":"pdw","c":"Kakamega"}},{"type":"Feature","geometry":{"type":"Point","coordinates":[34.799689,0.512884]},"properties":{"id":"523235530","n":"SHIKULU PD 6","t":"pdw","c":"Kakamega"}},{"type":"Feature","geometry":{"type":"Point","coordinates":[34.80228,0.532282]},"properties":{"id":"523324717","n":"Lugusi PD 27","t":"pdw","c":"Kakamega"}},{"type":"Feature","geometry":{"type":"Point","coordinates":[34.819357,0.484495]},"properties":{"id":"523316877","n":"MUYUNDI A PD 11","t":"pdw","c":"Kakamega"}},{"type":"Feature","geometry":{"type":"Point","coordinates":[34.844398,0.495504]},"properties":{"id":"523236098","n":"Chevaywa B PD 20","t":"pdw","c":"Kakamega"}},{"type":"Feature","geometry":{"type":"Point","coordinates":[34.779207,0.512165]},"properties":{"id":"523340126","n":"NAMUSHIYA A PD 17","t":"pdw","c":"Kakamega"}},{"type":"Feature","geometry":{"type":"Point","coordinates":[34.75911,0.503489]},"properties":{"id":"523221364","n":"VASHELE B PD 7","t":"pdw","c":"Kakamega"}},{"type":"Feature","geometry":{"type":"Point","coordinates":[34.876939,0.486771]},"properties":{"id":"523344429","n":"Marukusi US 1","t":"us","c":"Kakamega"}},{"type":"Feature","geometry":{"type":"Point","coordinates":[34.816107,0.48686]},"properties":{"id":"523272841","n":"MUYUNDI A PD 8","t":"pdw","c":"Kakamega"}},{"type":"Feature","geometry":{"type":"Point","coordinates":[34.786516,0.507257]},"properties":{"id":"523247742","n":"LUVAMBO DIP PS 9","t":"ps","c":"Kakamega"}},{"type":"Feature","geometry":{"type":"Point","coordinates":[34.822386,0.533301]},"properties":{"id":"523283935","n":"MATSAKHA B PD 34","t":"pdw","c":"Kakamega"}},{"type":"Feature","geometry":{"type":"Point","coordinates":[34.85151,0.502268]},"properties":{"id":"523298700","n":"Cheptuli B UD 14","t":"udw","c":"Kakamega"}},{"type":"Feature","geometry":{"type":"Point","coordinates":[34.774455,0.507447]},"properties":{"id":"523209588","n":"MUKAKAWAYI PD 4","t":"pdw","c":"Kakamega"}},{"type":"Feature","geometry":{"type":"Point","coordinates":[34.855051,0.501715]},"properties":{"id":"523194545","n":"Cheptuli B UD 18","t":"udw","c":"Kakamega"}},{"type":"Feature","geometry":{"type":"Point","coordinates":[34.810283,0.53978]},"properties":{"id":"523298494","n":"Mbande PD 41","t":"pdw","c":"Kakamega"}},{"type":"Feature","geometry":{"type":"Point","coordinates":[34.823215,0.518532]},"properties":{"id":"523193850","n":"CHEBWAI B PD 4","t":"pdw","c":"Kakamega"}},{"type":"Feature","geometry":{"type":"Point","coordinates":[34.825471,0.511669]},"properties":{"id":"523246222","n":"CHEBWAI B PD 9","t":"pdw","c":"Kakamega"}},{"type":"Feature","geometry":{"type":"Point","coordinates":[34.830861,0.516374]},"properties":{"id":"523338134","n":"LUTINYE PD 22","t":"pdw","c":"Kakamega"}},{"type":"Feature","geometry":{"type":"Point","coordinates":[34.807555,0.545088]},"properties":{"id":"523339032","n":"Mbande PD 14","t":"pdw","c":"Kakamega"}},{"type":"Feature","geometry":{"type":"Point","coordinates":[34.881441,0.473864]},"properties":{"id":"412744578","n":"Mungakha Community, Makuto Muyekho Spring - 22075","t":"ps","c":"Kakamega"}},{"type":"Feature","geometry":{"type":"Point","coordinates":[34.809996,0.537702]},"properties":{"id":"523327631","n":"Mbande PD 49","t":"pdw","c":"Kakamega"}},{"type":"Feature","geometry":{"type":"Point","coordinates":[34.83512,0.504115]},"properties":{"id":"523225409","n":"CHEBWAI C PS 8","t":"ps","c":"Kakamega"}},{"type":"Feature","geometry":{"type":"Point","coordinates":[34.82713,0.526308]},"properties":{"id":"523322571","n":"LUYESHE PD 15","t":"pdw","c":"Kakamega"}},{"type":"Feature","geometry":{"type":"Point","coordinates":[34.756996,0.500691]},"properties":{"id":"523329561","n":"VASHELE B PD 1","t":"pdw","c":"Kakamega"}},{"type":"Feature","geometry":{"type":"Point","coordinates":[34.808241,0.527098]},"properties":{"id":"523314820","n":"MATSAKHA C PD 52","t":"pdw","c":"Kakamega"}},{"type":"Feature","geometry":{"type":"Point","coordinates":[34.787579,0.5193]},"properties":{"id":"523305659","n":"MAKUCHE B PD 1","t":"pdw","c":"Kakamega"}},{"type":"Feature","geometry":{"type":"Point","coordinates":[34.830974,0.515583]},"properties":{"id":"523244512","n":"LUTINYE PD 28","t":"pdw","c":"Kakamega"}},{"type":"Feature","geometry":{"type":"Point","coordinates":[34.813646,0.526256]},"properties":{"id":"523261850","n":"MATSAKHA C PD 6","t":"pdw","c":"Kakamega"}},{"type":"Feature","geometry":{"type":"Point","coordinates":[34.799046,0.514196]},"properties":{"id":"523295295","n":"SHIKULU PD 5","t":"pdw","c":"Kakamega"}},{"type":"Feature","geometry":{"type":"Point","coordinates":[34.81345,0.540494]},"properties":{"id":"523282989","n":"SHARAMBATSA PD 32","t":"pdw","c":"Kakamega"}},{"type":"Feature","geometry":{"type":"Point","coordinates":[34.775397,0.507]},"properties":{"id":"523319131","n":"MWIYALA PD 1","t":"pdw","c":"Kakamega"}},{"type":"Feature","geometry":{"type":"Point","coordinates":[34.788734,0.503363]},"properties":{"id":"523269308","n":"LUVAMBO PD 2","t":"pdw","c":"Kakamega"}},{"type":"Feature","geometry":{"type":"Point","coordinates":[34.8182,0.548952]},"properties":{"id":"523214652","n":"Matete B PS1","t":"ps","c":"Kakamega"}},{"type":"Feature","geometry":{"type":"Point","coordinates":[34.819844,0.485891]},"properties":{"id":"523206358","n":"MUYUNDI A PD 9","t":"pdw","c":"Kakamega"}},{"type":"Feature","geometry":{"type":"Point","coordinates":[34.81419,0.541593]},"properties":{"id":"523303279","n":"SHARAMBATSA UD 30","t":"udw","c":"Kakamega"}},{"type":"Feature","geometry":{"type":"Point","coordinates":[34.812218,0.527036]},"properties":{"id":"523293949","n":"MATSAKHA C PD 38","t":"pdw","c":"Kakamega"}},{"type":"Feature","geometry":{"type":"Point","coordinates":[34.826837,0.524726]},"properties":{"id":"523258496","n":"LUYESHE PD 12","t":"pdw","c":"Kakamega"}},{"type":"Feature","geometry":{"type":"Point","coordinates":[34.818937,0.50864]},"properties":{"id":"523249397","n":"TIMBITO B PD 2","t":"pdw","c":"Kakamega"}},{"type":"Feature","geometry":{"type":"Point","coordinates":[34.801764,0.510241]},"properties":{"id":"523217837","n":"SHIKULU PD 11","t":"pdw","c":"Kakamega"}},{"type":"Feature","geometry":{"type":"Point","coordinates":[34.78468,0.518493]},"properties":{"id":"523198051","n":"LUANDA PD 14","t":"pdw","c":"Kakamega"}},{"type":"Feature","geometry":{"type":"Point","coordinates":[34.819267,0.521367]},"properties":{"id":"523352187","n":"ST. MARTIN PD 11","t":"pdw","c":"Kakamega"}},{"type":"Feature","geometry":{"type":"Point","coordinates":[34.810216,0.533817]},"properties":{"id":"523250821","n":"SHARAMBATSA PD 1","t":"pdw","c":"Kakamega"}},{"type":"Feature","geometry":{"type":"Point","coordinates":[34.825408,0.521294]},"properties":{"id":"523208161","n":"LUYESHE PD 9","t":"pdw","c":"Kakamega"}},{"type":"Feature","geometry":{"type":"Point","coordinates":[34.790397,0.51526]},"properties":{"id":"523268022","n":"MAKUCHE B PD 7","t":"pdw","c":"Kakamega"}},{"type":"Feature","geometry":{"type":"Point","coordinates":[34.808015,0.54017]},"properties":{"id":"523342317","n":"Mbande PD 6","t":"pdw","c":"Kakamega"}},{"type":"Feature","geometry":{"type":"Point","coordinates":[34.801492,0.510788]},"properties":{"id":"523258513","n":"SHIKULU PD 12","t":"pdw","c":"Kakamega"}},{"type":"Feature","geometry":{"type":"Point","coordinates":[34.817101,0.532117]},"properties":{"id":"523229551","n":"MATSAKHA B PD 49","t":"pdw","c":"Kakamega"}},{"type":"Feature","geometry":{"type":"Point","coordinates":[34.783895,0.507657]},"properties":{"id":"523237910","n":"NAMUSHIYA A PD 1","t":"pdw","c":"Kakamega"}},{"type":"Feature","geometry":{"type":"Point","coordinates":[34.793657,0.491077]},"properties":{"id":"523309921","n":"CHEGULO A UD 7","t":"udw","c":"Kakamega"}},{"type":"Feature","geometry":{"type":"Point","coordinates":[34.779311,0.522333]},"properties":{"id":"523333311","n":"LUANDA PD 1","t":"pdw","c":"Kakamega"}},{"type":"Feature","geometry":{"type":"Point","coordinates":[34.812323,0.527164]},"properties":{"id":"523269889","n":"MATSAKHA C PD 39","t":"pdw","c":"Kakamega"}},{"type":"Feature","geometry":{"type":"Point","coordinates":[34.84103,0.490186]},"properties":{"id":"523280437","n":"Tande B PS 1","t":"ps","c":"Kakamega"}},{"type":"Feature","geometry":{"type":"Point","coordinates":[34.836802,0.515898]},"properties":{"id":"523281531","n":"Manyonje B UD 9","t":"udw","c":"Kakamega"}},{"type":"Feature","geometry":{"type":"Point","coordinates":[34.798472,0.500776]},"properties":{"id":"523269621","n":"MAKALE A PD 12","t":"udw","c":"Kakamega"}},{"type":"Feature","geometry":{"type":"Point","coordinates":[34.81808,0.525033]},"properties":{"id":"523192574","n":"SHILONGO PD 14","t":"pdw","c":"Kakamega"}},{"type":"Feature","geometry":{"type":"Point","coordinates":[34.803423,0.529077]},"properties":{"id":"523210861","n":"MATSAKHA A PD 1","t":"pdw","c":"Kakamega"}},{"type":"Feature","geometry":{"type":"Point","coordinates":[34.856629,0.478947]},"properties":{"id":"366925182","n":"Muhoni Community, Kekongo Forest Spring - 22009","t":"ps","c":"Kakamega"}},{"type":"Feature","geometry":{"type":"Point","coordinates":[34.845335,0.498434]},"properties":{"id":"523199409","n":"Chevaywa B PD 6","t":"pdw","c":"Kakamega"}},{"type":"Feature","geometry":{"type":"Point","coordinates":[34.807925,0.477843]},"properties":{"id":"523228691","n":"MAKUU A PS 11","t":"ps","c":"Kakamega"}},{"type":"Feature","geometry":{"type":"Point","coordinates":[34.837659,0.525765]},"properties":{"id":"523308779","n":"Mukhuyu UD 6","t":"udw","c":"Kakamega"}},{"type":"Feature","geometry":{"type":"Point","coordinates":[34.819888,0.502278]},"properties":{"id":"523234890","n":"LURAMBI PD 4","t":"pdw","c":"Kakamega"}},{"type":"Feature","geometry":{"type":"Point","coordinates":[34.86991,0.496975]},"properties":{"id":"523264279","n":"Namagara A PD 3","t":"pdw","c":"Kakamega"}},{"type":"Feature","geometry":{"type":"Point","coordinates":[34.816992,0.519958]},"properties":{"id":"523214841","n":"ST. MARTIN UP 19","t":"us","c":"Kakamega"}},{"type":"Feature","geometry":{"type":"Point","coordinates":[34.835396,0.526576]},"properties":{"id":"523221058","n":"Bateta UD 13","t":"udw","c":"Kakamega"}},{"type":"Feature","geometry":{"type":"Point","coordinates":[34.841916,0.496457]},"properties":{"id":"523323297","n":"Chevaywa A PD 1","t":"pdw","c":"Kakamega"}},{"type":"Feature","geometry":{"type":"Point","coordinates":[34.799635,0.497925]},"properties":{"id":"523315742","n":"MAKALE A PD 9","t":"pdw","c":"Kakamega"}},{"type":"Feature","geometry":{"type":"Point","coordinates":[34.856765,0.487776]},"properties":{"id":"523345286","n":"Fukoye A PS 4","t":"ps","c":"Kakamega"}},{"type":"Feature","geometry":{"type":"Point","coordinates":[34.820646,0.470674]},"properties":{"id":"523329286","n":"Shisumi PD 7","t":"pdw","c":"Kakamega"}},{"type":"Feature","geometry":{"type":"Point","coordinates":[34.797429,0.528057]},"properties":{"id":"523264815","n":"Lugusi PD 40","t":"pdw","c":"Kakamega"}},{"type":"Feature","geometry":{"type":"Point","coordinates":[34.819377,0.52051]},"properties":{"id":"523195003","n":"ST. MARTIN PD 13","t":"pdw","c":"Kakamega"}},{"type":"Feature","geometry":{"type":"Point","coordinates":[34.799215,0.494858]},"properties":{"id":"523319038","n":"CHEGULO B UD 9","t":"udw","c":"Kakamega"}},{"type":"Feature","geometry":{"type":"Point","coordinates":[34.852025,0.504428]},"properties":{"id":"523237422","n":"Cheptuli B PD 9","t":"pdw","c":"Kakamega"}},{"type":"Feature","geometry":{"type":"Point","coordinates":[34.809556,0.485964]},"properties":{"id":"523349620","n":"MAHUSI A PD 6","t":"pdw","c":"Kakamega"}},{"type":"Feature","geometry":{"type":"Point","coordinates":[34.843875,0.500902]},"properties":{"id":"523239170","n":"Chevaywa B PD 1","t":"pdw","c":"Kakamega"}},{"type":"Feature","geometry":{"type":"Point","coordinates":[34.814436,0.481504]},"properties":{"id":"523309608","n":"MAKUU A PS 6","t":"ps","c":"Kakamega"}},{"type":"Feature","geometry":{"type":"Point","coordinates":[34.803751,0.526395]},"properties":{"id":"523271589","n":"MATSAKHA C UD 74","t":"udw","c":"Kakamega"}},{"type":"Feature","geometry":{"type":"Point","coordinates":[34.76866,0.512368]},"properties":{"id":"523206516","n":"MUKAKAWAYI PD 3","t":"pdw","c":"Kakamega"}},{"type":"Feature","geometry":{"type":"Point","coordinates":[34.812122,0.536967]},"properties":{"id":"523322289","n":"SHARAMBATSA UD 40","t":"udw","c":"Kakamega"}},{"type":"Feature","geometry":{"type":"Point","coordinates":[34.829642,0.520384]},"properties":{"id":"523211367","n":"LUTINYE PD 15","t":"pdw","c":"Kakamega"}},{"type":"Feature","geometry":{"type":"Point","coordinates":[34.818944,0.519979]},"properties":{"id":"523242170","n":"ST. MARTIN PD 14","t":"pdw","c":"Kakamega"}},{"type":"Feature","geometry":{"type":"Point","coordinates":[34.821982,0.5315]},"properties":{"id":"523217576","n":"MATSAKHA B UD 36","t":"udw","c":"Kakamega"}},{"type":"Feature","geometry":{"type":"Point","coordinates":[34.782381,0.522676]},"properties":{"id":"523279707","n":"LUANDA PD 5","t":"pdw","c":"Kakamega"}},{"type":"Feature","geometry":{"type":"Point","coordinates":[34.861469,0.486752]},"properties":{"id":"523209416","n":"Mukavakava PS 2","t":"ps","c":"Kakamega"}},{"type":"Feature","geometry":{"type":"Point","coordinates":[34.798549,0.518082]},"properties":{"id":"523307730","n":"LUVAMBO A PD 7","t":"pdw","c":"Kakamega"}},{"type":"Feature","geometry":{"type":"Point","coordinates":[34.823043,0.526196]},"properties":{"id":"523254368","n":"SHILONGO PS 17","t":"ps","c":"Kakamega"}},{"type":"Feature","geometry":{"type":"Point","coordinates":[34.810221,0.536649]},"properties":{"id":"523224697","n":"SHARAMBATSA PD 41","t":"pdw","c":"Kakamega"}},{"type":"Feature","geometry":{"type":"Point","coordinates":[34.819797,0.517872]},"properties":{"id":"523225753","n":"ST. MARTIN PD 36","t":"pdw","c":"Kakamega"}},{"type":"Feature","geometry":{"type":"Point","coordinates":[34.852215,0.502423]},"properties":{"id":"523273581","n":"Cheptuli B UD 15","t":"udw","c":"Kakamega"}},{"type":"Feature","geometry":{"type":"Point","coordinates":[34.802055,0.489762]},"properties":{"id":"523291150","n":"CHEGULO A PS 4","t":"ps","c":"Kakamega"}},{"type":"Feature","geometry":{"type":"Point","coordinates":[34.820443,0.492998]},"properties":{"id":"47024553","n":"Muyundi, Baraza Spring - 18142","t":"ps","c":"Kakamega"}},{"type":"Feature","geometry":{"type":"Point","coordinates":[34.809776,0.539079]},"properties":{"id":"523342290","n":"Mbande PD 44","t":"pdw","c":"Kakamega"}},{"type":"Feature","geometry":{"type":"Point","coordinates":[34.812105,0.481064]},"properties":{"id":"523225636","n":"MAKUU A PD 5","t":"pdw","c":"Kakamega"}},{"type":"Feature","geometry":{"type":"Point","coordinates":[34.813758,0.527667]},"properties":{"id":"523318721","n":"MATSAKHA C PD 3","t":"pdw","c":"Kakamega"}},{"type":"Feature","geometry":{"type":"Point","coordinates":[34.817654,0.478591]},"properties":{"id":"523206530","n":"Makale PD 6","t":"pdw","c":"Kakamega"}},{"type":"Feature","geometry":{"type":"Point","coordinates":[34.811166,0.511506]},"properties":{"id":"523223445","n":"TIMBITO A PD 4","t":"pdw","c":"Kakamega"}},{"type":"Feature","geometry":{"type":"Point","coordinates":[34.876261,0.487736]},"properties":{"id":"523199162","n":"Marukusi UD 2","t":"udw","c":"Kakamega"}},{"type":"Feature","geometry":{"type":"Point","coordinates":[34.819271,0.536615]},"properties":{"id":"523225746","n":"MATSAKHA B UD 26","t":"udw","c":"Kakamega"}},{"type":"Feature","geometry":{"type":"Point","coordinates":[34.817826,0.528735]},"properties":{"id":"523274661","n":"MATSAKHA B PS 58","t":"ps","c":"Kakamega"}},{"type":"Feature","geometry":{"type":"Point","coordinates":[34.825373,0.48781]},"properties":{"id":"523288002","n":"Namanja PD 3","t":"pdw","c":"Kakamega"}},{"type":"Feature","geometry":{"type":"Point","coordinates":[34.853537,0.489123]},"properties":{"id":"523239228","n":"Fukoye A PD 6","t":"pdw","c":"Kakamega"}},{"type":"Feature","geometry":{"type":"Point","coordinates":[34.812299,0.546608]},"properties":{"id":"523235114","n":"Mbande PD 25","t":"pdw","c":"Kakamega"}},{"type":"Feature","geometry":{"type":"Point","coordinates":[34.815959,0.481497]},"properties":{"id":"523224460","n":"MAKUU A PD 8","t":"pdw","c":"Kakamega"}},{"type":"Feature","geometry":{"type":"Point","coordinates":[34.812813,0.535671]},"properties":{"id":"523320830","n":"SHARAMBATSA PD 6","t":"pdw","c":"Kakamega"}},{"type":"Feature","geometry":{"type":"Point","coordinates":[34.811395,0.497874]},"properties":{"id":"523242369","n":"MUYUNDI B PD 7","t":"pdw","c":"Kakamega"}},{"type":"Feature","geometry":{"type":"Point","coordinates":[34.801334,0.511649]},"properties":{"id":"523246040","n":"SHIKULU PD 13","t":"pdw","c":"Kakamega"}},{"type":"Feature","geometry":{"type":"Point","coordinates":[34.836713,0.516535]},"properties":{"id":"523213280","n":"Manyonje B PD 10","t":"pdw","c":"Kakamega"}},{"type":"Feature","geometry":{"type":"Point","coordinates":[34.838341,0.526972]},"properties":{"id":"523349572","n":"Mukhuyu PD 8","t":"pdw","c":"Kakamega"}},{"type":"Feature","geometry":{"type":"Point","coordinates":[34.803586,0.493005]},"properties":{"id":"523218285","n":"MAHUSI B PS 1","t":"ps","c":"Kakamega"}},{"type":"Feature","geometry":{"type":"Point","coordinates":[34.817535,0.520152]},"properties":{"id":"523283179","n":"ST. MARTIN PD 17","t":"pdw","c":"Kakamega"}},{"type":"Feature","geometry":{"type":"Point","coordinates":[34.808525,0.531423]},"properties":{"id":"523344481","n":"MATSAKHA A UD 17","t":"udw","c":"Kakamega"}},{"type":"Feature","geometry":{"type":"Point","coordinates":[34.824673,0.525976]},"properties":{"id":"523294380","n":"LUYESHE PD 11","t":"pdw","c":"Kakamega"}},{"type":"Feature","geometry":{"type":"Point","coordinates":[34.806666,0.527253]},"properties":{"id":"523242895","n":"MATSAKHA C PD 51","t":"pdw","c":"Kakamega"}},{"type":"Feature","geometry":{"type":"Point","coordinates":[34.848131,0.504751]},"properties":{"id":"523205807","n":"Chevaywa B PD 9","t":"pdw","c":"Kakamega"}},{"type":"Feature","geometry":{"type":"Point","coordinates":[34.807557,0.529738]},"properties":{"id":"523225258","n":"MATSAKHA C PD 79","t":"pdw","c":"Kakamega"}},{"type":"Feature","geometry":{"type":"Point","coordinates":[34.875801,0.484278]},"properties":{"id":"523252160","n":"Harambee PD 2","t":"pdw","c":"Kakamega"}},{"type":"Feature","geometry":{"type":"Point","coordinates":[34.808453,0.552148]},"properties":{"id":"523207359","n":"Sango PD5","t":"pdw","c":"Kakamega"}},{"type":"Feature","geometry":{"type":"Point","coordinates":[34.796332,0.524665]},"properties":{"id":"523270629","n":"Lugusi PD 50","t":"pdw","c":"Kakamega"}},{"type":"Feature","geometry":{"type":"Point","coordinates":[34.84611,0.489594]},"properties":{"id":"523193575","n":"Tande B US 4","t":"us","c":"Kakamega"}},{"type":"Feature","geometry":{"type":"Point","coordinates":[34.81668,0.53044]},"properties":{"id":"523268101","n":"MATSAKHA B PD 52","t":"pdw","c":"Kakamega"}},{"type":"Feature","geometry":{"type":"Point","coordinates":[34.818387,0.545067]},"properties":{"id":"523339355","n":"Shichebe PD2","t":"pdw","c":"Kakamega"}},{"type":"Feature","geometry":{"type":"Point","coordinates":[34.794692,0.500614]},"properties":{"id":"523197555","n":"MAKALE A PD 3","t":"pdw","c":"Kakamega"}},{"type":"Feature","geometry":{"type":"Point","coordinates":[34.780666,0.503425]},"properties":{"id":"523315261","n":"LUTONYI PD 9","t":"pdw","c":"Kakamega"}},{"type":"Feature","geometry":{"type":"Point","coordinates":[34.848907,0.503956]},"properties":{"id":"523221292","n":"Chevaywa B PD 12","t":"pdw","c":"Kakamega"}},{"type":"Feature","geometry":{"type":"Point","coordinates":[34.814807,0.504424]},"properties":{"id":"523244079","n":"TIMBITO A PS 8","t":"ps","c":"Kakamega"}},{"type":"Feature","geometry":{"type":"Point","coordinates":[34.801817,0.535994]},"properties":{"id":"523258829","n":"Lugusi PD 19","t":"pdw","c":"Kakamega"}},{"type":"Feature","geometry":{"type":"Point","coordinates":[34.845409,0.468583]},"properties":{"id":"523298119","n":"Makhwabuye US 5","t":"us","c":"Kakamega"}},{"type":"Feature","geometry":{"type":"Point","coordinates":[34.813136,0.543261]},"properties":{"id":"523288521","n":"Mbande UD 30","t":"udw","c":"Kakamega"}},{"type":"Feature","geometry":{"type":"Point","coordinates":[34.801493,0.517518]},"properties":{"id":"523309079","n":"LUVAMBO A PD 4","t":"pdw","c":"Kakamega"}},{"type":"Feature","geometry":{"type":"Point","coordinates":[34.795882,0.524767]},"properties":{"id":"523256858","n":"Lugusi PD 51","t":"pdw","c":"Kakamega"}},{"type":"Feature","geometry":{"type":"Point","coordinates":[34.820509,0.518666]},"properties":{"id":"523300939","n":"ST. MARTIN PD 34","t":"pdw","c":"Kakamega"}},{"type":"Feature","geometry":{"type":"Point","coordinates":[34.811628,0.510878]},"properties":{"id":"523198439","n":"TIMBITO A PD 5","t":"pdw","c":"Kakamega"}},{"type":"Feature","geometry":{"type":"Point","coordinates":[34.809299,0.477788]},"properties":{"id":"523307455","n":"MAKUU A PD 10","t":"pdw","c":"Kakamega"}},{"type":"Feature","geometry":{"type":"Point","coordinates":[34.798755,0.509185]},"properties":{"id":"523238038","n":"SHIKULU UD 21","t":"udw","c":"Kakamega"}},{"type":"Feature","geometry":{"type":"Point","coordinates":[34.849326,0.505007]},"properties":{"id":"523236294","n":"Chevaywa B PD 15","t":"udw","c":"Kakamega"}},{"type":"Feature","geometry":{"type":"Point","coordinates":[34.80712,0.475247]},"properties":{"id":"523231677","n":"SHIPALA PD 8","t":"pdw","c":"Kakamega"}},{"type":"Feature","geometry":{"type":"Point","coordinates":[34.804989,0.535772]},"properties":{"id":"523252270","n":"Lugusi UD 13","t":"udw","c":"Kakamega"}},{"type":"Feature","geometry":{"type":"Point","coordinates":[34.812823,0.522654]},"properties":{"id":"523336754","n":"MATSAKHA C PD 29","t":"pdw","c":"Kakamega"}},{"type":"Feature","geometry":{"type":"Point","coordinates":[34.826423,0.51054]},"properties":{"id":"523242998","n":"CHEBWAI B PD 10","t":"pdw","c":"Kakamega"}},{"type":"Feature","geometry":{"type":"Point","coordinates":[34.796757,0.531578]},"properties":{"id":"523194019","n":"Lugusi UD 33","t":"udw","c":"Kakamega"}},{"type":"Feature","geometry":{"type":"Point","coordinates":[34.812102,0.532615]},"properties":{"id":"523241966","n":"MATSAKHA B PD 2","t":"pdw","c":"Kakamega"}},{"type":"Feature","geometry":{"type":"Point","coordinates":[34.821542,0.485972]},"properties":{"id":"523275026","n":"MUYUNDI A PD 15","t":"pdw","c":"Kakamega"}},{"type":"Feature","geometry":{"type":"Point","coordinates":[34.870776,0.466538]},"properties":{"id":"523331821","n":"Shitirira Forest US 2","t":"us","c":"Kakamega"}},{"type":"Feature","geometry":{"type":"Point","coordinates":[34.795679,0.529012]},"properties":{"id":"523235080","n":"Lugusi UD 37","t":"udw","c":"Kakamega"}},{"type":"Feature","geometry":{"type":"Point","coordinates":[34.820579,0.518427]},"properties":{"id":"523261111","n":"ST. MARTIN PD 35","t":"pdw","c":"Kakamega"}},{"type":"Feature","geometry":{"type":"Point","coordinates":[34.822521,0.521688]},"properties":{"id":"523334343","n":"SHILONGO PD 25","t":"pdw","c":"Kakamega"}},{"type":"Feature","geometry":{"type":"Point","coordinates":[34.821583,0.519983]},"properties":{"id":"523206035","n":"ST. MARTIN PD 31","t":"pdw","c":"Kakamega"}},{"type":"Feature","geometry":{"type":"Point","coordinates":[34.816867,0.488456]},"properties":{"id":"523206846","n":"MUYUNDI A PD 4","t":"pdw","c":"Kakamega"}},{"type":"Feature","geometry":{"type":"Point","coordinates":[34.844904,0.495352]},"properties":{"id":"523349479","n":"Chevaywa B PD 19","t":"pdw","c":"Kakamega"}},{"type":"Feature","geometry":{"type":"Point","coordinates":[34.814223,0.538819]},"properties":{"id":"523284448","n":"SHARAMBATSA PD 37","t":"pdw","c":"Kakamega"}},{"type":"Feature","geometry":{"type":"Point","coordinates":[34.813213,0.534057]},"properties":{"id":"523226819","n":"MATSAKHA B PD 11","t":"pdw","c":"Kakamega"}},{"type":"Feature","geometry":{"type":"Point","coordinates":[34.815591,0.488649]},"properties":{"id":"523337030","n":"MUYUNDI A PD 2","t":"pdw","c":"Kakamega"}},{"type":"Feature","geometry":{"type":"Point","coordinates":[34.819304,0.468984]},"properties":{"id":"523278074","n":"Shisumi US 4","t":"us","c":"Kakamega"}},{"type":"Feature","geometry":{"type":"Point","coordinates":[34.784747,0.509109]},"properties":{"id":"523250065","n":"NAMUSHIYA A PD 2","t":"pdw","c":"Kakamega"}},{"type":"Feature","geometry":{"type":"Point","coordinates":[34.822405,0.533235]},"properties":{"id":"4322456","n":"Matsakha B Well Rehabilitation Project - 4528","t":"pdw","c":"Kakamega"}},{"type":"Feature","geometry":{"type":"Point","coordinates":[34.828179,0.510551]},"properties":{"id":"523237848","n":"LUTINYE PD 35","t":"pdw","c":"Kakamega"}},{"type":"Feature","geometry":{"type":"Point","coordinates":[34.798823,0.4868]},"properties":{"id":"523227559","n":"LWICHI PD 11","t":"pdw","c":"Kakamega"}},{"type":"Feature","geometry":{"type":"Point","coordinates":[34.785321,0.505722]},"properties":{"id":"523250151","n":"LUVAMBO DIP PD 7","t":"pdw","c":"Kakamega"}},{"type":"Feature","geometry":{"type":"Point","coordinates":[34.837281,0.509829]},"properties":{"id":"523242053","n":"Manyonje B PD 5","t":"pdw","c":"Kakamega"}},{"type":"Feature","geometry":{"type":"Point","coordinates":[34.813231,0.535024]},"properties":{"id":"523340315","n":"MATSAKHA B PD 10","t":"pdw","c":"Kakamega"}},{"type":"Feature","geometry":{"type":"Point","coordinates":[34.850386,0.480146]},"properties":{"id":"523237109","n":"Fukoye B PD 2","t":"pdw","c":"Kakamega"}},{"type":"Feature","geometry":{"type":"Point","coordinates":[34.812865,0.523097]},"properties":{"id":"523194916","n":"MATSAKHA C UD 28","t":"udw","c":"Kakamega"}},{"type":"Feature","geometry":{"type":"Point","coordinates":[34.813122,0.527426]},"properties":{"id":"523287654","n":"MATSAKHA C PD 41","t":"pdw","c":"Kakamega"}},{"type":"Feature","geometry":{"type":"Point","coordinates":[34.788903,0.505396]},"properties":{"id":"523198831","n":"LUVAMBO DIP PD 14","t":"pdw","c":"Kakamega"}},{"type":"Feature","geometry":{"type":"Point","coordinates":[34.811884,0.479169]},"properties":{"id":"523337913","n":"MAKUU A PD 9","t":"pdw","c":"Kakamega"}},{"type":"Feature","geometry":{"type":"Point","coordinates":[34.779751,0.51746]},"properties":{"id":"523248712","n":"MUTUA PS 3","t":"ps","c":"Kakamega"}},{"type":"Feature","geometry":{"type":"Point","coordinates":[34.765347,0.504578]},"properties":{"id":"523193159","n":"SHIVAGALA B PD 5","t":"pdw","c":"Kakamega"}},{"type":"Feature","geometry":{"type":"Point","coordinates":[34.842069,0.456616]},"properties":{"id":"403751954","n":"Makhwabuye Community, Mwenesi Spring - 22069","t":"ps","c":"Kakamega"}},{"type":"Feature","geometry":{"type":"Point","coordinates":[34.827793,0.515967]},"properties":{"id":"523244361","n":"LUTINYE PD 27","t":"pdw","c":"Kakamega"}},{"type":"Feature","geometry":{"type":"Point","coordinates":[34.78436,0.50681]},"properties":{"id":"523240312","n":"LUVAMBO DIP PD 8","t":"pdw","c":"Kakamega"}},{"type":"Feature","geometry":{"type":"Point","coordinates":[34.809741,0.497646]},"properties":{"id":"523243865","n":"MUYUNDI B PD 6","t":"pdw","c":"Kakamega"}},{"type":"Feature","geometry":{"type":"Point","coordinates":[34.824143,0.522023]},"properties":{"id":"523221319","n":"LUYESHE PD 6","t":"pdw","c":"Kakamega"}},{"type":"Feature","geometry":{"type":"Point","coordinates":[34.807128,0.537151]},"properties":{"id":"523334161","n":"Lugusi PD 4","t":"pdw","c":"Kakamega"}},{"type":"Feature","geometry":{"type":"Point","coordinates":[34.832609,0.51921]},"properties":{"id":"523285126","n":"LUTINYE US 18","t":"us","c":"Kakamega"}},{"type":"Feature","geometry":{"type":"Point","coordinates":[34.79503,0.510585]},"properties":{"id":"523280035","n":"LUVAMBO PD 5","t":"pdw","c":"Kakamega"}},{"type":"Feature","geometry":{"type":"Point","coordinates":[34.813997,0.495213]},"properties":{"id":"523264509","n":"MUYUNDI B PD 8","t":"pdw","c":"Kakamega"}},{"type":"Feature","geometry":{"type":"Point","coordinates":[34.833865,0.476253]},"properties":{"id":"523240329","n":"Lunyironi PD 6","t":"pdw","c":"Kakamega"}},{"type":"Feature","geometry":{"type":"Point","coordinates":[34.844311,0.503322]},"properties":{"id":"523225791","n":"Chevaywa B PD 2","t":"pdw","c":"Kakamega"}},{"type":"Feature","geometry":{"type":"Point","coordinates":[34.849116,0.503636]},"properties":{"id":"523211790","n":"Cheptuli B PD 11","t":"pdw","c":"Kakamega"}},{"type":"Feature","geometry":{"type":"Point","coordinates":[34.810666,0.4683]},"properties":{"id":"523215660","n":"Shipala East PS 17","t":"ps","c":"Kakamega"}},{"type":"Feature","geometry":{"type":"Point","coordinates":[34.850731,0.490939]},"properties":{"id":"523196255","n":"Tande B PD 8","t":"pdw","c":"Kakamega"}},{"type":"Feature","geometry":{"type":"Point","coordinates":[34.768026,0.50684]},"properties":{"id":"523318790","n":"VUYANZI PD 6","t":"pdw","c":"Kakamega"}},{"type":"Feature","geometry":{"type":"Point","coordinates":[34.863617,0.48136]},"properties":{"id":"523340913","n":"Mukavakava PS 3","t":"ps","c":"Kakamega"}},{"type":"Feature","geometry":{"type":"Point","coordinates":[34.827926,0.5275]},"properties":{"id":"523193214","n":"LUYESHE PD 16","t":"pdw","c":"Kakamega"}},{"type":"Feature","geometry":{"type":"Point","coordinates":[34.79705,0.476081]},"properties":{"id":"523213792","n":"LWICHI PD 5","t":"pdw","c":"Kakamega"}},{"type":"Feature","geometry":{"type":"Point","coordinates":[34.768066,0.518316]},"properties":{"id":"523281847","n":"MWIYALA US 8","t":"us","c":"Kakamega"}},{"type":"Feature","geometry":{"type":"Point","coordinates":[34.846067,0.488116]},"properties":{"id":"523212698","n":"Tande A PS 2","t":"ps","c":"Kakamega"}},{"type":"Feature","geometry":{"type":"Point","coordinates":[34.795439,0.502944]},"properties":{"id":"3506420","n":"Makale, Peter Indeche Spring - 4573","t":"ps","c":"Kakamega"}},{"type":"Feature","geometry":{"type":"Point","coordinates":[34.777637,0.522532]},"properties":{"id":"523222781","n":"MUTUA PD 5","t":"pdw","c":"Kakamega"}},{"type":"Feature","geometry":{"type":"Point","coordinates":[34.842775,0.455683]},"properties":{"id":"523326812","n":"Makwabuye PS 5","t":"ps","c":"Kakamega"}},{"type":"Feature","geometry":{"type":"Point","coordinates":[34.803111,0.526681]},"properties":{"id":"523234340","n":"MATSAKHA A UD 5","t":"udw","c":"Kakamega"}},{"type":"Feature","geometry":{"type":"Point","coordinates":[34.76391,0.502674]},"properties":{"id":"523327428","n":"SHIVAGALA B US 3","t":"us","c":"Kakamega"}},{"type":"Feature","geometry":{"type":"Point","coordinates":[34.804708,0.479991]},"properties":{"id":"523259789","n":"MAKUU B PD 4","t":"pdw","c":"Kakamega"}},{"type":"Feature","geometry":{"type":"Point","coordinates":[34.844849,0.47192]},"properties":{"id":"523268187","n":"Cereal Board PD 6","t":"pdw","c":"Kakamega"}},{"type":"Feature","geometry":{"type":"Point","coordinates":[34.811487,0.480904]},"properties":{"id":"523341141","n":"MAKUU A PD 4","t":"pdw","c":"Kakamega"}},{"type":"Feature","geometry":{"type":"Point","coordinates":[34.816632,0.53297]},"properties":{"id":"523314208","n":"MATSAKHA B PD 17","t":"pdw","c":"Kakamega"}},{"type":"Feature","geometry":{"type":"Point","coordinates":[34.774704,0.503163]},"properties":{"id":"523260189","n":"MUKAKAWAYI PD 7","t":"pdw","c":"Kakamega"}},{"type":"Feature","geometry":{"type":"Point","coordinates":[34.813584,0.526642]},"properties":{"id":"523203056","n":"MATSAKHA C PD 5","t":"pdw","c":"Kakamega"}},{"type":"Feature","geometry":{"type":"Point","coordinates":[34.797024,0.531036]},"properties":{"id":"523331670","n":"Lugusi PD 34","t":"pdw","c":"Kakamega"}},{"type":"Feature","geometry":{"type":"Point","coordinates":[34.761323,0.50661]},"properties":{"id":"4161615","n":"Shivagala, Paul Chengoli Spring - 4848","t":"ps","c":"Kakamega"}},{"type":"Feature","geometry":{"type":"Point","coordinates":[34.815076,0.53738]},"properties":{"id":"523340229","n":"SHARAMBATSA UD 8","t":"udw","c":"Kakamega"}},{"type":"Feature","geometry":{"type":"Point","coordinates":[34.767877,0.501635]},"properties":{"id":"523241430","n":"VUYANZI PD 12","t":"pdw","c":"Kakamega"}}]}