{"type":"FeatureCollection","features":[{"type":"Feature","geometry":{"type":"Point","coordinates":[34.657462,0.126145]},"properties":{"id":"28670061","n":"Eshitsimi Water Spring No 944","t":"ps","c":"Vihiga"}},{"type":"Feature","geometry":{"type":"Point","coordinates":[34.67427,0.130783]},"properties":{"id":"13921631","n":"Ebusashe Water Spring","t":"ps","c":"Vihiga"}},{"type":"Feature","geometry":{"type":"Point","coordinates":[34.655613,0.125306]},"properties":{"id":"26456979","n":"Mmbihilo Water Spring","t":"ps","c":"Vihiga"}},{"type":"Feature","geometry":{"type":"Point","coordinates":[34.64874,0.096333]},"properties":{"id":"13921590","n":"Elusella Water Spring","t":"ps","c":"Vihiga"}},{"type":"Feature","geometry":{"type":"Point","coordinates":[34.645177,0.108562]},"properties":{"id":"15832078","n":"Afune Water Spring","t":"ps","c":"Vihiga"}},{"type":"Feature","geometry":{"type":"Point","coordinates":[34.567928,0.0604]},"properties":{"id":"15998567","n":"Ebukulima Water Spring No 353","t":"ps","c":"Vihiga"}},{"type":"Feature","geometry":{"type":"Point","coordinates":[34.590938,0.081613]},"properties":{"id":"28669984","n":"Womulama Water Spring No 509","t":"ps","c":"Vihiga"}},{"type":"Feature","geometry":{"type":"Point","coordinates":[34.57423,0.07474]},"properties":{"id":"6779610","n":"Olwochi water spring","t":"ps","c":"Vihiga"}},{"type":"Feature","geometry":{"type":"Point","coordinates":[34.576044,0.046803]},"properties":{"id":"22358998","n":"Musielo Water Spring","t":"ps","c":"Vihiga"}},{"type":"Feature","geometry":{"type":"Point","coordinates":[34.591426,0.110398]},"properties":{"id":"46921374","n":"Esingo Water Spring No 378","t":"ps","c":"Vihiga"}},{"type":"Feature","geometry":{"type":"Point","coordinates":[34.58299,0.058633]},"properties":{"id":"11533265","n":"Emmateya Water Spring No 519","t":"ps","c":"Vihiga"}},{"type":"Feature","geometry":{"type":"Point","coordinates":[34.594995,0.081733]},"properties":{"id":"46921408","n":"Khubusinuli Water Spring No264","t":"ps","c":"Vihiga"}},{"type":"Feature","geometry":{"type":"Point","coordinates":[34.58404,0.080197]},"properties":{"id":"46921264","n":"Ang'ana Water Spring No 428","t":"ps","c":"Vihiga"}},{"type":"Feature","geometry":{"type":"Point","coordinates":[34.579812,0.065573]},"properties":{"id":"46921295","n":"Ndombo Water Spring No 269","t":"ps","c":"Vihiga"}},{"type":"Feature","geometry":{"type":"Point","coordinates":[34.584322,0.068918]},"properties":{"id":"9825796","n":"Imende water spring","t":"ps","c":"Vihiga"}},{"type":"Feature","geometry":{"type":"Point","coordinates":[34.570879,0.079993]},"properties":{"id":"3750834","n":"Ebuyalu Primary School Borehole - 4163","t":"bh","c":"Vihiga"}},{"type":"Feature","geometry":{"type":"Point","coordinates":[34.585342,0.107638]},"properties":{"id":"9370519","n":"Mulufuri Water Spring No 393","t":"ps","c":"Vihiga"}},{"type":"Feature","geometry":{"type":"Point","coordinates":[34.599789,0.099498]},"properties":{"id":"40211","n":"Murichile Water Spring No 467","t":"ps","c":"Vihiga"}},{"type":"Feature","geometry":{"type":"Point","coordinates":[34.565051,0.07421]},"properties":{"id":"15007573","n":"Emwanya, Josam Kutsuru Spring - 18103","t":"ps","c":"Vihiga"}},{"type":"Feature","geometry":{"type":"Point","coordinates":[34.583636,0.056093]},"properties":{"id":"11533258","n":"Ikokwa Water Spring No 499","t":"ps","c":"Vihiga"}},{"type":"Feature","geometry":{"type":"Point","coordinates":[34.587175,0.086622]},"properties":{"id":"15055129","n":"Aura Water Spring","t":"ps","c":"Vihiga"}},{"type":"Feature","geometry":{"type":"Point","coordinates":[34.579593,0.052677]},"properties":{"id":"11532817","n":"Kufwafwa Water Spring No 668","t":"ps","c":"Vihiga"}},{"type":"Feature","geometry":{"type":"Point","coordinates":[34.572797,0.084148]},"properties":{"id":"9393499","n":"Njonje water spring","t":"ps","c":"Vihiga"}},{"type":"Feature","geometry":{"type":"Point","coordinates":[34.58622,0.107807]},"properties":{"id":"46921439","n":"Esiamatet Water Spring No 405","t":"ps","c":"Vihiga"}},{"type":"Feature","geometry":{"type":"Point","coordinates":[34.569177,0.097482]},"properties":{"id":"14156500","n":"Mwibubu Water Spring","t":"ps","c":"Vihiga"}},{"type":"Feature","geometry":{"type":"Point","coordinates":[34.597282,0.101692]},"properties":{"id":"15055181","n":"Wolukhanya Water Spring","t":"ps","c":"Vihiga"}},{"type":"Feature","geometry":{"type":"Point","coordinates":[34.601174,0.109652]},"properties":{"id":"46921350","n":"Omwakwe Water Spring No 440","t":"ps","c":"Vihiga"}},{"type":"Feature","geometry":{"type":"Point","coordinates":[34.594723,0.117117]},"properties":{"id":"9370595","n":"Mulule Water Spring No 384","t":"ps","c":"Vihiga"}},{"type":"Feature","geometry":{"type":"Point","coordinates":[34.602562,0.114117]},"properties":{"id":"9370612","n":"Owazakayo Water Spring No 425","t":"ps","c":"Vihiga"}},{"type":"Feature","geometry":{"type":"Point","coordinates":[34.586473,0.085297]},"properties":{"id":"15055150","n":"Assasia Water Spring","t":"ps","c":"Vihiga"}},{"type":"Feature","geometry":{"type":"Point","coordinates":[34.581498,0.093912]},"properties":{"id":"46921312","n":"Anangwe Water Spring No 356","t":"ps","c":"Vihiga"}},{"type":"Feature","geometry":{"type":"Point","coordinates":[34.576588,0.065677]},"properties":{"id":"6617723","n":"Olala Water Spring No 344","t":"ps","c":"Vihiga"}},{"type":"Feature","geometry":{"type":"Point","coordinates":[34.588149,0.082903]},"properties":{"id":"46921446","n":"Okonji Water Spring No 263","t":"ps","c":"Vihiga"}},{"type":"Feature","geometry":{"type":"Point","coordinates":[34.570556,0.089786]},"properties":{"id":"9369913","n":"Munyenyi Water Spring No 534","t":"ps","c":"Vihiga"}},{"type":"Feature","geometry":{"type":"Point","coordinates":[34.567645,0.076978]},"properties":{"id":"11532721","n":"Emmwaya Water Spring No 309","t":"ps","c":"Vihiga"}},{"type":"Feature","geometry":{"type":"Point","coordinates":[34.603618,0.122482]},"properties":{"id":"9370643","n":"Mulwebo Water Spring No 434","t":"ps","c":"Vihiga"}},{"type":"Feature","geometry":{"type":"Point","coordinates":[34.569116,0.059985]},"properties":{"id":"6776071","n":"Ebusioya Water Spring No 354","t":"ps","c":"Vihiga"}},{"type":"Feature","geometry":{"type":"Point","coordinates":[34.604015,0.103182]},"properties":{"id":"9370708","n":"Musaanda Water Spring No 510","t":"ps","c":"Vihiga"}},{"type":"Feature","geometry":{"type":"Point","coordinates":[34.568545,0.077475]},"properties":{"id":"13797795","n":"Wajacob water spring","t":"ps","c":"Vihiga"}},{"type":"Feature","geometry":{"type":"Point","coordinates":[34.585373,0.105573]},"properties":{"id":"9370492","n":"Eshitsimi Water Spring No 407","t":"ps","c":"Vihiga"}},{"type":"Feature","geometry":{"type":"Point","coordinates":[34.581243,0.103867]},"properties":{"id":"9370485","n":"Ematete Water Spring No 382","t":"ps","c":"Vihiga"}},{"type":"Feature","geometry":{"type":"Point","coordinates":[34.578326,0.068898]},"properties":{"id":"46921305","n":"Mwinywelo Water Spring No 270","t":"ps","c":"Vihiga"}},{"type":"Feature","geometry":{"type":"Point","coordinates":[34.5992,0.09427]},"properties":{"id":"8514509","n":"Shikhuyu, Andebe Spring - 4715","t":"ps","c":"Vihiga"}},{"type":"Feature","geometry":{"type":"Point","coordinates":[34.580895,0.04766]},"properties":{"id":"22359009","n":"Tiang'a Water Spring","t":"ps","c":"Vihiga"}},{"type":"Feature","geometry":{"type":"Point","coordinates":[34.568985,0.082408]},"properties":{"id":"11532714","n":"Makutsa Water Spring No 591","t":"ps","c":"Vihiga"}},{"type":"Feature","geometry":{"type":"Point","coordinates":[34.587388,0.071482]},"properties":{"id":"15998488","n":"Mutiko Water Spring No 355","t":"ps","c":"Vihiga"}},{"type":"Feature","geometry":{"type":"Point","coordinates":[34.578945,0.077932]},"properties":{"id":"6777670","n":"Emusoli water spring","t":"ps","c":"Vihiga"}},{"type":"Feature","geometry":{"type":"Point","coordinates":[34.600937,0.108252]},"properties":{"id":"46921367","n":"Akuya Water Spring No 446","t":"ps","c":"Vihiga"}},{"type":"Feature","geometry":{"type":"Point","coordinates":[34.56458,0.078748]},"properties":{"id":"7253290","n":"Ematungu Water Spring","t":"ps","c":"Vihiga"}},{"type":"Feature","geometry":{"type":"Point","coordinates":[34.575767,0.048432]},"properties":{"id":"11532800","n":"Musihello Water Spring No 681","t":"ps","c":"Vihiga"}},{"type":"Feature","geometry":{"type":"Point","coordinates":[34.58925,0.048608]},"properties":{"id":"28669960","n":"HAMATIKA Water Spring No 246","t":"ps","c":"Vihiga"}},{"type":"Feature","geometry":{"type":"Point","coordinates":[34.573901,0.071406]},"properties":{"id":"46921288","n":"Musumba Water Spring No 247","t":"ps","c":"Vihiga"}},{"type":"Feature","geometry":{"type":"Point","coordinates":[34.602333,0.112723]},"properties":{"id":"9370629","n":"Oweinzala Water Spring No 424","t":"ps","c":"Vihiga"}},{"type":"Feature","geometry":{"type":"Point","coordinates":[34.56981,0.073597]},"properties":{"id":"6765891","n":"Okwacha water spring","t":"ps","c":"Vihiga"}},{"type":"Feature","geometry":{"type":"Point","coordinates":[34.583915,0.064762]},"properties":{"id":"9541780","n":"Ekasala water spring","t":"ps","c":"Vihiga"}},{"type":"Feature","geometry":{"type":"Point","coordinates":[34.592218,0.10777]},"properties":{"id":"9370571","n":"Okwemba Water Spring No 427","t":"ps","c":"Vihiga"}},{"type":"Feature","geometry":{"type":"Point","coordinates":[34.590094,0.079809]},"properties":{"id":"17719764","n":"Andeuwa Water Spring","t":"ps","c":"Vihiga"}},{"type":"Feature","geometry":{"type":"Point","coordinates":[34.571445,0.053793]},"properties":{"id":"15998543","n":"Musihela Water Spring No 338","t":"ps","c":"Vihiga"}},{"type":"Feature","geometry":{"type":"Point","coordinates":[34.588442,0.068188]},"properties":{"id":"6617699","n":"Okonji Water Spring No 194","t":"ps","c":"Vihiga"}},{"type":"Feature","geometry":{"type":"Point","coordinates":[34.568448,0.099165]},"properties":{"id":"14210468","n":"Aburu Water Spring","t":"ps","c":"Vihiga"}},{"type":"Feature","geometry":{"type":"Point","coordinates":[34.56719,0.056953]},"properties":{"id":"22358981","n":"Mulwakari Water Spring","t":"ps","c":"Vihiga"}},{"type":"Feature","geometry":{"type":"Point","coordinates":[34.578843,0.040013]},"properties":{"id":"6661227","n":"Okonji Water Spring No 693","t":"ps","c":"Vihiga"}},{"type":"Feature","geometry":{"type":"Point","coordinates":[34.589777,0.1175]},"properties":{"id":"9370588","n":"Mushirechi Water Spring No 415","t":"ps","c":"Vihiga"}},{"type":"Feature","geometry":{"type":"Point","coordinates":[34.587575,0.082713]},"properties":{"id":"15055143","n":"Esau Water Spring","t":"ps","c":"Vihiga"}},{"type":"Feature","geometry":{"type":"Point","coordinates":[34.559587,0.074703]},"properties":{"id":"11532738","n":"Mwitabalia Water Spring No 572","t":"ps","c":"Vihiga"}},{"type":"Feature","geometry":{"type":"Point","coordinates":[34.588545,0.09861]},"properties":{"id":"46921381","n":"Mukangu Water Spring No397","t":"ps","c":"Vihiga"}},{"type":"Feature","geometry":{"type":"Point","coordinates":[34.56825,0.08492]},"properties":{"id":"3750841","n":"Ark of Orphans Borehole Well - 406","t":"bh","c":"Vihiga"}},{"type":"Feature","geometry":{"type":"Point","coordinates":[34.57215,0.08661]},"properties":{"id":"7253300","n":"Munala water spring","t":"ps","c":"Vihiga"}},{"type":"Feature","geometry":{"type":"Point","coordinates":[34.570727,0.075463]},"properties":{"id":"13062080","n":"Mwimonyelo water spring","t":"ps","c":"Vihiga"}},{"type":"Feature","geometry":{"type":"Point","coordinates":[34.57244,0.056415]},"properties":{"id":"15998550","n":"Etole Water Spring No 337","t":"ps","c":"Vihiga"}},{"type":"Feature","geometry":{"type":"Point","coordinates":[34.560832,0.092805]},"properties":{"id":"15055215","n":"Eshitimba Water Spring","t":"ps","c":"Vihiga"}},{"type":"Feature","geometry":{"type":"Point","coordinates":[34.56685,0.082452]},"properties":{"id":"15998529","n":"Andiba Water Spring No 546","t":"ps","c":"Vihiga"}},{"type":"Feature","geometry":{"type":"Point","coordinates":[34.58829,0.08301]},"properties":{"id":"15055136","n":"Okonji Water Spring","t":"ps","c":"Vihiga"}},{"type":"Feature","geometry":{"type":"Point","coordinates":[34.606002,0.114884]},"properties":{"id":"9370681","n":"Mwiyabo Water Spring No 471","t":"ps","c":"Vihiga"}},{"type":"Feature","geometry":{"type":"Point","coordinates":[34.570028,0.079363]},"properties":{"id":"8514602","n":"Anyanda water spring","t":"ps","c":"Vihiga"}},{"type":"Feature","geometry":{"type":"Point","coordinates":[34.58497,0.066505]},"properties":{"id":"6617709","n":"Otengo Water Spring No 380","t":"ps","c":"Vihiga"}},{"type":"Feature","geometry":{"type":"Point","coordinates":[34.601952,0.112772]},"properties":{"id":"9370636","n":"Ateyu Water Spring No 381","t":"ps","c":"Vihiga"}},{"type":"Feature","geometry":{"type":"Point","coordinates":[34.573533,0.072935]},"properties":{"id":"27315174","n":"Omuchele Water Spring No 248","t":"ps","c":"Vihiga"}},{"type":"Feature","geometry":{"type":"Point","coordinates":[34.57809,0.099555]},"properties":{"id":"9369951","n":"Ashitukha Water Spring No 363","t":"ps","c":"Vihiga"}},{"type":"Feature","geometry":{"type":"Point","coordinates":[34.575875,0.080343]},"properties":{"id":"11532707","n":"Induswe Water Spring No 450","t":"ps","c":"Vihiga"}},{"type":"Feature","geometry":{"type":"Point","coordinates":[34.560185,0.064463]},"properties":{"id":"11532745","n":"Etole Water Spring No 665","t":"ps","c":"Vihiga"}},{"type":"Feature","geometry":{"type":"Point","coordinates":[34.575162,0.062766]},"properties":{"id":"6617747","n":"Ikali B Water Spring No 343","t":"ps","c":"Vihiga"}},{"type":"Feature","geometry":{"type":"Point","coordinates":[34.56128,0.074622]},"properties":{"id":"14156490","n":"Mulwokho water spring","t":"ps","c":"Vihiga"}},{"type":"Feature","geometry":{"type":"Point","coordinates":[34.56011,0.065293]},"properties":{"id":"11532752","n":"Ebole Water Spring No 567","t":"ps","c":"Vihiga"}},{"type":"Feature","geometry":{"type":"Point","coordinates":[34.568147,0.058808]},"properties":{"id":"6776064","n":"Amara Water Spring No 339","t":"ps","c":"Vihiga"}},{"type":"Feature","geometry":{"type":"Point","coordinates":[34.578678,0.10124]},"properties":{"id":"9370461","n":"Omukhombe Water Spring No 364","t":"ps","c":"Vihiga"}},{"type":"Feature","geometry":{"type":"Point","coordinates":[34.571993,0.093213]},"properties":{"id":"9369937","n":"Joshua Water Spring No 533","t":"ps","c":"Vihiga"}},{"type":"Feature","geometry":{"type":"Point","coordinates":[34.586086,0.09124]},"properties":{"id":"46921398","n":"Elucheo Water Spring No","t":"ps","c":"Vihiga"}},{"type":"Feature","geometry":{"type":"Point","coordinates":[34.566523,0.095752]},"properties":{"id":"14846346","n":"Kwaali Water Spring","t":"ps","c":"Vihiga"}},{"type":"Feature","geometry":{"type":"Point","coordinates":[34.584069,0.067065]},"properties":{"id":"6617716","n":"Esiambili Water Spring No 470","t":"ps","c":"Vihiga"}},{"type":"Feature","geometry":{"type":"Point","coordinates":[34.574982,0.070377]},"properties":{"id":"1063800","n":"Watetwe water spring","t":"ps","c":"Vihiga"}},{"type":"Feature","geometry":{"type":"Point","coordinates":[34.588125,0.10319]},"properties":{"id":"15055167","n":"Omukatu Water Spring","t":"ps","c":"Vihiga"}},{"type":"Feature","geometry":{"type":"Point","coordinates":[34.59314,0.084172]},"properties":{"id":"15055198","n":"Wandayi Water Spring","t":"ps","c":"Vihiga"}},{"type":"Feature","geometry":{"type":"Point","coordinates":[34.568712,0.09635]},"properties":{"id":"14846339","n":"O Water Spring","t":"ps","c":"Vihiga"}},{"type":"Feature","geometry":{"type":"Point","coordinates":[34.603887,0.118628]},"properties":{"id":"9370650","n":"Akorongo Water Spring No 477","t":"ps","c":"Vihiga"}},{"type":"Feature","geometry":{"type":"Point","coordinates":[34.573478,0.062045]},"properties":{"id":"6617730","n":"Ikali A Water Spring No 340","t":"ps","c":"Vihiga"}},{"type":"Feature","geometry":{"type":"Point","coordinates":[34.602365,0.114303]},"properties":{"id":"9370605","n":"Munala Water Spring No 399","t":"ps","c":"Vihiga"}},{"type":"Feature","geometry":{"type":"Point","coordinates":[34.582985,0.077913]},"properties":{"id":"15998512","n":"Okambo Water Spring No 240","t":"ps","c":"Vihiga"}},{"type":"Feature","geometry":{"type":"Point","coordinates":[34.58627,0.110567]},"properties":{"id":"9370540","n":"Swachi Water Spring No 422","t":"ps","c":"Vihiga"}},{"type":"Feature","geometry":{"type":"Point","coordinates":[34.58039,0.050796]},"properties":{"id":"3750872","n":"Decommissioned 2016 - Ipali Health Center","t":"bh","c":"Vihiga"}},{"type":"Feature","geometry":{"type":"Point","coordinates":[34.578463,0.093687]},"properties":{"id":"9752674","n":"Mwiyala water spring","t":"ps","c":"Vihiga"}},{"type":"Feature","geometry":{"type":"Point","coordinates":[34.579118,0.073167]},"properties":{"id":"6617754","n":"Mulukangu Water Spring No 617","t":"ps","c":"Vihiga"}},{"type":"Feature","geometry":{"type":"Point","coordinates":[34.578465,0.093703]},"properties":{"id":"9660748","n":"Mwiyala water spring","t":"ps","c":"Vihiga"}},{"type":"Feature","geometry":{"type":"Point","coordinates":[34.587728,0.084875]},"properties":{"id":"15055112","n":"Emakunda Water Spring","t":"ps","c":"Vihiga"}},{"type":"Feature","geometry":{"type":"Point","coordinates":[34.591745,0.09924]},"properties":{"id":"15055174","n":"Mushikulu Water Spring","t":"ps","c":"Vihiga"}},{"type":"Feature","geometry":{"type":"Point","coordinates":[34.575827,0.096423]},"properties":{"id":"9369944","n":"Emakale Water Spring No 362","t":"ps","c":"Vihiga"}},{"type":"Feature","geometry":{"type":"Point","coordinates":[34.80091,0.075096]},"properties":{"id":"523234924","n":"Bukhuvera PS 6","t":"ps","c":"Vihiga"}},{"type":"Feature","geometry":{"type":"Point","coordinates":[34.845254,0.079835]},"properties":{"id":"523346665","n":"Vachisinde US Meshack Achanga","t":"us","c":"Vihiga"}},{"type":"Feature","geometry":{"type":"Point","coordinates":[34.837975,0.039387]},"properties":{"id":"561115467","n":"Mugadia Water Spring No 1887","t":"ps","c":"Vihiga"}},{"type":"Feature","geometry":{"type":"Point","coordinates":[34.834168,0.077827]},"properties":{"id":"523331539","n":"Kabinjari US 2","t":"us","c":"Vihiga"}},{"type":"Feature","geometry":{"type":"Point","coordinates":[34.833917,0.079917]},"properties":{"id":"523284974","n":"Vamalava US Christopher Shanyala","t":"us","c":"Vihiga"}},{"type":"Feature","geometry":{"type":"Point","coordinates":[34.823344,0.073006]},"properties":{"id":"523212186","n":"Jepturei PS 2","t":"ps","c":"Vihiga"}},{"type":"Feature","geometry":{"type":"Point","coordinates":[34.817933,0.060599]},"properties":{"id":"523319959","n":"Musasa US 2","t":"us","c":"Vihiga"}},{"type":"Feature","geometry":{"type":"Point","coordinates":[34.830936,0.07498]},"properties":{"id":"523226091","n":"Kapkemei US 3","t":"us","c":"Vihiga"}},{"type":"Feature","geometry":{"type":"Point","coordinates":[34.840238,0.073783]},"properties":{"id":"523206279","n":"Chepsirion US","t":"us","c":"Vihiga"}},{"type":"Feature","geometry":{"type":"Point","coordinates":[34.844355,0.070664]},"properties":{"id":"523203771","n":"Kapsang'anyi PWS 2","t":"pdw","c":"Vihiga"}},{"type":"Feature","geometry":{"type":"Point","coordinates":[34.846787,0.080507]},"properties":{"id":"523254210","n":"Vasamia PD David Ahiro","t":"pdw","c":"Vihiga"}},{"type":"Feature","geometry":{"type":"Point","coordinates":[34.826304,0.055604]},"properties":{"id":"523320782","n":"Itovo A US","t":"us","c":"Vihiga"}},{"type":"Feature","geometry":{"type":"Point","coordinates":[34.830312,0.057678]},"properties":{"id":"523347271","n":"Itovo B PS 1","t":"ps","c":"Vihiga"}},{"type":"Feature","geometry":{"type":"Point","coordinates":[34.80311,0.050204]},"properties":{"id":"523276663","n":"Gambaragai PS 2","t":"ps","c":"Vihiga"}},{"type":"Feature","geometry":{"type":"Point","coordinates":[34.817102,0.076811]},"properties":{"id":"523196877","n":"Jiveywa PS 2","t":"ps","c":"Vihiga"}},{"type":"Feature","geometry":{"type":"Point","coordinates":[34.828407,0.047967]},"properties":{"id":"523220590","n":"Mugumu PS 1","t":"ps","c":"Vihiga"}},{"type":"Feature","geometry":{"type":"Point","coordinates":[34.845515,0.077851]},"properties":{"id":"523268723","n":"Kamulongon PS 3","t":"ps","c":"Vihiga"}},{"type":"Feature","geometry":{"type":"Point","coordinates":[34.836364,0.051696]},"properties":{"id":"523193427","n":"Givudavagi PD 1","t":"pdw","c":"Vihiga"}},{"type":"Feature","geometry":{"type":"Point","coordinates":[34.828076,0.035994]},"properties":{"id":"523230085","n":"Banja township PD 1","t":"pdw","c":"Vihiga"}},{"type":"Feature","geometry":{"type":"Point","coordinates":[34.805665,0.078696]},"properties":{"id":"523329372","n":"Vikhava PS Ombwanga","t":"ps","c":"Vihiga"}},{"type":"Feature","geometry":{"type":"Point","coordinates":[34.806352,0.075054]},"properties":{"id":"523267313","n":"Wamasatsa US Wamahira","t":"us","c":"Vihiga"}},{"type":"Feature","geometry":{"type":"Point","coordinates":[34.832747,0.069315]},"properties":{"id":"523245836","n":"Kimarani PS 2","t":"ps","c":"Vihiga"}},{"type":"Feature","geometry":{"type":"Point","coordinates":[34.829755,0.058484]},"properties":{"id":"523256360","n":"Itovo B US 1","t":"us","c":"Vihiga"}},{"type":"Feature","geometry":{"type":"Point","coordinates":[34.820143,0.057162]},"properties":{"id":"561114882","n":"Mwale Water Spring No 1848","t":"ps","c":"Vihiga"}},{"type":"Feature","geometry":{"type":"Point","coordinates":[34.814453,0.078433]},"properties":{"id":"523255819","n":"Vamang'ali US Ngoye","t":"us","c":"Vihiga"}},{"type":"Feature","geometry":{"type":"Point","coordinates":[34.829207,0.040413]},"properties":{"id":"561115168","n":"Ali Water Spring No 1865","t":"ps","c":"Vihiga"}},{"type":"Feature","geometry":{"type":"Point","coordinates":[34.849166,0.078067]},"properties":{"id":"523205742","n":"Kamulongon B US 2","t":"us","c":"Vihiga"}},{"type":"Feature","geometry":{"type":"Point","coordinates":[34.809356,0.075116]},"properties":{"id":"523334226","n":"Chepsuswa US 1","t":"us","c":"Vihiga"}},{"type":"Feature","geometry":{"type":"Point","coordinates":[34.817402,0.058208]},"properties":{"id":"561115058","n":"Gamuren Water Spring No  1869","t":"ps","c":"Vihiga"}},{"type":"Feature","geometry":{"type":"Point","coordinates":[34.807324,0.063611]},"properties":{"id":"523193915","n":"Musengeli PS 2","t":"ps","c":"Vihiga"}},{"type":"Feature","geometry":{"type":"Point","coordinates":[34.802179,0.052222]},"properties":{"id":"523209007","n":"Gambaragai PS 3","t":"ps","c":"Vihiga"}},{"type":"Feature","geometry":{"type":"Point","coordinates":[34.810971,0.063424]},"properties":{"id":"523198549","n":"Gamuren us","t":"us","c":"Vihiga"}},{"type":"Feature","geometry":{"type":"Point","coordinates":[34.840391,0.068985]},"properties":{"id":"523288868","n":"Kamadoi A PS 1","t":"ps","c":"Vihiga"}},{"type":"Feature","geometry":{"type":"Point","coordinates":[34.818897,0.073109]},"properties":{"id":"523225928","n":"Jepturei PS 1","t":"ps","c":"Vihiga"}},{"type":"Feature","geometry":{"type":"Point","coordinates":[34.801107,0.056653]},"properties":{"id":"523251619","n":"Musembe US 1","t":"us","c":"Vihiga"}},{"type":"Feature","geometry":{"type":"Point","coordinates":[34.797977,0.063734]},"properties":{"id":"523339489","n":"Kipsien PS","t":"ps","c":"Vihiga"}},{"type":"Feature","geometry":{"type":"Point","coordinates":[34.833231,0.076045]},"properties":{"id":"679035253","n":"Kabinjari Community, Gladys Musimbi Spring - 410010","t":"ps","c":"Vihiga"}},{"type":"Feature","geometry":{"type":"Point","coordinates":[34.799408,0.051194]},"properties":{"id":"523320184","n":"Mutiva PS","t":"ps","c":"Vihiga"}},{"type":"Feature","geometry":{"type":"Point","coordinates":[34.829892,0.062853]},"properties":{"id":"561114332","n":"Timona Water Spring No 1804","t":"ps","c":"Vihiga"}},{"type":"Feature","geometry":{"type":"Point","coordinates":[34.815872,0.082879]},"properties":{"id":"523238571","n":"Vasaina PS Titi","t":"ps","c":"Vihiga"}},{"type":"Feature","geometry":{"type":"Point","coordinates":[34.832237,0.078501]},"properties":{"id":"523198570","n":"Kabinjari PS 2","t":"ps","c":"Vihiga"}},{"type":"Feature","geometry":{"type":"Point","coordinates":[34.844367,0.083033]},"properties":{"id":"523349716","n":"Valukhova PD Suzy Andia","t":"pdw","c":"Vihiga"}},{"type":"Feature","geometry":{"type":"Point","coordinates":[34.844719,0.058822]},"properties":{"id":"523237439","n":"Goibei A PS 3","t":"ps","c":"Vihiga"}},{"type":"Feature","geometry":{"type":"Point","coordinates":[34.795831,0.060345]},"properties":{"id":"416580831","n":"Museywa Secondary School - 22277","t":"bh","c":"Vihiga","d":115.0}},{"type":"Feature","geometry":{"type":"Point","coordinates":[34.84964,0.078903]},"properties":{"id":"523342544","n":"Vashirima US Milton Khaniri","t":"us","c":"Vihiga"}},{"type":"Feature","geometry":{"type":"Point","coordinates":[34.820259,0.061858]},"properties":{"id":"523237460","n":"Musasa US 1","t":"us","c":"Vihiga"}},{"type":"Feature","geometry":{"type":"Point","coordinates":[34.824941,0.07792]},"properties":{"id":"523339087","n":"Kabinjari PS 5","t":"ps","c":"Vihiga"}},{"type":"Feature","geometry":{"type":"Point","coordinates":[34.836603,0.059239]},"properties":{"id":"523209935","n":"Givudavagi PS","t":"ps","c":"Vihiga"}},{"type":"Feature","geometry":{"type":"Point","coordinates":[34.836105,0.04605]},"properties":{"id":"523252294","n":"Suluma PD 1","t":"pdw","c":"Vihiga"}},{"type":"Feature","geometry":{"type":"Point","coordinates":[34.828985,0.079199]},"properties":{"id":"523240075","n":"Kabinjari PS 4","t":"ps","c":"Vihiga"}},{"type":"Feature","geometry":{"type":"Point","coordinates":[34.848711,0.064698]},"properties":{"id":"523274324","n":"Kapsegeli US 2","t":"us","c":"Vihiga"}},{"type":"Feature","geometry":{"type":"Point","coordinates":[34.831723,0.070487]},"properties":{"id":"523308157","n":"Kimarani PS 1","t":"ps","c":"Vihiga"}},{"type":"Feature","geometry":{"type":"Point","coordinates":[34.806361,0.051353]},"properties":{"id":"661122426","n":"Gambaragai ADC Primary School - 22260","t":"bh","c":"Vihiga","d":118.0}},{"type":"Feature","geometry":{"type":"Point","coordinates":[34.81661,0.04697]},"properties":{"id":"523288617","n":"Gemange PS","t":"ps","c":"Vihiga"}},{"type":"Feature","geometry":{"type":"Point","coordinates":[34.833103,0.041104]},"properties":{"id":"523199564","n":"Kilaha UD 1","t":"udw","c":"Vihiga"}},{"type":"Feature","geometry":{"type":"Point","coordinates":[34.830921,0.065286]},"properties":{"id":"523237680","n":"Kimarani","t":"us","c":"Vihiga"}},{"type":"Feature","geometry":{"type":"Point","coordinates":[34.831526,0.0659]},"properties":{"id":"523216025","n":"Jemojeji PD 1","t":"pdw","c":"Vihiga"}},{"type":"Feature","geometry":{"type":"Point","coordinates":[34.798144,0.071159]},"properties":{"id":"523223287","n":"Bukhuvera PS 3","t":"ps","c":"Vihiga"}},{"type":"Feature","geometry":{"type":"Point","coordinates":[34.813849,0.064804]},"properties":{"id":"523204837","n":"Kapchorwa PS","t":"ps","c":"Vihiga"}},{"type":"Feature","geometry":{"type":"Point","coordinates":[34.830364,0.061041]},"properties":{"id":"523250900","n":"Jemojeji US 2","t":"us","c":"Vihiga"}},{"type":"Feature","geometry":{"type":"Point","coordinates":[34.84341,0.059046]},"properties":{"id":"523277303","n":"Goibei A US1","t":"us","c":"Vihiga"}},{"type":"Feature","geometry":{"type":"Point","coordinates":[34.833109,0.036747]},"properties":{"id":"702613018","n":"Misango Water Spring No 1911","t":"ps","c":"Vihiga"}},{"type":"Feature","geometry":{"type":"Point","coordinates":[34.839358,0.064658]},"properties":{"id":"523195144","n":"Kamadoi B ps 3","t":"ps","c":"Vihiga"}},{"type":"Feature","geometry":{"type":"Point","coordinates":[34.822996,0.08248]},"properties":{"id":"523285535","n":"Vachisichi PS Musi","t":"ps","c":"Vihiga"}},{"type":"Feature","geometry":{"type":"Point","coordinates":[34.825268,0.04214]},"properties":{"id":"523209777","n":"Kitulu A PD 2","t":"pdw","c":"Vihiga"}},{"type":"Feature","geometry":{"type":"Point","coordinates":[34.827643,0.057258]},"properties":{"id":"523204583","n":"Itovo A PS","t":"udw","c":"Vihiga"}},{"type":"Feature","geometry":{"type":"Point","coordinates":[34.809148,0.066005]},"properties":{"id":"523344711","n":"Kapchorwa US 2","t":"us","c":"Vihiga"}},{"type":"Feature","geometry":{"type":"Point","coordinates":[34.829208,0.04042]},"properties":{"id":"523346744","n":"Gimunge PS 1","t":"ps","c":"Vihiga"}},{"type":"Feature","geometry":{"type":"Point","coordinates":[34.848989,0.065637]},"properties":{"id":"523223988","n":"Kapsegeli US 1","t":"us","c":"Vihiga"}},{"type":"Feature","geometry":{"type":"Point","coordinates":[34.805381,0.072216]},"properties":{"id":"523331962","n":"Chepsuswa PS 4","t":"ps","c":"Vihiga"}},{"type":"Feature","geometry":{"type":"Point","coordinates":[34.811673,0.080547]},"properties":{"id":"250421895","n":"Magomere Water Spring No 1523","t":"ps","c":"Vihiga"}},{"type":"Feature","geometry":{"type":"Point","coordinates":[34.816667,0.08415]},"properties":{"id":"523235341","n":"Vasaina UD Hudson Isavwa","t":"udw","c":"Vihiga"}},{"type":"Feature","geometry":{"type":"Point","coordinates":[34.804143,0.070045]},"properties":{"id":"523275552","n":"Kipkiran PS 6","t":"ps","c":"Vihiga"}},{"type":"Feature","geometry":{"type":"Point","coordinates":[34.813449,0.081415]},"properties":{"id":"523331436","n":"Valukhova US Jengo","t":"ps","c":"Vihiga"}},{"type":"Feature","geometry":{"type":"Point","coordinates":[34.803062,0.049181]},"properties":{"id":"523309646","n":"Bweywe US 3","t":"us","c":"Vihiga"}},{"type":"Feature","geometry":{"type":"Point","coordinates":[34.824881,0.043234]},"properties":{"id":"523207122","n":"Kitulu A Ps","t":"ps","c":"Vihiga"}},{"type":"Feature","geometry":{"type":"Point","coordinates":[34.833134,0.03917]},"properties":{"id":"523293358","n":"Kilaha YS 1","t":"us","c":"Vihiga"}},{"type":"Feature","geometry":{"type":"Point","coordinates":[34.793123,0.066965]},"properties":{"id":"523345640","n":"Kasoywa PS 3","t":"ps","c":"Vihiga"}},{"type":"Feature","geometry":{"type":"Point","coordinates":[34.810393,0.045271]},"properties":{"id":"523342702","n":"Givogi","t":"ps","c":"Vihiga"}},{"type":"Feature","geometry":{"type":"Point","coordinates":[34.805666,0.069445]},"properties":{"id":"523200314","n":"Chepsuswa PS 2","t":"ps","c":"Vihiga"}},{"type":"Feature","geometry":{"type":"Point","coordinates":[34.82057,0.070981]},"properties":{"id":"523276618","n":"Jeming'o PS","t":"ps","c":"Vihiga"}},{"type":"Feature","geometry":{"type":"Point","coordinates":[34.794116,0.064542]},"properties":{"id":"552713704","n":"Bishop Sulumeti Girls Secondary School - 22225","t":"bh","c":"Vihiga","d":100.0}},{"type":"Feature","geometry":{"type":"Point","coordinates":[34.817149,0.052971]},"properties":{"id":"523288480","n":"Gavudia A US 1","t":"us","c":"Vihiga"}},{"type":"Feature","geometry":{"type":"Point","coordinates":[34.791512,0.061415]},"properties":{"id":"523349785","n":"Kapsoywa PS 1","t":"ps","c":"Vihiga"}},{"type":"Feature","geometry":{"type":"Point","coordinates":[34.82599,0.045195]},"properties":{"id":"523279491","n":"Gimunge UD 1","t":"udw","c":"Vihiga"}},{"type":"Feature","geometry":{"type":"Point","coordinates":[34.805605,0.074829]},"properties":{"id":"523309220","n":"Bukhuvera B PS 4","t":"ps","c":"Vihiga"}},{"type":"Feature","geometry":{"type":"Point","coordinates":[34.829929,0.062892]},"properties":{"id":"523314552","n":"Jemojeji US 1","t":"us","c":"Vihiga"}},{"type":"Feature","geometry":{"type":"Point","coordinates":[34.797906,0.053815]},"properties":{"id":"523305408","n":"Kapkoi PS 2","t":"ps","c":"Vihiga"}},{"type":"Feature","geometry":{"type":"Point","coordinates":[34.84,0.066182]},"properties":{"id":"523340339","n":"Kamadoi B PS 2","t":"ps","c":"Vihiga"}},{"type":"Feature","geometry":{"type":"Point","coordinates":[34.827632,0.068295]},"properties":{"id":"523270863","n":"Cheptembu US 1","t":"us","c":"Vihiga"}},{"type":"Feature","geometry":{"type":"Point","coordinates":[34.836133,0.070673]},"properties":{"id":"373817102","n":"Kwashivembe Water Spring No 1680","t":"ps","c":"Vihiga"}},{"type":"Feature","geometry":{"type":"Point","coordinates":[34.842947,0.061026]},"properties":{"id":"523243157","n":"Kapsoi A PS 1","t":"ps","c":"Vihiga"}},{"type":"Feature","geometry":{"type":"Point","coordinates":[34.818629,0.073383]},"properties":{"id":"523316262","n":"Kapsogoro ps 1","t":"ps","c":"Vihiga"}},{"type":"Feature","geometry":{"type":"Point","coordinates":[34.846437,0.068048]},"properties":{"id":"523314253","n":"Kapsegeli PS 3","t":"ps","c":"Vihiga"}},{"type":"Feature","geometry":{"type":"Point","coordinates":[34.791533,0.073973]},"properties":{"id":"237154477","n":"Indiazi Water Spring No 1499","t":"ps","c":"Vihiga"}},{"type":"Feature","geometry":{"type":"Point","coordinates":[34.80088,0.059001]},"properties":{"id":"523197816","n":"Musembe PS 3","t":"ps","c":"Vihiga"}},{"type":"Feature","geometry":{"type":"Point","coordinates":[34.834056,0.076706]},"properties":{"id":"523256755","n":"Kabinjari 3","t":"us","c":"Vihiga"}},{"type":"Feature","geometry":{"type":"Point","coordinates":[34.81709,0.06444]},"properties":{"id":"523226053","n":"Jeming'o PS 2","t":"ps","c":"Vihiga"}},{"type":"Feature","geometry":{"type":"Point","coordinates":[34.842453,0.056676]},"properties":{"id":"523344584","n":"Goibei A","t":"ps","c":"Vihiga"}},{"type":"Feature","geometry":{"type":"Point","coordinates":[34.831846,0.066958]},"properties":{"id":"539195769","n":"St Veronica Kimaran Secondary School - 22224","t":"bh","c":"Vihiga","d":120.0}},{"type":"Feature","geometry":{"type":"Point","coordinates":[34.844139,0.066494]},"properties":{"id":"523242101","n":"Kapsegeli ps 1","t":"ps","c":"Vihiga"}},{"type":"Feature","geometry":{"type":"Point","coordinates":[34.816996,0.068725]},"properties":{"id":"523311858","n":"Jeming'o PD 1","t":"pdw","c":"Vihiga"}},{"type":"Feature","geometry":{"type":"Point","coordinates":[34.814268,0.071584]},"properties":{"id":"523230573","n":"Kapsogoro US 1","t":"us","c":"Vihiga"}},{"type":"Feature","geometry":{"type":"Point","coordinates":[34.83213,0.068918]},"properties":{"id":"523346359","n":"Kimarani US 4","t":"us","c":"Vihiga"}},{"type":"Feature","geometry":{"type":"Point","coordinates":[34.837083,0.076565]},"properties":{"id":"397612862","n":"Wagukha Water Spring No","t":"ps","c":"Vihiga"}},{"type":"Feature","geometry":{"type":"Point","coordinates":[34.810861,0.077681]},"properties":{"id":"523226929","n":"Vamuchietsi PS Chepnonochi","t":"ps","c":"Vihiga"}},{"type":"Feature","geometry":{"type":"Point","coordinates":[34.794281,0.067609]},"properties":{"id":"523219389","n":"Kapsoywa PD 2","t":"pdw","c":"Vihiga"}},{"type":"Feature","geometry":{"type":"Point","coordinates":[34.825949,0.076222]},"properties":{"id":"523288349","n":"Kabinjari US 6","t":"us","c":"Vihiga"}},{"type":"Feature","geometry":{"type":"Point","coordinates":[34.817705,0.077834]},"properties":{"id":"523227470","n":"Jiveywa US 4","t":"us","c":"Vihiga"}},{"type":"Feature","geometry":{"type":"Point","coordinates":[34.839932,0.079077]},"properties":{"id":"523286031","n":"Valukhombe US Mulembani","t":"us","c":"Vihiga"}},{"type":"Feature","geometry":{"type":"Point","coordinates":[34.841252,0.071155]},"properties":{"id":"523257701","n":"Kamadoi A US 1","t":"us","c":"Vihiga"}},{"type":"Feature","geometry":{"type":"Point","coordinates":[34.79372,0.073676]},"properties":{"id":"523313953","n":"Gavandeni PS 3","t":"ps","c":"Vihiga"}},{"type":"Feature","geometry":{"type":"Point","coordinates":[34.832092,0.053012]},"properties":{"id":"523265706","n":"Vojo PS 1","t":"ps","c":"Vihiga"}},{"type":"Feature","geometry":{"type":"Point","coordinates":[34.843126,0.063548]},"properties":{"id":"523305312","n":"Kapsoi B PS 2","t":"ps","c":"Vihiga"}},{"type":"Feature","geometry":{"type":"Point","coordinates":[34.838905,0.073336]},"properties":{"id":"523310510","n":"Chepsirion US 2","t":"us","c":"Vihiga"}},{"type":"Feature","geometry":{"type":"Point","coordinates":[34.822466,0.079051]},"properties":{"id":"523289852","n":"Valukhova PS Philip Asava","t":"ps","c":"Vihiga"}},{"type":"Feature","geometry":{"type":"Point","coordinates":[34.811824,0.054065]},"properties":{"id":"459133694","n":"Madeya Primary School - 22267","t":"bh","c":"Vihiga","d":100.0}},{"type":"Feature","geometry":{"type":"Point","coordinates":[34.820233,0.06184]},"properties":{"id":"561115089","n":"Manoah Water Spring No 1867","t":"ps","c":"Vihiga"}},{"type":"Feature","geometry":{"type":"Point","coordinates":[34.792533,0.057651]},"properties":{"id":"523261623","n":"Museywa PS 4","t":"ps","c":"Vihiga"}},{"type":"Feature","geometry":{"type":"Point","coordinates":[34.847126,0.081337]},"properties":{"id":"523222059","n":"Vakhatiri US Wycliffe Machanga","t":"us","c":"Vihiga"}},{"type":"Feature","geometry":{"type":"Point","coordinates":[34.810407,0.045258]},"properties":{"id":"561114844","n":"Javan Water Spring No 1849","t":"ps","c":"Vihiga"}},{"type":"Feature","geometry":{"type":"Point","coordinates":[34.846669,0.080932]},"properties":{"id":"523254162","n":"Vasalia PD Vincent Chisiku","t":"pdw","c":"Vihiga"}},{"type":"Feature","geometry":{"type":"Point","coordinates":[34.798663,0.061928]},"properties":{"id":"523324652","n":"Kipsien PS","t":"ps","c":"Vihiga"}},{"type":"Feature","geometry":{"type":"Point","coordinates":[34.831423,0.076428]},"properties":{"id":"523305501","n":"Kabinjari PD 4","t":"pdw","c":"Vihiga"}},{"type":"Feature","geometry":{"type":"Point","coordinates":[34.839067,0.062319]},"properties":{"id":"523213802","n":"Kamadoi B US","t":"us","c":"Vihiga"}},{"type":"Feature","geometry":{"type":"Point","coordinates":[34.826807,0.081896]},"properties":{"id":"523254320","n":"Valukhova PS Kamuluguywa Spring","t":"ps","c":"Vihiga"}},{"type":"Feature","geometry":{"type":"Point","coordinates":[34.80211,0.048701]},"properties":{"id":"523236579","n":"Bweywe PD 1","t":"pdw","c":"Vihiga"}},{"type":"Feature","geometry":{"type":"Point","coordinates":[34.810165,0.060747]},"properties":{"id":"561115096","n":"Ikubano Water Spring No 1868","t":"ps","c":"Vihiga"}},{"type":"Feature","geometry":{"type":"Point","coordinates":[34.83202,0.078659]},"properties":{"id":"523194174","n":"Kabinjari PS 1","t":"ps","c":"Vihiga"}},{"type":"Feature","geometry":{"type":"Point","coordinates":[34.819334,0.050819]},"properties":{"id":"523309093","n":"Gavudia A PS 2","t":"ps","c":"Vihiga"}},{"type":"Feature","geometry":{"type":"Point","coordinates":[34.798743,0.073798]},"properties":{"id":"243441084","n":"Aluvala Water Spring No 1513","t":"ps","c":"Vihiga"}},{"type":"Feature","geometry":{"type":"Point","coordinates":[34.826193,0.08207]},"properties":{"id":"262110141","n":"Musalia Water Spring No","t":"ps","c":"Vihiga"}},{"type":"Feature","geometry":{"type":"Point","coordinates":[34.834485,0.082772]},"properties":{"id":"523242273","n":"Valukhova PD Philip Lusava","t":"pdw","c":"Vihiga"}},{"type":"Feature","geometry":{"type":"Point","coordinates":[34.817262,0.07578]},"properties":{"id":"523255455","n":"Jiveywa US 4","t":"us","c":"Vihiga"}},{"type":"Feature","geometry":{"type":"Point","coordinates":[34.806395,0.056722]},"properties":{"id":"561115340","n":"Kasavai Water Spring No 1882","t":"ps","c":"Vihiga"}},{"type":"Feature","geometry":{"type":"Point","coordinates":[34.831795,0.045853]},"properties":{"id":"561115429","n":"Kolongo Water Spring No 1883","t":"ps","c":"Vihiga"}},{"type":"Feature","geometry":{"type":"Point","coordinates":[34.797816,0.071386]},"properties":{"id":"523259875","n":"Bukhuvera US 2","t":"us","c":"Vihiga"}},{"type":"Feature","geometry":{"type":"Point","coordinates":[34.834117,0.07395]},"properties":{"id":"523262325","n":"Chepsirion PD 1","t":"pdw","c":"Vihiga"}},{"type":"Feature","geometry":{"type":"Point","coordinates":[34.835855,0.053052]},"properties":{"id":"523314882","n":"Givudavagi US 1","t":"us","c":"Vihiga"}},{"type":"Feature","geometry":{"type":"Point","coordinates":[34.804353,0.058992]},"properties":{"id":"523301741","n":"Musembe PS 5","t":"ps","c":"Vihiga"}},{"type":"Feature","geometry":{"type":"Point","coordinates":[34.803166,0.047975]},"properties":{"id":"523254014","n":"Bweywe US 3","t":"us","c":"Vihiga"}},{"type":"Feature","geometry":{"type":"Point","coordinates":[34.838521,0.075738]},"properties":{"id":"523204064","n":"Chepsirion PS","t":"pdw","c":"Vihiga"}},{"type":"Feature","geometry":{"type":"Point","coordinates":[34.812248,0.065551]},"properties":{"id":"523313939","n":"Kapchorwa US 1","t":"us","c":"Vihiga"}},{"type":"Feature","geometry":{"type":"Point","coordinates":[34.840619,0.073015]},"properties":{"id":"523345901","n":"Chepsirion PD 3","t":"pdw","c":"Vihiga"}},{"type":"Feature","geometry":{"type":"Point","coordinates":[34.801896,0.063478]},"properties":{"id":"523337951","n":"Kipsien PS 1","t":"ps","c":"Vihiga"}},{"type":"Feature","geometry":{"type":"Point","coordinates":[34.836646,0.048815]},"properties":{"id":"523252964","n":"Givudavagi","t":"ps","c":"Vihiga"}},{"type":"Feature","geometry":{"type":"Point","coordinates":[34.818668,0.063453]},"properties":{"id":"561115072","n":"Avisa Water Spring No","t":"ps","c":"Vihiga"}},{"type":"Feature","geometry":{"type":"Point","coordinates":[34.848562,0.084715]},"properties":{"id":"244232203","n":"Waluka Water Spring No 1516","t":"ps","c":"Vihiga"}},{"type":"Feature","geometry":{"type":"Point","coordinates":[34.826175,0.044657]},"properties":{"id":"523338103","n":"Gimunge PD 2","t":"pdw","c":"Vihiga"}},{"type":"Feature","geometry":{"type":"Point","coordinates":[34.826352,0.051733]},"properties":{"id":"523271479","n":"Kipsigor PS 2","t":"ps","c":"Vihiga"}},{"type":"Feature","geometry":{"type":"Point","coordinates":[34.789022,0.060208]},"properties":{"id":"384122493","n":"Amugongo Water Spring No 1705","t":"ps","c":"Vihiga"}},{"type":"Feature","geometry":{"type":"Point","coordinates":[34.819319,0.065309]},"properties":{"id":"523290544","n":"Jeming'o US 1","t":"us","c":"Vihiga"}},{"type":"Feature","geometry":{"type":"Point","coordinates":[34.817596,0.084019]},"properties":{"id":"523195948","n":"Vachisichi PD James Khatsalwa","t":"pdw","c":"Vihiga"}},{"type":"Feature","geometry":{"type":"Point","coordinates":[34.816699,0.078645]},"properties":{"id":"523307675","n":"Vachihayi PD Sarah Muonja","t":"pdw","c":"Vihiga"}},{"type":"Feature","geometry":{"type":"Point","coordinates":[34.820045,0.05973]},"properties":{"id":"561114806","n":"Kavai Water Spring No 1853","t":"ps","c":"Vihiga"}},{"type":"Feature","geometry":{"type":"Point","coordinates":[34.837023,0.076443]},"properties":{"id":"523247096","n":"Chepsirion US","t":"us","c":"Vihiga"}},{"type":"Feature","geometry":{"type":"Point","coordinates":[34.832063,0.053063]},"properties":{"id":"561115481","n":"Miandi Water Spring No 1884","t":"ps","c":"Vihiga"}},{"type":"Feature","geometry":{"type":"Point","coordinates":[34.822122,0.043808]},"properties":{"id":"523261795","n":"Gemange PS 1","t":"ps","c":"Vihiga"}},{"type":"Feature","geometry":{"type":"Point","coordinates":[34.842974,0.076194]},"properties":{"id":"523194583","n":"Kamulongon PS 6","t":"ps","c":"Vihiga"}},{"type":"Feature","geometry":{"type":"Point","coordinates":[34.848539,0.084693]},"properties":{"id":"523341457","n":"Vatura PS Luka","t":"ps","c":"Vihiga"}},{"type":"Feature","geometry":{"type":"Point","coordinates":[34.827303,0.045537]},"properties":{"id":"523211350","n":"Gimunge PS","t":"ps","c":"Vihiga"}},{"type":"Feature","geometry":{"type":"Point","coordinates":[34.846743,0.07431]},"properties":{"id":"523241423","n":"Kamulongon A PS 2","t":"ps","c":"Vihiga"}},{"type":"Feature","geometry":{"type":"Point","coordinates":[34.808172,0.067484]},"properties":{"id":"523330703","n":"Sahani US 1","t":"us","c":"Vihiga"}},{"type":"Feature","geometry":{"type":"Point","coordinates":[34.830613,0.07672]},"properties":{"id":"523273969","n":"Kabinjari PD 2","t":"pdw","c":"Vihiga"}},{"type":"Feature","geometry":{"type":"Point","coordinates":[34.789066,0.060366]},"properties":{"id":"523312976","n":"Museywa PS 3","t":"ps","c":"Vihiga"}},{"type":"Feature","geometry":{"type":"Point","coordinates":[34.825539,0.04224]},"properties":{"id":"523333005","n":"Kitulu A PD 1","t":"pdw","c":"Vihiga"}},{"type":"Feature","geometry":{"type":"Point","coordinates":[34.843136,0.058001]},"properties":{"id":"523346548","n":"Goibei A US 2","t":"us","c":"Vihiga"}},{"type":"Feature","geometry":{"type":"Point","coordinates":[34.826229,0.079721]},"properties":{"id":"523347491","n":"Valukhova PS Joasi Likuyani","t":"ps","c":"Vihiga"}},{"type":"Feature","geometry":{"type":"Point","coordinates":[34.785217,0.055773]},"properties":{"id":"523221993","n":"Shikomoli PD 15","t":"pdw","c":"Vihiga"}},{"type":"Feature","geometry":{"type":"Point","coordinates":[34.825737,0.084868]},"properties":{"id":"523268060","n":"Vamikango PS Aron Anzeve","t":"ps","c":"Vihiga"}},{"type":"Feature","geometry":{"type":"Point","coordinates":[34.804137,0.077799]},"properties":{"id":"523284565","n":"Bukhuvera B PS 2","t":"ps","c":"Vihiga"}},{"type":"Feature","geometry":{"type":"Point","coordinates":[34.793685,0.07376]},"properties":{"id":"239082774","n":"Vuruto Water Spring No 1500","t":"ps","c":"Vihiga"}},{"type":"Feature","geometry":{"type":"Point","coordinates":[34.840378,0.07204]},"properties":{"id":"403751909","n":"Kapsotik Secondary School - 22266","t":"bh","c":"Vihiga","d":70.0}},{"type":"Feature","geometry":{"type":"Point","coordinates":[34.810262,0.053185]},"properties":{"id":"561115357","n":"Mwakanyu Water Spring No 1881","t":"ps","c":"Vihiga"}},{"type":"Feature","geometry":{"type":"Point","coordinates":[34.82611,0.079612]},"properties":{"id":"277717399","n":"Likuyani Water Spring No 1558","t":"ps","c":"Vihiga"}},{"type":"Feature","geometry":{"type":"Point","coordinates":[34.79333,0.071555]},"properties":{"id":"243441101","n":"Kwaamera Water Spring No 1514","t":"ps","c":"Vihiga"}},{"type":"Feature","geometry":{"type":"Point","coordinates":[34.837936,0.064071]},"properties":{"id":"523302443","n":"Kamadoi B PS 4","t":"ps","c":"Vihiga"}},{"type":"Feature","geometry":{"type":"Point","coordinates":[34.821148,0.06738]},"properties":{"id":"367996004","n":"Khakhule Water Spring No 1670","t":"ps","c":"Vihiga"}},{"type":"Feature","geometry":{"type":"Point","coordinates":[34.83169,0.070533]},"properties":{"id":"393995031","n":"Anjeyo Water Spring No 1703","t":"ps","c":"Vihiga"}},{"type":"Feature","geometry":{"type":"Point","coordinates":[34.788618,0.058568]},"properties":{"id":"384362459","n":"Adigoro Water Spring No 1701","t":"ps","c":"Vihiga"}},{"type":"Feature","geometry":{"type":"Point","coordinates":[34.830782,0.068055]},"properties":{"id":"523345554","n":"Kimarani US 3","t":"us","c":"Vihiga"}},{"type":"Feature","geometry":{"type":"Point","coordinates":[34.832202,0.062435]},"properties":{"id":"561114318","n":"Avula Water Spring No 1803","t":"ps","c":"Vihiga"}},{"type":"Feature","geometry":{"type":"Point","coordinates":[34.82853,0.037371]},"properties":{"id":"523204291","n":"Banja township PD","t":"udw","c":"Vihiga"}},{"type":"Feature","geometry":{"type":"Point","coordinates":[34.841131,0.075208]},"properties":{"id":"523210933","n":"Chepsirion US","t":"us","c":"Vihiga"}},{"type":"Feature","geometry":{"type":"Point","coordinates":[34.810288,0.053411]},"properties":{"id":"523319117","n":"Madeya PS 2","t":"ps","c":"Vihiga"}},{"type":"Feature","geometry":{"type":"Point","coordinates":[34.833622,0.080412]},"properties":{"id":"523345695","n":"Valukhova US Wiri","t":"us","c":"Vihiga"}},{"type":"Feature","geometry":{"type":"Point","coordinates":[34.819194,0.04682]},"properties":{"id":"523322533","n":"Gemange PS","t":"ps","c":"Vihiga"}},{"type":"Feature","geometry":{"type":"Point","coordinates":[34.84768,0.080045]},"properties":{"id":"523203403","n":"Vakhatiri PS Oscar Mengesa","t":"pdw","c":"Vihiga"}},{"type":"Feature","geometry":{"type":"Point","coordinates":[34.842825,0.073453]},"properties":{"id":"523314222","n":"Kamulongon A PS 5","t":"ps","c":"Vihiga"}},{"type":"Feature","geometry":{"type":"Point","coordinates":[34.841449,0.077646]},"properties":{"id":"523277217","n":"Kamulongon A US 3","t":"us","c":"Vihiga"}},{"type":"Feature","geometry":{"type":"Point","coordinates":[34.85167,0.082947]},"properties":{"id":"523339458","n":"Vamutete US Inguvu","t":"us","c":"Vihiga"}},{"type":"Feature","geometry":{"type":"Point","coordinates":[34.808843,0.072544]},"properties":{"id":"523260275","n":"Chepsuswa PS 1","t":"ps","c":"Vihiga"}},{"type":"Feature","geometry":{"type":"Point","coordinates":[34.824094,0.043956]},"properties":{"id":"523242493","n":"Kitulu A US 1","t":"us","c":"Vihiga"}},{"type":"Feature","geometry":{"type":"Point","coordinates":[34.826262,0.068117]},"properties":{"id":"523203874","n":"Cheptembu PS 1","t":"pdw","c":"Vihiga"}},{"type":"Feature","geometry":{"type":"Point","coordinates":[34.815867,0.079368]},"properties":{"id":"523261881","n":"Valukhova US Natse","t":"us","c":"Vihiga"}},{"type":"Feature","geometry":{"type":"Point","coordinates":[34.81739,0.081009]},"properties":{"id":"523233741","n":"Valukhova US Mwanje","t":"us","c":"Vihiga"}},{"type":"Feature","geometry":{"type":"Point","coordinates":[34.8497,0.082668]},"properties":{"id":"523235547","n":"Vashirima US Caleb","t":"us","c":"Vihiga"}},{"type":"Feature","geometry":{"type":"Point","coordinates":[34.828463,0.058468]},"properties":{"id":"523288851","n":"Itovo PS 3","t":"ps","c":"Vihiga"}},{"type":"Feature","geometry":{"type":"Point","coordinates":[34.815372,0.068199]},"properties":{"id":"523345444","n":"Sahani US","t":"us","c":"Vihiga"}},{"type":"Feature","geometry":{"type":"Point","coordinates":[34.841436,0.085739]},"properties":{"id":"523244529","n":"Vashitsutsa PD Isaac Alulu","t":"pdw","c":"Vihiga"}},{"type":"Feature","geometry":{"type":"Point","coordinates":[34.814,0.069001]},"properties":{"id":"523265029","n":"Sahani PS","t":"ps","c":"Vihiga"}},{"type":"Feature","geometry":{"type":"Point","coordinates":[34.811139,0.071736]},"properties":{"id":"523329231","n":"Kapsogoro PS 5","t":"ps","c":"Vihiga"}},{"type":"Feature","geometry":{"type":"Point","coordinates":[34.817374,0.066904]},"properties":{"id":"523232946","n":"Jeming'o PS 1","t":"ps","c":"Vihiga"}},{"type":"Feature","geometry":{"type":"Point","coordinates":[34.824622,0.041604]},"properties":{"id":"523234371","n":"Kitulu A PD 3","t":"pdw","c":"Vihiga"}},{"type":"Feature","geometry":{"type":"Point","coordinates":[34.826609,0.077094]},"properties":{"id":"523237800","n":"Kabinjari US 5","t":"us","c":"Vihiga"}},{"type":"Feature","geometry":{"type":"Point","coordinates":[34.826965,0.054191]},"properties":{"id":"445267938","n":"Kipsigor Primary School - 22274","t":"bh","c":"Vihiga","d":100.0}},{"type":"Feature","geometry":{"type":"Point","coordinates":[34.826222,0.060807]},"properties":{"id":"360330276","n":"Kavuka Water Spring No 1671","t":"ps","c":"Vihiga"}},{"type":"Feature","geometry":{"type":"Point","coordinates":[34.808724,0.077855]},"properties":{"id":"523258771","n":"Vamang'ali PD Phoebe Mbone","t":"pdw","c":"Vihiga"}},{"type":"Feature","geometry":{"type":"Point","coordinates":[34.790195,0.06795]},"properties":{"id":"523206956","n":"Kanyamosi PS 2","t":"ps","c":"Vihiga"}},{"type":"Feature","geometry":{"type":"Point","coordinates":[34.813676,0.075136]},"properties":{"id":"523222011","n":"Kapsogoro PS 3","t":"ps","c":"Vihiga"}},{"type":"Feature","geometry":{"type":"Point","coordinates":[34.833501,0.075407]},"properties":{"id":"523286103","n":"Chepsirion US 2","t":"us","c":"Vihiga"}},{"type":"Feature","geometry":{"type":"Point","coordinates":[34.82407,0.043933]},"properties":{"id":"561115216","n":"Lunaro Water Spring No 1863","t":"ps","c":"Vihiga"}},{"type":"Feature","geometry":{"type":"Point","coordinates":[34.814135,0.077608]},"properties":{"id":"523300324","n":"Valukhova PS Shikari Spring","t":"ps","c":"Vihiga"}},{"type":"Feature","geometry":{"type":"Point","coordinates":[34.840207,0.06786]},"properties":{"id":"523226596","n":"Kamadoi ps 1","t":"ps","c":"Vihiga"}},{"type":"Feature","geometry":{"type":"Point","coordinates":[34.841395,0.0592]},"properties":{"id":"561115106","n":"Khadambi Water Spring No 1864","t":"ps","c":"Vihiga"}},{"type":"Feature","geometry":{"type":"Point","coordinates":[34.848102,0.079493]},"properties":{"id":"523275851","n":"Vashirima PD Patrick Amulele","t":"pdw","c":"Vihiga"}},{"type":"Feature","geometry":{"type":"Point","coordinates":[34.793294,0.071504]},"properties":{"id":"523259002","n":"Gavandeni PS 4","t":"ps","c":"Vihiga"}},{"type":"Feature","geometry":{"type":"Point","coordinates":[34.82567,0.070013]},"properties":{"id":"523245166","n":"Cheptembu US 1","t":"us","c":"Vihiga"}},{"type":"Feature","geometry":{"type":"Point","coordinates":[34.807346,0.066421]},"properties":{"id":"523219107","n":"Chepsuswa PS 2","t":"ps","c":"Vihiga"}},{"type":"Feature","geometry":{"type":"Point","coordinates":[34.825764,0.046872]},"properties":{"id":"523268857","n":"Gimunge US 1","t":"us","c":"Vihiga"}},{"type":"Feature","geometry":{"type":"Point","coordinates":[34.830535,0.053159]},"properties":{"id":"523349936","n":"Vojo PD 1","t":"pdw","c":"Vihiga"}},{"type":"Feature","geometry":{"type":"Point","coordinates":[34.808466,0.065126]},"properties":{"id":"523308724","n":"Kapchorwa US 3","t":"us","c":"Vihiga"}},{"type":"Feature","geometry":{"type":"Point","coordinates":[34.832455,0.060615]},"properties":{"id":"561114301","n":"Imbuti Water Spring No 1802","t":"ps","c":"Vihiga"}},{"type":"Feature","geometry":{"type":"Point","coordinates":[34.832807,0.082958]},"properties":{"id":"523223160","n":"Valiero US Jothham Aliero","t":"us","c":"Vihiga"}},{"type":"Feature","geometry":{"type":"Point","coordinates":[34.816738,0.080578]},"properties":{"id":"523233459","n":"Valukhova US Anyanje Makune","t":"us","c":"Vihiga"}},{"type":"Feature","geometry":{"type":"Point","coordinates":[34.825263,0.058734]},"properties":{"id":"523340580","n":"Itovo B US","t":"us","c":"Vihiga"}},{"type":"Feature","geometry":{"type":"Point","coordinates":[34.831354,0.063569]},"properties":{"id":"523263845","n":"Jemojeji PS 1","t":"ps","c":"Vihiga"}},{"type":"Feature","geometry":{"type":"Point","coordinates":[34.833429,0.060395]},"properties":{"id":"523325048","n":"Jemojeji US 5","t":"us","c":"Vihiga"}},{"type":"Feature","geometry":{"type":"Point","coordinates":[34.833462,0.072308]},"properties":{"id":"373799664","n":"Isiji Water Spring No 1679","t":"ps","c":"Vihiga"}},{"type":"Feature","geometry":{"type":"Point","coordinates":[34.833408,0.063033]},"properties":{"id":"561114356","n":"Karanja Water Spring No 1805","t":"ps","c":"Vihiga"}},{"type":"Feature","geometry":{"type":"Point","coordinates":[34.804813,0.068476]},"properties":{"id":"523293080","n":"Kipkiran PS 4","t":"ps","c":"Vihiga"}},{"type":"Feature","geometry":{"type":"Point","coordinates":[34.83471,0.038782]},"properties":{"id":"523305415","n":"Kilaha UD 2","t":"udw","c":"Vihiga"}},{"type":"Feature","geometry":{"type":"Point","coordinates":[34.836127,0.043369]},"properties":{"id":"523327497","n":"Suluma PS","t":"ps","c":"Vihiga"}},{"type":"Feature","geometry":{"type":"Point","coordinates":[34.822006,0.043729]},"properties":{"id":"523226589","n":"Kitulu B","t":"ps","c":"Vihiga"}},{"type":"Feature","geometry":{"type":"Point","coordinates":[34.825675,0.073359]},"properties":{"id":"523302883","n":"Kapkemei US 1","t":"us","c":"Vihiga"}},{"type":"Feature","geometry":{"type":"Point","coordinates":[34.837323,0.061216]},"properties":{"id":"523344735","n":"Kamadoi B US","t":"us","c":"Vihiga"}},{"type":"Feature","geometry":{"type":"Point","coordinates":[34.798688,0.073811]},"properties":{"id":"523293846","n":"Jimaswagi PS 9","t":"ps","c":"Vihiga"}},{"type":"Feature","geometry":{"type":"Point","coordinates":[34.795947,0.058998]},"properties":{"id":"539195673","n":"Museywa Primary School - 23002","t":"bh","c":"Vihiga","d":100.0}},{"type":"Feature","geometry":{"type":"Point","coordinates":[34.846109,0.074504]},"properties":{"id":"523211381","n":"Kamulongon A U s 1","t":"us","c":"Vihiga"}},{"type":"Feature","geometry":{"type":"Point","coordinates":[34.805623,0.074848]},"properties":{"id":"239079231","n":"Sero Water Spring No 1496","t":"ps","c":"Vihiga"}},{"type":"Feature","geometry":{"type":"Point","coordinates":[34.830777,0.067325]},"properties":{"id":"360069112","n":"Ingutu Water Spring No 1661","t":"ps","c":"Vihiga"}},{"type":"Feature","geometry":{"type":"Point","coordinates":[34.850875,0.08367]},"properties":{"id":"523314332","n":"Vashirima PD Josephine Luyali","t":"pdw","c":"Vihiga"}},{"type":"Feature","geometry":{"type":"Point","coordinates":[34.827814,0.05667]},"properties":{"id":"523252287","n":"Itovo A","t":"udw","c":"Vihiga"}},{"type":"Feature","geometry":{"type":"Point","coordinates":[34.792117,0.061806]},"properties":{"id":"523209399","n":"Kapsoywa PD 1","t":"pdw","c":"Vihiga"}},{"type":"Feature","geometry":{"type":"Point","coordinates":[34.819896,0.052301]},"properties":{"id":"523266109","n":"Gavudia B","t":"pdw","c":"Vihiga"}},{"type":"Feature","geometry":{"type":"Point","coordinates":[34.834353,0.038618]},"properties":{"id":"523332413","n":"Kilaha PD 1","t":"pdw","c":"Vihiga"}},{"type":"Feature","geometry":{"type":"Point","coordinates":[34.803491,0.051756]},"properties":{"id":"523194813","n":"Gambaragai PS 1","t":"ps","c":"Vihiga"}},{"type":"Feature","geometry":{"type":"Point","coordinates":[34.832549,0.059868]},"properties":{"id":"523349417","n":"Jemojeji US 4","t":"us","c":"Vihiga"}},{"type":"Feature","geometry":{"type":"Point","coordinates":[34.820803,0.075539]},"properties":{"id":"523196406","n":"Jiveywa US 2","t":"us","c":"Vihiga"}},{"type":"Feature","geometry":{"type":"Point","coordinates":[34.836834,0.062738]},"properties":{"id":"523209203","n":"Kamadoi B US","t":"us","c":"Vihiga"}},{"type":"Feature","geometry":{"type":"Point","coordinates":[34.79446,0.070328]},"properties":{"id":"523356253","n":"Gavandeni PD 6","t":"pdw","c":"Vihiga"}},{"type":"Feature","geometry":{"type":"Point","coordinates":[34.838558,0.069105]},"properties":{"id":"523230016","n":"Kamadoi A PD 1","t":"pdw","c":"Vihiga"}},{"type":"Feature","geometry":{"type":"Point","coordinates":[34.837893,0.039387]},"properties":{"id":"523250694","n":"Suluma PS","t":"ps","c":"Vihiga"}},{"type":"Feature","geometry":{"type":"Point","coordinates":[34.823981,0.052279]},"properties":{"id":"523273134","n":"Kipsigor PD 1","t":"pdw","c":"Vihiga"}},{"type":"Feature","geometry":{"type":"Point","coordinates":[34.815117,0.077665]},"properties":{"id":"523215859","n":"Valukhova US Shatuma Isiye","t":"us","c":"Vihiga"}},{"type":"Feature","geometry":{"type":"Point","coordinates":[34.851441,0.076465]},"properties":{"id":"523231134","n":"Kamulongon PD 1","t":"pdw","c":"Vihiga"}},{"type":"Feature","geometry":{"type":"Point","coordinates":[34.78833,0.063722]},"properties":{"id":"279745716","n":"Wamuhinndi Water Spring No 1556","t":"ps","c":"Vihiga"}},{"type":"Feature","geometry":{"type":"Point","coordinates":[34.819,0.080162]},"properties":{"id":"523272614","n":"Valukhova US Ngaiwa","t":"us","c":"Vihiga"}},{"type":"Feature","geometry":{"type":"Point","coordinates":[34.844828,0.077007]},"properties":{"id":"523273787","n":"Kamulongon A US 4","t":"us","c":"Vihiga"}},{"type":"Feature","geometry":{"type":"Point","coordinates":[34.828683,0.037554]},"properties":{"id":"523306014","n":"Banja township","t":"udw","c":"Vihiga"}},{"type":"Feature","geometry":{"type":"Point","coordinates":[34.827946,0.036912]},"properties":{"id":"523348409","n":"Banja township PD 3","t":"pdw","c":"Vihiga"}},{"type":"Feature","geometry":{"type":"Point","coordinates":[34.839944,0.073031]},"properties":{"id":"523248736","n":"Chepsirion PD","t":"pdw","c":"Vihiga"}},{"type":"Feature","geometry":{"type":"Point","coordinates":[34.788551,0.06798]},"properties":{"id":"523310084","n":"Gawani PS 6","t":"ps","c":"Vihiga"}},{"type":"Feature","geometry":{"type":"Point","coordinates":[34.847508,0.076264]},"properties":{"id":"523350642","n":"Kamulongon B","t":"us","c":"Vihiga"}},{"type":"Feature","geometry":{"type":"Point","coordinates":[34.828503,0.056192]},"properties":{"id":"523319612","n":"Itovo B PS 1","t":"ps","c":"Vihiga"}},{"type":"Feature","geometry":{"type":"Point","coordinates":[34.795027,0.062561]},"properties":{"id":"523211659","n":"Kipsien PS","t":"ps","c":"Vihiga"}},{"type":"Feature","geometry":{"type":"Point","coordinates":[34.811683,0.080546]},"properties":{"id":"523275253","n":"Valukhova US Musa Makomere","t":"us","c":"Vihiga"}},{"type":"Feature","geometry":{"type":"Point","coordinates":[34.82346,0.081915]},"properties":{"id":"523286684","n":"Vakhatiri US Muruli 2","t":"us","c":"Vihiga"}},{"type":"Feature","geometry":{"type":"Point","coordinates":[34.83714,0.074543]},"properties":{"id":"523211800","n":"Chepsirion US 1","t":"us","c":"Vihiga"}},{"type":"Feature","geometry":{"type":"Point","coordinates":[34.794709,0.074557]},"properties":{"id":"366925292","n":"Gavudunyi Friends Primary School - 22229","t":"bh","c":"Vihiga","d":100.0}},{"type":"Feature","geometry":{"type":"Point","coordinates":[34.791469,0.073854]},"properties":{"id":"523269724","n":"Gavandeni PS 1","t":"ps","c":"Vihiga"}},{"type":"Feature","geometry":{"type":"Point","coordinates":[34.845302,0.068955]},"properties":{"id":"523293619","n":"Kapsegeli US 3","t":"us","c":"Vihiga"}},{"type":"Feature","geometry":{"type":"Point","coordinates":[34.81578,0.050542]},"properties":{"id":"561114899","n":"Muliango Water Spring No 1851","t":"ps","c":"Vihiga"}},{"type":"Feature","geometry":{"type":"Point","coordinates":[34.828903,0.072907]},"properties":{"id":"523245472","n":"Kapkemei PS 2","t":"ps","c":"Vihiga"}},{"type":"Feature","geometry":{"type":"Point","coordinates":[34.820135,0.048467]},"properties":{"id":"523275985","n":"Gemange PS 3","t":"ps","c":"Vihiga"}},{"type":"Feature","geometry":{"type":"Point","coordinates":[34.796417,0.063139]},"properties":{"id":"523239541","n":"Kipsien PS","t":"ps","c":"Vihiga"}},{"type":"Feature","geometry":{"type":"Point","coordinates":[34.845211,0.081636]},"properties":{"id":"523205876","n":"Vasamia US Gladys Mwanika","t":"us","c":"Vihiga"}},{"type":"Feature","geometry":{"type":"Point","coordinates":[34.835666,0.044636]},"properties":{"id":"523256401","n":"Suluma PS","t":"ps","c":"Vihiga"}},{"type":"Feature","geometry":{"type":"Point","coordinates":[34.815762,0.050531]},"properties":{"id":"523328144","n":"Itumbi","t":"ps","c":"Vihiga"}},{"type":"Feature","geometry":{"type":"Point","coordinates":[34.830897,0.060694]},"properties":{"id":"523308298","n":"Jemojeji US 3","t":"us","c":"Vihiga"}},{"type":"Feature","geometry":{"type":"Point","coordinates":[34.835918,0.055303]},"properties":{"id":"523279824","n":"Givudavagi US 1","t":"us","c":"Vihiga"}},{"type":"Feature","geometry":{"type":"Point","coordinates":[34.83488,0.048241]},"properties":{"id":"523319533","n":"Givudavagi PS","t":"ps","c":"Vihiga"}},{"type":"Feature","geometry":{"type":"Point","coordinates":[34.809169,0.078011]},"properties":{"id":"523246954","n":"Vamang'ali PD Jotham Mwanje","t":"pdw","c":"Vihiga"}},{"type":"Feature","geometry":{"type":"Point","coordinates":[34.85403,0.081209]},"properties":{"id":"523280286","n":"Vikhava US Inyuma","t":"us","c":"Vihiga"}},{"type":"Feature","geometry":{"type":"Point","coordinates":[34.806278,0.079707]},"properties":{"id":"523346050","n":"Vikhava PD Imbwanga","t":"pdw","c":"Vihiga"}},{"type":"Feature","geometry":{"type":"Point","coordinates":[34.810838,0.077715]},"properties":{"id":"47024711","n":"Chepnonochi, Chepnonochi Spring - 18161","t":"ps","c":"Vihiga"}},{"type":"Feature","geometry":{"type":"Point","coordinates":[34.821147,0.042139]},"properties":{"id":"523242163","n":"Kitulu B US","t":"us","c":"Vihiga"}},{"type":"Feature","geometry":{"type":"Point","coordinates":[34.828698,0.040652]},"properties":{"id":"523263670","n":"Gimunge PS 3","t":"ps","c":"Vihiga"}},{"type":"Feature","geometry":{"type":"Point","coordinates":[34.825157,0.056504]},"properties":{"id":"523197005","n":"Itovo A US","t":"us","c":"Vihiga"}},{"type":"Feature","geometry":{"type":"Point","coordinates":[34.825242,0.057111]},"properties":{"id":"523255259","n":"Itovo A US 1","t":"us","c":"Vihiga"}},{"type":"Feature","geometry":{"type":"Point","coordinates":[34.84052,0.061657]},"properties":{"id":"679035301","n":"Kapsoi Primary School - 22273","t":"bh","c":"Vihiga","d":100.0}},{"type":"Feature","geometry":{"type":"Point","coordinates":[34.847483,0.070665]},"properties":{"id":"523192828","n":"Kapsang'anyi US 1","t":"us","c":"Vihiga"}},{"type":"Feature","geometry":{"type":"Point","coordinates":[34.803864,0.054228]},"properties":{"id":"523259992","n":"Gambaragai PS 5","t":"ps","c":"Vihiga"}},{"type":"Feature","geometry":{"type":"Point","coordinates":[34.822106,0.075567]},"properties":{"id":"523271132","n":"Jiveywa Us1","t":"us","c":"Vihiga"}},{"type":"Feature","geometry":{"type":"Point","coordinates":[34.788463,0.068028]},"properties":{"id":"243259368","n":"Kwasabatia Water Spring No 1508","t":"ps","c":"Vihiga"}},{"type":"Feature","geometry":{"type":"Point","coordinates":[34.830427,0.041878]},"properties":{"id":"523301734","n":"Gimunge PS 1","t":"ps","c":"Vihiga"}},{"type":"Feature","geometry":{"type":"Point","coordinates":[34.820066,0.07661]},"properties":{"id":"523236373","n":"Jiveywa US 3","t":"us","c":"Vihiga"}},{"type":"Feature","geometry":{"type":"Point","coordinates":[34.826507,0.039609]},"properties":{"id":"711143924","n":"Banja Muslim Primary School - 22263","t":"bh","c":"Vihiga","d":90.0}},{"type":"Feature","geometry":{"type":"Point","coordinates":[34.820215,0.057193]},"properties":{"id":"523204693","n":"Gavudia B","t":"ps","c":"Vihiga"}},{"type":"Feature","geometry":{"type":"Point","coordinates":[34.819721,0.074932]},"properties":{"id":"523340889","n":"Jiveywa US 2","t":"us","c":"Vihiga"}},{"type":"Feature","geometry":{"type":"Point","coordinates":[34.821618,0.057315]},"properties":{"id":"523343253","n":"Gavudia B US 1","t":"us","c":"Vihiga"}},{"type":"Feature","geometry":{"type":"Point","coordinates":[34.826248,0.060832]},"properties":{"id":"523243748","n":"Itovo B","t":"us","c":"Vihiga"}},{"type":"Feature","geometry":{"type":"Point","coordinates":[34.846036,0.079114]},"properties":{"id":"523235327","n":"Valukhombe US Edward Machanga","t":"us","c":"Vihiga"}},{"type":"Feature","geometry":{"type":"Point","coordinates":[34.824781,0.038494]},"properties":{"id":"523339537","n":"Kitulu B PS","t":"ps","c":"Vihiga"}},{"type":"Feature","geometry":{"type":"Point","coordinates":[34.799619,0.064917]},"properties":{"id":"523310730","n":"Kipsien US 1","t":"us","c":"Vihiga"}},{"type":"Feature","geometry":{"type":"Point","coordinates":[34.834036,0.083231]},"properties":{"id":"523192859","n":"Valukhova US David Sakwa","t":"us","c":"Vihiga"}},{"type":"Feature","geometry":{"type":"Point","coordinates":[34.817488,0.058197]},"properties":{"id":"523330026","n":"Gamuren PS 2","t":"ps","c":"Vihiga"}},{"type":"Feature","geometry":{"type":"Point","coordinates":[34.84565,0.072979]},"properties":{"id":"523218175","n":"Kamulongon A PS 1","t":"ps","c":"Vihiga"}},{"type":"Feature","geometry":{"type":"Point","coordinates":[34.831249,0.079539]},"properties":{"id":"523284730","n":"Vatura US Mukoyani","t":"ps","c":"Vihiga"}},{"type":"Feature","geometry":{"type":"Point","coordinates":[34.828534,0.059624]},"properties":{"id":"523209966","n":"Itovo B PS","t":"ps","c":"Vihiga"}},{"type":"Feature","geometry":{"type":"Point","coordinates":[34.826462,0.047118]},"properties":{"id":"561115041","n":"Kadasia Water Spring No 1866","t":"ps","c":"Vihiga"}},{"type":"Feature","geometry":{"type":"Point","coordinates":[34.818461,0.052283]},"properties":{"id":"523208233","n":"Gavudia A PS 1","t":"ps","c":"Vihiga"}},{"type":"Feature","geometry":{"type":"Point","coordinates":[34.80731,0.055431]},"properties":{"id":"523311119","n":"Jivinjohi US 1","t":"us","c":"Vihiga"}},{"type":"Feature","geometry":{"type":"Point","coordinates":[34.828999,0.07926]},"properties":{"id":"523251224","n":"Vashimuli PS Lukania","t":"ps","c":"Vihiga"}},{"type":"Feature","geometry":{"type":"Point","coordinates":[34.834521,0.05351]},"properties":{"id":"523266697","n":"Vojo PS","t":"ps","c":"Vihiga"}},{"type":"Feature","geometry":{"type":"Point","coordinates":[34.814192,0.077603]},"properties":{"id":"84828446","n":"Chepnonochi, Shikati Spring - 19163","t":"ps","c":"Vihiga"}},{"type":"Feature","geometry":{"type":"Point","coordinates":[34.80476,0.068223]},"properties":{"id":"523217954","n":"Kipkiran US 1","t":"us","c":"Vihiga"}},{"type":"Feature","geometry":{"type":"Point","coordinates":[34.830771,0.037845]},"properties":{"id":"523290276","n":"Banja township PS 3","t":"ps","c":"Vihiga"}},{"type":"Feature","geometry":{"type":"Point","coordinates":[34.797751,0.071475]},"properties":{"id":"523338581","n":"Jimaswagi PS 11","t":"ps","c":"Vihiga"}},{"type":"Feature","geometry":{"type":"Point","coordinates":[34.832951,0.083602]},"properties":{"id":"523249940","n":"Valiero US Jothham","t":"us","c":"Vihiga"}},{"type":"Feature","geometry":{"type":"Point","coordinates":[34.837442,0.064133]},"properties":{"id":"523290881","n":"Kamadoi B ps 6","t":"us","c":"Vihiga"}},{"type":"Feature","geometry":{"type":"Point","coordinates":[34.820648,0.053532]},"properties":{"id":"523247773","n":"Gavudia B","t":"pdw","c":"Vihiga"}},{"type":"Feature","geometry":{"type":"Point","coordinates":[34.835406,0.084037]},"properties":{"id":"523247429","n":"Vivai PD David Museti","t":"pdw","c":"Vihiga"}},{"type":"Feature","geometry":{"type":"Point","coordinates":[34.804172,0.063901]},"properties":{"id":"523215392","n":"Musengeli PS 1","t":"ps","c":"Vihiga"}},{"type":"Feature","geometry":{"type":"Point","coordinates":[34.84594,0.065774]},"properties":{"id":"523245685","n":"Kapsegeli PS 2","t":"ps","c":"Vihiga"}},{"type":"Feature","geometry":{"type":"Point","coordinates":[34.83345,0.063062]},"properties":{"id":"523340212","n":"Jemojeji US 8","t":"us","c":"Vihiga"}},{"type":"Feature","geometry":{"type":"Point","coordinates":[34.837843,0.043425]},"properties":{"id":"523321501","n":"Suluma PS 2","t":"ps","c":"Vihiga"}},{"type":"Feature","geometry":{"type":"Point","coordinates":[34.827189,0.042785]},"properties":{"id":"523220851","n":"Gimunge UD 1","t":"udw","c":"Vihiga"}},{"type":"Feature","geometry":{"type":"Point","coordinates":[34.834642,0.06601]},"properties":{"id":"523289766","n":"Jemojeji PS 3","t":"ps","c":"Vihiga"}},{"type":"Feature","geometry":{"type":"Point","coordinates":[34.801495,0.054672]},"properties":{"id":"523228835","n":"Musembe US 2","t":"us","c":"Vihiga"}},{"type":"Feature","geometry":{"type":"Point","coordinates":[34.83157,0.083031]},"properties":{"id":"523271730","n":"Vashirima PS Douglas Shipendi","t":"ps","c":"Vihiga"}},{"type":"Feature","geometry":{"type":"Point","coordinates":[34.82985,0.041529]},"properties":{"id":"523324827","n":"Gimunge PS 4","t":"ps","c":"Vihiga"}},{"type":"Feature","geometry":{"type":"Point","coordinates":[34.8351,0.064774]},"properties":{"id":"523249524","n":"Jemojeji PS 2","t":"ps","c":"Vihiga"}},{"type":"Feature","geometry":{"type":"Point","coordinates":[34.826393,0.040206]},"properties":{"id":"523198659","n":"Kitulu A PD","t":"pdw","c":"Vihiga"}},{"type":"Feature","geometry":{"type":"Point","coordinates":[34.826217,0.082019]},"properties":{"id":"523269810","n":"Vachisichi US Luka Khaitsi","t":"ps","c":"Vihiga"}},{"type":"Feature","geometry":{"type":"Point","coordinates":[34.829327,0.03631]},"properties":{"id":"523207397","n":"Banja township PS 1","t":"ps","c":"Vihiga"}},{"type":"Feature","geometry":{"type":"Point","coordinates":[34.818843,0.063405]},"properties":{"id":"523346160","n":"Musasa US","t":"us","c":"Vihiga"}},{"type":"Feature","geometry":{"type":"Point","coordinates":[34.828703,0.083417]},"properties":{"id":"374800996","n":"Masongole Water Spring No 1689","t":"ps","c":"Vihiga"}},{"type":"Feature","geometry":{"type":"Point","coordinates":[34.824537,0.058297]},"properties":{"id":"561114813","n":"Mugambi Water Spring No 1853","t":"ps","c":"Vihiga"}},{"type":"Feature","geometry":{"type":"Point","coordinates":[34.81681,0.061552]},"properties":{"id":"561115436","n":"Kavai Water Spring No 1888","t":"ps","c":"Vihiga"}},{"type":"Feature","geometry":{"type":"Point","coordinates":[34.832211,0.067764]},"properties":{"id":"523331106","n":"Kimarani US 5","t":"us","c":"Vihiga"}},{"type":"Feature","geometry":{"type":"Point","coordinates":[34.834196,0.082207]},"properties":{"id":"523223933","n":"Vashirima PD Rael","t":"pdw","c":"Vihiga"}},{"type":"Feature","geometry":{"type":"Point","coordinates":[34.827284,0.060507]},"properties":{"id":"523266075","n":"Itovo B US 2","t":"us","c":"Vihiga"}},{"type":"Feature","geometry":{"type":"Point","coordinates":[34.841551,0.078844]},"properties":{"id":"523195333","n":"Kamulongon A PD 1","t":"pdw","c":"Vihiga"}},{"type":"Feature","geometry":{"type":"Point","coordinates":[34.828796,0.083381]},"properties":{"id":"523196372","n":"Vashirima PS Aman Mbao Mukati","t":"ps","c":"Vihiga"}},{"type":"Feature","geometry":{"type":"Point","coordinates":[34.833775,0.077188]},"properties":{"id":"523248664","n":"Kabinjari PD 1","t":"pdw","c":"Vihiga"}},{"type":"Feature","geometry":{"type":"Point","coordinates":[34.797358,0.070617]},"properties":{"id":"523243243","n":"Bukhuvera PS 1","t":"ps","c":"Vihiga"}},{"type":"Feature","geometry":{"type":"Point","coordinates":[34.843237,0.078413]},"properties":{"id":"523215433","n":"Kamulongon A US 1","t":"us","c":"Vihiga"}},{"type":"Feature","geometry":{"type":"Point","coordinates":[34.80439,0.059031]},"properties":{"id":"702613063","n":"Jaremba Water Spring No 1931","t":"ps","c":"Vihiga"}},{"type":"Feature","geometry":{"type":"Point","coordinates":[34.813522,0.05437]},"properties":{"id":"561114820","n":"Konzolo Water Spring No 1855","t":"ps","c":"Vihiga"}},{"type":"Feature","geometry":{"type":"Point","coordinates":[34.820051,0.059734]},"properties":{"id":"523226417","n":"Musasa PS","t":"ps","c":"Vihiga"}},{"type":"Feature","geometry":{"type":"Point","coordinates":[34.845992,0.060252]},"properties":{"id":"523276333","n":"Kspsoi B PS 1","t":"ps","c":"Vihiga"}},{"type":"Feature","geometry":{"type":"Point","coordinates":[34.846007,0.081385]},"properties":{"id":"523208123","n":"Vasamia PD Bernard Ngakawe","t":"pdw","c":"Vihiga"}},{"type":"Feature","geometry":{"type":"Point","coordinates":[34.800576,0.071953]},"properties":{"id":"523335832","n":"Bukhuvera PS 4","t":"ps","c":"Vihiga"}},{"type":"Feature","geometry":{"type":"Point","coordinates":[34.831284,0.05432]},"properties":{"id":"523231316","n":"VOJO ps 2","t":"ps","c":"Vihiga"}},{"type":"Feature","geometry":{"type":"Point","coordinates":[34.813576,0.054362]},"properties":{"id":"523350099","n":"Itumbi PS","t":"ps","c":"Vihiga"}},{"type":"Feature","geometry":{"type":"Point","coordinates":[34.817079,0.085724]},"properties":{"id":"523244598","n":"Vachisichi PS Joseph Mwala","t":"ps","c":"Vihiga"}},{"type":"Feature","geometry":{"type":"Point","coordinates":[34.841117,0.087329]},"properties":{"id":"523345028","n":"Vasalia US Luyenji","t":"us","c":"Vihiga"}},{"type":"Feature","geometry":{"type":"Point","coordinates":[34.795352,0.072571]},"properties":{"id":"523327112","n":"Gavandeni PD 5","t":"pdw","c":"Vihiga"}},{"type":"Feature","geometry":{"type":"Point","coordinates":[34.789971,0.062738]},"properties":{"id":"523265074","n":"Kapsoywa PS 2","t":"ps","c":"Vihiga"}},{"type":"Feature","geometry":{"type":"Point","coordinates":[34.845975,0.065843]},"properties":{"id":"371083620","n":"Kwasusan Water Spring No 1673","t":"ps","c":"Vihiga"}},{"type":"Feature","geometry":{"type":"Point","coordinates":[34.808965,0.056192]},"properties":{"id":"523251750","n":"Jivinjohi PS 1","t":"ps","c":"Vihiga"}},{"type":"Feature","geometry":{"type":"Point","coordinates":[34.843699,0.068843]},"properties":{"id":"523340937","n":"Kapsegeli US 4","t":"us","c":"Vihiga"}},{"type":"Feature","geometry":{"type":"Point","coordinates":[34.820169,0.069889]},"properties":{"id":"523200905","n":"Jeming'o US","t":"us","c":"Vihiga"}},{"type":"Feature","geometry":{"type":"Point","coordinates":[34.811736,0.079557]},"properties":{"id":"523309550","n":"Valukhova PS Meshach Mukhala","t":"ps","c":"Vihiga"}},{"type":"Feature","geometry":{"type":"Point","coordinates":[34.801835,0.053231]},"properties":{"id":"523235073","n":"Gambaragai PS 4","t":"ps","c":"Vihiga"}},{"type":"Feature","geometry":{"type":"Point","coordinates":[34.829177,0.040463]},"properties":{"id":"561115120","n":"Ali Water Spring No","t":"ps","c":"Vihiga"}},{"type":"Feature","geometry":{"type":"Point","coordinates":[34.808727,0.080511]},"properties":{"id":"523300568","n":"Vamang'ali PS Omuya","t":"ps","c":"Vihiga"}},{"type":"Feature","geometry":{"type":"Point","coordinates":[34.797239,0.058356]},"properties":{"id":"523194662","n":"Musembe PS 2","t":"ps","c":"Vihiga"}},{"type":"Feature","geometry":{"type":"Point","coordinates":[34.818428,0.05038]},"properties":{"id":"561114837","n":"Osoko Water Spring No 1852","t":"ps","c":"Vihiga"}},{"type":"Feature","geometry":{"type":"Point","coordinates":[34.836023,0.084026]},"properties":{"id":"523289931","n":"Vikhava PD Alfred Shikala","t":"pdw","c":"Vihiga"}},{"type":"Feature","geometry":{"type":"Point","coordinates":[34.830475,0.076337]},"properties":{"id":"523311418","n":"Kabinjari PD 3","t":"pdw","c":"Vihiga"}},{"type":"Feature","geometry":{"type":"Point","coordinates":[34.821008,0.075032]},"properties":{"id":"348146026","n":"Mundehe Water Spring No 1639","t":"ps","c":"Vihiga"}},{"type":"Feature","geometry":{"type":"Point","coordinates":[34.829623,0.076527]},"properties":{"id":"523337834","n":"Kabinjari PS 3","t":"ps","c":"Vihiga"}},{"type":"Feature","geometry":{"type":"Point","coordinates":[34.829333,0.036343]},"properties":{"id":"523282271","n":"Banja township PS 1","t":"ps","c":"Vihiga"}},{"type":"Feature","geometry":{"type":"Point","coordinates":[34.821179,0.06732]},"properties":{"id":"523270148","n":"Jeming'o PS","t":"ps","c":"Vihiga"}},{"type":"Feature","geometry":{"type":"Point","coordinates":[34.819525,0.08156]},"properties":{"id":"403751916","n":"Senende Primary School - 22284","t":"bh","c":"Vihiga","d":100.0}},{"type":"Feature","geometry":{"type":"Point","coordinates":[34.810277,0.060757]},"properties":{"id":"523250285","n":"Jivinjohi PS","t":"ps","c":"Vihiga"}},{"type":"Feature","geometry":{"type":"Point","coordinates":[34.819711,0.05563]},"properties":{"id":"523340542","n":"Gavudia","t":"pdw","c":"Vihiga"}},{"type":"Feature","geometry":{"type":"Point","coordinates":[34.80083,0.066594]},"properties":{"id":"523339520","n":"Kipkiran PS 2","t":"ps","c":"Vihiga"}},{"type":"Feature","geometry":{"type":"Point","coordinates":[34.830792,0.050543]},"properties":{"id":"523287506","n":"Mugumu PS 2","t":"ps","c":"Vihiga"}},{"type":"Feature","geometry":{"type":"Point","coordinates":[34.831351,0.078583]},"properties":{"id":"523248633","n":"Kabinjari US 1","t":"us","c":"Vihiga"}},{"type":"Feature","geometry":{"type":"Point","coordinates":[34.81118,0.076425]},"properties":{"id":"523280080","n":"Vamang'ali PD Josephat Lukoye","t":"pdw","c":"Vihiga"}},{"type":"Feature","geometry":{"type":"Point","coordinates":[34.797762,0.060306]},"properties":{"id":"523297871","n":"Musembe PS 1","t":"ps","c":"Vihiga"}},{"type":"Feature","geometry":{"type":"Point","coordinates":[34.823505,0.047474]},"properties":{"id":"523292436","n":"Gemange PS 2","t":"ps","c":"Vihiga"}},{"type":"Feature","geometry":{"type":"Point","coordinates":[34.810236,0.078759]},"properties":{"id":"523350831","n":"Vamuchietsi PD Albert Munandi","t":"pdw","c":"Vihiga"}},{"type":"Feature","geometry":{"type":"Point","coordinates":[34.806748,0.061692]},"properties":{"id":"523328230","n":"Musengeli PS 3","t":"ps","c":"Vihiga"}},{"type":"Feature","geometry":{"type":"Point","coordinates":[34.828285,0.075601]},"properties":{"id":"523267894","n":"Kapkemei PS 1","t":"ps","c":"Vihiga"}},{"type":"Feature","geometry":{"type":"Point","coordinates":[34.839907,0.077409]},"properties":{"id":"523321910","n":"Chepsirion US","t":"us","c":"Vihiga"}},{"type":"Feature","geometry":{"type":"Point","coordinates":[34.815078,0.072589]},"properties":{"id":"523257079","n":"Kapsogoro PS 2","t":"ps","c":"Vihiga"}},{"type":"Feature","geometry":{"type":"Point","coordinates":[34.851595,0.081957]},"properties":{"id":"523195924","n":"Vasuba US Isichi","t":"us","c":"Vihiga"}},{"type":"Feature","geometry":{"type":"Point","coordinates":[34.823354,0.08024]},"properties":{"id":"523342506","n":"Vakhatiri US Muruli","t":"us","c":"Vihiga"}},{"type":"Feature","geometry":{"type":"Point","coordinates":[34.845995,0.083029]},"properties":{"id":"523307228","n":"Vasamia PS Minyata","t":"ps","c":"Vihiga"}},{"type":"Feature","geometry":{"type":"Point","coordinates":[34.843475,0.084223]},"properties":{"id":"523336871","n":"Valukhova PS Ambani Walter","t":"ps","c":"Vihiga"}},{"type":"Feature","geometry":{"type":"Point","coordinates":[34.81756,0.055009]},"properties":{"id":"523217411","n":"Gavudia A","t":"ps","c":"Vihiga"}},{"type":"Feature","geometry":{"type":"Point","coordinates":[34.84846,0.075698]},"properties":{"id":"523214717","n":"Kamulongon B US 2","t":"us","c":"Vihiga"}},{"type":"Feature","geometry":{"type":"Point","coordinates":[34.843643,0.072268]},"properties":{"id":"523251688","n":"Kamulongon A PS 4","t":"ps","c":"Vihiga"}},{"type":"Feature","geometry":{"type":"Point","coordinates":[34.840554,0.057553]},"properties":{"id":"523317892","n":"Goibei A PS","t":"ps","c":"Vihiga"}},{"type":"Feature","geometry":{"type":"Point","coordinates":[34.819943,0.076488]},"properties":{"id":"523237525","n":"Jiveywa PS 1","t":"ps","c":"Vihiga"}},{"type":"Feature","geometry":{"type":"Point","coordinates":[34.845229,0.081632]},"properties":{"id":"523288693","n":"Vasamia US Musa Makalava","t":"us","c":"Vihiga"}},{"type":"Feature","geometry":{"type":"Point","coordinates":[34.825072,0.054244]},"properties":{"id":"523198769","n":"Kipsigor US 1","t":"ps","c":"Vihiga"}},{"type":"Feature","geometry":{"type":"Point","coordinates":[34.820623,0.053235]},"properties":{"id":"523338275","n":"Gavudia B","t":"pdw","c":"Vihiga"}},{"type":"Feature","geometry":{"type":"Point","coordinates":[34.828182,0.06231]},"properties":{"id":"523194404","n":"Kimarani US 2","t":"us","c":"Vihiga"}},{"type":"Feature","geometry":{"type":"Point","coordinates":[34.794581,0.054877]},"properties":{"id":"523216159","n":"Kapkoi PS 1","t":"ps","c":"Vihiga"}},{"type":"Feature","geometry":{"type":"Point","coordinates":[34.809752,0.051924]},"properties":{"id":"523226857","n":"Madeya ps 1","t":"ps","c":"Vihiga"}},{"type":"Feature","geometry":{"type":"Point","coordinates":[34.835132,0.083329]},"properties":{"id":"523280248","n":"Vikhava PD Rhoda Amukata","t":"pdw","c":"Vihiga"}},{"type":"Feature","geometry":{"type":"Point","coordinates":[34.825736,0.072846]},"properties":{"id":"523278988","n":"Kapkemei US 2","t":"us","c":"Vihiga"}},{"type":"Feature","geometry":{"type":"Point","coordinates":[34.833213,0.076041]},"properties":{"id":"523345970","n":"Kabinjari US 4","t":"us","c":"Vihiga"}},{"type":"Feature","geometry":{"type":"Point","coordinates":[34.80065,0.068451]},"properties":{"id":"523286608","n":"Kipkiran PS 1","t":"ps","c":"Vihiga"}},{"type":"Feature","geometry":{"type":"Point","coordinates":[34.804949,0.076284]},"properties":{"id":"523323228","n":"Bukhuvera B US 3","t":"us","c":"Vihiga"}},{"type":"Feature","geometry":{"type":"Point","coordinates":[34.830074,0.069137]},"properties":{"id":"82139238","n":"Kimarani, Kipsiro Spring - 19168","t":"ps","c":"Vihiga"}},{"type":"Feature","geometry":{"type":"Point","coordinates":[34.837123,0.07653]},"properties":{"id":"410824180","n":"Ayugu Water Spring No 1721","t":"ps","c":"Vihiga"}},{"type":"Feature","geometry":{"type":"Point","coordinates":[34.83199,0.07863]},"properties":{"id":"397687749","n":"Shiraya Water Spring No 1720","t":"ps","c":"Vihiga"}},{"type":"Feature","geometry":{"type":"Point","coordinates":[34.832207,0.039512]},"properties":{"id":"523339166","n":"Kilaha PS 1","t":"ps","c":"Vihiga"}},{"type":"Feature","geometry":{"type":"Point","coordinates":[34.83356,0.061193]},"properties":{"id":"523344591","n":"Jemojeji US 6","t":"us","c":"Vihiga"}},{"type":"Feature","geometry":{"type":"Point","coordinates":[34.815575,0.061796]},"properties":{"id":"523342805","n":"Gamuren ps 1","t":"ps","c":"Vihiga"}},{"type":"Feature","geometry":{"type":"Point","coordinates":[34.841,0.085018]},"properties":{"id":"523254179","n":"Vakhuvera PS Simavi","t":"ps","c":"Vihiga"}},{"type":"Feature","geometry":{"type":"Point","coordinates":[34.826331,0.041944]},"properties":{"id":"523311968","n":"Kitulu A PD","t":"pdw","c":"Vihiga"}},{"type":"Feature","geometry":{"type":"Point","coordinates":[34.842615,0.081472]},"properties":{"id":"552713649","n":"Kaptieni Primary School - 22230","t":"bh","c":"Vihiga","d":96.0}},{"type":"Feature","geometry":{"type":"Point","coordinates":[34.760226,0.063436]},"properties":{"id":"523290654","n":"Jemaga PS 14","t":"ps","c":"Vihiga"}},{"type":"Feature","geometry":{"type":"Point","coordinates":[34.78375,0.068785]},"properties":{"id":"243245752","n":"Idavo Water Spring No  1506","t":"ps","c":"Vihiga"}},{"type":"Feature","geometry":{"type":"Point","coordinates":[34.768991,0.038531]},"properties":{"id":"523326135","n":"Lwombei US 11","t":"us","c":"Vihiga"}},{"type":"Feature","geometry":{"type":"Point","coordinates":[34.738825,0.0496]},"properties":{"id":"523206248","n":"Gidu PS 2","t":"ps","c":"Vihiga"}},{"type":"Feature","geometry":{"type":"Point","coordinates":[34.758267,0.060797]},"properties":{"id":"523298102","n":"Jegereni PS 18","t":"ps","c":"Vihiga"}},{"type":"Feature","geometry":{"type":"Point","coordinates":[34.784281,0.054402]},"properties":{"id":"523337449","n":"Shikomoli PD 17","t":"pdw","c":"Vihiga"}},{"type":"Feature","geometry":{"type":"Point","coordinates":[34.78967,0.077345]},"properties":{"id":"246652799","n":"Kwamutuva Water Spring No 1510","t":"ps","c":"Vihiga"}},{"type":"Feature","geometry":{"type":"Point","coordinates":[34.775002,0.061841]},"properties":{"id":"523287757","n":"Madidi PS 7","t":"ps","c":"Vihiga"}},{"type":"Feature","geometry":{"type":"Point","coordinates":[34.783677,0.07348]},"properties":{"id":"241441161","n":"Luseno Water Spring No 1502","t":"ps","c":"Vihiga"}},{"type":"Feature","geometry":{"type":"Point","coordinates":[34.752883,0.051873]},"properties":{"id":"523264633","n":"Giminoi US 5","t":"us","c":"Vihiga"}},{"type":"Feature","geometry":{"type":"Point","coordinates":[34.760189,0.059094]},"properties":{"id":"523355915","n":"Jemaga PD 13","t":"pdw","c":"Vihiga"}},{"type":"Feature","geometry":{"type":"Point","coordinates":[34.761262,0.068087]},"properties":{"id":"18914072","n":"Eneve Water Spring No 977","t":"ps","c":"Vihiga"}},{"type":"Feature","geometry":{"type":"Point","coordinates":[34.771457,0.058453]},"properties":{"id":"279753694","n":"Inzilia Water Spring No 1557","t":"ps","c":"Vihiga"}},{"type":"Feature","geometry":{"type":"Point","coordinates":[34.755464,0.041267]},"properties":{"id":"523237587","n":"Galona PS 3","t":"ps","c":"Vihiga"}},{"type":"Feature","geometry":{"type":"Point","coordinates":[34.748851,0.049401]},"properties":{"id":"523236160","n":"Giminoi Ps 1","t":"ps","c":"Vihiga"}},{"type":"Feature","geometry":{"type":"Point","coordinates":[34.75674,0.07249]},"properties":{"id":"7458473","n":"Givunji, Givunji Spring - 4592","t":"ps","c":"Vihiga"}},{"type":"Feature","geometry":{"type":"Point","coordinates":[34.763207,0.057589]},"properties":{"id":"523355908","n":"Jemaga PD 11","t":"pdw","c":"Vihiga"}},{"type":"Feature","geometry":{"type":"Point","coordinates":[34.772998,0.070491]},"properties":{"id":"523344113","n":"Liavora PD 7","t":"pdw","c":"Vihiga"}},{"type":"Feature","geometry":{"type":"Point","coordinates":[34.798995,0.077176]},"properties":{"id":"523277509","n":"Jimaswagi PS 4","t":"ps","c":"Vihiga"}},{"type":"Feature","geometry":{"type":"Point","coordinates":[34.787735,0.064925]},"properties":{"id":"261993387","n":"Kwashieywe Water Spring No 1528","t":"ps","c":"Vihiga"}},{"type":"Feature","geometry":{"type":"Point","coordinates":[34.782485,0.063985]},"properties":{"id":"523227401","n":"Jeptorol PS 6","t":"ps","c":"Vihiga"}},{"type":"Feature","geometry":{"type":"Point","coordinates":[34.751542,0.062176]},"properties":{"id":"523257268","n":"Matuga US 26","t":"us","c":"Vihiga"}},{"type":"Feature","geometry":{"type":"Point","coordinates":[34.774062,0.069451]},"properties":{"id":"523356071","n":"Liavora PD 6","t":"pdw","c":"Vihiga"}},{"type":"Feature","geometry":{"type":"Point","coordinates":[34.753247,0.052405]},"properties":{"id":"416048166","n":"Wadonde Water Spring No 1732","t":"ps","c":"Vihiga"}},{"type":"Feature","geometry":{"type":"Point","coordinates":[34.786386,0.061422]},"properties":{"id":"523289917","n":"Jeptorol US 1","t":"us","c":"Vihiga"}},{"type":"Feature","geometry":{"type":"Point","coordinates":[34.755848,0.058265]},"properties":{"id":"404487018","n":"Wasuluda Water Spring No 1712","t":"ps","c":"Vihiga"}},{"type":"Feature","geometry":{"type":"Point","coordinates":[34.789554,0.077306]},"properties":{"id":"523277224","n":"Musirigwa PS 6","t":"ps","c":"Vihiga"}},{"type":"Feature","geometry":{"type":"Point","coordinates":[34.746558,0.053126]},"properties":{"id":"523217435","n":"Gisambai PS 11","t":"ps","c":"Vihiga"}},{"type":"Feature","geometry":{"type":"Point","coordinates":[34.797779,0.077106]},"properties":{"id":"523292876","n":"Jimaswagi PS 6","t":"ps","c":"Vihiga"}},{"type":"Feature","geometry":{"type":"Point","coordinates":[34.782012,0.071102]},"properties":{"id":"242811022","n":"Walikabiru Spring No","t":"ps","c":"Vihiga"}},{"type":"Feature","geometry":{"type":"Point","coordinates":[34.770422,0.055832]},"properties":{"id":"523198271","n":"Munzatsi PS 1","t":"ps","c":"Vihiga"}},{"type":"Feature","geometry":{"type":"Point","coordinates":[34.771124,0.035817]},"properties":{"id":"523271792","n":"Kaptum US 3","t":"us","c":"Vihiga"}},{"type":"Feature","geometry":{"type":"Point","coordinates":[34.785501,0.056176]},"properties":{"id":"523241117","n":"Shikomoli US 14","t":"us","c":"Vihiga"}},{"type":"Feature","geometry":{"type":"Point","coordinates":[34.776017,0.072343]},"properties":{"id":"272772566","n":"Gamoi Water Spring No 1555","t":"ps","c":"Vihiga"}},{"type":"Feature","geometry":{"type":"Point","coordinates":[34.801285,0.079515]},"properties":{"id":"523313159","n":"Bukhuvera B PS 1","t":"ps","c":"Vihiga"}},{"type":"Feature","geometry":{"type":"Point","coordinates":[34.784594,0.057023]},"properties":{"id":"523249342","n":"Shikomoli PS 12","t":"ps","c":"Vihiga"}},{"type":"Feature","geometry":{"type":"Point","coordinates":[34.751258,0.04965]},"properties":{"id":"523261575","n":"Giminoi PS 2","t":"ps","c":"Vihiga"}},{"type":"Feature","geometry":{"type":"Point","coordinates":[34.761923,0.055918]},"properties":{"id":"381780340","n":"Gapsundu Water Spring No 1697","t":"ps","c":"Vihiga"}},{"type":"Feature","geometry":{"type":"Point","coordinates":[34.77537,0.076693]},"properties":{"id":"18914089","n":"Kigaro Water Spring No 976","t":"ps","c":"Vihiga"}},{"type":"Feature","geometry":{"type":"Point","coordinates":[34.78285,0.06427]},"properties":{"id":"523319739","n":"Jeptorol US 5","t":"us","c":"Vihiga"}},{"type":"Feature","geometry":{"type":"Point","coordinates":[34.765472,0.072815]},"properties":{"id":"24705750","n":"Kamaliki Water Spring No 1007","t":"ps","c":"Vihiga"}},{"type":"Feature","geometry":{"type":"Point","coordinates":[34.753864,0.05907]},"properties":{"id":"523193403","n":"Jegereni PS 1","t":"ps","c":"Vihiga"}},{"type":"Feature","geometry":{"type":"Point","coordinates":[34.755906,0.052947]},"properties":{"id":"523345891","n":"Gimomoi PS 1","t":"ps","c":"Vihiga"}},{"type":"Feature","geometry":{"type":"Point","coordinates":[34.756764,0.064978]},"properties":{"id":"523284668","n":"Jegereni PS 15","t":"ps","c":"Vihiga"}},{"type":"Feature","geometry":{"type":"Point","coordinates":[34.765728,0.033141]},"properties":{"id":"523216506","n":"Lwombei PD 1","t":"pdw","c":"Vihiga"}},{"type":"Feature","geometry":{"type":"Point","coordinates":[34.786827,0.061603]},"properties":{"id":"275524247","n":"Kwalusenjeli Water Spring No 1554","t":"ps","c":"Vihiga"}},{"type":"Feature","geometry":{"type":"Point","coordinates":[34.786953,0.077882]},"properties":{"id":"523344601","n":"Musirigwa PS 5","t":"ps","c":"Vihiga"}},{"type":"Feature","geometry":{"type":"Point","coordinates":[34.77938,0.072443]},"properties":{"id":"246750037","n":"Chogo Water Spring No 1532","t":"ps","c":"Vihiga"}},{"type":"Feature","geometry":{"type":"Point","coordinates":[34.758812,0.06445]},"properties":{"id":"424251129","n":"Mbogani Water Spring No 1744","t":"ps","c":"Vihiga"}},{"type":"Feature","geometry":{"type":"Point","coordinates":[34.77234,0.063071]},"properties":{"id":"523255541","n":"Madidi PS 5","t":"ps","c":"Vihiga"}},{"type":"Feature","geometry":{"type":"Point","coordinates":[34.752169,0.056155]},"properties":{"id":"523338457","n":"Gisambai PS 15","t":"ps","c":"Vihiga"}},{"type":"Feature","geometry":{"type":"Point","coordinates":[34.782833,0.056011]},"properties":{"id":"523315113","n":"Shikomoli PS 11","t":"ps","c":"Vihiga"}},{"type":"Feature","geometry":{"type":"Point","coordinates":[34.770801,0.067597]},"properties":{"id":"523356064","n":"Liavora PD 5","t":"pdw","c":"Vihiga"}},{"type":"Feature","geometry":{"type":"Point","coordinates":[34.785202,0.065333]},"properties":{"id":"523232166","n":"Jeptorol US 4","t":"us","c":"Vihiga"}},{"type":"Feature","geometry":{"type":"Point","coordinates":[34.794287,0.07567]},"properties":{"id":"523356222","n":"Jimaswagi PD 8","t":"pdw","c":"Vihiga"}},{"type":"Feature","geometry":{"type":"Point","coordinates":[34.745761,0.05144]},"properties":{"id":"523308717","n":"Gidu PS 25","t":"ps","c":"Vihiga"}},{"type":"Feature","geometry":{"type":"Point","coordinates":[34.769889,0.036476]},"properties":{"id":"523301552","n":"Kaptum UD 4","t":"udw","c":"Vihiga"}},{"type":"Feature","geometry":{"type":"Point","coordinates":[34.775109,0.043928]},"properties":{"id":"523328340","n":"Gamuguywa UD 5","t":"pdw","c":"Vihiga"}},{"type":"Feature","geometry":{"type":"Point","coordinates":[34.779378,0.07244]},"properties":{"id":"523215251","n":"Vuvai PS 4","t":"ps","c":"Vihiga"}},{"type":"Feature","geometry":{"type":"Point","coordinates":[34.771377,0.037928]},"properties":{"id":"523313692","n":"Lwombei US 8","t":"us","c":"Vihiga"}},{"type":"Feature","geometry":{"type":"Point","coordinates":[34.763393,0.056232]},"properties":{"id":"404391793","n":"Munjera Water Spring No 1715","t":"ps","c":"Vihiga"}},{"type":"Feature","geometry":{"type":"Point","coordinates":[34.774503,0.054037]},"properties":{"id":"373819135","n":"Kapsasur Water Spring No 1683","t":"ps","c":"Vihiga"}},{"type":"Feature","geometry":{"type":"Point","coordinates":[34.785128,0.06679]},"properties":{"id":"523251695","n":"Gawani PS 5","t":"ps","c":"Vihiga"}},{"type":"Feature","geometry":{"type":"Point","coordinates":[34.76532,0.058724]},"properties":{"id":"523253525","n":"Jemaga PS 7","t":"ps","c":"Vihiga"}},{"type":"Feature","geometry":{"type":"Point","coordinates":[34.778546,0.065287]},"properties":{"id":"523343875","n":"Jeptorol PS 9","t":"ps","c":"Vihiga"}},{"type":"Feature","geometry":{"type":"Point","coordinates":[34.782803,0.06419]},"properties":{"id":"275534828","n":"Game Water Spring No 1553","t":"ps","c":"Vihiga"}},{"type":"Feature","geometry":{"type":"Point","coordinates":[34.767044,0.035209]},"properties":{"id":"523207672","n":"Lwombei US 2","t":"us","c":"Vihiga"}},{"type":"Feature","geometry":{"type":"Point","coordinates":[34.749408,0.044332]},"properties":{"id":"523323620","n":"Gambo PS 9","t":"ps","c":"Vihiga"}},{"type":"Feature","geometry":{"type":"Point","coordinates":[34.780237,0.049662]},"properties":{"id":"523225227","n":"Gamugeni US 11","t":"us","c":"Vihiga"}},{"type":"Feature","geometry":{"type":"Point","coordinates":[34.750839,0.062471]},"properties":{"id":"523340425","n":"Matuga PS 27","t":"ps","c":"Vihiga"}},{"type":"Feature","geometry":{"type":"Point","coordinates":[34.767963,0.03602]},"properties":{"id":"523276340","n":"Lwombei PS 3","t":"ps","c":"Vihiga"}},{"type":"Feature","geometry":{"type":"Point","coordinates":[34.767124,0.053986]},"properties":{"id":"523271060","n":"Jeredei PS 5","t":"ps","c":"Vihiga"}},{"type":"Feature","geometry":{"type":"Point","coordinates":[34.751778,0.063322]},"properties":{"id":"523310307","n":"Jegereni PS 6","t":"ps","c":"Vihiga"}},{"type":"Feature","geometry":{"type":"Point","coordinates":[34.750819,0.042303]},"properties":{"id":"523332114","n":"Gambo PD 5","t":"pdw","c":"Vihiga"}},{"type":"Feature","geometry":{"type":"Point","coordinates":[34.781921,0.064932]},"properties":{"id":"523343538","n":"Jeptorol PS 7","t":"ps","c":"Vihiga"}},{"type":"Feature","geometry":{"type":"Point","coordinates":[34.743002,0.056677]},"properties":{"id":"561114473","n":"Mimene Water Spring No 1822","t":"ps","c":"Vihiga"}},{"type":"Feature","geometry":{"type":"Point","coordinates":[34.771921,0.044767]},"properties":{"id":"523355520","n":"Gamuguywa PD 6","t":"pdw","c":"Vihiga"}},{"type":"Feature","geometry":{"type":"Point","coordinates":[34.787148,0.071007]},"properties":{"id":"523300537","n":"Kanyamosi PD 5","t":"pdw","c":"Vihiga"}},{"type":"Feature","geometry":{"type":"Point","coordinates":[34.766795,0.058341]},"properties":{"id":"523355881","n":"Jemaga PD 6","t":"pdw","c":"Vihiga"}},{"type":"Feature","geometry":{"type":"Point","coordinates":[34.750616,0.044677]},"properties":{"id":"523355348","n":"Gambo PD 12","t":"pdw","c":"Vihiga"}},{"type":"Feature","geometry":{"type":"Point","coordinates":[34.770204,0.055532]},"properties":{"id":"523325110","n":"Munzatsi PS 2","t":"ps","c":"Vihiga"}},{"type":"Feature","geometry":{"type":"Point","coordinates":[34.786903,0.078028]},"properties":{"id":"250774531","n":"Kwaasiji Water Spring No 1526","t":"ps","c":"Vihiga"}},{"type":"Feature","geometry":{"type":"Point","coordinates":[34.742808,0.047106]},"properties":{"id":"523213620","n":"Gidagadi US 24","t":"us","c":"Vihiga"}},{"type":"Feature","geometry":{"type":"Point","coordinates":[34.760531,0.068678]},"properties":{"id":"21211779","n":"Ondego Water Spring No 988","t":"ps","c":"Vihiga"}},{"type":"Feature","geometry":{"type":"Point","coordinates":[34.740321,0.054226]},"properties":{"id":"523208604","n":"Gavugwanyi PS 14","t":"ps","c":"Vihiga"}},{"type":"Feature","geometry":{"type":"Point","coordinates":[34.743803,0.045995]},"properties":{"id":"523343435","n":"Gidagadi PD 23","t":"pdw","c":"Vihiga"}},{"type":"Feature","geometry":{"type":"Point","coordinates":[34.770419,0.073895]},"properties":{"id":"21217270","n":"Mmbosu Water Spring No 984","t":"ps","c":"Vihiga"}},{"type":"Feature","geometry":{"type":"Point","coordinates":[34.789294,0.07365]},"properties":{"id":"523317201","n":"Jebrongo PS 7","t":"ps","c":"Vihiga"}},{"type":"Feature","geometry":{"type":"Point","coordinates":[34.777491,0.074937]},"properties":{"id":"523356136","n":"Vuvai PD 2","t":"pdw","c":"Vihiga"}},{"type":"Feature","geometry":{"type":"Point","coordinates":[34.778327,0.058228]},"properties":{"id":"523218340","n":"Jepses PS 2","t":"ps","c":"Vihiga"}},{"type":"Feature","geometry":{"type":"Point","coordinates":[34.76929,0.049495]},"properties":{"id":"384117965","n":"Mlembe Water Spring No 1702","t":"ps","c":"Vihiga"}},{"type":"Feature","geometry":{"type":"Point","coordinates":[34.791027,0.077227]},"properties":{"id":"243263534","n":"Aluvukha Water Spring No 1511","t":"ps","c":"Vihiga"}},{"type":"Feature","geometry":{"type":"Point","coordinates":[34.747741,0.046365]},"properties":{"id":"523233105","n":"Gambo PD 14","t":"pdw","c":"Vihiga"}},{"type":"Feature","geometry":{"type":"Point","coordinates":[34.778333,0.058218]},"properties":{"id":"272696987","n":"Kapsoen Water Spring No 1536","t":"ps","c":"Vihiga"}},{"type":"Feature","geometry":{"type":"Point","coordinates":[34.786794,0.061092]},"properties":{"id":"523347628","n":"Gawani US 2","t":"us","c":"Vihiga"}},{"type":"Feature","geometry":{"type":"Point","coordinates":[34.783756,0.068942]},"properties":{"id":"523194909","n":"Vuvai PS 7","t":"ps","c":"Vihiga"}},{"type":"Feature","geometry":{"type":"Point","coordinates":[34.759114,0.047342]},"properties":{"id":"523251774","n":"Gidimo PS 6","t":"ps","c":"Vihiga"}},{"type":"Feature","geometry":{"type":"Point","coordinates":[34.783148,0.057357]},"properties":{"id":"246747855","n":"Lizengerere Water Spring No 1531","t":"ps","c":"Vihiga"}},{"type":"Feature","geometry":{"type":"Point","coordinates":[34.754677,0.042496]},"properties":{"id":"523338536","n":"Galona US 2","t":"us","c":"Vihiga"}},{"type":"Feature","geometry":{"type":"Point","coordinates":[34.769294,0.052229]},"properties":{"id":"523192718","n":"Munzatsi PS 4","t":"ps","c":"Vihiga"}},{"type":"Feature","geometry":{"type":"Point","coordinates":[34.785508,0.074042]},"properties":{"id":"523256487","n":"Jebrongo US 4","t":"us","c":"Vihiga"}},{"type":"Feature","geometry":{"type":"Point","coordinates":[34.786884,0.078115]},"properties":{"id":"523328333","n":"Musirigwa PS 4","t":"ps","c":"Vihiga"}},{"type":"Feature","geometry":{"type":"Point","coordinates":[34.759212,0.059675]},"properties":{"id":"415623391","n":"Egobwa Water Spring No 1731","t":"ps","c":"Vihiga"}},{"type":"Feature","geometry":{"type":"Point","coordinates":[34.775731,0.065045]},"properties":{"id":"523236964","n":"Jepkikoi PS 4","t":"ps","c":"Vihiga"}},{"type":"Feature","geometry":{"type":"Point","coordinates":[34.752495,0.043962]},"properties":{"id":"523355331","n":"Gambo PD 20","t":"pdw","c":"Vihiga"}},{"type":"Feature","geometry":{"type":"Point","coordinates":[34.768582,0.040197]},"properties":{"id":"523193867","n":"Lwombei PS 10","t":"ps","c":"Vihiga"}},{"type":"Feature","geometry":{"type":"Point","coordinates":[34.761812,0.055833]},"properties":{"id":"523235169","n":"Gimomoi PS 4","t":"ps","c":"Vihiga"}},{"type":"Feature","geometry":{"type":"Point","coordinates":[34.797818,0.079029]},"properties":{"id":"523251190","n":"Jimaswagi PS 2","t":"ps","c":"Vihiga"}},{"type":"Feature","geometry":{"type":"Point","coordinates":[34.767538,0.069078]},"properties":{"id":"307594826","n":"Wamondo Water Spring No 1566","t":"ps","c":"Vihiga"}},{"type":"Feature","geometry":{"type":"Point","coordinates":[34.797537,0.077457]},"properties":{"id":"237151900","n":"Khadasia Water Spring No","t":"ps","c":"Vihiga"}},{"type":"Feature","geometry":{"type":"Point","coordinates":[34.758598,0.049347]},"properties":{"id":"411655486","n":"Gidimo Water Spring No 1727","t":"ps","c":"Vihiga"}},{"type":"Feature","geometry":{"type":"Point","coordinates":[34.759619,0.045647]},"properties":{"id":"523242156","n":"Gidimo US 1","t":"us","c":"Vihiga"}},{"type":"Feature","geometry":{"type":"Point","coordinates":[34.759334,0.058989]},"properties":{"id":"523313898","n":"Jemaga PS 12","t":"ps","c":"Vihiga"}},{"type":"Feature","geometry":{"type":"Point","coordinates":[34.7388,0.05375]},"properties":{"id":"523280554","n":"Gidu US 5","t":"us","c":"Vihiga"}},{"type":"Feature","geometry":{"type":"Point","coordinates":[34.749872,0.043813]},"properties":{"id":"523347343","n":"Gambo US 8","t":"us","c":"Vihiga"}},{"type":"Feature","geometry":{"type":"Point","coordinates":[34.777336,0.043508]},"properties":{"id":"523272205","n":"Gamuguywa PS 2","t":"ps","c":"Vihiga"}},{"type":"Feature","geometry":{"type":"Point","coordinates":[34.748812,0.049378]},"properties":{"id":"519979192","n":"Giminoi Community, Midigo Spring - 23119","t":"ps","c":"Vihiga"}},{"type":"Feature","geometry":{"type":"Point","coordinates":[34.78389,0.073525]},"properties":{"id":"523321147","n":"Jebrongo PS 3","t":"ps","c":"Vihiga"}},{"type":"Feature","geometry":{"type":"Point","coordinates":[34.767958,0.06027]},"properties":{"id":"523288325","n":"Jemaga PS 2","t":"ps","c":"Vihiga"}},{"type":"Feature","geometry":{"type":"Point","coordinates":[34.759818,0.057155]},"properties":{"id":"381805373","n":"Gavaji B Water Spring No 1699","t":"ps","c":"Vihiga"}},{"type":"Feature","geometry":{"type":"Point","coordinates":[34.785958,0.069743]},"properties":{"id":"243261422","n":"Kwakiviha Water Spring No 1509","t":"ps","c":"Vihiga"}},{"type":"Feature","geometry":{"type":"Point","coordinates":[34.753281,0.052441]},"properties":{"id":"523314387","n":"Giminoi PS 6","t":"ps","c":"Vihiga"}},{"type":"Feature","geometry":{"type":"Point","coordinates":[34.774673,0.038577]},"properties":{"id":"452082557","n":"Kerla Water Spring No 1747","t":"ps","c":"Vihiga"}},{"type":"Feature","geometry":{"type":"Point","coordinates":[34.753063,0.061557]},"properties":{"id":"411711755","n":"Luamiani Water Spring No 1729","t":"ps","c":"Vihiga"}},{"type":"Feature","geometry":{"type":"Point","coordinates":[34.795124,0.077181]},"properties":{"id":"523356215","n":"Jimaswagi PD 7","t":"pdw","c":"Vihiga"}},{"type":"Feature","geometry":{"type":"Point","coordinates":[34.750065,0.065443]},"properties":{"id":"412969449","n":"Mang'ang'a Water Spring No 1730","t":"ps","c":"Vihiga"}},{"type":"Feature","geometry":{"type":"Point","coordinates":[34.78442,0.074201]},"properties":{"id":"523193379","n":"Misirigwa PS 1","t":"ps","c":"Vihiga"}},{"type":"Feature","geometry":{"type":"Point","coordinates":[34.777188,0.044459]},"properties":{"id":"523197809","n":"Gamuguywa UD 3","t":"us","c":"Vihiga"}},{"type":"Feature","geometry":{"type":"Point","coordinates":[34.776549,0.05669]},"properties":{"id":"523273718","n":"Jepses US 1","t":"us","c":"Vihiga"}},{"type":"Feature","geometry":{"type":"Point","coordinates":[34.772454,0.076644]},"properties":{"id":"18914096","n":"Wamatimu Water Spring No 979","t":"ps","c":"Vihiga"}},{"type":"Feature","geometry":{"type":"Point","coordinates":[34.778956,0.044074]},"properties":{"id":"539195776","n":"Gamuguywa Primary School - 22239","t":"bh","c":"Vihiga","d":96.0}},{"type":"Feature","geometry":{"type":"Point","coordinates":[34.787755,0.064983]},"properties":{"id":"523259363","n":"Gawani PS 4","t":"ps","c":"Vihiga"}},{"type":"Feature","geometry":{"type":"Point","coordinates":[34.775787,0.06221]},"properties":{"id":"523356112","n":"Madidi PD 8","t":"pdw","c":"Vihiga"}},{"type":"Feature","geometry":{"type":"Point","coordinates":[34.759248,0.052002]},"properties":{"id":"406304207","n":"Mugomeru Water Spring No 1714","t":"ps","c":"Vihiga"}},{"type":"Feature","geometry":{"type":"Point","coordinates":[34.786837,0.073682]},"properties":{"id":"523322131","n":"Jebrongo PS 5","t":"ps","c":"Vihiga"}},{"type":"Feature","geometry":{"type":"Point","coordinates":[34.775179,0.068075]},"properties":{"id":"523319416","n":"Jepkikoi PS 1","t":"ps","c":"Vihiga"}},{"type":"Feature","geometry":{"type":"Point","coordinates":[34.761342,0.0695]},"properties":{"id":"21211841","n":"Abere Water Spring No 985","t":"ps","c":"Vihiga"}},{"type":"Feature","geometry":{"type":"Point","coordinates":[34.753626,0.041071]},"properties":{"id":"523225935","n":"Gambo PS 1","t":"ps","c":"Vihiga"}},{"type":"Feature","geometry":{"type":"Point","coordinates":[34.753885,0.069935]},"properties":{"id":"24704883","n":"Omolo Water Spring No 996","t":"ps","c":"Vihiga"}},{"type":"Feature","geometry":{"type":"Point","coordinates":[34.782169,0.073675]},"properties":{"id":"523246686","n":"Vuvai PS 3","t":"ps","c":"Vihiga"}},{"type":"Feature","geometry":{"type":"Point","coordinates":[34.77117,0.036891]},"properties":{"id":"523252672","n":"Kaptum US 2","t":"us","c":"Vihiga"}},{"type":"Feature","geometry":{"type":"Point","coordinates":[34.756802,0.064965]},"properties":{"id":"523277688","n":"Jegereni PS 16","t":"ps","c":"Vihiga"}},{"type":"Feature","geometry":{"type":"Point","coordinates":[34.781149,0.059107]},"properties":{"id":"523239022","n":"Jepsidai US 4","t":"us","c":"Vihiga"}},{"type":"Feature","geometry":{"type":"Point","coordinates":[34.748986,0.05588]},"properties":{"id":"506970643","n":"Gisambai Primary School - 22212","t":"bh","c":"Vihiga","d":82.0}},{"type":"Feature","geometry":{"type":"Point","coordinates":[34.779271,0.041849]},"properties":{"id":"523339049","n":"Gamuguywa PD","t":"pdw","c":"Vihiga"}},{"type":"Feature","geometry":{"type":"Point","coordinates":[34.784804,0.071119]},"properties":{"id":"523271084","n":"Jebrongo PS 2","t":"ps","c":"Vihiga"}},{"type":"Feature","geometry":{"type":"Point","coordinates":[34.741765,0.052997]},"properties":{"id":"523217734","n":"Gavugwanyi PS 13","t":"ps","c":"Vihiga"}},{"type":"Feature","geometry":{"type":"Point","coordinates":[34.798884,0.083057]},"properties":{"id":"523247230","n":"Jimaswagi PS 1","t":"ps","c":"Vihiga"}},{"type":"Feature","geometry":{"type":"Point","coordinates":[34.778592,0.078417]},"properties":{"id":"48271631","n":"Vigege Water Spring No 1079","t":"ps","c":"Vihiga"}},{"type":"Feature","geometry":{"type":"Point","coordinates":[34.750867,0.068731]},"properties":{"id":"18914065","n":"Wagevera Water Spring No 1131","t":"ps","c":"Vihiga"}},{"type":"Feature","geometry":{"type":"Point","coordinates":[34.78293,0.055982]},"properties":{"id":"246737092","n":"Waluvega Water Spring No 1530","t":"ps","c":"Vihiga"}},{"type":"Feature","geometry":{"type":"Point","coordinates":[34.768203,0.05778]},"properties":{"id":"373817119","n":"Kwadira Water Spring No 1682","t":"ps","c":"Vihiga"}},{"type":"Feature","geometry":{"type":"Point","coordinates":[34.777871,0.062277]},"properties":{"id":"523244976","n":"Jepses UD 4","t":"udw","c":"Vihiga"}},{"type":"Feature","geometry":{"type":"Point","coordinates":[34.774189,0.048358]},"properties":{"id":"523311054","n":"Kimogoi US 2","t":"us","c":"Vihiga"}},{"type":"Feature","geometry":{"type":"Point","coordinates":[34.759171,0.051979]},"properties":{"id":"523276742","n":"Gimomoi PS 2","t":"ps","c":"Vihiga"}},{"type":"Feature","geometry":{"type":"Point","coordinates":[34.76753,0.049932]},"properties":{"id":"360350610","n":"Jeredei Water Spring No 1669","t":"ps","c":"Vihiga"}},{"type":"Feature","geometry":{"type":"Point","coordinates":[34.759007,0.064551]},"properties":{"id":"523339702","n":"Jegereni PS 14","t":"ps","c":"Vihiga"}},{"type":"Feature","geometry":{"type":"Point","coordinates":[34.764233,0.065833]},"properties":{"id":"523248932","n":"Gamei PS 5","t":"ps","c":"Vihiga"}},{"type":"Feature","geometry":{"type":"Point","coordinates":[34.753395,0.040179]},"properties":{"id":"523240130","n":"Givogi PS 14","t":"ps","c":"Vihiga"}},{"type":"Feature","geometry":{"type":"Point","coordinates":[34.765147,0.061399]},"properties":{"id":"523313599","n":"Jemaga PS 5","t":"ps","c":"Vihiga"}},{"type":"Feature","geometry":{"type":"Point","coordinates":[34.7497,0.060548]},"properties":{"id":"523212069","n":"Matuga PG 29","t":"pdw","c":"Vihiga"}},{"type":"Feature","geometry":{"type":"Point","coordinates":[34.771895,0.040183]},"properties":{"id":"523253903","n":"Lwombei US 9","t":"us","c":"Vihiga"}},{"type":"Feature","geometry":{"type":"Point","coordinates":[34.767136,0.045274]},"properties":{"id":"523327813","n":"Jeblebuk PS 2","t":"ps","c":"Vihiga"}},{"type":"Feature","geometry":{"type":"Point","coordinates":[34.80317,0.080826]},"properties":{"id":"523226974","n":"Vasanga PS Kwaitambo","t":"ps","c":"Vihiga"}},{"type":"Feature","geometry":{"type":"Point","coordinates":[34.772333,0.063045]},"properties":{"id":"360355567","n":"Jemidoni Water Spring No 1665","t":"ps","c":"Vihiga"}},{"type":"Feature","geometry":{"type":"Point","coordinates":[34.764138,0.048864]},"properties":{"id":"523287599","n":"Jeredei US 2","t":"us","c":"Vihiga"}},{"type":"Feature","geometry":{"type":"Point","coordinates":[34.768208,0.057735]},"properties":{"id":"523246985","n":"Jemaga PS 1","t":"ps","c":"Vihiga"}},{"type":"Feature","geometry":{"type":"Point","coordinates":[34.778532,0.068463]},"properties":{"id":"523340353","n":"Jepkikoi PS 6","t":"ps","c":"Vihiga"}},{"type":"Feature","geometry":{"type":"Point","coordinates":[34.751049,0.041961]},"properties":{"id":"523293286","n":"Gambo PD 3","t":"pdw","c":"Vihiga"}},{"type":"Feature","geometry":{"type":"Point","coordinates":[34.755811,0.058286]},"properties":{"id":"523211776","n":"Gimomoi PS 6","t":"ps","c":"Vihiga"}},{"type":"Feature","geometry":{"type":"Point","coordinates":[34.756942,0.065877]},"properties":{"id":"523283784","n":"Jegereni PD 8","t":"pdw","c":"Vihiga"}},{"type":"Feature","geometry":{"type":"Point","coordinates":[34.744571,0.054865]},"properties":{"id":"523355441","n":"Gavugwanyi PD 9","t":"pdw","c":"Vihiga"}},{"type":"Feature","geometry":{"type":"Point","coordinates":[34.775981,0.072386]},"properties":{"id":"523295927","n":"Vuvai PS 1","t":"ps","c":"Vihiga"}},{"type":"Feature","geometry":{"type":"Point","coordinates":[34.775369,0.076759]},"properties":{"id":"10134012","n":"Kigaru Water Spring","t":"ps","c":"Vihiga"}},{"type":"Feature","geometry":{"type":"Point","coordinates":[34.739175,0.046973]},"properties":{"id":"523252036","n":"Gidagadi PD 39","t":"pdw","c":"Vihiga"}},{"type":"Feature","geometry":{"type":"Point","coordinates":[34.764195,0.040306]},"properties":{"id":"523205058","n":"Kapchemwani PS 2","t":"ps","c":"Vihiga"}},{"type":"Feature","geometry":{"type":"Point","coordinates":[34.74051,0.06061]},"properties":{"id":"531014","n":"Kidinye, Buyonga Spring - 4582","t":"ps","c":"Vihiga"}},{"type":"Feature","geometry":{"type":"Point","coordinates":[34.758203,0.060798]},"properties":{"id":"427217137","n":"Embalambala Water Spring No 1743","t":"ps","c":"Vihiga"}},{"type":"Feature","geometry":{"type":"Point","coordinates":[34.78193,0.064908]},"properties":{"id":"308701119","n":"Senetwa Water Spring No 1567","t":"ps","c":"Vihiga"}},{"type":"Feature","geometry":{"type":"Point","coordinates":[34.768155,0.076452]},"properties":{"id":"21211858","n":"Ang'era Water Spring No 987","t":"ps","c":"Vihiga"}},{"type":"Feature","geometry":{"type":"Point","coordinates":[34.781988,0.071123]},"properties":{"id":"246673086","n":"Kwalikaburu Water Spring No 1504","t":"ps","c":"Vihiga"}},{"type":"Feature","geometry":{"type":"Point","coordinates":[34.760194,0.067131]},"properties":{"id":"523307204","n":"Jegereni PS 13","t":"ps","c":"Vihiga"}},{"type":"Feature","geometry":{"type":"Point","coordinates":[34.779643,0.06937]},"properties":{"id":"523293004","n":"Jepkikoi PS 7","t":"ps","c":"Vihiga"}},{"type":"Feature","geometry":{"type":"Point","coordinates":[34.786851,0.072588]},"properties":{"id":"679035284","n":"Jebrongo Primary School - 23011","t":"bh","c":"Vihiga","d":100.0}},{"type":"Feature","geometry":{"type":"Point","coordinates":[34.76408,0.07401]},"properties":{"id":"7268766","n":"Mutambi, Kivumbi Spring - 4706","t":"ps","c":"Vihiga"}},{"type":"Feature","geometry":{"type":"Point","coordinates":[34.75586,0.053]},"properties":{"id":"382118517","n":"Jepjey Water Spring No 1700","t":"ps","c":"Vihiga"}},{"type":"Feature","geometry":{"type":"Point","coordinates":[34.775275,0.061688]},"properties":{"id":"272780918","n":"Weinyanya Water Spring No 1550","t":"ps","c":"Vihiga"}},{"type":"Feature","geometry":{"type":"Point","coordinates":[34.780149,0.059462]},"properties":{"id":"523226572","n":"Jepsidai US 5","t":"us","c":"Vihiga"}},{"type":"Feature","geometry":{"type":"Point","coordinates":[34.779088,0.061444]},"properties":{"id":"523205340","n":"Jepsidai PS 3","t":"ps","c":"Vihiga"}},{"type":"Feature","geometry":{"type":"Point","coordinates":[34.769741,0.069272]},"properties":{"id":"523289371","n":"Liavora PS 2","t":"ps","c":"Vihiga"}},{"type":"Feature","geometry":{"type":"Point","coordinates":[34.767632,0.069098]},"properties":{"id":"523200819","n":"Gamei PS 6","t":"ps","c":"Vihiga"}},{"type":"Feature","geometry":{"type":"Point","coordinates":[34.781065,0.073322]},"properties":{"id":"523346634","n":"Vuvai PD 5","t":"pdw","c":"Vihiga"}},{"type":"Feature","geometry":{"type":"Point","coordinates":[34.753234,0.058028]},"properties":{"id":"523224707","n":"Gimomoi PS 7","t":"ps","c":"Vihiga"}},{"type":"Feature","geometry":{"type":"Point","coordinates":[34.771039,0.051587]},"properties":{"id":"523209193","n":"Munzatsi PS 3","t":"ps","c":"Vihiga"}},{"type":"Feature","geometry":{"type":"Point","coordinates":[34.74734,0.059897]},"properties":{"id":"523220734","n":"Matuga PG 33","t":"pdw","c":"Vihiga"}},{"type":"Feature","geometry":{"type":"Point","coordinates":[34.770572,0.043382]},"properties":{"id":"523329547","n":"Jeblebuk PS 6","t":"ps","c":"Vihiga"}},{"type":"Feature","geometry":{"type":"Point","coordinates":[34.768632,0.065432]},"properties":{"id":"373824766","n":"Kwaayeka Water Spring No 1684","t":"ps","c":"Vihiga"}},{"type":"Feature","geometry":{"type":"Point","coordinates":[34.797559,0.077452]},"properties":{"id":"523306382","n":"Jimaswagi PS 5","t":"ps","c":"Vihiga"}},{"type":"Feature","geometry":{"type":"Point","coordinates":[34.784773,0.071055]},"properties":{"id":"241409130","n":"Wamunyovi Water Spring No 1498","t":"ps","c":"Vihiga"}},{"type":"Feature","geometry":{"type":"Point","coordinates":[34.769327,0.052165]},"properties":{"id":"360291386","n":"Kipkoren Water Spring No 1662","t":"ps","c":"Vihiga"}},{"type":"Feature","geometry":{"type":"Point","coordinates":[34.78306,0.051365]},"properties":{"id":"523340793","n":"Shikomoli PS 7","t":"ps","c":"Vihiga"}},{"type":"Feature","geometry":{"type":"Point","coordinates":[34.75225,0.059294]},"properties":{"id":"523355355","n":"Matuga PD 19","t":"pdw","c":"Vihiga"}},{"type":"Feature","geometry":{"type":"Point","coordinates":[34.765952,0.063739]},"properties":{"id":"523242462","n":"Gamei US 3","t":"us","c":"Vihiga"}},{"type":"Feature","geometry":{"type":"Point","coordinates":[34.769087,0.06181]},"properties":{"id":"523253202","n":"Madidi US 2","t":"us","c":"Vihiga"}},{"type":"Feature","geometry":{"type":"Point","coordinates":[34.743876,0.046907]},"properties":{"id":"523264884","n":"Gidagadi PS 19","t":"ps","c":"Vihiga"}},{"type":"Feature","geometry":{"type":"Point","coordinates":[34.785743,0.062895]},"properties":{"id":"523256171","n":"Jeptorol PS 2","t":"ps","c":"Vihiga"}},{"type":"Feature","geometry":{"type":"Point","coordinates":[34.744934,0.053993]},"properties":{"id":"523260158","n":"Gavugwanyi US 15","t":"us","c":"Vihiga"}},{"type":"Feature","geometry":{"type":"Point","coordinates":[34.776802,0.061905]},"properties":{"id":"523356040","n":"Jepses PD 5","t":"pdw","c":"Vihiga"}},{"type":"Feature","geometry":{"type":"Point","coordinates":[34.744224,0.05532]},"properties":{"id":"523237817","n":"Gavugwanyi PD 6","t":"pdw","c":"Vihiga"}},{"type":"Feature","geometry":{"type":"Point","coordinates":[34.793282,0.078799]},"properties":{"id":"523326104","n":"Jebrongo PS 10","t":"ps","c":"Vihiga"}},{"type":"Feature","geometry":{"type":"Point","coordinates":[34.779078,0.061457]},"properties":{"id":"262017671","n":"Kiptarus Water Spring No 1537","t":"ps","c":"Vihiga"}},{"type":"Feature","geometry":{"type":"Point","coordinates":[34.759548,0.063085]},"properties":{"id":"523269566","n":"Jegereni PS 17","t":"ps","c":"Vihiga"}},{"type":"Feature","geometry":{"type":"Point","coordinates":[34.758393,0.061295]},"properties":{"id":"523275095","n":"Jegereni PS 19","t":"ps","c":"Vihiga"}},{"type":"Feature","geometry":{"type":"Point","coordinates":[34.779627,0.069353]},"properties":{"id":"243238679","n":"Chepng'oling'oli Water Spring No 1505","t":"ps","c":"Vihiga"}},{"type":"Feature","geometry":{"type":"Point","coordinates":[34.750272,0.06696]},"properties":{"id":"24705035","n":"Mukuyu Water Spring No 1006","t":"ps","c":"Vihiga"}},{"type":"Feature","geometry":{"type":"Point","coordinates":[34.741566,0.053334]},"properties":{"id":"523286361","n":"Gavugwanyi US 14","t":"us","c":"Vihiga"}},{"type":"Feature","geometry":{"type":"Point","coordinates":[34.764265,0.042625]},"properties":{"id":"523275356","n":"Jeblebuk PS 4","t":"ps","c":"Vihiga"}},{"type":"Feature","geometry":{"type":"Point","coordinates":[34.781147,0.059095]},"properties":{"id":"282486747","n":"Ng'atia Water Spring No 1552","t":"ps","c":"Vihiga"}},{"type":"Feature","geometry":{"type":"Point","coordinates":[34.78322,0.057318]},"properties":{"id":"523325859","n":"Jepsidai PS 1","t":"ps","c":"Vihiga"}},{"type":"Feature","geometry":{"type":"Point","coordinates":[34.771015,0.05155]},"properties":{"id":"360353455","n":"Lwomboni Water Spring No 1668","t":"ps","c":"Vihiga"}},{"type":"Feature","geometry":{"type":"Point","coordinates":[34.78246,0.05566]},"properties":{"id":"523242352","n":"Shikomoli US 10","t":"us","c":"Vihiga"}},{"type":"Feature","geometry":{"type":"Point","coordinates":[34.770387,0.045149]},"properties":{"id":"552713883","n":"Jeblebuk Primary School - 22238","t":"bh","c":"Vihiga","d":90.0}},{"type":"Feature","geometry":{"type":"Point","coordinates":[34.764344,0.048906]},"properties":{"id":"523238746","n":"Jeredei PS 3","t":"ps","c":"Vihiga"}},{"type":"Feature","geometry":{"type":"Point","coordinates":[34.748602,0.044956]},"properties":{"id":"523235372","n":"Gambo UD 12","t":"udw","c":"Vihiga"}},{"type":"Feature","geometry":{"type":"Point","coordinates":[34.749559,0.043817]},"properties":{"id":"523225179","n":"Gambo UD 10","t":"udw","c":"Vihiga"}},{"type":"Feature","geometry":{"type":"Point","coordinates":[34.751961,0.062013]},"properties":{"id":"523203805","n":"Matuga PS 25","t":"us","c":"Vihiga"}},{"type":"Feature","geometry":{"type":"Point","coordinates":[34.766386,0.044805]},"properties":{"id":"523327208","n":"Jeblebuk PS 3","t":"ps","c":"Vihiga"}},{"type":"Feature","geometry":{"type":"Point","coordinates":[34.77145,0.06514]},"properties":{"id":"523310541","n":"Liavora PS 4","t":"ps","c":"Vihiga"}},{"type":"Feature","geometry":{"type":"Point","coordinates":[34.767334,0.049872]},"properties":{"id":"523274836","n":"Jeredei PS 4","t":"ps","c":"Vihiga"}},{"type":"Feature","geometry":{"type":"Point","coordinates":[34.774816,0.061925]},"properties":{"id":"523211219","n":"Madidi PS 6","t":"ps","c":"Vihiga"}},{"type":"Feature","geometry":{"type":"Point","coordinates":[34.791116,0.077185]},"properties":{"id":"523339575","n":"Jebrongo PS 8","t":"ps","c":"Vihiga"}},{"type":"Feature","geometry":{"type":"Point","coordinates":[34.746056,0.05967]},"properties":{"id":"523272308","n":"Matuga PS 31","t":"ps","c":"Vihiga"}},{"type":"Feature","geometry":{"type":"Point","coordinates":[34.774811,0.059724]},"properties":{"id":"523272580","n":"Madidi PS 9","t":"ps","c":"Vihiga"}},{"type":"Feature","geometry":{"type":"Point","coordinates":[34.776689,0.080612]},"properties":{"id":"10134029","n":"Wamudoga Water Spring","t":"ps","c":"Vihiga"}},{"type":"Feature","geometry":{"type":"Point","coordinates":[34.769022,0.061835]},"properties":{"id":"364281235","n":"Wanyamiende Water Spring No 1666","t":"ps","c":"Vihiga"}},{"type":"Feature","geometry":{"type":"Point","coordinates":[34.796166,0.082509]},"properties":{"id":"47331415","n":"Liademinya Water Spring No1068","t":"ps","c":"Vihiga"}},{"type":"Feature","geometry":{"type":"Point","coordinates":[34.74637,0.047107]},"properties":{"id":"523197689","n":"Gambo PS 15","t":"ps","c":"Vihiga"}},{"type":"Feature","geometry":{"type":"Point","coordinates":[34.803161,0.084161]},"properties":{"id":"523345248","n":"Vakheyere PS Wandenyekho","t":"ps","c":"Vihiga"}},{"type":"Feature","geometry":{"type":"Point","coordinates":[34.785147,0.06682]},"properties":{"id":"243259351","n":"Wamahiva Water Spring No 1507","t":"ps","c":"Vihiga"}},{"type":"Feature","geometry":{"type":"Point","coordinates":[34.750364,0.059356]},"properties":{"id":"523344955","n":"Matuga PD 12","t":"pdw","c":"Vihiga"}},{"type":"Feature","geometry":{"type":"Point","coordinates":[34.751688,0.054302]},"properties":{"id":"523282673","n":"Gisambai PD 16","t":"pdw","c":"Vihiga"}},{"type":"Feature","geometry":{"type":"Point","coordinates":[34.744203,0.0472]},"properties":{"id":"16871052","n":"Decommissioned 2019 - Anusu Spring","t":"ps","c":"Vihiga"}},{"type":"Feature","geometry":{"type":"Point","coordinates":[34.781782,0.052974]},"properties":{"id":"523223421","n":"Shikomoli PS 9","t":"ps","c":"Vihiga"}},{"type":"Feature","geometry":{"type":"Point","coordinates":[34.782521,0.073877]},"properties":{"id":"523255187","n":"Musirigwa US 2","t":"us","c":"Vihiga"}},{"type":"Feature","geometry":{"type":"Point","coordinates":[34.74015,0.05848]},"properties":{"id":"6871093","n":"Kidinye, Wamwaka Spring - 4703","t":"ps","c":"Vihiga"}},{"type":"Feature","geometry":{"type":"Point","coordinates":[34.788391,0.07139]},"properties":{"id":"523327181","n":"Kanyamosi US 1","t":"us","c":"Vihiga"}},{"type":"Feature","geometry":{"type":"Point","coordinates":[34.783369,0.051708]},"properties":{"id":"523337281","n":"Shikomoli PD 8","t":"pdw","c":"Vihiga"}},{"type":"Feature","geometry":{"type":"Point","coordinates":[34.801217,0.079455]},"properties":{"id":"246674180","n":"Likhonzi Water Spring No 1527","t":"ps","c":"Vihiga"}},{"type":"Feature","geometry":{"type":"Point","coordinates":[34.773639,0.045962]},"properties":{"id":"523277152","n":"Gamuguywa PS 4","t":"ps","c":"Vihiga"}},{"type":"Feature","geometry":{"type":"Point","coordinates":[34.789355,0.073647]},"properties":{"id":"241420128","n":"Masiga Water Spring No 1501","t":"ps","c":"Vihiga"}},{"type":"Feature","geometry":{"type":"Point","coordinates":[34.759394,0.041543]},"properties":{"id":"523244653","n":"Kapchemwani PS 1","t":"ps","c":"Vihiga"}},{"type":"Feature","geometry":{"type":"Point","coordinates":[34.743404,0.046522]},"properties":{"id":"523330466","n":"Gidagadi PS 20","t":"ps","c":"Vihiga"}},{"type":"Feature","geometry":{"type":"Point","coordinates":[34.758545,0.058554]},"properties":{"id":"523260392","n":"Gimomoi US 5","t":"us","c":"Vihiga"}},{"type":"Feature","geometry":{"type":"Point","coordinates":[34.782643,0.061299]},"properties":{"id":"523340092","n":"Jepsidai PS 2","t":"ps","c":"Vihiga"}},{"type":"Feature","geometry":{"type":"Point","coordinates":[34.757038,0.06494]},"properties":{"id":"561114064","n":"Jevugudo Water Spring No 1788","t":"ps","c":"Vihiga"}},{"type":"Feature","geometry":{"type":"Point","coordinates":[34.781949,0.071083]},"properties":{"id":"523222310","n":"Vuvai PS 2","t":"ps","c":"Vihiga"}},{"type":"Feature","geometry":{"type":"Point","coordinates":[34.785985,0.069758]},"properties":{"id":"523271723","n":"Kanyamosi PS 3","t":"ps","c":"Vihiga"}},{"type":"Feature","geometry":{"type":"Point","coordinates":[34.761083,0.04953]},"properties":{"id":"523203465","n":"Gidimo RW 5","t":"pdw","c":"Vihiga"}},{"type":"Feature","geometry":{"type":"Point","coordinates":[34.783791,0.049933]},"properties":{"id":"523305006","n":"Shikomoli PS 5","t":"ps","c":"Vihiga"}},{"type":"Feature","geometry":{"type":"Point","coordinates":[34.74412,0.047195]},"properties":{"id":"523199007","n":"Gidagadi PS 18","t":"ps","c":"Vihiga"}},{"type":"Feature","geometry":{"type":"Point","coordinates":[34.742937,0.056738]},"properties":{"id":"523225131","n":"Gavugwanyi PS 4","t":"ps","c":"Vihiga"}},{"type":"Feature","geometry":{"type":"Point","coordinates":[34.752832,0.044122]},"properties":{"id":"523322636","n":"Gambo PD 19","t":"pdw","c":"Vihiga"}},{"type":"Feature","geometry":{"type":"Point","coordinates":[34.776773,0.055635]},"properties":{"id":"261993428","n":"Jemenei Water Spring No 1535","t":"ps","c":"Vihiga"}},{"type":"Feature","geometry":{"type":"Point","coordinates":[34.77143,0.058374]},"properties":{"id":"523254090","n":"Madidi PS 1","t":"ps","c":"Vihiga"}},{"type":"Feature","geometry":{"type":"Point","coordinates":[34.76861,0.065562]},"properties":{"id":"523337645","n":"Gamei US 2","t":"us","c":"Vihiga"}},{"type":"Feature","geometry":{"type":"Point","coordinates":[34.786895,0.062102]},"properties":{"id":"523270825","n":"Gawani US 3","t":"us","c":"Vihiga"}},{"type":"Feature","geometry":{"type":"Point","coordinates":[34.767259,0.062769]},"properties":{"id":"523216922","n":"Jemaga US 3","t":"us","c":"Vihiga"}},{"type":"Feature","geometry":{"type":"Point","coordinates":[34.769947,0.068301]},"properties":{"id":"523356057","n":"Liavora PS 3","t":"ps","c":"Vihiga"}},{"type":"Feature","geometry":{"type":"Point","coordinates":[34.785891,0.064908]},"properties":{"id":"523316602","n":"Jeptorol PS 3","t":"ps","c":"Vihiga"}},{"type":"Feature","geometry":{"type":"Point","coordinates":[34.767193,0.0628]},"properties":{"id":"360915529","n":"Lagarege Water Spring No 1667","t":"ps","c":"Vihiga"}},{"type":"Feature","geometry":{"type":"Point","coordinates":[34.782237,0.061838]},"properties":{"id":"282493875","n":"Kwaamasa Water Spring No","t":"ps","c":"Vihiga"}},{"type":"Feature","geometry":{"type":"Point","coordinates":[34.793208,0.07883]},"properties":{"id":"243264645","n":"Indendemwa Water Spring No 1512","t":"ps","c":"Vihiga"}},{"type":"Feature","geometry":{"type":"Point","coordinates":[34.753087,0.045224]},"properties":{"id":"523235695","n":"Gambo US 18","t":"us","c":"Vihiga"}},{"type":"Feature","geometry":{"type":"Point","coordinates":[34.78441,0.074282]},"properties":{"id":"242811015","n":"Kwadishon Water Spring No 1503","t":"ps","c":"Vihiga"}},{"type":"Feature","geometry":{"type":"Point","coordinates":[34.768048,0.069087]},"properties":{"id":"523238447","n":"Gamei PS 7","t":"ps","c":"Vihiga"}},{"type":"Feature","geometry":{"type":"Point","coordinates":[34.77039,0.055845]},"properties":{"id":"381755791","n":"Chepkonyito Water Spring No 1696","t":"ps","c":"Vihiga"}},{"type":"Feature","geometry":{"type":"Point","coordinates":[34.751908,0.059727]},"properties":{"id":"523235028","n":"Matuga PD 17","t":"pdw","c":"Vihiga"}},{"type":"Feature","geometry":{"type":"Point","coordinates":[34.748564,0.047271]},"properties":{"id":"523259796","n":"Gambo PS 13","t":"ps","c":"Vihiga"}},{"type":"Feature","geometry":{"type":"Point","coordinates":[34.758573,0.058577]},"properties":{"id":"381808637","n":"Gavaji A Water Spring No 1698","t":"ps","c":"Vihiga"}},{"type":"Feature","geometry":{"type":"Point","coordinates":[34.751165,0.04981]},"properties":{"id":"427238204","n":"Obeya Water Spring No 1745","t":"ps","c":"Vihiga"}},{"type":"Feature","geometry":{"type":"Point","coordinates":[34.759861,0.051796]},"properties":{"id":"523272920","n":"Gimomoi PS 3","t":"ps","c":"Vihiga"}},{"type":"Feature","geometry":{"type":"Point","coordinates":[34.76341,0.056197]},"properties":{"id":"523283306","n":"Jemaga PS 9","t":"ps","c":"Vihiga"}},{"type":"Feature","geometry":{"type":"Point","coordinates":[34.758383,0.067533]},"properties":{"id":"561114071","n":"Wasande Water Spring No 1790","t":"ps","c":"Vihiga"}},{"type":"Feature","geometry":{"type":"Point","coordinates":[34.748797,0.063434]},"properties":{"id":"523266477","n":"Matuga PS 30","t":"ps","c":"Vihiga"}},{"type":"Feature","geometry":{"type":"Point","coordinates":[34.760152,0.066922]},"properties":{"id":"561114088","n":"Wammbusa Water Spring No 1789","t":"ps","c":"Vihiga"}},{"type":"Feature","geometry":{"type":"Point","coordinates":[34.769504,0.038159]},"properties":{"id":"523210665","n":"Lwombei PD 7","t":"pdw","c":"Vihiga"}},{"type":"Feature","geometry":{"type":"Point","coordinates":[34.780111,0.075522]},"properties":{"id":"523257763","n":"Vuvai PD 3","t":"pdw","c":"Vihiga"}},{"type":"Feature","geometry":{"type":"Point","coordinates":[34.784577,0.057072]},"properties":{"id":"246747862","n":"Lwanyama Water Spring No 1529","t":"ps","c":"Vihiga"}},{"type":"Feature","geometry":{"type":"Point","coordinates":[34.771923,0.061263]},"properties":{"id":"373824773","n":"Waisioli Water Spring No 1685","t":"ps","c":"Vihiga"}},{"type":"Feature","geometry":{"type":"Point","coordinates":[34.754722,0.04253]},"properties":{"id":"411699251","n":"Galiavo Water Spring No 1728","t":"ps","c":"Vihiga"}},{"type":"Feature","geometry":{"type":"Point","coordinates":[34.768468,0.066893]},"properties":{"id":"523267564","n":"Gamei PD 1","t":"pdw","c":"Vihiga"}},{"type":"Feature","geometry":{"type":"Point","coordinates":[34.764467,0.049599]},"properties":{"id":"523273835","n":"Jeredei PS 1","t":"ps","c":"Vihiga"}},{"type":"Feature","geometry":{"type":"Point","coordinates":[34.779432,0.06596]},"properties":{"id":"523347147","n":"Jeptorol PS 8","t":"ps","c":"Vihiga"}},{"type":"Feature","geometry":{"type":"Point","coordinates":[34.757454,0.067037]},"properties":{"id":"523206750","n":"Jegereni PD 12","t":"pdw","c":"Vihiga"}},{"type":"Feature","geometry":{"type":"Point","coordinates":[34.753188,0.058135]},"properties":{"id":"405430622","n":"Cheptembei Water Spring No 1713","t":"ps","c":"Vihiga"}},{"type":"Feature","geometry":{"type":"Point","coordinates":[34.729799,0.022356]},"properties":{"id":"523248080","n":"Kipteret US 1","t":"us","c":"Vihiga"}},{"type":"Feature","geometry":{"type":"Point","coordinates":[34.739412,0.044188]},"properties":{"id":"452126136","n":"Gavugoswa Water Spring No 1787","t":"ps","c":"Vihiga"}},{"type":"Feature","geometry":{"type":"Point","coordinates":[34.746497,0.043139]},"properties":{"id":"523265720","n":"Givogi PS 3","t":"ps","c":"Vihiga"}},{"type":"Feature","geometry":{"type":"Point","coordinates":[34.747403,0.039751]},"properties":{"id":"523232001","n":"Givogi US 7","t":"us","c":"Vihiga"}},{"type":"Feature","geometry":{"type":"Point","coordinates":[34.730917,0.04213]},"properties":{"id":"523230748","n":"Itovo PS","t":"ps","c":"Vihiga"}},{"type":"Feature","geometry":{"type":"Point","coordinates":[34.732154,0.032798]},"properties":{"id":"523221900","n":"Malindi US 1","t":"us","c":"Vihiga"}},{"type":"Feature","geometry":{"type":"Point","coordinates":[34.737689,0.01999]},"properties":{"id":"523310431","n":"Jepkoyai A PD 4","t":"pdw","c":"Vihiga"}},{"type":"Feature","geometry":{"type":"Point","coordinates":[34.748226,0.032685]},"properties":{"id":"523346256","n":"Sawani US","t":"us","c":"Vihiga"}},{"type":"Feature","geometry":{"type":"Point","coordinates":[34.732824,0.023356]},"properties":{"id":"523195618","n":"Kipteret ps 1","t":"ps","c":"Vihiga"}},{"type":"Feature","geometry":{"type":"Point","coordinates":[34.723247,0.0095]},"properties":{"id":"523284950","n":"Logele PS 3","t":"ps","c":"Vihiga"}},{"type":"Feature","geometry":{"type":"Point","coordinates":[34.73818,0.043688]},"properties":{"id":"523274001","n":"Jepseri US","t":"us","c":"Vihiga"}},{"type":"Feature","geometry":{"type":"Point","coordinates":[34.731067,0.035602]},"properties":{"id":"523269542","n":"Givole PD 1","t":"pdw","c":"Vihiga"}},{"type":"Feature","geometry":{"type":"Point","coordinates":[34.74532,0.021663]},"properties":{"id":"523226486","n":"Kapchemgung PS 1","t":"ps","c":"Vihiga"}},{"type":"Feature","geometry":{"type":"Point","coordinates":[34.762506,0.02787]},"properties":{"id":"523222523","n":"Musiri PS 2","t":"ps","c":"Vihiga"}},{"type":"Feature","geometry":{"type":"Point","coordinates":[34.75995,0.033625]},"properties":{"id":"523309897","n":"Galona US 10","t":"us","c":"Vihiga"}},{"type":"Feature","geometry":{"type":"Point","coordinates":[34.735185,0.033216]},"properties":{"id":"523267911","n":"Jepseri US","t":"us","c":"Vihiga"}},{"type":"Feature","geometry":{"type":"Point","coordinates":[34.748549,0.025151]},"properties":{"id":"523217851","n":"Kapchemgung PS 6","t":"ps","c":"Vihiga"}},{"type":"Feature","geometry":{"type":"Point","coordinates":[34.739185,0.038742]},"properties":{"id":"523312206","n":"Jepseri PS 1","t":"ps","c":"Vihiga"}},{"type":"Feature","geometry":{"type":"Point","coordinates":[34.731143,0.013515]},"properties":{"id":"523302584","n":"Waigenge PS 1","t":"ps","c":"Vihiga"}},{"type":"Feature","geometry":{"type":"Point","coordinates":[34.721624,0.009209]},"properties":{"id":"523304744","n":"Logele PS 2","t":"ps","c":"Vihiga"}},{"type":"Feature","geometry":{"type":"Point","coordinates":[34.76133,0.034135]},"properties":{"id":"424599980","n":"Gidai Water Spring No 1746","t":"ps","c":"Vihiga"}},{"type":"Feature","geometry":{"type":"Point","coordinates":[34.758772,0.030929]},"properties":{"id":"523209234","n":"Musiri PS 1","t":"ps","c":"Vihiga"}},{"type":"Feature","geometry":{"type":"Point","coordinates":[34.738599,0.008948]},"properties":{"id":"523290977","n":"Kitagwa PD1","t":"pdw","c":"Vihiga"}},{"type":"Feature","geometry":{"type":"Point","coordinates":[34.733655,0.040735]},"properties":{"id":"523210373","n":"Itovo PS","t":"ps","c":"Vihiga"}},{"type":"Feature","geometry":{"type":"Point","coordinates":[34.74957,0.020472]},"properties":{"id":"523229180","n":"Kipsino PD 4","t":"pdw","c":"Vihiga"}},{"type":"Feature","geometry":{"type":"Point","coordinates":[34.732231,0.03759]},"properties":{"id":"523316561","n":"Givole PS","t":"ps","c":"Vihiga"}},{"type":"Feature","geometry":{"type":"Point","coordinates":[34.720888,0.015523]},"properties":{"id":"523310022","n":"Ikoli PD 1","t":"pdw","c":"Vihiga"}},{"type":"Feature","geometry":{"type":"Point","coordinates":[34.741382,0.0368]},"properties":{"id":"523204758","n":"Buyangu PS 2","t":"ps","c":"Vihiga"}},{"type":"Feature","geometry":{"type":"Point","coordinates":[34.737391,0.017047]},"properties":{"id":"523230597","n":"Jepkoyai A PD 1","t":"pdw","c":"Vihiga"}},{"type":"Feature","geometry":{"type":"Point","coordinates":[34.739293,0.026458]},"properties":{"id":"523270351","n":"Jepkoyai B PS 5","t":"ps","c":"Vihiga"}},{"type":"Feature","geometry":{"type":"Point","coordinates":[34.761297,0.034204]},"properties":{"id":"523289388","n":"Kapchemwani US 3","t":"us","c":"Vihiga"}},{"type":"Feature","geometry":{"type":"Point","coordinates":[34.750328,0.019227]},"properties":{"id":"523230195","n":"Kipsino PD 5","t":"pdw","c":"Vihiga"}},{"type":"Feature","geometry":{"type":"Point","coordinates":[34.732967,0.048574]},"properties":{"id":"523319090","n":"Muluanyi PS 1","t":"ps","c":"Vihiga"}},{"type":"Feature","geometry":{"type":"Point","coordinates":[34.72868,0.023078]},"properties":{"id":"523262136","n":"Buyangu PS","t":"ps","c":"Vihiga"}},{"type":"Feature","geometry":{"type":"Point","coordinates":[34.735678,0.030502]},"properties":{"id":"523326331","n":"Jimarani PS","t":"ps","c":"Vihiga"}},{"type":"Feature","geometry":{"type":"Point","coordinates":[34.763,0.032838]},"properties":{"id":"523193520","n":"Kapchemwani US 5","t":"us","c":"Vihiga"}},{"type":"Feature","geometry":{"type":"Point","coordinates":[34.747177,0.021204]},"properties":{"id":"523225784","n":"Kapchemgung PS 2","t":"ps","c":"Vihiga"}},{"type":"Feature","geometry":{"type":"Point","coordinates":[34.762122,0.03512]},"properties":{"id":"523355984","n":"Kapchemwani PD 4","t":"pdw","c":"Vihiga"}},{"type":"Feature","geometry":{"type":"Point","coordinates":[34.745704,0.040095]},"properties":{"id":"714198862","n":"VIHIGA.HAMISI.BUYANGU PRIMARY SCHOOL.NEAR THE KITCHEN.DELIVERED WATER","t":"ps","c":"Vihiga"}},{"type":"Feature","geometry":{"type":"Point","coordinates":[34.729507,0.034129]},"properties":{"id":"7268773","n":"Irungu, Irungu Spring - 4707","t":"ps","c":"Vihiga"}},{"type":"Feature","geometry":{"type":"Point","coordinates":[34.734125,0.046745]},"properties":{"id":"523306973","n":"Muluanyi PS 2","t":"ps","c":"Vihiga"}},{"type":"Feature","geometry":{"type":"Point","coordinates":[34.741516,0.035846]},"properties":{"id":"523255462","n":"Buyangu PS 5","t":"ps","c":"Vihiga"}},{"type":"Feature","geometry":{"type":"Point","coordinates":[34.743679,0.039303]},"properties":{"id":"523306148","n":"Buyangu PS 1","t":"ps","c":"Vihiga"}},{"type":"Feature","geometry":{"type":"Point","coordinates":[34.734216,0.038656]},"properties":{"id":"366924947","n":"Givole Primary School - 22272","t":"bh","c":"Vihiga","d":70.0}},{"type":"Feature","geometry":{"type":"Point","coordinates":[34.730443,0.016947]},"properties":{"id":"523338622","n":"Mudindi PS 2","t":"ps","c":"Vihiga"}},{"type":"Feature","geometry":{"type":"Point","coordinates":[34.741589,0.019448]},"properties":{"id":"523302357","n":"Jepkoyai A PD 2","t":"pdw","c":"Vihiga"}},{"type":"Feature","geometry":{"type":"Point","coordinates":[34.751378,0.034685]},"properties":{"id":"539195855","n":"Gamudusi Primary School - 22258","t":"bh","c":"Vihiga","d":90.0}},{"type":"Feature","geometry":{"type":"Point","coordinates":[34.73253,0.0108]},"properties":{"id":"523299127","n":"Waigenge PD 4","t":"pdw","c":"Vihiga"}},{"type":"Feature","geometry":{"type":"Point","coordinates":[34.737228,0.017529]},"properties":{"id":"523310163","n":"Jepkoyai A PS 1","t":"ps","c":"Vihiga"}},{"type":"Feature","geometry":{"type":"Point","coordinates":[34.729365,0.042822]},"properties":{"id":"519979130","n":"Itovo Pag Primary School - 22221","t":"bh","c":"Vihiga","d":90.0}},{"type":"Feature","geometry":{"type":"Point","coordinates":[34.741976,0.036328]},"properties":{"id":"523268936","n":"Buyangu PS 1","t":"ps","c":"Vihiga"}},{"type":"Feature","geometry":{"type":"Point","coordinates":[34.74311,0.029928]},"properties":{"id":"523300018","n":"Kipchele PS 1","t":"ps","c":"Vihiga"}},{"type":"Feature","geometry":{"type":"Point","coordinates":[34.75528,0.035718]},"properties":{"id":"523240972","n":"Galona PD 8","t":"pdw","c":"Vihiga"}},{"type":"Feature","geometry":{"type":"Point","coordinates":[34.741486,0.045968]},"properties":{"id":"523202859","n":"Gidagadi PWT 33","t":"pdw","c":"Vihiga"}},{"type":"Feature","geometry":{"type":"Point","coordinates":[34.7339,0.018126]},"properties":{"id":"523295697","n":"Kipteret PD 2","t":"pdw","c":"Vihiga"}},{"type":"Feature","geometry":{"type":"Point","coordinates":[34.729315,0.013824]},"properties":{"id":"523284596","n":"Waigenge PD 3","t":"pdw","c":"Vihiga"}},{"type":"Feature","geometry":{"type":"Point","coordinates":[34.731139,0.026233]},"properties":{"id":"523260471","n":"Boyani PS 2","t":"ps","c":"Vihiga"}},{"type":"Feature","geometry":{"type":"Point","coordinates":[34.734547,0.038775]},"properties":{"id":"523232180","n":"Givole BH 1","t":"bh","c":"Vihiga"}},{"type":"Feature","geometry":{"type":"Point","coordinates":[34.728725,0.01301]},"properties":{"id":"523230030","n":"Waigenge PD 1","t":"pdw","c":"Vihiga"}},{"type":"Feature","geometry":{"type":"Point","coordinates":[34.741671,0.023164]},"properties":{"id":"523243889","n":"Jepkoyai B 3","t":"ps","c":"Vihiga"}},{"type":"Feature","geometry":{"type":"Point","coordinates":[34.735354,0.045635]},"properties":{"id":"523330686","n":"Muluanyi PS 3","t":"ps","c":"Vihiga"}},{"type":"Feature","geometry":{"type":"Point","coordinates":[34.737629,0.047243]},"properties":{"id":"523355740","n":"Muluanyi PD 1","t":"pdw","c":"Vihiga"}},{"type":"Feature","geometry":{"type":"Point","coordinates":[34.748478,0.038651]},"properties":{"id":"523218450","n":"Givogi PS 9","t":"ps","c":"Vihiga"}},{"type":"Feature","geometry":{"type":"Point","coordinates":[34.756314,0.032204]},"properties":{"id":"523246806","n":"Giminoni PD 1","t":"udw","c":"Vihiga"}},{"type":"Feature","geometry":{"type":"Point","coordinates":[34.73029,0.039741]},"properties":{"id":"523333153","n":"Givole PS","t":"ps","c":"Vihiga"}},{"type":"Feature","geometry":{"type":"Point","coordinates":[34.735723,0.020006]},"properties":{"id":"523332475","n":"Kipteret PS 4","t":"ps","c":"Vihiga"}},{"type":"Feature","geometry":{"type":"Point","coordinates":[34.740339,0.025299]},"properties":{"id":"523333634","n":"Jepkoyai B PS 2","t":"ps","c":"Vihiga"}},{"type":"Feature","geometry":{"type":"Point","coordinates":[34.745645,0.034018]},"properties":{"id":"523255345","n":"Sawani PS 1","t":"ps","c":"Vihiga"}},{"type":"Feature","geometry":{"type":"Point","coordinates":[34.743324,0.030427]},"properties":{"id":"523257282","n":"Kipchele PD 1","t":"pdw","c":"Vihiga"}},{"type":"Feature","geometry":{"type":"Point","coordinates":[34.7406,0.023761]},"properties":{"id":"523309000","n":"Jepkoyai B PS 4","t":"ps","c":"Vihiga"}},{"type":"Feature","geometry":{"type":"Point","coordinates":[34.729979,0.033646]},"properties":{"id":"523218852","n":"Givole US 1","t":"us","c":"Vihiga"}},{"type":"Feature","geometry":{"type":"Point","coordinates":[34.732257,0.024]},"properties":{"id":"523209746","n":"Jimarani PS4","t":"ps","c":"Vihiga"}},{"type":"Feature","geometry":{"type":"Point","coordinates":[34.73257,0.008128]},"properties":{"id":"523202969","n":"Tigoi A PWS 6","t":"pdw","c":"Vihiga"}},{"type":"Feature","geometry":{"type":"Point","coordinates":[34.745163,0.043574]},"properties":{"id":"523258984","n":"Givogi UD 2","t":"udw","c":"Vihiga"}},{"type":"Feature","geometry":{"type":"Point","coordinates":[34.729467,0.015646]},"properties":{"id":"523240192","n":"Mudindi PD","t":"pdw","c":"Vihiga"}},{"type":"Feature","geometry":{"type":"Point","coordinates":[34.737631,0.026719]},"properties":{"id":"523203984","n":"Jepkoyai B RW 7","t":"us","c":"Vihiga"}},{"type":"Feature","geometry":{"type":"Point","coordinates":[34.745834,0.029247]},"properties":{"id":"523318958","n":"Kipchele US 2","t":"us","c":"Vihiga"}},{"type":"Feature","geometry":{"type":"Point","coordinates":[34.734971,0.017139]},"properties":{"id":"523290850","n":"Kipteret PS 3","t":"ps","c":"Vihiga"}},{"type":"Feature","geometry":{"type":"Point","coordinates":[34.728756,0.013187]},"properties":{"id":"523200376","n":"Waigenge PD 2","t":"pdw","c":"Vihiga"}},{"type":"Feature","geometry":{"type":"Point","coordinates":[34.755489,0.029508]},"properties":{"id":"523348210","n":"Giminoni US 1","t":"us","c":"Vihiga"}}]}