{"type":"FeatureCollection","features":[{"type":"Feature","geometry":{"type":"Point","coordinates":[34.624015,0.299328]},"properties":{"id":"523223902","n":"Makunga Township PD 5","t":"pdw","c":"Kakamega"}},{"type":"Feature","geometry":{"type":"Point","coordinates":[34.612969,0.289759]},"properties":{"id":"523265445","n":"Muitawa PD 14","t":"pdw","c":"Kakamega"}},{"type":"Feature","geometry":{"type":"Point","coordinates":[34.605512,0.302598]},"properties":{"id":"523237288","n":"Emutetemo A PS 15","t":"ps","c":"Kakamega"}},{"type":"Feature","geometry":{"type":"Point","coordinates":[34.612958,0.353108]},"properties":{"id":"523341268","n":"Mungakhagakha PD 29","t":"pdw","c":"Kakamega"}},{"type":"Feature","geometry":{"type":"Point","coordinates":[34.628363,0.350452]},"properties":{"id":"523204026","n":"Emukaniro PD 10","t":"pdw","c":"Kakamega"}},{"type":"Feature","geometry":{"type":"Point","coordinates":[34.574711,0.290544]},"properties":{"id":"523246459","n":"Mulwanda PD 14","t":"pdw","c":"Kakamega"}},{"type":"Feature","geometry":{"type":"Point","coordinates":[34.608802,0.346503]},"properties":{"id":"523312866","n":"Elusuba US 9","t":"us","c":"Kakamega"}},{"type":"Feature","geometry":{"type":"Point","coordinates":[34.597332,0.280747]},"properties":{"id":"523241265","n":"Mumasaka PS 23","t":"ps","c":"Kakamega"}},{"type":"Feature","geometry":{"type":"Point","coordinates":[34.593968,0.307428]},"properties":{"id":"523243652","n":"Eshiakhulo B BH 17","t":"bh","c":"Kakamega"}},{"type":"Feature","geometry":{"type":"Point","coordinates":[34.592512,0.28117]},"properties":{"id":"523341646","n":"Mumasaka PD 3","t":"pdw","c":"Kakamega"}},{"type":"Feature","geometry":{"type":"Point","coordinates":[34.611447,0.348897]},"properties":{"id":"523258166","n":"Munungo PD 2","t":"pdw","c":"Kakamega"}},{"type":"Feature","geometry":{"type":"Point","coordinates":[34.58827,0.311703]},"properties":{"id":"523340786","n":"EmashebwebweB PD 11","t":"pdw","c":"Kakamega"}},{"type":"Feature","geometry":{"type":"Point","coordinates":[34.603805,0.327701]},"properties":{"id":"523243401","n":"Ebutingo A PD 12","t":"pdw","c":"Kakamega"}},{"type":"Feature","geometry":{"type":"Point","coordinates":[34.615424,0.289704]},"properties":{"id":"523257897","n":"Muitawa PD 3","t":"pdw","c":"Kakamega"}},{"type":"Feature","geometry":{"type":"Point","coordinates":[34.620913,0.354968]},"properties":{"id":"523342427","n":"Township PS 1","t":"ps","c":"Kakamega"}},{"type":"Feature","geometry":{"type":"Point","coordinates":[34.618652,0.306978]},"properties":{"id":"523247278","n":"Ebusokho BH 23","t":"bh","c":"Kakamega"}},{"type":"Feature","geometry":{"type":"Point","coordinates":[34.603943,0.320941]},"properties":{"id":"523320225","n":"Ematetie US 4","t":"us","c":"Kakamega"}},{"type":"Feature","geometry":{"type":"Point","coordinates":[34.595141,0.306247]},"properties":{"id":"523298016","n":"Eshiakhulo A PD 14","t":"pdw","c":"Kakamega"}},{"type":"Feature","geometry":{"type":"Point","coordinates":[34.59679,0.324878]},"properties":{"id":"523338433","n":"Ebutingo A PS 5","t":"ps","c":"Kakamega"}},{"type":"Feature","geometry":{"type":"Point","coordinates":[34.602976,0.33997]},"properties":{"id":"523264523","n":"Esikura A PD7","t":"pdw","c":"Kakamega"}},{"type":"Feature","geometry":{"type":"Point","coordinates":[34.599935,0.332435]},"properties":{"id":"523339908","n":"Bumini A US1","t":"us","c":"Kakamega"}},{"type":"Feature","geometry":{"type":"Point","coordinates":[34.62569,0.35966]},"properties":{"id":"876542","n":"Decommissioned 2016 - Simbi School Well","t":"bh","c":"Kakamega"}},{"type":"Feature","geometry":{"type":"Point","coordinates":[34.594697,0.372195]},"properties":{"id":"523208408","n":"Butunyi PD 6","t":"pdw","c":"Kakamega"}},{"type":"Feature","geometry":{"type":"Point","coordinates":[34.631368,0.344625]},"properties":{"id":"523199739","n":"Eshikoti US 8","t":"us","c":"Kakamega"}},{"type":"Feature","geometry":{"type":"Point","coordinates":[34.620392,0.30555]},"properties":{"id":"523265328","n":"Ebusokho PD 19","t":"pdw","c":"Kakamega"}},{"type":"Feature","geometry":{"type":"Point","coordinates":[34.620569,0.301475]},"properties":{"id":"523352242","n":"Ebusokho PS 5","t":"ps","c":"Kakamega"}},{"type":"Feature","geometry":{"type":"Point","coordinates":[34.590937,0.283232]},"properties":{"id":"523229386","n":"Maraba PD 8","t":"pdw","c":"Kakamega"}},{"type":"Feature","geometry":{"type":"Point","coordinates":[34.60571,0.290347]},"properties":{"id":"523300142","n":"Emuyere PD 32","t":"pdw","c":"Kakamega"}},{"type":"Feature","geometry":{"type":"Point","coordinates":[34.59775,0.281833]},"properties":{"id":"523306344","n":"Mumasaka US 24","t":"us","c":"Kakamega"}},{"type":"Feature","geometry":{"type":"Point","coordinates":[34.607982,0.370076]},"properties":{"id":"523233679","n":"Khabondi B PD 15","t":"pdw","c":"Kakamega"}},{"type":"Feature","geometry":{"type":"Point","coordinates":[34.631998,0.351227]},"properties":{"id":"523314600","n":"Eshikoti US 16","t":"us","c":"Kakamega"}},{"type":"Feature","geometry":{"type":"Point","coordinates":[34.625805,0.341365]},"properties":{"id":"523222152","n":"Emakale PD 11","t":"pdw","c":"Kakamega"}},{"type":"Feature","geometry":{"type":"Point","coordinates":[34.626918,0.352278]},"properties":{"id":"523224831","n":"Emukaniro PW 3","t":"pdw","c":"Kakamega"}},{"type":"Feature","geometry":{"type":"Point","coordinates":[34.58111,0.275588]},"properties":{"id":"523303420","n":"Eshiabaka PS 17","t":"ps","c":"Kakamega"}},{"type":"Feature","geometry":{"type":"Point","coordinates":[34.608657,0.307382]},"properties":{"id":"523282233","n":"Emutetemo B PS 1","t":"ps","c":"Kakamega"}},{"type":"Feature","geometry":{"type":"Point","coordinates":[34.638217,0.33064]},"properties":{"id":"523266752","n":"Mushibi B UD 1","t":"udw","c":"Kakamega"}},{"type":"Feature","geometry":{"type":"Point","coordinates":[34.619975,0.293084]},"properties":{"id":"523238203","n":"Makunga A PS27","t":"ps","c":"Kakamega"}},{"type":"Feature","geometry":{"type":"Point","coordinates":[34.639724,0.328865]},"properties":{"id":"523236225","n":"Elukuto PS 2","t":"ps","c":"Kakamega"}},{"type":"Feature","geometry":{"type":"Point","coordinates":[34.622976,0.295563]},"properties":{"id":"523325062","n":"Makunga B PD 4","t":"pdw","c":"Kakamega"}},{"type":"Feature","geometry":{"type":"Point","coordinates":[34.61503,0.33198]},"properties":{"id":"3749441","n":"Decommissioned 2016 - Khayimba Primary School","t":"pdw","c":"Kakamega"}},{"type":"Feature","geometry":{"type":"Point","coordinates":[34.622558,0.302647]},"properties":{"id":"523320641","n":"Ebusokho PD 4","t":"pdw","c":"Kakamega"}},{"type":"Feature","geometry":{"type":"Point","coordinates":[34.618564,0.290462]},"properties":{"id":"523323132","n":"Makunga A PS 32","t":"ps","c":"Kakamega"}},{"type":"Feature","geometry":{"type":"Point","coordinates":[34.623113,0.358117]},"properties":{"id":"523301844","n":"Township PS","t":"ps","c":"Kakamega"}},{"type":"Feature","geometry":{"type":"Point","coordinates":[34.589822,0.295128]},"properties":{"id":"523266099","n":"MungakhaPD","t":"pdw","c":"Kakamega"}},{"type":"Feature","geometry":{"type":"Point","coordinates":[34.56979,0.279967]},"properties":{"id":"523272236","n":"Musango PD 8","t":"pdw","c":"Kakamega"}},{"type":"Feature","geometry":{"type":"Point","coordinates":[34.609207,0.300028]},"properties":{"id":"523268950","n":"Ikoli A PD 1","t":"pdw","c":"Kakamega"}},{"type":"Feature","geometry":{"type":"Point","coordinates":[34.617967,0.288644]},"properties":{"id":"523290245","n":"Eshiaka PS6","t":"ps","c":"Kakamega"}},{"type":"Feature","geometry":{"type":"Point","coordinates":[34.615056,0.294038]},"properties":{"id":"523309237","n":"Muitawa US 22","t":"us","c":"Kakamega"}},{"type":"Feature","geometry":{"type":"Point","coordinates":[34.589859,0.31868]},"properties":{"id":"523345688","n":"Musangaro B2 PS4","t":"ps","c":"Kakamega"}},{"type":"Feature","geometry":{"type":"Point","coordinates":[34.608271,0.28847]},"properties":{"id":"523271280","n":"Bwikhombero PD 9","t":"pdw","c":"Kakamega"}},{"type":"Feature","geometry":{"type":"Point","coordinates":[34.571703,0.277145]},"properties":{"id":"523235310","n":"Munjomi PS 5","t":"ps","c":"Kakamega"}},{"type":"Feature","geometry":{"type":"Point","coordinates":[34.610137,0.311539]},"properties":{"id":"523297565","n":"Mutemesi A PD 1","t":"pdw","c":"Kakamega"}},{"type":"Feature","geometry":{"type":"Point","coordinates":[34.628208,0.339495]},"properties":{"id":"523275057","n":"Ebusalisi US 1","t":"us","c":"Kakamega"}},{"type":"Feature","geometry":{"type":"Point","coordinates":[34.625355,0.342363]},"properties":{"id":"523329293","n":"Emakale US 9","t":"us","c":"Kakamega"}},{"type":"Feature","geometry":{"type":"Point","coordinates":[34.625414,0.323912]},"properties":{"id":"523193616","n":"Emungabo B US 3","t":"us","c":"Kakamega"}},{"type":"Feature","geometry":{"type":"Point","coordinates":[34.60797,0.34731]},"properties":{"id":"523259459","n":"Elusuba PD 12","t":"pdw","c":"Kakamega"}},{"type":"Feature","geometry":{"type":"Point","coordinates":[34.619063,0.292928]},"properties":{"id":"523198989","n":"Makunga A PD26","t":"pdw","c":"Kakamega"}},{"type":"Feature","geometry":{"type":"Point","coordinates":[34.62621,0.30458]},"properties":{"id":"3749805","n":"Decommissioned 2019 - All Saints ACK Makunga Hand-Dug Well","t":"pdw","c":"Kakamega"}},{"type":"Feature","geometry":{"type":"Point","coordinates":[34.62162,0.289301]},"properties":{"id":"523204129","n":"Isango B PD 12","t":"pdw","c":"Kakamega"}},{"type":"Feature","geometry":{"type":"Point","coordinates":[34.597233,0.28296]},"properties":{"id":"84829557","n":"Maraba Community, Nambwaya Spring - 20015","t":"ps","c":"Kakamega"}},{"type":"Feature","geometry":{"type":"Point","coordinates":[34.630218,0.342573]},"properties":{"id":"523208130","n":"Eshikoti US 7","t":"us","c":"Kakamega"}},{"type":"Feature","geometry":{"type":"Point","coordinates":[34.566041,0.28078]},"properties":{"id":"523281782","n":"Emusaka PDW 1","t":"pdw","c":"Kakamega"}},{"type":"Feature","geometry":{"type":"Point","coordinates":[34.577478,0.27723]},"properties":{"id":"523354763","n":"Emukokongo PD 7","t":"pdw","c":"Kakamega"}},{"type":"Feature","geometry":{"type":"Point","coordinates":[34.618327,0.307337]},"properties":{"id":"523323871","n":"Ebusokho PS 24","t":"ps","c":"Kakamega"}},{"type":"Feature","geometry":{"type":"Point","coordinates":[34.614046,0.283739]},"properties":{"id":"523302546","n":"Muitawa PD 11","t":"pdw","c":"Kakamega"}},{"type":"Feature","geometry":{"type":"Point","coordinates":[34.571507,0.282719]},"properties":{"id":"523246882","n":"Emusaka PS 8","t":"pdw","c":"Kakamega"}},{"type":"Feature","geometry":{"type":"Point","coordinates":[34.585416,0.372079]},"properties":{"id":"523281225","n":"Khaunga B PD 13","t":"udw","c":"Kakamega"}},{"type":"Feature","geometry":{"type":"Point","coordinates":[34.59339,0.292287]},"properties":{"id":"523283540","n":"Maraba PD 18","t":"pdw","c":"Kakamega"}},{"type":"Feature","geometry":{"type":"Point","coordinates":[34.610133,0.292827]},"properties":{"id":"523234137","n":"Muitawa PD 19","t":"pdw","c":"Kakamega"}},{"type":"Feature","geometry":{"type":"Point","coordinates":[34.616148,0.329146]},"properties":{"id":"523260079","n":"Mulukobha PS 2","t":"ps","c":"Kakamega"}},{"type":"Feature","geometry":{"type":"Point","coordinates":[34.57121,0.275057]},"properties":{"id":"523229537","n":"Mwichinga B PD 11","t":"pdw","c":"Kakamega"}},{"type":"Feature","geometry":{"type":"Point","coordinates":[34.612327,0.305011]},"properties":{"id":"699571603","n":"Emutetemo B Community, Salasia Spring - 420007","t":"ps","c":"Kakamega"}},{"type":"Feature","geometry":{"type":"Point","coordinates":[34.598458,0.309018]},"properties":{"id":"615206868","n":"Eshiakhulo A Community, Omusotsi Spring - 23311","t":"ps","c":"Kakamega"}},{"type":"Feature","geometry":{"type":"Point","coordinates":[34.61812,0.308908]},"properties":{"id":"523237941","n":"Mutemesi B PD 4","t":"pdw","c":"Kakamega"}},{"type":"Feature","geometry":{"type":"Point","coordinates":[34.589603,0.314493]},"properties":{"id":"523216331","n":"Emashebwebwe A PS,7","t":"ps","c":"Kakamega"}},{"type":"Feature","geometry":{"type":"Point","coordinates":[34.613233,0.352765]},"properties":{"id":"523196004","n":"Mungakhagakha PD 20","t":"pdw","c":"Kakamega"}},{"type":"Feature","geometry":{"type":"Point","coordinates":[34.595228,0.315061]},"properties":{"id":"523344340","n":"Eshiakhulo B PD 1","t":"pdw","c":"Kakamega"}},{"type":"Feature","geometry":{"type":"Point","coordinates":[34.60902,0.340197]},"properties":{"id":"523283959","n":"Eshisari UD 12","t":"udw","c":"Kakamega"}},{"type":"Feature","geometry":{"type":"Point","coordinates":[34.604636,0.342451]},"properties":{"id":"523218302","n":"Esikura B PD1","t":"pdw","c":"Kakamega"}},{"type":"Feature","geometry":{"type":"Point","coordinates":[34.604946,0.306426]},"properties":{"id":"523256030","n":"Emutetemo A PD 10","t":"pdw","c":"Kakamega"}},{"type":"Feature","geometry":{"type":"Point","coordinates":[34.609725,0.324981]},"properties":{"id":"523210988","n":"Musambatsa PD 19","t":"pdw","c":"Kakamega"}},{"type":"Feature","geometry":{"type":"Point","coordinates":[34.600403,0.335468]},"properties":{"id":"523287290","n":"Emusiresire A PD6","t":"pdw","c":"Kakamega"}},{"type":"Feature","geometry":{"type":"Point","coordinates":[34.609205,0.296278]},"properties":{"id":"329034557","n":"Emuyere Community, Kaikai Spring - 21322","t":"ps","c":"Kakamega"}},{"type":"Feature","geometry":{"type":"Point","coordinates":[34.621804,0.285897]},"properties":{"id":"523267241","n":"Eshiaka PD1","t":"pdw","c":"Kakamega"}},{"type":"Feature","geometry":{"type":"Point","coordinates":[34.61965,0.343911]},"properties":{"id":"523234670","n":"Ekarungu US 8","t":"us","c":"Kakamega"}},{"type":"Feature","geometry":{"type":"Point","coordinates":[34.620647,0.323578]},"properties":{"id":"523232850","n":"Mulwanda US 1","t":"us","c":"Kakamega"}},{"type":"Feature","geometry":{"type":"Point","coordinates":[34.603085,0.312584]},"properties":{"id":"523203317","n":"Emukhalari A PD 3","t":"pdw","c":"Kakamega"}},{"type":"Feature","geometry":{"type":"Point","coordinates":[34.626454,0.288235]},"properties":{"id":"523211769","n":"Isango A PD 16","t":"pdw","c":"Kakamega"}},{"type":"Feature","geometry":{"type":"Point","coordinates":[34.61768,0.299193]},"properties":{"id":"523203647","n":"Makunga A RW 2","t":"ps","c":"Kakamega"}},{"type":"Feature","geometry":{"type":"Point","coordinates":[34.602441,0.330454]},"properties":{"id":"523210191","n":"Ebutingo B PS 5","t":"ps","c":"Kakamega"}},{"type":"Feature","geometry":{"type":"Point","coordinates":[34.600495,0.28774]},"properties":{"id":"523343837","n":"Eshibembe BH19","t":"bh","c":"Kakamega"}},{"type":"Feature","geometry":{"type":"Point","coordinates":[34.605552,0.292222]},"properties":{"id":"523197335","n":"Emuyere PD 28","t":"pdw","c":"Kakamega"}},{"type":"Feature","geometry":{"type":"Point","coordinates":[34.618157,0.306043]},"properties":{"id":"523260000","n":"Ebusokho PD 22","t":"pdw","c":"Kakamega"}},{"type":"Feature","geometry":{"type":"Point","coordinates":[34.587262,0.279783]},"properties":{"id":"523231897","n":"Nambacha PD 2","t":"pdw","c":"Kakamega"}},{"type":"Feature","geometry":{"type":"Point","coordinates":[34.569423,0.286256]},"properties":{"id":"523289728","n":"Emusaka PD 5","t":"pdw","c":"Kakamega"}},{"type":"Feature","geometry":{"type":"Point","coordinates":[34.618535,0.346662]},"properties":{"id":"523307132","n":"Ebusia PD 4","t":"pdw","c":"Kakamega"}},{"type":"Feature","geometry":{"type":"Point","coordinates":[34.61361,0.345277]},"properties":{"id":"523311944","n":"Munungo PD 13","t":"pdw","c":"Kakamega"}},{"type":"Feature","geometry":{"type":"Point","coordinates":[34.628767,0.352098]},"properties":{"id":"523238942","n":"Emukaniro PD 5","t":"pdw","c":"Kakamega"}},{"type":"Feature","geometry":{"type":"Point","coordinates":[34.614204,0.307723]},"properties":{"id":"523274197","n":"Mutemesi B PS 7","t":"ps","c":"Kakamega"}},{"type":"Feature","geometry":{"type":"Point","coordinates":[34.599675,0.291805]},"properties":{"id":"523350790","n":"Maraba PD 30","t":"pdw","c":"Kakamega"}},{"type":"Feature","geometry":{"type":"Point","coordinates":[34.61559,0.294902]},"properties":{"id":"523252593","n":"Makunga A PD33","t":"pdw","c":"Kakamega"}},{"type":"Feature","geometry":{"type":"Point","coordinates":[34.621613,0.302909]},"properties":{"id":"523272195","n":"Ebusokho PD 12","t":"pdw","c":"Kakamega"}},{"type":"Feature","geometry":{"type":"Point","coordinates":[34.612707,0.367832]},"properties":{"id":"523290702","n":"Upper Khaunga PD 19","t":"pdw","c":"Kakamega"}},{"type":"Feature","geometry":{"type":"Point","coordinates":[34.617736,0.308475]},"properties":{"id":"523338749","n":"Mutemesi B PD 5","t":"pdw","c":"Kakamega"}},{"type":"Feature","geometry":{"type":"Point","coordinates":[34.61057,0.36198]},"properties":{"id":"876528","n":"Decommissioned 2016 - Osika School Well","t":"bh","c":"Kakamega"}},{"type":"Feature","geometry":{"type":"Point","coordinates":[34.605507,0.294443]},"properties":{"id":"523217796","n":"Emuyere PD 30","t":"udw","c":"Kakamega"}},{"type":"Feature","geometry":{"type":"Point","coordinates":[34.614331,0.306014]},"properties":{"id":"523282721","n":"Emutetemo B PD 13","t":"pdw","c":"Kakamega"}},{"type":"Feature","geometry":{"type":"Point","coordinates":[34.602407,0.339347]},"properties":{"id":"523218687","n":"Esikura A PD6","t":"pdw","c":"Kakamega"}},{"type":"Feature","geometry":{"type":"Point","coordinates":[34.598463,0.309112]},"properties":{"id":"523310228","n":"Eshiakhulo A PS 4","t":"ps","c":"Kakamega"}},{"type":"Feature","geometry":{"type":"Point","coordinates":[34.631635,0.343801]},"properties":{"id":"523277602","n":"Eshisenye A PS 4","t":"ps","c":"Kakamega"}},{"type":"Feature","geometry":{"type":"Point","coordinates":[34.570158,0.277097]},"properties":{"id":"523316743","n":"Munjomi PD 6","t":"pdw","c":"Kakamega"}},{"type":"Feature","geometry":{"type":"Point","coordinates":[34.646881,0.339036]},"properties":{"id":"523209894","n":"Isongo US 7","t":"us","c":"Kakamega"}},{"type":"Feature","geometry":{"type":"Point","coordinates":[34.617993,0.306651]},"properties":{"id":"523329578","n":"Ebusokho PD 25","t":"pdw","c":"Kakamega"}},{"type":"Feature","geometry":{"type":"Point","coordinates":[34.616038,0.358298]},"properties":{"id":"523275954","n":"Malaha, PD, 33","t":"pdw","c":"Kakamega"}},{"type":"Feature","geometry":{"type":"Point","coordinates":[34.637762,0.335088]},"properties":{"id":"523339960","n":"Mushibi A US 5","t":"us","c":"Kakamega"}},{"type":"Feature","geometry":{"type":"Point","coordinates":[34.576013,0.286715]},"properties":{"id":"523223971","n":"Mulwanda PD 7","t":"pdw","c":"Kakamega"}},{"type":"Feature","geometry":{"type":"Point","coordinates":[34.619337,0.320009]},"properties":{"id":"523326441","n":"Emusoma PD 6","t":"pdw","c":"Kakamega"}},{"type":"Feature","geometry":{"type":"Point","coordinates":[34.574455,0.286779]},"properties":{"id":"523248097","n":"Mulwanda PD 4","t":"pdw","c":"Kakamega"}},{"type":"Feature","geometry":{"type":"Point","coordinates":[34.60268,0.283317]},"properties":{"id":"523244495","n":"Eshibembe PD 6","t":"pdw","c":"Kakamega"}},{"type":"Feature","geometry":{"type":"Point","coordinates":[34.618273,0.292696]},"properties":{"id":"523346294","n":"Makunga A PD28","t":"pdw","c":"Kakamega"}},{"type":"Feature","geometry":{"type":"Point","coordinates":[34.619643,0.312391]},"properties":{"id":"523348265","n":"Mutemesi A US 14","t":"us","c":"Kakamega"}},{"type":"Feature","geometry":{"type":"Point","coordinates":[34.617502,0.36116]},"properties":{"id":"523300850","n":"Malaha, PD, 36","t":"pdw","c":"Kakamega"}},{"type":"Feature","geometry":{"type":"Point","coordinates":[34.626835,0.329527]},"properties":{"id":"523192615","n":"Emungabo B PD 5","t":"pdw","c":"Kakamega"}},{"type":"Feature","geometry":{"type":"Point","coordinates":[34.600792,0.303636]},"properties":{"id":"523314923","n":"Emutetemo A PD 2","t":"pdw","c":"Kakamega"}},{"type":"Feature","geometry":{"type":"Point","coordinates":[34.5775,0.278572]},"properties":{"id":"523293499","n":"Musango PD 2","t":"pdw","c":"Kakamega"}},{"type":"Feature","geometry":{"type":"Point","coordinates":[34.613662,0.360194]},"properties":{"id":"523321099","n":"Malaha, PD, 10","t":"pdw","c":"Kakamega"}},{"type":"Feature","geometry":{"type":"Point","coordinates":[34.614355,0.290972]},"properties":{"id":"523311748","n":"Muitawa PD 6","t":"pdw","c":"Kakamega"}},{"type":"Feature","geometry":{"type":"Point","coordinates":[34.569663,0.275195]},"properties":{"id":"523354677","n":"Munjomi PD 14","t":"pdw","c":"Kakamega"}},{"type":"Feature","geometry":{"type":"Point","coordinates":[34.629455,0.337348]},"properties":{"id":"523210854","n":"Ebusalisi PD 2","t":"pdw","c":"Kakamega"}},{"type":"Feature","geometry":{"type":"Point","coordinates":[34.595312,0.36756]},"properties":{"id":"523304816","n":"Butunyi PS 2","t":"ps","c":"Kakamega"}},{"type":"Feature","geometry":{"type":"Point","coordinates":[34.602104,0.334005]},"properties":{"id":"523289711","n":"Emusiresire A PS1","t":"ps","c":"Kakamega"}},{"type":"Feature","geometry":{"type":"Point","coordinates":[34.62375,0.297964]},"properties":{"id":"523339740","n":"Makunga PD 1","t":"pdw","c":"Kakamega"}},{"type":"Feature","geometry":{"type":"Point","coordinates":[34.605752,0.331871]},"properties":{"id":"523196736","n":"Ebutingo B PD 11","t":"pdw","c":"Kakamega"}},{"type":"Feature","geometry":{"type":"Point","coordinates":[34.576992,0.284042]},"properties":{"id":"523330473","n":"Musango PS 10","t":"ps","c":"Kakamega"}},{"type":"Feature","geometry":{"type":"Point","coordinates":[34.618016,0.291981]},"properties":{"id":"523204765","n":"Makunga A PD 31","t":"pdw","c":"Kakamega"}},{"type":"Feature","geometry":{"type":"Point","coordinates":[34.607892,0.323021]},"properties":{"id":"523265081","n":"Musambatsa US 13","t":"us","c":"Kakamega"}},{"type":"Feature","geometry":{"type":"Point","coordinates":[34.621416,0.306896]},"properties":{"id":"523252933","n":"Ebusokho PS 18","t":"ps","c":"Kakamega"}},{"type":"Feature","geometry":{"type":"Point","coordinates":[34.61768,0.357858]},"properties":{"id":"305464772","n":"St. Paul's Ebusia Secondary School - 21365","t":"bh","c":"Kakamega","d":100.0}},{"type":"Feature","geometry":{"type":"Point","coordinates":[34.612301,0.305017]},"properties":{"id":"523216063","n":"Emutetemo B PS 6","t":"ps","c":"Kakamega"}},{"type":"Feature","geometry":{"type":"Point","coordinates":[34.610645,0.304109]},"properties":{"id":"523288105","n":"Emutetemo B PD 7","t":"pdw","c":"Kakamega"}},{"type":"Feature","geometry":{"type":"Point","coordinates":[34.581898,0.276475]},"properties":{"id":"523208116","n":"Emukokongo PS 4","t":"ps","c":"Kakamega"}},{"type":"Feature","geometry":{"type":"Point","coordinates":[34.610706,0.302689]},"properties":{"id":"523346517","n":"Emutetemo B BH 8","t":"bh","c":"Kakamega"}},{"type":"Feature","geometry":{"type":"Point","coordinates":[34.609134,0.318131]},"properties":{"id":"523275198","n":"Musambatsa US 5","t":"us","c":"Kakamega"}},{"type":"Feature","geometry":{"type":"Point","coordinates":[34.62159,0.362553]},"properties":{"id":"523271156","n":"Upper Khaunga PD 5","t":"pdw","c":"Kakamega"}},{"type":"Feature","geometry":{"type":"Point","coordinates":[34.633525,0.32839]},"properties":{"id":"563537522","n":"Elukuto Community, Okwara Spring - 23305","t":"ps","c":"Kakamega"}},{"type":"Feature","geometry":{"type":"Point","coordinates":[34.638616,0.344839]},"properties":{"id":"523261685","n":"Eshisenye A PD 7","t":"pdw","c":"Kakamega"}},{"type":"Feature","geometry":{"type":"Point","coordinates":[34.648336,0.335607]},"properties":{"id":"523249191","n":"Isongo PD 2","t":"pdw","c":"Kakamega"}},{"type":"Feature","geometry":{"type":"Point","coordinates":[34.584766,0.29276]},"properties":{"id":"523324322","n":"Shitoto B PD 6","t":"pdw","c":"Kakamega"}},{"type":"Feature","geometry":{"type":"Point","coordinates":[34.614533,0.297008]},"properties":{"id":"523313427","n":"Emuyere PD 1","t":"pdw","c":"Kakamega"}},{"type":"Feature","geometry":{"type":"Point","coordinates":[34.610456,0.351121]},"properties":{"id":"523238801","n":"Talamuti, PD, 7","t":"pdw","c":"Kakamega"}},{"type":"Feature","geometry":{"type":"Point","coordinates":[34.604765,0.355284]},"properties":{"id":"523212791","n":"Talamuti, PD, 12","t":"pdw","c":"Kakamega"}},{"type":"Feature","geometry":{"type":"Point","coordinates":[34.61819,0.362185]},"properties":{"id":"523236957","n":"Upper Khaunga PD 13","t":"pdw","c":"Kakamega"}},{"type":"Feature","geometry":{"type":"Point","coordinates":[34.63014,0.342475]},"properties":{"id":"523314291","n":"Eshikoti US 6","t":"us","c":"Kakamega"}},{"type":"Feature","geometry":{"type":"Point","coordinates":[34.60881,0.34995]},"properties":{"id":"876580","n":"UCC 2018 - Malaha Health Centre Water Project","t":"pdw","c":"Kakamega"}},{"type":"Feature","geometry":{"type":"Point","coordinates":[34.619643,0.309624]},"properties":{"id":"523234041","n":"Mutemesi A PD 20","t":"pdw","c":"Kakamega"}},{"type":"Feature","geometry":{"type":"Point","coordinates":[34.619474,0.311097]},"properties":{"id":"523305226","n":"Mutemesi A PS 17","t":"ps","c":"Kakamega"}},{"type":"Feature","geometry":{"type":"Point","coordinates":[34.604847,0.314396]},"properties":{"id":"523193386","n":"Marikiti PS 2","t":"ps","c":"Kakamega"}},{"type":"Feature","geometry":{"type":"Point","coordinates":[34.60164,0.316169]},"properties":{"id":"523211185","n":"Emukhalari B PD 11","t":"pdw","c":"Kakamega"}},{"type":"Feature","geometry":{"type":"Point","coordinates":[34.600035,0.326452]},"properties":{"id":"523208611","n":"Ebutingo A PS 7","t":"ps","c":"Kakamega"}},{"type":"Feature","geometry":{"type":"Point","coordinates":[34.630977,0.331653]},"properties":{"id":"523225942","n":"Ebusalisi UD 6","t":"udw","c":"Kakamega"}},{"type":"Feature","geometry":{"type":"Point","coordinates":[34.583789,0.371997]},"properties":{"id":"523322409","n":"Khaunga B PD 10","t":"pdw","c":"Kakamega"}},{"type":"Feature","geometry":{"type":"Point","coordinates":[34.599903,0.284877]},"properties":{"id":"523197823","n":"Eshibembe PD 9","t":"pdw","c":"Kakamega"}},{"type":"Feature","geometry":{"type":"Point","coordinates":[34.607624,0.333007]},"properties":{"id":"523199234","n":"Eshisari PD 4","t":"ps","c":"Kakamega"}},{"type":"Feature","geometry":{"type":"Point","coordinates":[34.588838,0.317802]},"properties":{"id":"523242668","n":"Musangaro B2 PS3","t":"ps","c":"Kakamega"}},{"type":"Feature","geometry":{"type":"Point","coordinates":[34.595508,0.285993]},"properties":{"id":"523332592","n":"Maraba PS 5","t":"ps","c":"Kakamega"}},{"type":"Feature","geometry":{"type":"Point","coordinates":[34.623544,0.31907]},"properties":{"id":"523211329","n":"Mulwanda US 4","t":"us","c":"Kakamega"}},{"type":"Feature","geometry":{"type":"Point","coordinates":[34.627566,0.321504]},"properties":{"id":"523352668","n":"Mabanga US 1","t":"us","c":"Kakamega"}},{"type":"Feature","geometry":{"type":"Point","coordinates":[34.6141,0.317242]},"properties":{"id":"523232324","n":"Emusoma BH 3","t":"bh","c":"Kakamega"}},{"type":"Feature","geometry":{"type":"Point","coordinates":[34.603239,0.326403]},"properties":{"id":"523330741","n":"Ebutingo A PD 11","t":"pdw","c":"Kakamega"}},{"type":"Feature","geometry":{"type":"Point","coordinates":[34.607225,0.299344]},"properties":{"id":"523227157","n":"Ikoli A PD 10","t":"pdw","c":"Kakamega"}},{"type":"Feature","geometry":{"type":"Point","coordinates":[34.597302,0.333496]},"properties":{"id":"523196516","n":"Bumini A PD5","t":"pdw","c":"Kakamega"}},{"type":"Feature","geometry":{"type":"Point","coordinates":[34.608965,0.29702]},"properties":{"id":"523271125","n":"Emuyere PD 12","t":"pdw","c":"Kakamega"}},{"type":"Feature","geometry":{"type":"Point","coordinates":[34.59728,0.315561]},"properties":{"id":"523349280","n":"Emukhalari B PD 9","t":"pdw","c":"Kakamega"}},{"type":"Feature","geometry":{"type":"Point","coordinates":[34.625823,0.329518]},"properties":{"id":"523266415","n":"Emungabo A PD 5","t":"pdw","c":"Kakamega"}},{"type":"Feature","geometry":{"type":"Point","coordinates":[34.597844,0.322451]},"properties":{"id":"523323345","n":"Ebutingo A PS 2","t":"pdw","c":"Kakamega"}},{"type":"Feature","geometry":{"type":"Point","coordinates":[34.590493,0.313706]},"properties":{"id":"523297936","n":"Eshiakhulo B PD 4","t":"pdw","c":"Kakamega"}},{"type":"Feature","geometry":{"type":"Point","coordinates":[34.575862,0.2758]},"properties":{"id":"523198525","n":"Munjomi PD 1","t":"pdw","c":"Kakamega"}},{"type":"Feature","geometry":{"type":"Point","coordinates":[34.648496,0.334361]},"properties":{"id":"523280231","n":"Milimani A PD 12","t":"pdw","c":"Kakamega"}},{"type":"Feature","geometry":{"type":"Point","coordinates":[34.609605,0.369618]},"properties":{"id":"523287025","n":"Khabondi B PD 18","t":"pdw","c":"Kakamega"}},{"type":"Feature","geometry":{"type":"Point","coordinates":[34.607323,0.286368]},"properties":{"id":"523314507","n":"Bwikhombero PD 14","t":"pdw","c":"Kakamega"}},{"type":"Feature","geometry":{"type":"Point","coordinates":[34.601992,0.28916]},"properties":{"id":"523293190","n":"Eshibembe PD 18","t":"pdw","c":"Kakamega"}},{"type":"Feature","geometry":{"type":"Point","coordinates":[34.643951,0.336354]},"properties":{"id":"523259813","n":"Isongo PD 13","t":"pdw","c":"Kakamega"}},{"type":"Feature","geometry":{"type":"Point","coordinates":[34.646385,0.334841]},"properties":{"id":"523346012","n":"Isongo PS 1","t":"ps","c":"Kakamega"}},{"type":"Feature","geometry":{"type":"Point","coordinates":[34.613544,0.297244]},"properties":{"id":"523338653","n":"Emuyere PD 2","t":"pdw","c":"Kakamega"}},{"type":"Feature","geometry":{"type":"Point","coordinates":[34.589024,0.372261]},"properties":{"id":"523219592","n":"Namwaya PD 3","t":"pdw","c":"Kakamega"}},{"type":"Feature","geometry":{"type":"Point","coordinates":[34.60663,0.307145]},"properties":{"id":"84830476","n":"Emutetemo Community, Lubale Spring - 21301","t":"ps","c":"Kakamega"}},{"type":"Feature","geometry":{"type":"Point","coordinates":[34.595047,0.363556]},"properties":{"id":"523267966","n":"Ebusubi, PS, 7","t":"ps","c":"Kakamega"}},{"type":"Feature","geometry":{"type":"Point","coordinates":[34.579979,0.294863]},"properties":{"id":"523193702","n":"Shitoto B PS 14","t":"ps","c":"Kakamega"}},{"type":"Feature","geometry":{"type":"Point","coordinates":[34.601315,0.336442]},"properties":{"id":"523215787","n":"Emusiresire A PS2","t":"ps","c":"Kakamega"}},{"type":"Feature","geometry":{"type":"Point","coordinates":[34.583384,0.370141]},"properties":{"id":"523301545","n":"Khaunga B PD 5","t":"pdw","c":"Kakamega"}},{"type":"Feature","geometry":{"type":"Point","coordinates":[34.604773,0.30682]},"properties":{"id":"523302371","n":"Emutetemo A US 11","t":"us","c":"Kakamega"}},{"type":"Feature","geometry":{"type":"Point","coordinates":[34.610329,0.300134]},"properties":{"id":"523293932","n":"Emuyere PD 9","t":"pdw","c":"Kakamega"}},{"type":"Feature","geometry":{"type":"Point","coordinates":[34.589448,0.278995]},"properties":{"id":"523231086","n":"Mutono PH 7","t":"bh","c":"Kakamega"}},{"type":"Feature","geometry":{"type":"Point","coordinates":[34.571224,0.286356]},"properties":{"id":"523207861","n":"Emusaka PS 10","t":"ps","c":"Kakamega"}},{"type":"Feature","geometry":{"type":"Point","coordinates":[34.586148,0.288178]},"properties":{"id":"523257110","n":"Mwitwa PS 4","t":"ps","c":"Kakamega"}},{"type":"Feature","geometry":{"type":"Point","coordinates":[34.609442,0.295366]},"properties":{"id":"523343301","n":"Emuyere PD 13","t":"pdw","c":"Kakamega"}},{"type":"Feature","geometry":{"type":"Point","coordinates":[34.62336,0.295411]},"properties":{"id":"523288215","n":"Makunga B PD 6","t":"pdw","c":"Kakamega"}},{"type":"Feature","geometry":{"type":"Point","coordinates":[34.615695,0.295698]},"properties":{"id":"523265483","n":"Makunga A PD34","t":"pdw","c":"Kakamega"}},{"type":"Feature","geometry":{"type":"Point","coordinates":[34.571529,0.284906]},"properties":{"id":"523233600","n":"Emusaka PD 9","t":"pdw","c":"Kakamega"}},{"type":"Feature","geometry":{"type":"Point","coordinates":[34.598357,0.329096]},"properties":{"id":"523345743","n":"Bumini A PS4","t":"ps","c":"Kakamega"}},{"type":"Feature","geometry":{"type":"Point","coordinates":[34.605989,0.343435]},"properties":{"id":"523233978","n":"Esikura B PS1","t":"ps","c":"Kakamega"}},{"type":"Feature","geometry":{"type":"Point","coordinates":[34.609438,0.311563]},"properties":{"id":"523330497","n":"Mutemesi A UD 2","t":"udw","c":"Kakamega"}},{"type":"Feature","geometry":{"type":"Point","coordinates":[34.579844,0.369226]},"properties":{"id":"523316578","n":"Mwichinga PD 3","t":"pdw","c":"Kakamega"}},{"type":"Feature","geometry":{"type":"Point","coordinates":[34.609486,0.359773]},"properties":{"id":"523272951","n":"Khainga, PD, 8","t":"pdw","c":"Kakamega"}},{"type":"Feature","geometry":{"type":"Point","coordinates":[34.613556,0.359355]},"properties":{"id":"523295288","n":"Malaha, PD, 11","t":"pdw","c":"Kakamega"}},{"type":"Feature","geometry":{"type":"Point","coordinates":[34.623809,0.304911]},"properties":{"id":"523303482","n":"Ebusokho PD 2","t":"pdw","c":"Kakamega"}},{"type":"Feature","geometry":{"type":"Point","coordinates":[34.571273,0.275412]},"properties":{"id":"523278115","n":"Munjomi PD 3","t":"pdw","c":"Kakamega"}},{"type":"Feature","geometry":{"type":"Point","coordinates":[34.588923,0.285399]},"properties":{"id":"3750078","n":"Shughulika Women's Group Water Project - 499","t":"bh","c":"Kakamega"}},{"type":"Feature","geometry":{"type":"Point","coordinates":[34.577248,0.279003]},"properties":{"id":"523285999","n":"Musango PD 3","t":"pdw","c":"Kakamega"}},{"type":"Feature","geometry":{"type":"Point","coordinates":[34.627416,0.289797]},"properties":{"id":"523194497","n":"Isango B PS 6","t":"ps","c":"Kakamega"}},{"type":"Feature","geometry":{"type":"Point","coordinates":[34.607084,0.351876]},"properties":{"id":"523225014","n":"Muroni A, PD, 7","t":"pdw","c":"Kakamega"}},{"type":"Feature","geometry":{"type":"Point","coordinates":[34.625033,0.357108]},"properties":{"id":"523251413","n":"Bulukuyu PS 5","t":"ps","c":"Kakamega"}},{"type":"Feature","geometry":{"type":"Point","coordinates":[34.571678,0.277218]},"properties":{"id":"84829564","n":"Musango Commnuity, Wabuti Spring - 20029","t":"ps","c":"Kakamega"}},{"type":"Feature","geometry":{"type":"Point","coordinates":[34.611662,0.354653]},"properties":{"id":"523289694","n":"Talamuti, PD, 2","t":"pdw","c":"Kakamega"}},{"type":"Feature","geometry":{"type":"Point","coordinates":[34.614821,0.317139]},"properties":{"id":"523340535","n":"Emusoma BH 2","t":"bh","c":"Kakamega"}},{"type":"Feature","geometry":{"type":"Point","coordinates":[34.621759,0.293496]},"properties":{"id":"523274159","n":"Makunga B PD18","t":"pdw","c":"Kakamega"}},{"type":"Feature","geometry":{"type":"Point","coordinates":[34.613114,0.362714]},"properties":{"id":"523347075","n":"Malaha, PD, 13","t":"pdw","c":"Kakamega"}},{"type":"Feature","geometry":{"type":"Point","coordinates":[34.581765,0.27761]},"properties":{"id":"523312251","n":"Emukokongo PD 5","t":"pdw","c":"Kakamega"}},{"type":"Feature","geometry":{"type":"Point","coordinates":[34.604916,0.357607]},"properties":{"id":"523249146","n":"Khainga, PD, 1","t":"pdw","c":"Kakamega"}},{"type":"Feature","geometry":{"type":"Point","coordinates":[34.57421,0.278102]},"properties":{"id":"523246019","n":"Musango PD 10","t":"pdw","c":"Kakamega"}},{"type":"Feature","geometry":{"type":"Point","coordinates":[34.593732,0.304719]},"properties":{"id":"523249847","n":"Eshiakhulo B BH 7","t":"bh","c":"Kakamega"}},{"type":"Feature","geometry":{"type":"Point","coordinates":[34.589678,0.319402]},"properties":{"id":"523292175","n":"Musangaro B2 US3","t":"us","c":"Kakamega"}},{"type":"Feature","geometry":{"type":"Point","coordinates":[34.59375,0.313584]},"properties":{"id":"523199045","n":"Eshiakhulo B PS 2","t":"ps","c":"Kakamega"}},{"type":"Feature","geometry":{"type":"Point","coordinates":[34.56925,0.27916]},"properties":{"id":"523207933","n":"Munjomi PD 9","t":"pdw","c":"Kakamega"}},{"type":"Feature","geometry":{"type":"Point","coordinates":[34.57063,0.279583]},"properties":{"id":"523354749","n":"Musango PD 7","t":"pdw","c":"Kakamega"}},{"type":"Feature","geometry":{"type":"Point","coordinates":[34.62028,0.359047]},"properties":{"id":"523271194","n":"Township PD 30","t":"pdw","c":"Kakamega"}},{"type":"Feature","geometry":{"type":"Point","coordinates":[34.611034,0.31074]},"properties":{"id":"523265548","n":"Mutemesi A PS 21","t":"ps","c":"Kakamega"}},{"type":"Feature","geometry":{"type":"Point","coordinates":[34.620407,0.361033]},"properties":{"id":"523246349","n":"Upper Khaunga PD 8","t":"pdw","c":"Kakamega"}},{"type":"Feature","geometry":{"type":"Point","coordinates":[34.578725,0.277833]},"properties":{"id":"523251358","n":"Musango PD 14","t":"pdw","c":"Kakamega"}},{"type":"Feature","geometry":{"type":"Point","coordinates":[34.589403,0.297768]},"properties":{"id":"523293293","n":"Mungakha PD","t":"pdw","c":"Kakamega"}},{"type":"Feature","geometry":{"type":"Point","coordinates":[34.612185,0.315489]},"properties":{"id":"523215718","n":"Emusoma PD 12","t":"pdw","c":"Kakamega"}},{"type":"Feature","geometry":{"type":"Point","coordinates":[34.609669,0.326798]},"properties":{"id":"523317768","n":"Musambatsa PD 20","t":"pdw","c":"Kakamega"}},{"type":"Feature","geometry":{"type":"Point","coordinates":[34.589576,0.364077]},"properties":{"id":"523296928","n":"Ebusubi, PD, 13","t":"pdw","c":"Kakamega"}},{"type":"Feature","geometry":{"type":"Point","coordinates":[34.60262,0.367582]},"properties":{"id":"523354976","n":"Khabondi A PD 4","t":"pdw","c":"Kakamega"}},{"type":"Feature","geometry":{"type":"Point","coordinates":[34.581265,0.281763]},"properties":{"id":"523284046","n":"Nambacha PS 9","t":"ps","c":"Kakamega"}},{"type":"Feature","geometry":{"type":"Point","coordinates":[34.618655,0.322271]},"properties":{"id":"523245654","n":"Mulwanda US 2","t":"us","c":"Kakamega"}},{"type":"Feature","geometry":{"type":"Point","coordinates":[34.606292,0.338488]},"properties":{"id":"523319674","n":"Esikura A PD11","t":"pdw","c":"Kakamega"}},{"type":"Feature","geometry":{"type":"Point","coordinates":[34.628825,0.34105]},"properties":{"id":"523350240","n":"Eshikoti US 2","t":"us","c":"Kakamega"}},{"type":"Feature","geometry":{"type":"Point","coordinates":[34.61587,0.360509]},"properties":{"id":"523195694","n":"Malaha, PD, 22","t":"pdw","c":"Kakamega"}},{"type":"Feature","geometry":{"type":"Point","coordinates":[34.606868,0.296053]},"properties":{"id":"523220772","n":"Ikoli A PD 15","t":"pdw","c":"Kakamega"}},{"type":"Feature","geometry":{"type":"Point","coordinates":[34.599225,0.301662]},"properties":{"id":"84830816","n":"Ikoli Community, Odongo Spring - 21308","t":"ps","c":"Kakamega"}},{"type":"Feature","geometry":{"type":"Point","coordinates":[34.610838,0.294869]},"properties":{"id":"523209258","n":"Emuyere PD 17","t":"pdw","c":"Kakamega"}},{"type":"Feature","geometry":{"type":"Point","coordinates":[34.599366,0.322238]},"properties":{"id":"523200493","n":"Ematetie PD 10","t":"pdw","c":"Kakamega"}},{"type":"Feature","geometry":{"type":"Point","coordinates":[34.616214,0.329129]},"properties":{"id":"316006778","n":"Mulukobha Community, Omusebe Spring - 21319","t":"ps","c":"Kakamega"}},{"type":"Feature","geometry":{"type":"Point","coordinates":[34.62218,0.29531]},"properties":{"id":"3749867","n":"IFC Church Makunga - 4151","t":"bh","c":"Kakamega"}},{"type":"Feature","geometry":{"type":"Point","coordinates":[34.610987,0.34717]},"properties":{"id":"523263508","n":"Munungo PD 6","t":"pdw","c":"Kakamega"}},{"type":"Feature","geometry":{"type":"Point","coordinates":[34.592919,0.323254]},"properties":{"id":"523256827","n":"Musangaro A1 PD5","t":"pdw","c":"Kakamega"}},{"type":"Feature","geometry":{"type":"Point","coordinates":[34.618716,0.287965]},"properties":{"id":"523231282","n":"Eshiaka PD5","t":"pdw","c":"Kakamega"}},{"type":"Feature","geometry":{"type":"Point","coordinates":[34.599994,0.367218]},"properties":{"id":"523342018","n":"Khabondi A PS 2","t":"ps","c":"Kakamega"}},{"type":"Feature","geometry":{"type":"Point","coordinates":[34.571437,0.275455]},"properties":{"id":"523228433","n":"Munjomi PD 4","t":"pdw","c":"Kakamega"}},{"type":"Feature","geometry":{"type":"Point","coordinates":[34.619664,0.361577]},"properties":{"id":"523254801","n":"Upper Khaunga PD 9","t":"pdw","c":"Kakamega"}},{"type":"Feature","geometry":{"type":"Point","coordinates":[34.593207,0.307762]},"properties":{"id":"523330332","n":"Eshiakhulo B PD 18","t":"pdw","c":"Kakamega"}},{"type":"Feature","geometry":{"type":"Point","coordinates":[34.638831,0.336895]},"properties":{"id":"523220040","n":"Mushibi A PS 4","t":"ps","c":"Kakamega"}},{"type":"Feature","geometry":{"type":"Point","coordinates":[34.617795,0.293415]},"properties":{"id":"523274434","n":"Makunga A PD25","t":"pdw","c":"Kakamega"}},{"type":"Feature","geometry":{"type":"Point","coordinates":[34.586708,0.27575]},"properties":{"id":"523204095","n":"Mutono PD 9","t":"pdw","c":"Kakamega"}},{"type":"Feature","geometry":{"type":"Point","coordinates":[34.600754,0.334974]},"properties":{"id":"523215158","n":"Emusiresire A PD7","t":"pdw","c":"Kakamega"}},{"type":"Feature","geometry":{"type":"Point","coordinates":[34.620765,0.356443]},"properties":{"id":"523233813","n":"Township PD 4","t":"pdw","c":"Kakamega"}},{"type":"Feature","geometry":{"type":"Point","coordinates":[34.600408,0.324514]},"properties":{"id":"523252517","n":"Ebutingo A PD 8","t":"pdw","c":"Kakamega"}},{"type":"Feature","geometry":{"type":"Point","coordinates":[34.615333,0.361203]},"properties":{"id":"523350312","n":"Malaha, UD, 23","t":"udw","c":"Kakamega"}},{"type":"Feature","geometry":{"type":"Point","coordinates":[34.625417,0.315335]},"properties":{"id":"523274908","n":"Mushikulu US 5","t":"us","c":"Kakamega"}},{"type":"Feature","geometry":{"type":"Point","coordinates":[34.643436,0.331256]},"properties":{"id":"523237154","n":"Milimani A UD 3","t":"udw","c":"Kakamega"}},{"type":"Feature","geometry":{"type":"Point","coordinates":[34.620722,0.327129]},"properties":{"id":"523195443","n":"Emungabo A","t":"ps","c":"Kakamega"}},{"type":"Feature","geometry":{"type":"Point","coordinates":[34.607094,0.351888]},"properties":{"id":"523326922","n":"Muroni A, PD, 6","t":"pdw","c":"Kakamega"}},{"type":"Feature","geometry":{"type":"Point","coordinates":[34.598433,0.316357]},"properties":{"id":"523255981","n":"Emukhalari B PD 7","t":"pdw","c":"Kakamega"}},{"type":"Feature","geometry":{"type":"Point","coordinates":[34.616248,0.296327]},"properties":{"id":"523216843","n":"Makunga A PD38","t":"pdw","c":"Kakamega"}},{"type":"Feature","geometry":{"type":"Point","coordinates":[34.583645,0.293154]},"properties":{"id":"523314648","n":"Shitoto B PS 11","t":"ps","c":"Kakamega"}},{"type":"Feature","geometry":{"type":"Point","coordinates":[34.60032,0.292247]},"properties":{"id":"523233002","n":"Maraba PS 31","t":"ps","c":"Kakamega"}},{"type":"Feature","geometry":{"type":"Point","coordinates":[34.591875,0.309065]},"properties":{"id":"523329781","n":"Eshiakhulo B BH 12","t":"bh","c":"Kakamega"}},{"type":"Feature","geometry":{"type":"Point","coordinates":[34.611884,0.30211]},"properties":{"id":"523220992","n":"Emutetemo B PD 9","t":"pdw","c":"Kakamega"}},{"type":"Feature","geometry":{"type":"Point","coordinates":[34.562622,0.28269]},"properties":{"id":"523330837","n":"Elwasambi US 3","t":"us","c":"Kakamega"}},{"type":"Feature","geometry":{"type":"Point","coordinates":[34.589343,0.281182]},"properties":{"id":"523247735","n":"Nambacha PD. 17","t":"udw","c":"Kakamega"}},{"type":"Feature","geometry":{"type":"Point","coordinates":[34.569267,0.277878]},"properties":{"id":"523308865","n":"Munjomi PD 7","t":"pdw","c":"Kakamega"}},{"type":"Feature","geometry":{"type":"Point","coordinates":[34.627119,0.331793]},"properties":{"id":"523347219","n":"Nyaporo PD 2","t":"pdw","c":"Kakamega"}},{"type":"Feature","geometry":{"type":"Point","coordinates":[34.608839,0.370393]},"properties":{"id":"523236366","n":"Khabondi B PD 17","t":"pdw","c":"Kakamega"}},{"type":"Feature","geometry":{"type":"Point","coordinates":[34.583668,0.280438]},"properties":{"id":"523291198","n":"Nambacha PS 6","t":"ps","c":"Kakamega"}},{"type":"Feature","geometry":{"type":"Point","coordinates":[34.623558,0.360725]},"properties":{"id":"523235640","n":"Township PD 33","t":"pdw","c":"Kakamega"}},{"type":"Feature","geometry":{"type":"Point","coordinates":[34.616505,0.35491]},"properties":{"id":"523265160","n":"Mungakhagakha PD 5","t":"pdw","c":"Kakamega"}},{"type":"Feature","geometry":{"type":"Point","coordinates":[34.614977,0.345383]},"properties":{"id":"523354653","n":"Mungakhagakha PD 16","t":"pdw","c":"Kakamega"}},{"type":"Feature","geometry":{"type":"Point","coordinates":[34.429446,0.313952]},"properties":{"id":"3749661","n":"Enyalong'o Community - 4214","t":"pdw","c":"Kakamega"}},{"type":"Feature","geometry":{"type":"Point","coordinates":[34.411906,0.276516]},"properties":{"id":"3749812","n":"Iyabo Primary School Hand-Dug Well - 4251","t":"pdw","c":"Kakamega"}},{"type":"Feature","geometry":{"type":"Point","coordinates":[34.41196,0.25886]},"properties":{"id":"3750274","n":"Emukhuwa Primary School Borehole - 4124","t":"bh","c":"Kakamega"}},{"type":"Feature","geometry":{"type":"Point","coordinates":[34.449346,0.282487]},"properties":{"id":"591391","n":"St. Peters Emakale Primary School","t":"bh","c":"Kakamega"}},{"type":"Feature","geometry":{"type":"Point","coordinates":[34.45048,0.29107]},"properties":{"id":"3749908","n":"Ebuchifi Primary School Hand-Dug Well - 4200","t":"pdw","c":"Kakamega"}},{"type":"Feature","geometry":{"type":"Point","coordinates":[34.40775,0.2417]},"properties":{"id":"3750449","n":"Lukongo Primary School Hand-Dug Well - 4245","t":"pdw","c":"Kakamega"}},{"type":"Feature","geometry":{"type":"Point","coordinates":[34.44038,0.275667]},"properties":{"id":"3750126","n":"Ihonje Primary School Hand-Dug Well - 4277","t":"pdw","c":"Kakamega"}},{"type":"Feature","geometry":{"type":"Point","coordinates":[34.431134,0.251311]},"properties":{"id":"3750339","n":"Bukaya Community Well Rehabilitation Project - 4123","t":"bh","c":"Kakamega"}},{"type":"Feature","geometry":{"type":"Point","coordinates":[34.464706,0.301512]},"properties":{"id":"3749915","n":"Inzu Yene Self Help Group - 4152","t":"bh","c":"Kakamega"}},{"type":"Feature","geometry":{"type":"Point","coordinates":[34.441635,0.30642]},"properties":{"id":"3749922","n":"Eshikulu Community - 4258","t":"pdw","c":"Kakamega"}},{"type":"Feature","geometry":{"type":"Point","coordinates":[34.49754,0.32862]},"properties":{"id":"3749489","n":"Decommissioned 2016 - St. Angela School for Deaf and Blind - 4002","t":"bh","c":"Kakamega"}},{"type":"Feature","geometry":{"type":"Point","coordinates":[34.445345,0.32529]},"properties":{"id":"3749575","n":"Matawa Primary School - 4130","t":"bh","c":"Kakamega"}},{"type":"Feature","geometry":{"type":"Point","coordinates":[34.4303,0.32318]},"properties":{"id":"3749609","n":"Ekambara Primary School - 4150","t":"pdw","c":"Kakamega"}},{"type":"Feature","geometry":{"type":"Point","coordinates":[34.458328,0.329545]},"properties":{"id":"3749472","n":"Decommissioned 2022 - Lureko Jamia Mosque Community Well Rehabilitation Project - 4125","t":"pdw","c":"Kakamega"}},{"type":"Feature","geometry":{"type":"Point","coordinates":[34.426549,0.320501]},"properties":{"id":"3750030","n":"Musango Community - 4210","t":"bh","c":"Kakamega"}},{"type":"Feature","geometry":{"type":"Point","coordinates":[34.45184,0.32835]},"properties":{"id":"3749496","n":"Emuchimi Health Centre Rehab - 4128","t":"pdw","c":"Kakamega"}},{"type":"Feature","geometry":{"type":"Point","coordinates":[34.422574,0.312633]},"properties":{"id":"3749513","n":"Matsakha Jamia Mosque and Community - 4131","t":"pdw","c":"Kakamega"}},{"type":"Feature","geometry":{"type":"Point","coordinates":[34.422574,0.312633]},"properties":{"id":"6039903","n":"Vilongo Community - 18287","t":"pdw","c":"Kakamega"}},{"type":"Feature","geometry":{"type":"Point","coordinates":[34.469368,0.333025]},"properties":{"id":"1027576","n":"Decommissioned 2016 - St. Elizabeth Lureko Girls School New Well Project","t":"bh","c":"Kakamega"}},{"type":"Feature","geometry":{"type":"Point","coordinates":[34.48249,0.31518]},"properties":{"id":"3749678","n":"Decommissioned 2016 - Enyapora Community","t":"pdw","c":"Kakamega"}},{"type":"Feature","geometry":{"type":"Point","coordinates":[34.416733,0.317143]},"properties":{"id":"3749582","n":"Decommissioned 2016 - Mwitseshe Community Well Rehabilitation Project","t":"bh","c":"Kakamega"}},{"type":"Feature","geometry":{"type":"Point","coordinates":[34.435437,0.323273]},"properties":{"id":"3749506","n":"Eshirachiri Self Help Group - 4190","t":"bh","c":"Kakamega"}},{"type":"Feature","geometry":{"type":"Point","coordinates":[34.520733,0.331663]},"properties":{"id":"523217909","n":"Ebwayi PD1","t":"pdw","c":"Kakamega"}},{"type":"Feature","geometry":{"type":"Point","coordinates":[34.517438,0.332633]},"properties":{"id":"523347257","n":"Ebwayi PS2","t":"ps","c":"Kakamega"}},{"type":"Feature","geometry":{"type":"Point","coordinates":[34.518732,0.331045]},"properties":{"id":"523228086","n":"Shifuyo A PD15","t":"pdw","c":"Kakamega"}},{"type":"Feature","geometry":{"type":"Point","coordinates":[34.516272,0.335665]},"properties":{"id":"523237044","n":"Ebwayi PS1","t":"ps","c":"Kakamega"}},{"type":"Feature","geometry":{"type":"Point","coordinates":[34.518285,0.331948]},"properties":{"id":"523242709","n":"Ebwayi PD12","t":"pdw","c":"Kakamega"}},{"type":"Feature","geometry":{"type":"Point","coordinates":[34.519645,0.330292]},"properties":{"id":"523342874","n":"Shifuyo A PD14","t":"pdw","c":"Kakamega"}},{"type":"Feature","geometry":{"type":"Point","coordinates":[34.494843,0.33914]},"properties":{"id":"714151836","n":"FAKE2. IRENE. KANINI. UNDER A TREE. JERRICANS","t":"ps","c":"Kakamega"}},{"type":"Feature","geometry":{"type":"Point","coordinates":[34.518642,0.332302]},"properties":{"id":"523256841","n":"Ebwayi PD13","t":"pdw","c":"Kakamega"}},{"type":"Feature","geometry":{"type":"Point","coordinates":[34.521477,0.332788]},"properties":{"id":"523290094","n":"Ebwayi PD4","t":"pdw","c":"Kakamega"}},{"type":"Feature","geometry":{"type":"Point","coordinates":[34.520118,0.331597]},"properties":{"id":"523313829","n":"Ebwayi PD15","t":"pdw","c":"Kakamega"}},{"type":"Feature","geometry":{"type":"Point","coordinates":[34.519508,0.33074]},"properties":{"id":"523275129","n":"Shifuyo A PD15","t":"pdw","c":"Kakamega"}},{"type":"Feature","geometry":{"type":"Point","coordinates":[34.520602,0.33209]},"properties":{"id":"523215079","n":"Ebwayi PD2","t":"pdw","c":"Kakamega"}},{"type":"Feature","geometry":{"type":"Point","coordinates":[34.519457,0.333138]},"properties":{"id":"523331883","n":"Ebwayi PD14","t":"pdw","c":"Kakamega"}},{"type":"Feature","geometry":{"type":"Point","coordinates":[34.516652,0.333542]},"properties":{"id":"523280994","n":"Ebwayi PD10","t":"pdw","c":"Kakamega"}},{"type":"Feature","geometry":{"type":"Point","coordinates":[34.516978,0.331423]},"properties":{"id":"523244543","n":"Ebwayi PS3","t":"ps","c":"Kakamega"}},{"type":"Feature","geometry":{"type":"Point","coordinates":[34.519497,0.332592]},"properties":{"id":"523275844","n":"Ebwayi UD1","t":"udw","c":"Kakamega"}},{"type":"Feature","geometry":{"type":"Point","coordinates":[34.521483,0.332178]},"properties":{"id":"523223885","n":"Ebwayi PD3","t":"pdw","c":"Kakamega"}},{"type":"Feature","geometry":{"type":"Point","coordinates":[34.520375,0.331022]},"properties":{"id":"523211563","n":"Shifuyo A PD16","t":"pdw","c":"Kakamega"}},{"type":"Feature","geometry":{"type":"Point","coordinates":[34.451074,0.243131]},"properties":{"id":"4508076","n":"Imbiakalo Community - 4539","t":"bh","c":"Kakamega"}},{"type":"Feature","geometry":{"type":"Point","coordinates":[34.481715,0.230498]},"properties":{"id":"4161529","n":"UCC 2019 - Emulambo Jamia Mosque","t":"bh","c":"Kakamega"}},{"type":"Feature","geometry":{"type":"Point","coordinates":[34.403,0.195]},"properties":{"id":"9606089","n":"Munzakula, Musonye Spring - 4699","t":"ps","c":"Kakamega"}},{"type":"Feature","geometry":{"type":"Point","coordinates":[34.4107,0.23446]},"properties":{"id":"3750528","n":"Lukongo Police Patrol Base - 4252","t":"pdw","c":"Kakamega"}},{"type":"Feature","geometry":{"type":"Point","coordinates":[34.441975,0.248364]},"properties":{"id":"3750418","n":"Emulembwa Community - 4254","t":"pdw","c":"Kakamega"}},{"type":"Feature","geometry":{"type":"Point","coordinates":[34.481715,0.230498]},"properties":{"id":"591425","n":"Emulambo Jamia Mosque Borehole Project","t":"bh","c":"Kakamega"}},{"type":"Feature","geometry":{"type":"Point","coordinates":[34.46437,0.2572]},"properties":{"id":"3750281","n":"Eshikalame Primary School Borehole - 498","t":"bh","c":"Kakamega"}},{"type":"Feature","geometry":{"type":"Point","coordinates":[34.46274,0.25672]},"properties":{"id":"3750315","n":"St Andrews A.C.K Eshikalame Parish - 4103","t":"pdw","c":"Kakamega"}},{"type":"Feature","geometry":{"type":"Point","coordinates":[34.44704,0.25687]},"properties":{"id":"3750308","n":"Buhuru Market Water Project - 497","t":"pdw","c":"Kakamega"}},{"type":"Feature","geometry":{"type":"Point","coordinates":[34.732078,0.390336]},"properties":{"id":"523192684","n":"Mayuge B UD 2","t":"udw","c":"Kakamega"}},{"type":"Feature","geometry":{"type":"Point","coordinates":[34.66684,0.39348]},"properties":{"id":"876346","n":"Nambacha Primary and Secondary School Borehole - 4266","t":"bh","c":"Kakamega"}},{"type":"Feature","geometry":{"type":"Point","coordinates":[34.721554,0.403124]},"properties":{"id":"523199351","n":"Muchini PS 1","t":"ps","c":"Kakamega"}},{"type":"Feature","geometry":{"type":"Point","coordinates":[34.732303,0.394061]},"properties":{"id":"523264080","n":"Mayuge A BH 2","t":"bh","c":"Kakamega"}},{"type":"Feature","geometry":{"type":"Point","coordinates":[34.6614,0.37246]},"properties":{"id":"876470","n":"Sihanikha Primary School - 4336","t":"bh","c":"Kakamega"}},{"type":"Feature","geometry":{"type":"Point","coordinates":[34.735334,0.392168]},"properties":{"id":"523273859","n":"Mawa'ngi B PS 7","t":"ps","c":"Kakamega"}},{"type":"Feature","geometry":{"type":"Point","coordinates":[34.731438,0.394842]},"properties":{"id":"523207380","n":"Nakhayaka A BH 5","t":"bh","c":"Kakamega"}},{"type":"Feature","geometry":{"type":"Point","coordinates":[34.732813,0.388285]},"properties":{"id":"523218845","n":"Mayuge B PS 1","t":"ps","c":"Kakamega"}},{"type":"Feature","geometry":{"type":"Point","coordinates":[34.72,0.4]},"properties":{"id":"3615560","n":"Nakhayaka, Namburu Spring - 4421","t":"ps","c":"Kakamega"}},{"type":"Feature","geometry":{"type":"Point","coordinates":[34.734945,0.388883]},"properties":{"id":"523207067","n":"Mawa'ngi B PS 6","t":"ps","c":"Kakamega"}},{"type":"Feature","geometry":{"type":"Point","coordinates":[34.668521,0.383357]},"properties":{"id":"876339","n":"Mauna Community - 4321","t":"pdw","c":"Kakamega"}},{"type":"Feature","geometry":{"type":"Point","coordinates":[34.726944,0.390938]},"properties":{"id":"523276821","n":"Mayuge B PS 5","t":"ps","c":"Kakamega"}},{"type":"Feature","geometry":{"type":"Point","coordinates":[34.727429,0.396174]},"properties":{"id":"523224350","n":"Nakhayaka A PD 4","t":"pdw","c":"Kakamega"}},{"type":"Feature","geometry":{"type":"Point","coordinates":[34.716562,0.41601]},"properties":{"id":"523337346","n":"Musidi PS 2","t":"ps","c":"Kakamega"}},{"type":"Feature","geometry":{"type":"Point","coordinates":[34.683858,0.413681]},"properties":{"id":"876274","n":"Navakholo Community - 4317","t":"bh","c":"Kakamega"}},{"type":"Feature","geometry":{"type":"Point","coordinates":[34.729121,0.389703]},"properties":{"id":"523312952","n":"Mayuge B US 4","t":"us","c":"Kakamega"}},{"type":"Feature","geometry":{"type":"Point","coordinates":[34.731363,0.38889]},"properties":{"id":"523324188","n":"Mayuge B PS 3","t":"ps","c":"Kakamega"}},{"type":"Feature","geometry":{"type":"Point","coordinates":[34.733341,0.452646]},"properties":{"id":"3487125","n":"Musaga Primary School Borehole - 4351","t":"bh","c":"Kakamega"}},{"type":"Feature","geometry":{"type":"Point","coordinates":[34.7113,0.4439]},"properties":{"id":"876140","n":"Decommissioned 2024 - Lutaso Primary School - 4265","t":"pdw","c":"Kakamega"}},{"type":"Feature","geometry":{"type":"Point","coordinates":[34.74265,0.47678]},"properties":{"id":"523296069","n":"Mukhonje B US 5","t":"us","c":"Kakamega"}},{"type":"Feature","geometry":{"type":"Point","coordinates":[34.717433,0.440831]},"properties":{"id":"876157","n":"Lutaso Market - 4264","t":"bh","c":"Kakamega"}},{"type":"Feature","geometry":{"type":"Point","coordinates":[34.747107,0.469507]},"properties":{"id":"523232018","n":"Mukhonje B US 1","t":"us","c":"Kakamega"}},{"type":"Feature","geometry":{"type":"Point","coordinates":[34.744735,0.473865]},"properties":{"id":"523229173","n":"Mukhonje B 3","t":"us","c":"Kakamega"}},{"type":"Feature","geometry":{"type":"Point","coordinates":[34.644475,0.368]},"properties":{"id":"15007676","n":"Burachu B, Shitende Spring - 18116","t":"ps","c":"Kakamega"}},{"type":"Feature","geometry":{"type":"Point","coordinates":[34.634969,0.444226]},"properties":{"id":"3487118","n":"Kharanda Primary School Hand-Dug Well - 4350","t":"pdw","c":"Kakamega"}},{"type":"Feature","geometry":{"type":"Point","coordinates":[34.62799,0.363065]},"properties":{"id":"876511","n":"Nderema Primary School Hand-Dug Well - 4340","t":"pdw","c":"Kakamega"}},{"type":"Feature","geometry":{"type":"Point","coordinates":[34.643197,0.364757]},"properties":{"id":"8357858","n":"Burachu B, Maji Mazuri Spring - 18132","t":"ps","c":"Kakamega"}},{"type":"Feature","geometry":{"type":"Point","coordinates":[34.641688,0.430852]},"properties":{"id":"3487156","n":"Sidikho Primary School Hand-Dug Well - 4352","t":"pdw","c":"Kakamega"}},{"type":"Feature","geometry":{"type":"Point","coordinates":[34.630792,0.37765]},"properties":{"id":"41048414","n":"Buhayi, Nasichundukha Spring - 19141","t":"ps","c":"Kakamega"}},{"type":"Feature","geometry":{"type":"Point","coordinates":[34.610398,0.396642]},"properties":{"id":"1027552","n":"Budonga Primary School Hand-Dug Well - 4356","t":"pdw","c":"Kakamega"}},{"type":"Feature","geometry":{"type":"Point","coordinates":[34.642957,0.36813]},"properties":{"id":"41048407","n":"Burachu B, Namukhuvichi Spring - 19111","t":"ps","c":"Kakamega"}},{"type":"Feature","geometry":{"type":"Point","coordinates":[34.601022,0.403195]},"properties":{"id":"665775","n":"Decommissioned 2018 - Situkhumi Community Well","t":"pdw","c":"Kakamega"}},{"type":"Feature","geometry":{"type":"Point","coordinates":[34.773285,0.369315]},"properties":{"id":"523200637","n":"Shivakala B US 1","t":"us","c":"Kakamega"}},{"type":"Feature","geometry":{"type":"Point","coordinates":[34.73402,0.37297]},"properties":{"id":"876463","n":"Decommissioned 2016 - St. Paul's Emulakah Secondary School Well","t":"bh","c":"Kakamega"}},{"type":"Feature","geometry":{"type":"Point","coordinates":[34.74495,0.35944]},"properties":{"id":"71551032","n":"Musiachi, Mutuli Spring - 19129","t":"ps","c":"Kakamega"}},{"type":"Feature","geometry":{"type":"Point","coordinates":[34.72962,0.36588]},"properties":{"id":"876504","n":"Bushiri Medical Clinic - 400","t":"bh","c":"Kakamega"}},{"type":"Feature","geometry":{"type":"Point","coordinates":[34.738331,0.386246]},"properties":{"id":"523280114","n":"Mawa'ngi B US 4","t":"us","c":"Kakamega"}},{"type":"Feature","geometry":{"type":"Point","coordinates":[34.770875,0.367362]},"properties":{"id":"316006792","n":"Shivagala Commmunity, Wekoye Spring - 21074","t":"ps","c":"Kakamega"}},{"type":"Feature","geometry":{"type":"Point","coordinates":[34.735561,0.343888]},"properties":{"id":"3749733","n":"Tumaini Primary School Hand-Dug Well - 4337","t":"pdw","c":"Kakamega"}},{"type":"Feature","geometry":{"type":"Point","coordinates":[34.773098,0.368613]},"properties":{"id":"523302089","n":"Shivakala B PS 2","t":"ps","c":"Kakamega"}},{"type":"Feature","geometry":{"type":"Point","coordinates":[34.740488,0.386859]},"properties":{"id":"523267155","n":"Mawa'ngi B PS 2","t":"ps","c":"Kakamega"}},{"type":"Feature","geometry":{"type":"Point","coordinates":[34.74663,0.389016]},"properties":{"id":"523280138","n":"Mawa'ngi A PS 3","t":"ps","c":"Kakamega"}},{"type":"Feature","geometry":{"type":"Point","coordinates":[34.686107,0.372805]},"properties":{"id":"1027545","n":"Mwembeni Community Well Rehabilitation Project - 4355","t":"bh","c":"Kakamega"}},{"type":"Feature","geometry":{"type":"Point","coordinates":[34.772262,0.367723]},"properties":{"id":"523194112","n":"Shivakala B PS 3","t":"ps","c":"Kakamega"}},{"type":"Feature","geometry":{"type":"Point","coordinates":[34.771628,0.365565]},"properties":{"id":"523218742","n":"Shivakala B PD 2","t":"pdw","c":"Kakamega"}},{"type":"Feature","geometry":{"type":"Point","coordinates":[34.737176,0.386481]},"properties":{"id":"523325165","n":"Mawa'ngi B US 5","t":"us","c":"Kakamega"}},{"type":"Feature","geometry":{"type":"Point","coordinates":[34.770942,0.367413]},"properties":{"id":"523240453","n":"Shivakala B PS 4","t":"ps","c":"Kakamega"}},{"type":"Feature","geometry":{"type":"Point","coordinates":[34.746633,0.389128]},"properties":{"id":"416580855","n":"Suge Community, Shanguya Spring - 22044","t":"ps","c":"Kakamega"}},{"type":"Feature","geometry":{"type":"Point","coordinates":[34.746627,0.360154]},"properties":{"id":"47024515","n":"Musiachi, Thomas Spring - 18133","t":"ps","c":"Kakamega"}},{"type":"Feature","geometry":{"type":"Point","coordinates":[34.71211,0.369083]},"properties":{"id":"833163","n":"Ematoyi Market New Well Project - 4453","t":"bh","c":"Kakamega"}},{"type":"Feature","geometry":{"type":"Point","coordinates":[34.740955,0.386107]},"properties":{"id":"523218780","n":"Mawa'ngi B PS 1","t":"ps","c":"Kakamega"}},{"type":"Feature","geometry":{"type":"Point","coordinates":[34.758008,0.380787]},"properties":{"id":"445267749","n":"Emulama Community, Laban Andati Spring - 22107","t":"ps","c":"Kakamega"}},{"type":"Feature","geometry":{"type":"Point","coordinates":[34.759953,0.380905]},"properties":{"id":"523261025","n":"Shiyenga US 2","t":"us","c":"Kakamega"}},{"type":"Feature","geometry":{"type":"Point","coordinates":[34.740938,0.352687]},"properties":{"id":"47024577","n":"Ewamakhumbi, Yanga Spring - 18144","t":"ps","c":"Kakamega"}},{"type":"Feature","geometry":{"type":"Point","coordinates":[34.750705,0.390949]},"properties":{"id":"523319911","n":"Mawa'ngi A PS 1","t":"ps","c":"Kakamega"}},{"type":"Feature","geometry":{"type":"Point","coordinates":[34.746901,0.389583]},"properties":{"id":"523199667","n":"Mawa'ngi A BH 2","t":"bh","c":"Kakamega"}},{"type":"Feature","geometry":{"type":"Point","coordinates":[34.75,0.3685]},"properties":{"id":"77940630","n":"Munenga, Francis Were Spring - 19153","t":"ps","c":"Kakamega"}},{"type":"Feature","geometry":{"type":"Point","coordinates":[34.757224,0.383155]},"properties":{"id":"445267794","n":"Shiyenga Community, Sakini Major Spring - 22108","t":"ps","c":"Kakamega"}},{"type":"Feature","geometry":{"type":"Point","coordinates":[34.766816,0.370042]},"properties":{"id":"41047626","n":"Ataku, Ngache Spring - 19179","t":"ps","c":"Kakamega"}},{"type":"Feature","geometry":{"type":"Point","coordinates":[34.767998,0.374512]},"properties":{"id":"523198587","n":"Mukaya PS 1","t":"ps","c":"Kakamega"}},{"type":"Feature","geometry":{"type":"Point","coordinates":[34.76357,0.37831]},"properties":{"id":"523199746","n":"Mukaya US 1","t":"us","c":"Kakamega"}},{"type":"Feature","geometry":{"type":"Point","coordinates":[34.743105,0.351]},"properties":{"id":"9488634","n":"Ematiha, Ayubu Spring - 4741","t":"ps","c":"Kakamega"}},{"type":"Feature","geometry":{"type":"Point","coordinates":[34.756569,0.383657]},"properties":{"id":"1099089","n":"Shiyenga, Shiyenga Spring - 4423","t":"ps","c":"Kakamega"}},{"type":"Feature","geometry":{"type":"Point","coordinates":[34.739047,0.386152]},"properties":{"id":"523217174","n":"Mawa'ngi B PD 3","t":"pdw","c":"Kakamega"}},{"type":"Feature","geometry":{"type":"Point","coordinates":[34.773112,0.368612]},"properties":{"id":"290455238","n":"Shivagala Community, Alois Chiedo Spring - 21042","t":"ps","c":"Kakamega"}},{"type":"Feature","geometry":{"type":"Point","coordinates":[34.75837,0.381186]},"properties":{"id":"523254904","n":"Shiyenga US 1","t":"us","c":"Kakamega"}},{"type":"Feature","geometry":{"type":"Point","coordinates":[34.769708,0.368267]},"properties":{"id":"523284235","n":"Shivakala B US 2","t":"us","c":"Kakamega"}},{"type":"Feature","geometry":{"type":"Point","coordinates":[34.762187,0.367123]},"properties":{"id":"17388289","n":"Ataku, Ataku Spring - 18118","t":"ps","c":"Kakamega"}},{"type":"Feature","geometry":{"type":"Point","coordinates":[34.743573,0.389427]},"properties":{"id":"523325598","n":"Mawa'ngi A PS 4","t":"ps","c":"Kakamega"}},{"type":"Feature","geometry":{"type":"Point","coordinates":[34.769717,0.3716]},"properties":{"id":"523248602","n":"Mukaya US 2","t":"us","c":"Kakamega"}},{"type":"Feature","geometry":{"type":"Point","coordinates":[34.755164,0.391375]},"properties":{"id":"523338220","n":"Lukume B UD 2","t":"udw","c":"Kakamega"}},{"type":"Feature","geometry":{"type":"Point","coordinates":[34.750426,0.36072]},"properties":{"id":"41047657","n":"Munenga, Burudi Spring - 19176","t":"ps","c":"Kakamega"}},{"type":"Feature","geometry":{"type":"Point","coordinates":[34.751808,0.391319]},"properties":{"id":"523219372","n":"Lukume B US 8","t":"us","c":"Kakamega"}},{"type":"Feature","geometry":{"type":"Point","coordinates":[34.752159,0.391415]},"properties":{"id":"523316310","n":"Lukume B PS 7","t":"ps","c":"Kakamega"}},{"type":"Feature","geometry":{"type":"Point","coordinates":[34.624008,0.306832]},"properties":{"id":"523242125","n":"Mushikulu A PS 6","t":"ps","c":"Kakamega"}},{"type":"Feature","geometry":{"type":"Point","coordinates":[34.647175,0.332123]},"properties":{"id":"523243171","n":"Milimani A PD 9","t":"pdw","c":"Kakamega"}},{"type":"Feature","geometry":{"type":"Point","coordinates":[34.68986,0.33019]},"properties":{"id":"3749465","n":"Eburenga Primary School - 459","t":"bh","c":"Kakamega"}},{"type":"Feature","geometry":{"type":"Point","coordinates":[34.632493,0.320831]},"properties":{"id":"523337793","n":"Elukhumbi US 6","t":"us","c":"Kakamega"}},{"type":"Feature","geometry":{"type":"Point","coordinates":[34.637032,0.323603]},"properties":{"id":"523348313","n":"Elukuto US 5","t":"us","c":"Kakamega"}},{"type":"Feature","geometry":{"type":"Point","coordinates":[34.628031,0.316694]},"properties":{"id":"523313908","n":"Mushikulu PS 2","t":"ps","c":"Kakamega"}},{"type":"Feature","geometry":{"type":"Point","coordinates":[34.641101,0.321038]},"properties":{"id":"305464655","n":"Lutali A Community, Khavana Spring - 21318","t":"ps","c":"Kakamega"}},{"type":"Feature","geometry":{"type":"Point","coordinates":[34.65202,0.3082]},"properties":{"id":"3749740","n":"Decommissioned 2016 - Bumangale Nursery School and Community Well","t":"bh","c":"Kakamega"}},{"type":"Feature","geometry":{"type":"Point","coordinates":[34.63023,0.319788]},"properties":{"id":"523194521","n":"Elukhumbi PD 5","t":"pdw","c":"Kakamega"}},{"type":"Feature","geometry":{"type":"Point","coordinates":[34.635296,0.321675]},"properties":{"id":"523313788","n":"Elukuto PD 8","t":"pdw","c":"Kakamega"}},{"type":"Feature","geometry":{"type":"Point","coordinates":[34.642601,0.329268]},"properties":{"id":"523223294","n":"Milimani B PD 1","t":"pdw","c":"Kakamega"}},{"type":"Feature","geometry":{"type":"Point","coordinates":[34.64966,0.33603]},"properties":{"id":"523310015","n":"Isongo BH 4","t":"bh","c":"Kakamega"}},{"type":"Feature","geometry":{"type":"Point","coordinates":[34.644921,0.329636]},"properties":{"id":"523301679","n":"Milimani B PD 6","t":"pdw","c":"Kakamega"}},{"type":"Feature","geometry":{"type":"Point","coordinates":[34.627048,0.316074]},"properties":{"id":"523337425","n":"Mushikulu US 1","t":"us","c":"Kakamega"}},{"type":"Feature","geometry":{"type":"Point","coordinates":[34.634638,0.320384]},"properties":{"id":"523277994","n":"Elukuto US 9","t":"us","c":"Kakamega"}},{"type":"Feature","geometry":{"type":"Point","coordinates":[34.644698,0.324603]},"properties":{"id":"523325440","n":"Eshibale PD 8","t":"pdw","c":"Kakamega"}},{"type":"Feature","geometry":{"type":"Point","coordinates":[34.647065,0.328003]},"properties":{"id":"523338725","n":"Milimani B PD 9","t":"pdw","c":"Kakamega"}},{"type":"Feature","geometry":{"type":"Point","coordinates":[34.632961,0.325507]},"properties":{"id":"523244031","n":"Mabanga US 6","t":"us","c":"Kakamega"}},{"type":"Feature","geometry":{"type":"Point","coordinates":[34.642867,0.326428]},"properties":{"id":"523307431","n":"Eshibale PS 5","t":"ps","c":"Kakamega"}},{"type":"Feature","geometry":{"type":"Point","coordinates":[34.636409,0.32242]},"properties":{"id":"523232032","n":"Elukuto PD 7","t":"pdw","c":"Kakamega"}},{"type":"Feature","geometry":{"type":"Point","coordinates":[34.648924,0.332322]},"properties":{"id":"523273000","n":"Milimani A UD 10","t":"udw","c":"Kakamega"}},{"type":"Feature","geometry":{"type":"Point","coordinates":[34.646872,0.350728]},"properties":{"id":"47024539","n":"Mungaha B, Maria Spring - 18140","t":"ps","c":"Kakamega"}},{"type":"Feature","geometry":{"type":"Point","coordinates":[34.643731,0.328705]},"properties":{"id":"523317036","n":"Milimani B PD 3","t":"pdw","c":"Kakamega"}},{"type":"Feature","geometry":{"type":"Point","coordinates":[34.644554,0.327946]},"properties":{"id":"523249043","n":"Milimani B PD 11","t":"pdw","c":"Kakamega"}},{"type":"Feature","geometry":{"type":"Point","coordinates":[34.628426,0.315254]},"properties":{"id":"523288174","n":"Mushikulu PD 4","t":"pdw","c":"Kakamega"}},{"type":"Feature","geometry":{"type":"Point","coordinates":[34.6726,0.310575]},"properties":{"id":"665799","n":"Ebumwende Community Well - 4360","t":"bh","c":"Kakamega"}},{"type":"Feature","geometry":{"type":"Point","coordinates":[34.646146,0.331549]},"properties":{"id":"523307723","n":"Milimani A PD 8","t":"pdw","c":"Kakamega"}},{"type":"Feature","geometry":{"type":"Point","coordinates":[34.628141,0.319375]},"properties":{"id":"84830490","n":"Mabanga Community, Ashuma Spring - 21303","t":"ps","c":"Kakamega"}},{"type":"Feature","geometry":{"type":"Point","coordinates":[34.638486,0.325904]},"properties":{"id":"523231323","n":"Eshibale PS 1","t":"ps","c":"Kakamega"}},{"type":"Feature","geometry":{"type":"Point","coordinates":[34.668371,0.327208]},"properties":{"id":"3750621","n":"Ebumamu Primary School Borehole Well - 461","t":"bh","c":"Kakamega"}},{"type":"Feature","geometry":{"type":"Point","coordinates":[34.642746,0.325421]},"properties":{"id":"523341581","n":"Eshibale PS 8","t":"ps","c":"Kakamega"}},{"type":"Feature","geometry":{"type":"Point","coordinates":[34.64405,0.330468]},"properties":{"id":"523226840","n":"Milimani A BH 4","t":"bh","c":"Kakamega"}},{"type":"Feature","geometry":{"type":"Point","coordinates":[34.6963,0.32549]},"properties":{"id":"3749544","n":"Decommissioned 2016 - Aleko","t":"bh","c":"Kakamega"}},{"type":"Feature","geometry":{"type":"Point","coordinates":[34.623255,0.309334]},"properties":{"id":"523291033","n":"Mushikulu A PD 7","t":"pdw","c":"Kakamega"}},{"type":"Feature","geometry":{"type":"Point","coordinates":[34.639387,0.321647]},"properties":{"id":"523319753","n":"Eshibale PD 2","t":"pdw","c":"Kakamega"}},{"type":"Feature","geometry":{"type":"Point","coordinates":[34.707364,0.324194]},"properties":{"id":"3749623","n":"Butenje Community - 39","t":"bh","c":"Kakamega"}},{"type":"Feature","geometry":{"type":"Point","coordinates":[34.630487,0.324932]},"properties":{"id":"523315058","n":"Mabanga PD 4","t":"pdw","c":"Kakamega"}},{"type":"Feature","geometry":{"type":"Point","coordinates":[34.639068,0.322757]},"properties":{"id":"523352716","n":"Eshibale PD 4","t":"pdw","c":"Kakamega"}},{"type":"Feature","geometry":{"type":"Point","coordinates":[34.640107,0.324411]},"properties":{"id":"523232238","n":"Eshibale PD 5","t":"pdw","c":"Kakamega"}},{"type":"Feature","geometry":{"type":"Point","coordinates":[34.645312,0.328781]},"properties":{"id":"523304029","n":"Milimani B PD 7","t":"pdw","c":"Kakamega"}},{"type":"Feature","geometry":{"type":"Point","coordinates":[34.638287,0.321269]},"properties":{"id":"523352709","n":"Eshibale PD 3","t":"pdw","c":"Kakamega"}},{"type":"Feature","geometry":{"type":"Point","coordinates":[34.645787,0.323951]},"properties":{"id":"523327693","n":"Milimani B PD 12","t":"pdw","c":"Kakamega"}},{"type":"Feature","geometry":{"type":"Point","coordinates":[34.64326,0.329068]},"properties":{"id":"523241186","n":"Milimani B PD 2","t":"pdw","c":"Kakamega"}},{"type":"Feature","geometry":{"type":"Point","coordinates":[34.68256,0.31827]},"properties":{"id":"3749654","n":"Decommissioned 2016 - Esumeyia Primary School Well","t":"pdw","c":"Kakamega"}},{"type":"Feature","geometry":{"type":"Point","coordinates":[34.6695,0.30806]},"properties":{"id":"3749757","n":"Eshikhoni Primary School Borehole - 460","t":"bh","c":"Kakamega"}},{"type":"Feature","geometry":{"type":"Point","coordinates":[34.628186,0.319383]},"properties":{"id":"523199887","n":"Elukhumbi PS 1","t":"ps","c":"Kakamega"}},{"type":"Feature","geometry":{"type":"Point","coordinates":[34.644185,0.328817]},"properties":{"id":"523330033","n":"Milimani B UD 4","t":"udw","c":"Kakamega"}},{"type":"Feature","geometry":{"type":"Point","coordinates":[34.629706,0.316759]},"properties":{"id":"523307149","n":"Mushikulu PS 3","t":"ps","c":"Kakamega"}},{"type":"Feature","geometry":{"type":"Point","coordinates":[34.635694,0.322331]},"properties":{"id":"523299244","n":"Elukuto PD 6","t":"udw","c":"Kakamega"}},{"type":"Feature","geometry":{"type":"Point","coordinates":[34.777762,0.24197]},"properties":{"id":"702615979","n":"Munika Water Spring No 1999","t":"ps","c":"Kakamega"}},{"type":"Feature","geometry":{"type":"Point","coordinates":[34.83921,0.263004]},"properties":{"id":"25786459","n":"Shamiloli, Kwasasala Spring - 19135","t":"ps","c":"Kakamega"}},{"type":"Feature","geometry":{"type":"Point","coordinates":[34.821,0.24478]},"properties":{"id":"3750391","n":"Madioli Primary School Borehole - 4010","t":"bh","c":"Kakamega"}},{"type":"Feature","geometry":{"type":"Point","coordinates":[34.963022,0.26765]},"properties":{"id":"702613355","n":"Masingore Water Spring No 1940","t":"ps","c":"Kakamega"}},{"type":"Feature","geometry":{"type":"Point","coordinates":[34.955401,0.265757]},"properties":{"id":"702614480","n":"Sido Water Spring No 1957","t":"ps","c":"Kakamega"}},{"type":"Feature","geometry":{"type":"Point","coordinates":[34.950796,0.257403]},"properties":{"id":"702614899","n":"Litesa Water Spring No 1987","t":"ps","c":"Kakamega"}},{"type":"Feature","geometry":{"type":"Point","coordinates":[34.937123,0.335646]},"properties":{"id":"702616327","n":"Mmbusia Water Spring No 2027","t":"ps","c":"Kakamega"}},{"type":"Feature","geometry":{"type":"Point","coordinates":[34.962347,0.24961]},"properties":{"id":"702614473","n":"Obiero Water Spring No 1956","t":"ps","c":"Kakamega"}},{"type":"Feature","geometry":{"type":"Point","coordinates":[34.950221,0.283484]},"properties":{"id":"702616066","n":"Sokomoko Water Spring No 1992","t":"ps","c":"Kakamega"}},{"type":"Feature","geometry":{"type":"Point","coordinates":[34.920998,0.355763]},"properties":{"id":"702614600","n":"Luchaha Water Spring No 1959","t":"ps","c":"Kakamega"}},{"type":"Feature","geometry":{"type":"Point","coordinates":[34.93432,0.31444]},"properties":{"id":"3749685","n":"St. Philips Secondary School Borehole Well - 425","t":"bh","c":"Kakamega"}},{"type":"Feature","geometry":{"type":"Point","coordinates":[34.95926,0.255674]},"properties":{"id":"702616059","n":"Matamba Water Spring No 2004","t":"ps","c":"Kakamega"}},{"type":"Feature","geometry":{"type":"Point","coordinates":[34.910871,0.353951]},"properties":{"id":"702613300","n":"Murenyi Water Spring No 1945","t":"ps","c":"Kakamega"}},{"type":"Feature","geometry":{"type":"Point","coordinates":[34.93793,0.314278]},"properties":{"id":"702616389","n":"Isembe Water Spring No 2032","t":"ps","c":"Kakamega"}},{"type":"Feature","geometry":{"type":"Point","coordinates":[34.945622,0.246586]},"properties":{"id":"702616145","n":"Miti Water Spring No 2002","t":"ps","c":"Kakamega"}},{"type":"Feature","geometry":{"type":"Point","coordinates":[34.965569,0.249005]},"properties":{"id":"702614741","n":"Milioni Water Spring No 1970","t":"ps","c":"Kakamega"}},{"type":"Feature","geometry":{"type":"Point","coordinates":[34.920325,0.353736]},"properties":{"id":"702613317","n":"Malenya Water Spring No 1946","t":"ps","c":"Kakamega"}},{"type":"Feature","geometry":{"type":"Point","coordinates":[34.923728,0.197176]},"properties":{"id":"523219561","n":"Musanyi A US 2","t":"us","c":"Kakamega"}},{"type":"Feature","geometry":{"type":"Point","coordinates":[34.940626,0.328813]},"properties":{"id":"702616406","n":"Khayanga Water Spring No 2030","t":"ps","c":"Kakamega"}},{"type":"Feature","geometry":{"type":"Point","coordinates":[34.965555,0.261593]},"properties":{"id":"702614772","n":"Koyanda Water Spring No","t":"ps","c":"Kakamega"}},{"type":"Feature","geometry":{"type":"Point","coordinates":[34.967583,0.255216]},"properties":{"id":"702613348","n":"Pinato Water Spring No 1939","t":"ps","c":"Kakamega"}},{"type":"Feature","geometry":{"type":"Point","coordinates":[34.95654,0.256817]},"properties":{"id":"702616231","n":"Mitalo Water Spring No 2003","t":"ps","c":"Kakamega"}},{"type":"Feature","geometry":{"type":"Point","coordinates":[34.970653,0.24725]},"properties":{"id":"702613331","n":"Indukuli Water Spring No 1938","t":"ps","c":"Kakamega"}},{"type":"Feature","geometry":{"type":"Point","coordinates":[34.937305,0.324688]},"properties":{"id":"702616097","n":"Clementine Water Spring No 2007","t":"ps","c":"Kakamega"}},{"type":"Feature","geometry":{"type":"Point","coordinates":[34.958405,0.263628]},"properties":{"id":"702614909","n":"Moni Water Spring No 1989","t":"ps","c":"Kakamega"}},{"type":"Feature","geometry":{"type":"Point","coordinates":[34.948939,0.247878]},"properties":{"id":"702616138","n":"Luvonga Water Spring No 2001","t":"ps","c":"Kakamega"}},{"type":"Feature","geometry":{"type":"Point","coordinates":[34.938034,0.319173]},"properties":{"id":"702617603","n":"Shisakha Water Spring No 2028","t":"ps","c":"Kakamega"}},{"type":"Feature","geometry":{"type":"Point","coordinates":[34.955349,0.267088]},"properties":{"id":"702614916","n":"Mugodo Water Spring No 1990","t":"ps","c":"Kakamega"}},{"type":"Feature","geometry":{"type":"Point","coordinates":[34.942561,0.323032]},"properties":{"id":"702616396","n":"Khaemba Water Spring No 2029","t":"ps","c":"Kakamega"}},{"type":"Feature","geometry":{"type":"Point","coordinates":[34.938181,0.331946]},"properties":{"id":"702616310","n":"Makuchi Water Spring No 2026","t":"ps","c":"Kakamega"}},{"type":"Feature","geometry":{"type":"Point","coordinates":[34.917722,0.184327]},"properties":{"id":"523233356","n":"Kaptisi PS 1","t":"ps","c":"Kakamega"}},{"type":"Feature","geometry":{"type":"Point","coordinates":[34.953301,0.25799]},"properties":{"id":"702616248","n":"Ndoria Water Spring No 2005","t":"ps","c":"Kakamega"}},{"type":"Feature","geometry":{"type":"Point","coordinates":[34.922236,0.197723]},"properties":{"id":"523315845","n":"Musanyi A PS 1","t":"ps","c":"Kakamega"}},{"type":"Feature","geometry":{"type":"Point","coordinates":[34.938409,0.325804]},"properties":{"id":"702616413","n":"Sulumena Water Spring No 2031","t":"ps","c":"Kakamega"}},{"type":"Feature","geometry":{"type":"Point","coordinates":[34.957044,0.262283]},"properties":{"id":"702614765","n":"Mbatsa Water Spring No 1988","t":"ps","c":"Kakamega"}},{"type":"Feature","geometry":{"type":"Point","coordinates":[34.936703,0.248779]},"properties":{"id":"702613386","n":"Mkabakaba Water Spring No","t":"ps","c":"Kakamega"}},{"type":"Feature","geometry":{"type":"Point","coordinates":[34.937466,0.351935]},"properties":{"id":"702616080","n":"Inyanji Water Spring No 2010","t":"ps","c":"Kakamega"}},{"type":"Feature","geometry":{"type":"Point","coordinates":[34.960591,0.267965]},"properties":{"id":"702614497","n":"Shiragilu Water Spring No 1958","t":"ps","c":"Kakamega"}},{"type":"Feature","geometry":{"type":"Point","coordinates":[34.917968,0.189058]},"properties":{"id":"523263120","n":"Musanyi B PS 3","t":"ps","c":"Kakamega"}},{"type":"Feature","geometry":{"type":"Point","coordinates":[34.965275,0.265292]},"properties":{"id":"702614538","n":"Muteku Water Spring No 1972","t":"ps","c":"Kakamega"}},{"type":"Feature","geometry":{"type":"Point","coordinates":[34.929861,0.351325]},"properties":{"id":"702614868","n":"Lwenyi Water Spring No 1993","t":"ps","c":"Kakamega"}},{"type":"Feature","geometry":{"type":"Point","coordinates":[34.937304,0.322858]},"properties":{"id":"702616114","n":"Ivayo Water Spring No 2006","t":"ps","c":"Kakamega"}},{"type":"Feature","geometry":{"type":"Point","coordinates":[34.960429,0.27388]},"properties":{"id":"702616042","n":"Imbuga Water Spring No 1991","t":"ps","c":"Kakamega"}},{"type":"Feature","geometry":{"type":"Point","coordinates":[34.961872,0.263751]},"properties":{"id":"702614789","n":"Anaya Water Spring No 1953","t":"ps","c":"Kakamega"}},{"type":"Feature","geometry":{"type":"Point","coordinates":[34.924915,0.351235]},"properties":{"id":"702613393","n":"Nasiali Water Spring No 1947","t":"ps","c":"Kakamega"}},{"type":"Feature","geometry":{"type":"Point","coordinates":[34.933161,0.351952]},"properties":{"id":"702614796","n":"Lubonga Water Spring No 1973","t":"ps","c":"Kakamega"}},{"type":"Feature","geometry":{"type":"Point","coordinates":[34.96412,0.270427]},"properties":{"id":"702614837","n":"Amusala Water Spring No 1971","t":"ps","c":"Kakamega"}},{"type":"Feature","geometry":{"type":"Point","coordinates":[34.927916,0.343327]},"properties":{"id":"702616200","n":"Toi Water Spring No 2008","t":"ps","c":"Kakamega"}},{"type":"Feature","geometry":{"type":"Point","coordinates":[34.921703,0.398667]},"properties":{"id":"523342324","n":"Bunuku A PD3","t":"pdw","c":"Kakamega"}},{"type":"Feature","geometry":{"type":"Point","coordinates":[34.84061,0.353111]},"properties":{"id":"316006730","n":"Shikulu Community, Mikalo Spring - 21073","t":"ps","c":"Kakamega"}},{"type":"Feature","geometry":{"type":"Point","coordinates":[34.796424,0.334119]},"properties":{"id":"523281517","n":"Mukangu PD 2","t":"pdw","c":"Kakamega"}},{"type":"Feature","geometry":{"type":"Point","coordinates":[34.900782,0.384339]},"properties":{"id":"702614545","n":"Musuluma Water Spring No 1963","t":"ps","c":"Kakamega"}},{"type":"Feature","geometry":{"type":"Point","coordinates":[34.91828,0.397166]},"properties":{"id":"523280107","n":"Bunuku A PD7","t":"pdw","c":"Kakamega"}},{"type":"Feature","geometry":{"type":"Point","coordinates":[34.847131,0.362891]},"properties":{"id":"523326843","n":"Mukangu A PD21","t":"pdw","c":"Kakamega"}},{"type":"Feature","geometry":{"type":"Point","coordinates":[34.88,0.38]},"properties":{"id":"3500510","n":"Furave Friends Church Well - 4521","t":"pdw","c":"Kakamega"}},{"type":"Feature","geometry":{"type":"Point","coordinates":[34.842712,0.362664]},"properties":{"id":"523347848","n":"Bukhakunga B UD 1","t":"udw","c":"Kakamega"}},{"type":"Feature","geometry":{"type":"Point","coordinates":[34.853846,0.367389]},"properties":{"id":"523291875","n":"Mukangu A PD17","t":"pdw","c":"Kakamega"}},{"type":"Feature","geometry":{"type":"Point","coordinates":[34.866282,0.366167]},"properties":{"id":"523215354","n":"Mukangu A PD12","t":"pdw","c":"Kakamega"}},{"type":"Feature","geometry":{"type":"Point","coordinates":[34.807228,0.340091]},"properties":{"id":"523332822","n":"Chombeli PD 11","t":"pdw","c":"Kakamega"}},{"type":"Feature","geometry":{"type":"Point","coordinates":[34.914938,0.376354]},"properties":{"id":"702616255","n":"Muvanga Water Spring No 2020","t":"ps","c":"Kakamega"}},{"type":"Feature","geometry":{"type":"Point","coordinates":[34.926042,0.36493]},"properties":{"id":"702616073","n":"Mmanyisi Water Spring No","t":"ps","c":"Kakamega"}},{"type":"Feature","geometry":{"type":"Point","coordinates":[34.828697,0.345818]},"properties":{"id":"523242424","n":"Shilalunga A PS 1","t":"ps","c":"Kakamega"}},{"type":"Feature","geometry":{"type":"Point","coordinates":[34.842973,0.358902]},"properties":{"id":"523196499","n":"Bukhakunga A PD 9","t":"pdw","c":"Kakamega"}},{"type":"Feature","geometry":{"type":"Point","coordinates":[34.859625,0.371728]},"properties":{"id":"523330284","n":"Mukangu B PD11","t":"pdw","c":"Kakamega"}},{"type":"Feature","geometry":{"type":"Point","coordinates":[34.865712,0.369165]},"properties":{"id":"523315254","n":"Mukangu B PD24","t":"pdw","c":"Kakamega"}},{"type":"Feature","geometry":{"type":"Point","coordinates":[34.809692,0.340487]},"properties":{"id":"523194349","n":"Chombeli PD 13","t":"pdw","c":"Kakamega"}},{"type":"Feature","geometry":{"type":"Point","coordinates":[34.930857,0.372654]},"properties":{"id":"702616286","n":"Masasia Water Spring No 2024","t":"ps","c":"Kakamega"}},{"type":"Feature","geometry":{"type":"Point","coordinates":[34.83702,0.353206]},"properties":{"id":"47025303","n":"Bukhanga, Indangasi Spring - 18312","t":"ps","c":"Kakamega"}},{"type":"Feature","geometry":{"type":"Point","coordinates":[34.814205,0.340081]},"properties":{"id":"523248846","n":"Chombeli PD 26","t":"pdw","c":"Kakamega"}},{"type":"Feature","geometry":{"type":"Point","coordinates":[34.807805,0.339653]},"properties":{"id":"523245283","n":"Chombeli PD 12","t":"pdw","c":"Kakamega"}},{"type":"Feature","geometry":{"type":"Point","coordinates":[34.789664,0.329277]},"properties":{"id":"523247041","n":"Ebung'aya North PD 7","t":"pdw","c":"Kakamega"}},{"type":"Feature","geometry":{"type":"Point","coordinates":[34.812544,0.33976]},"properties":{"id":"523267344","n":"Chombeli PD 18","t":"pdw","c":"Kakamega"}},{"type":"Feature","geometry":{"type":"Point","coordinates":[34.828152,0.346457]},"properties":{"id":"523235420","n":"Shilalunga A US 1","t":"us","c":"Kakamega"}},{"type":"Feature","geometry":{"type":"Point","coordinates":[34.925535,0.401642]},"properties":{"id":"523242266","n":"Mashindu A PD7","t":"pdw","c":"Kakamega"}},{"type":"Feature","geometry":{"type":"Point","coordinates":[34.840596,0.353109]},"properties":{"id":"84829784","n":"Bukhaywa Community, Violet Inganji Spring - 21057","t":"ps","c":"Kakamega"}},{"type":"Feature","geometry":{"type":"Point","coordinates":[34.786239,0.327891]},"properties":{"id":"523292704","n":"Isembe PS 6","t":"ps","c":"Kakamega"}},{"type":"Feature","geometry":{"type":"Point","coordinates":[34.790402,0.328632]},"properties":{"id":"523274472","n":"Ebung'aya North PD 6","t":"pdw","c":"Kakamega"}},{"type":"Feature","geometry":{"type":"Point","coordinates":[34.925527,0.400883]},"properties":{"id":"523261489","n":"Mashindu A PD1","t":"pdw","c":"Kakamega"}},{"type":"Feature","geometry":{"type":"Point","coordinates":[34.919676,0.401001]},"properties":{"id":"523264561","n":"Bunuku A PD2","t":"pdw","c":"Kakamega"}},{"type":"Feature","geometry":{"type":"Point","coordinates":[34.865947,0.368479]},"properties":{"id":"523316918","n":"Mukangu B PD23","t":"pdw","c":"Kakamega"}},{"type":"Feature","geometry":{"type":"Point","coordinates":[34.813043,0.340668]},"properties":{"id":"523235619","n":"Chombeli PD 24","t":"pdw","c":"Kakamega"}},{"type":"Feature","geometry":{"type":"Point","coordinates":[34.840052,0.360123]},"properties":{"id":"523311717","n":"Bukhakunga B PD 3","t":"pdw","c":"Kakamega"}},{"type":"Feature","geometry":{"type":"Point","coordinates":[34.92111,0.358386]},"properties":{"id":"702616190","n":"Irungu Water Spring No 2009","t":"ps","c":"Kakamega"}},{"type":"Feature","geometry":{"type":"Point","coordinates":[34.854618,0.367874]},"properties":{"id":"523213596","n":"Mukangu A PD16","t":"pdw","c":"Kakamega"}},{"type":"Feature","geometry":{"type":"Point","coordinates":[34.802081,0.323843]},"properties":{"id":"702614851","n":"Akumonyo Water Spring No 2018","t":"ps","c":"Kakamega"}},{"type":"Feature","geometry":{"type":"Point","coordinates":[34.805231,0.336315]},"properties":{"id":"523259318","n":"Chombeli US 4","t":"us","c":"Kakamega"}},{"type":"Feature","geometry":{"type":"Point","coordinates":[34.925799,0.400379]},"properties":{"id":"523266491","n":"Mashindu A PD2","t":"pdw","c":"Kakamega"}},{"type":"Feature","geometry":{"type":"Point","coordinates":[34.939836,0.378653]},"properties":{"id":"702616035","n":"Mutoto Water Spring No 2015","t":"ps","c":"Kakamega"}},{"type":"Feature","geometry":{"type":"Point","coordinates":[34.910465,0.397676]},"properties":{"id":"523300393","n":"Bunuku B PD2","t":"pdw","c":"Kakamega"}},{"type":"Feature","geometry":{"type":"Point","coordinates":[34.854318,0.371006]},"properties":{"id":"523239534","n":"Bukhakunga A PD 31","t":"pdw","c":"Kakamega"}},{"type":"Feature","geometry":{"type":"Point","coordinates":[34.917985,0.399449]},"properties":{"id":"523209928","n":"Bunuku A PD9","t":"pdw","c":"Kakamega"}},{"type":"Feature","geometry":{"type":"Point","coordinates":[34.867396,0.368057]},"properties":{"id":"523340494","n":"Mukangu B PD22","t":"pdw","c":"Kakamega"}},{"type":"Feature","geometry":{"type":"Point","coordinates":[34.853293,0.372845]},"properties":{"id":"523233291","n":"Sasala PD 2","t":"pdw","c":"Kakamega"}},{"type":"Feature","geometry":{"type":"Point","coordinates":[34.807059,0.325987]},"properties":{"id":"702616334","n":"Liyayi  Water Spring No 2019","t":"ps","c":"Kakamega"}},{"type":"Feature","geometry":{"type":"Point","coordinates":[34.812386,0.340732]},"properties":{"id":"523213376","n":"Chombeli PD 22","t":"pdw","c":"Kakamega"}},{"type":"Feature","geometry":{"type":"Point","coordinates":[34.848867,0.366045]},"properties":{"id":"523321549","n":"Bukhakunga A PD 15","t":"pdw","c":"Kakamega"}},{"type":"Feature","geometry":{"type":"Point","coordinates":[34.847242,0.365663]},"properties":{"id":"523266604","n":"Bukhakunga A PD 12","t":"pdw","c":"Kakamega"}},{"type":"Feature","geometry":{"type":"Point","coordinates":[34.868615,0.364087]},"properties":{"id":"523226606","n":"Mukangu A PD8","t":"pdw","c":"Kakamega"}},{"type":"Feature","geometry":{"type":"Point","coordinates":[34.8989,0.380201]},"properties":{"id":"702614552","n":"Msiomi Water Spring No 1964","t":"ps","c":"Kakamega"}},{"type":"Feature","geometry":{"type":"Point","coordinates":[34.91829,0.397205]},"properties":{"id":"523249201","n":"Bunuku B PD7","t":"pdw","c":"Kakamega"}},{"type":"Feature","geometry":{"type":"Point","coordinates":[34.853792,0.369585]},"properties":{"id":"523255273","n":"Bukhakunga A PD 24","t":"pdw","c":"Kakamega"}},{"type":"Feature","geometry":{"type":"Point","coordinates":[34.856143,0.374012]},"properties":{"id":"523333081","n":"Mukangu B PD2","t":"pdw","c":"Kakamega"}},{"type":"Feature","geometry":{"type":"Point","coordinates":[34.905602,0.391796]},"properties":{"id":"523216692","n":"Mungaha US1","t":"us","c":"Kakamega"}},{"type":"Feature","geometry":{"type":"Point","coordinates":[34.811531,0.340036]},"properties":{"id":"523333122","n":"Chombeli PD 20","t":"pdw","c":"Kakamega"}},{"type":"Feature","geometry":{"type":"Point","coordinates":[34.867979,0.368282]},"properties":{"id":"523337511","n":"Mukangu B PD21","t":"pdw","c":"Kakamega"}},{"type":"Feature","geometry":{"type":"Point","coordinates":[34.844688,0.363882]},"properties":{"id":"523252971","n":"Bukhakunga A BH 2","t":"bh","c":"Kakamega"}},{"type":"Feature","geometry":{"type":"Point","coordinates":[34.923681,0.403276]},"properties":{"id":"523230937","n":"Bunuku A UD2","t":"pdw","c":"Kakamega"}},{"type":"Feature","geometry":{"type":"Point","coordinates":[34.837166,0.352326]},"properties":{"id":"41048878","n":"Bukhaywa, Asumani Spring - 19105","t":"ps","c":"Kakamega"}},{"type":"Feature","geometry":{"type":"Point","coordinates":[34.79692,0.33418]},"properties":{"id":"8357803","n":"Mukhangu, Okumu Spring - 18129","t":"ps","c":"Kakamega"}},{"type":"Feature","geometry":{"type":"Point","coordinates":[34.799877,0.324597]},"properties":{"id":"702616358","n":"Amukongo Water Spring No 2017","t":"ps","c":"Kakamega"}},{"type":"Feature","geometry":{"type":"Point","coordinates":[34.891687,0.380209]},"properties":{"id":"523338859","n":"Fuvale PD9","t":"pdw","c":"Kakamega"}},{"type":"Feature","geometry":{"type":"Point","coordinates":[34.835195,0.355745]},"properties":{"id":"523292450","n":"Bukhakunga B PS 7","t":"ps","c":"Kakamega"}},{"type":"Feature","geometry":{"type":"Point","coordinates":[34.819561,0.343456]},"properties":{"id":"523344632","n":"Shilalunga B PD 6","t":"pdw","c":"Kakamega"}},{"type":"Feature","geometry":{"type":"Point","coordinates":[34.853079,0.368746]},"properties":{"id":"523250735","n":"Bukhakunga A PD 20","t":"pdw","c":"Kakamega"}},{"type":"Feature","geometry":{"type":"Point","coordinates":[34.796682,0.327647]},"properties":{"id":"9488593","n":"Mukhuyu, Shikhanga Spring - 4740","t":"ps","c":"Kakamega"}},{"type":"Feature","geometry":{"type":"Point","coordinates":[34.931689,0.357449]},"properties":{"id":"702614576","n":"Sechero Water Spring No 1962","t":"ps","c":"Kakamega"}},{"type":"Feature","geometry":{"type":"Point","coordinates":[34.811948,0.341192]},"properties":{"id":"523308346","n":"Chombeli PD 30","t":"pdw","c":"Kakamega"}},{"type":"Feature","geometry":{"type":"Point","coordinates":[34.867084,0.365091]},"properties":{"id":"523239314","n":"Mukangu PD10","t":"pdw","c":"Kakamega"}},{"type":"Feature","geometry":{"type":"Point","coordinates":[34.829577,0.345952]},"properties":{"id":"445268070","n":"Shilalunga Community, Oremo Spring - 22114","t":"ps","c":"Kakamega"}},{"type":"Feature","geometry":{"type":"Point","coordinates":[34.933665,0.362673]},"properties":{"id":"702613403","n":"Ingumba Water Spring No 1948","t":"ps","c":"Kakamega"}},{"type":"Feature","geometry":{"type":"Point","coordinates":[34.854578,0.37441]},"properties":{"id":"523252139","n":"Mukangu B BH1","t":"bh","c":"Kakamega"}},{"type":"Feature","geometry":{"type":"Point","coordinates":[34.880535,0.381369]},"properties":{"id":"523297895","n":"Fuvale PD3","t":"pdw","c":"Kakamega"}},{"type":"Feature","geometry":{"type":"Point","coordinates":[34.854408,0.371262]},"properties":{"id":"523225021","n":"Bukhakunga A PD 32","t":"pdw","c":"Kakamega"}},{"type":"Feature","geometry":{"type":"Point","coordinates":[34.905562,0.390988]},"properties":{"id":"523244354","n":"Mungaha UD2","t":"udw","c":"Kakamega"}},{"type":"Feature","geometry":{"type":"Point","coordinates":[34.863049,0.368192]},"properties":{"id":"523260725","n":"Mukangu B PD26","t":"pdw","c":"Kakamega"}},{"type":"Feature","geometry":{"type":"Point","coordinates":[34.927532,0.359464]},"properties":{"id":"702614569","n":"Teresina Water Spring No 1961","t":"ps","c":"Kakamega"}},{"type":"Feature","geometry":{"type":"Point","coordinates":[34.926494,0.401588]},"properties":{"id":"523249713","n":"Mashindu A PD6","t":"pdw","c":"Kakamega"}},{"type":"Feature","geometry":{"type":"Point","coordinates":[34.822917,0.345655]},"properties":{"id":"523203836","n":"Shilalunga B PS 4","t":"pdw","c":"Kakamega"}},{"type":"Feature","geometry":{"type":"Point","coordinates":[34.838228,0.359287]},"properties":{"id":"523249861","n":"Bukhakunga B PS 6","t":"ps","c":"Kakamega"}},{"type":"Feature","geometry":{"type":"Point","coordinates":[34.871523,0.366895]},"properties":{"id":"523209454","n":"Mukangu A PD4","t":"pdw","c":"Kakamega"}},{"type":"Feature","geometry":{"type":"Point","coordinates":[34.795426,0.335688]},"properties":{"id":"523332396","n":"Mukangu PS 2","t":"ps","c":"Kakamega"}},{"type":"Feature","geometry":{"type":"Point","coordinates":[34.837013,0.353247]},"properties":{"id":"523322973","n":"Bukhakunga A PS 1","t":"ps","c":"Kakamega"}},{"type":"Feature","geometry":{"type":"Point","coordinates":[34.806996,0.337053]},"properties":{"id":"523228756","n":"Chombeli PS 4","t":"ps","c":"Kakamega"}},{"type":"Feature","geometry":{"type":"Point","coordinates":[34.835664,0.354759]},"properties":{"id":"290455427","n":"Bukhakunga Community, Wakukha Spring - 21012","t":"ps","c":"Kakamega"}},{"type":"Feature","geometry":{"type":"Point","coordinates":[34.840066,0.34676]},"properties":{"id":"876607","n":"Bukhaywa Primary School Hand-Dug Well - 4194","t":"pdw","c":"Kakamega"}},{"type":"Feature","geometry":{"type":"Point","coordinates":[34.793498,0.330173]},"properties":{"id":"9488603","n":"Handidi, Matunda Spring - 4739","t":"ps","c":"Kakamega"}},{"type":"Feature","geometry":{"type":"Point","coordinates":[34.792643,0.337597]},"properties":{"id":"523254698","n":"Mukangu PD 1","t":"pdw","c":"Kakamega"}},{"type":"Feature","geometry":{"type":"Point","coordinates":[34.868233,0.358386]},"properties":{"id":"25786411","n":"Bung'onye, Shilangu Spring - 19128","t":"ps","c":"Kakamega"}},{"type":"Feature","geometry":{"type":"Point","coordinates":[34.852751,0.368696]},"properties":{"id":"523343909","n":"Bukhakunga A PD 19","t":"pdw","c":"Kakamega"}},{"type":"Feature","geometry":{"type":"Point","coordinates":[34.810932,0.332357]},"properties":{"id":"17388344","n":"Ikonyero, Jesse Spring - 18139","t":"ps","c":"Kakamega"}},{"type":"Feature","geometry":{"type":"Point","coordinates":[34.937575,0.372353]},"properties":{"id":"702616028","n":"Mukhuyu Water Spring No 2014","t":"ps","c":"Kakamega"}},{"type":"Feature","geometry":{"type":"Point","coordinates":[34.916455,0.39661]},"properties":{"id":"523295116","n":"Bunuku B PD6","t":"pdw","c":"Kakamega"}},{"type":"Feature","geometry":{"type":"Point","coordinates":[34.841155,0.360179]},"properties":{"id":"523326953","n":"Bukhakunga A PD 7","t":"pdw","c":"Kakamega"}},{"type":"Feature","geometry":{"type":"Point","coordinates":[34.925308,0.373277]},"properties":{"id":"702616262","n":"Mufutu Water Spring No 2023","t":"ps","c":"Kakamega"}},{"type":"Feature","geometry":{"type":"Point","coordinates":[34.797339,0.324485]},"properties":{"id":"250159","n":"Lutani, Henry Jose Ongulo Spring - 4417","t":"ps","c":"Kakamega"}},{"type":"Feature","geometry":{"type":"Point","coordinates":[34.92961,0.387114]},"properties":{"id":"876353","n":"Bulovi Primary School Borehole Well - 413","t":"bh","c":"Kakamega"}},{"type":"Feature","geometry":{"type":"Point","coordinates":[34.832117,0.352456]},"properties":{"id":"523328412","n":"Bukhakunga A PD 2","t":"pdw","c":"Kakamega"}},{"type":"Feature","geometry":{"type":"Point","coordinates":[34.821452,0.341157]},"properties":{"id":"523352400","n":"Shilalunga B PD 1","t":"pdw","c":"Kakamega"}},{"type":"Feature","geometry":{"type":"Point","coordinates":[34.869459,0.366592]},"properties":{"id":"523261661","n":"Mukangu A PD2","t":"pdw","c":"Kakamega"}},{"type":"Feature","geometry":{"type":"Point","coordinates":[34.843375,0.359703]},"properties":{"id":"523280671","n":"Bukhakunga A PD 8","t":"pdw","c":"Kakamega"}},{"type":"Feature","geometry":{"type":"Point","coordinates":[34.834797,0.353135]},"properties":{"id":"523285669","n":"Bukhakunga A PD 3","t":"pdw","c":"Kakamega"}},{"type":"Feature","geometry":{"type":"Point","coordinates":[34.93425,0.385722]},"properties":{"id":"702616293","n":"Lutali Water Spring No 2025","t":"ps","c":"Kakamega"}},{"type":"Feature","geometry":{"type":"Point","coordinates":[34.860384,0.370262]},"properties":{"id":"523263467","n":"Mukangu B PD13","t":"pdw","c":"Kakamega"}},{"type":"Feature","geometry":{"type":"Point","coordinates":[34.868565,0.367303]},"properties":{"id":"523273976","n":"Mukangu A UD1","t":"udw","c":"Kakamega"}},{"type":"Feature","geometry":{"type":"Point","coordinates":[34.839872,0.342708]},"properties":{"id":"82139290","n":"Bukhaywa, Ashikhanga Spring - 19157","t":"ps","c":"Kakamega"}},{"type":"Feature","geometry":{"type":"Point","coordinates":[34.822953,0.332225]},"properties":{"id":"17388210","n":"Shihingo, Mulambala Spring - 18089","t":"ps","c":"Kakamega"}},{"type":"Feature","geometry":{"type":"Point","coordinates":[34.849301,0.367114]},"properties":{"id":"523293554","n":"Bukhakunga A PS 4","t":"ps","c":"Kakamega"}},{"type":"Feature","geometry":{"type":"Point","coordinates":[34.888814,0.378946]},"properties":{"id":"702614806","n":"Ling'ondo Water Spring No 1981","t":"ps","c":"Kakamega"}},{"type":"Feature","geometry":{"type":"Point","coordinates":[34.820033,0.337283]},"properties":{"id":"523214078","n":"Shilalunga B PD 3","t":"pdw","c":"Kakamega"}},{"type":"Feature","geometry":{"type":"Point","coordinates":[34.812909,0.339315]},"properties":{"id":"523317043","n":"Chombeli PD 17","t":"pdw","c":"Kakamega"}},{"type":"Feature","geometry":{"type":"Point","coordinates":[34.924672,0.397786]},"properties":{"id":"523196640","n":"Mashindu A PD3","t":"pdw","c":"Kakamega"}},{"type":"Feature","geometry":{"type":"Point","coordinates":[34.823229,0.342054]},"properties":{"id":"523240707","n":"Shilalunga B PS 1","t":"ps","c":"Kakamega"}},{"type":"Feature","geometry":{"type":"Point","coordinates":[34.854349,0.370267]},"properties":{"id":"523348722","n":"Bukhakunga A PD 29","t":"pdw","c":"Kakamega"}},{"type":"Feature","geometry":{"type":"Point","coordinates":[34.924321,0.400757]},"properties":{"id":"523279219","n":"Bunuku A PD12","t":"pdw","c":"Kakamega"}},{"type":"Feature","geometry":{"type":"Point","coordinates":[34.920642,0.397622]},"properties":{"id":"523325189","n":"Bunuku A PD5","t":"pdw","c":"Kakamega"}},{"type":"Feature","geometry":{"type":"Point","coordinates":[34.789948,0.333314]},"properties":{"id":"523239321","n":"Ebung'aya North US 4","t":"us","c":"Kakamega"}},{"type":"Feature","geometry":{"type":"Point","coordinates":[34.835683,0.354758]},"properties":{"id":"523247852","n":"Bukhakunga B PS 8","t":"ps","c":"Kakamega"}},{"type":"Feature","geometry":{"type":"Point","coordinates":[34.893587,0.380468]},"properties":{"id":"523261331","n":"Fuvale PD11","t":"pdw","c":"Kakamega"}},{"type":"Feature","geometry":{"type":"Point","coordinates":[34.825723,0.345639]},"properties":{"id":"523254289","n":"Shilalunga A PD 1","t":"pdw","c":"Kakamega"}},{"type":"Feature","geometry":{"type":"Point","coordinates":[34.926864,0.387415]},"properties":{"id":"702616004","n":"Musioma Water Spring No 2013","t":"ps","c":"Kakamega"}},{"type":"Feature","geometry":{"type":"Point","coordinates":[34.856287,0.373848]},"properties":{"id":"523194985","n":"Mukangu B PD3","t":"pdw","c":"Kakamega"}},{"type":"Feature","geometry":{"type":"Point","coordinates":[34.915656,0.400185]},"properties":{"id":"523260244","n":"Bunuku B PD3","t":"pdw","c":"Kakamega"}},{"type":"Feature","geometry":{"type":"Point","coordinates":[34.924368,0.357732]},"properties":{"id":"702614583","n":"Muhatia Water Spring No 1960","t":"ps","c":"Kakamega"}},{"type":"Feature","geometry":{"type":"Point","coordinates":[34.880686,0.379982]},"properties":{"id":"523294782","n":"Fuvale PD1","t":"pdw","c":"Kakamega"}},{"type":"Feature","geometry":{"type":"Point","coordinates":[34.79471,0.334843]},"properties":{"id":"523227322","n":"Mukangu US 2","t":"us","c":"Kakamega"}},{"type":"Feature","geometry":{"type":"Point","coordinates":[34.864293,0.365378]},"properties":{"id":"523267265","n":"Mukangu A US2","t":"us","c":"Kakamega"}},{"type":"Feature","geometry":{"type":"Point","coordinates":[34.871835,0.364643]},"properties":{"id":"523341529","n":"Mukangu A US1","t":"us","c":"Kakamega"}},{"type":"Feature","geometry":{"type":"Point","coordinates":[34.85325,0.367312]},"properties":{"id":"523284723","n":"Mukangu A PD19","t":"pdw","c":"Kakamega"}},{"type":"Feature","geometry":{"type":"Point","coordinates":[34.856032,0.370527]},"properties":{"id":"523232458","n":"Mukangu B PD27","t":"pdw","c":"Kakamega"}},{"type":"Feature","geometry":{"type":"Point","coordinates":[34.835664,0.354759]},"properties":{"id":"290455245","n":"Bukhakunga Community, Martin Imbusi Spring - 21044","t":"ps","c":"Kakamega"}},{"type":"Feature","geometry":{"type":"Point","coordinates":[34.934514,0.374766]},"properties":{"id":"702614662","n":"Matsitsi Water Spring No 1977","t":"ps","c":"Kakamega"}},{"type":"Feature","geometry":{"type":"Point","coordinates":[34.896068,0.378951]},"properties":{"id":"702613238","n":"Lukunza Water Spring No 1943","t":"ps","c":"Kakamega"}},{"type":"Feature","geometry":{"type":"Point","coordinates":[34.918884,0.37713]},"properties":{"id":"702616279","n":"Kabakhana Water Spring No 2022","t":"ps","c":"Kakamega"}},{"type":"Feature","geometry":{"type":"Point","coordinates":[34.852393,0.372822]},"properties":{"id":"523198800","n":"Sasala US 1","t":"us","c":"Kakamega"}},{"type":"Feature","geometry":{"type":"Point","coordinates":[34.930964,0.355695]},"properties":{"id":"702614875","n":"Mukambi Water Spring No 1994","t":"ps","c":"Kakamega"}},{"type":"Feature","geometry":{"type":"Point","coordinates":[34.869134,0.367414]},"properties":{"id":"523224752","n":"Mukangu A PD1","t":"pdw","c":"Kakamega"}},{"type":"Feature","geometry":{"type":"Point","coordinates":[34.794707,0.328679]},"properties":{"id":"464194","n":"Handidi, Paulo Spring - 4374","t":"ps","c":"Kakamega"}},{"type":"Feature","geometry":{"type":"Point","coordinates":[34.902772,0.38703]},"properties":{"id":"366925144","n":"Mungakha Community, Mungakha Spring - 22059","t":"ps","c":"Kakamega"}},{"type":"Feature","geometry":{"type":"Point","coordinates":[34.904615,0.390187]},"properties":{"id":"523329482","n":"Mungaha PD4","t":"pdw","c":"Kakamega"}},{"type":"Feature","geometry":{"type":"Point","coordinates":[34.873969,0.380742]},"properties":{"id":"523259868","n":"Lunyereria PD1","t":"pdw","c":"Kakamega"}},{"type":"Feature","geometry":{"type":"Point","coordinates":[34.841959,0.358571]},"properties":{"id":"523295958","n":"Bukhakunga A PD 6","t":"pdw","c":"Kakamega"}},{"type":"Feature","geometry":{"type":"Point","coordinates":[34.870847,0.367034]},"properties":{"id":"523229908","n":"Mukangu A PD5","t":"pdw","c":"Kakamega"}},{"type":"Feature","geometry":{"type":"Point","coordinates":[34.808923,0.339742]},"properties":{"id":"523306045","n":"Chombeli BH 1","t":"bh","c":"Kakamega"}},{"type":"Feature","geometry":{"type":"Point","coordinates":[34.822241,0.342477]},"properties":{"id":"523234209","n":"Shilalunga B PS 5","t":"ps","c":"Kakamega"}},{"type":"Feature","geometry":{"type":"Point","coordinates":[34.869067,0.366191]},"properties":{"id":"523317108","n":"Mukangu A PD3","t":"pdw","c":"Kakamega"}},{"type":"Feature","geometry":{"type":"Point","coordinates":[34.839938,0.361453]},"properties":{"id":"31140890","n":"Bukhakunga, Mukomari Spring - 19102","t":"ps","c":"Kakamega"}},{"type":"Feature","geometry":{"type":"Point","coordinates":[34.883573,0.382307]},"properties":{"id":"523331292","n":"Fuvale PD5","t":"pdw","c":"Kakamega"}},{"type":"Feature","geometry":{"type":"Point","coordinates":[34.82102,0.344307]},"properties":{"id":"523268651","n":"Shilalunga B PD 5","t":"pdw","c":"Kakamega"}},{"type":"Feature","geometry":{"type":"Point","coordinates":[34.888394,0.381113]},"properties":{"id":"523294476","n":"Fuvale US1","t":"us","c":"Kakamega"}},{"type":"Feature","geometry":{"type":"Point","coordinates":[34.866127,0.361186]},"properties":{"id":"41048115","n":"Kambiri, Sachita Spring - 19119","t":"ps","c":"Kakamega"}},{"type":"Feature","geometry":{"type":"Point","coordinates":[34.907027,0.392912]},"properties":{"id":"366924844","n":"Mungakha Community, Mwilima Spring - 22007","t":"ps","c":"Kakamega"}},{"type":"Feature","geometry":{"type":"Point","coordinates":[34.848381,0.361982]},"properties":{"id":"305464631","n":"Mukangu Community, Mukasia Spring - 21011","t":"ps","c":"Kakamega"}},{"type":"Feature","geometry":{"type":"Point","coordinates":[34.812784,0.337621]},"properties":{"id":"523326991","n":"Chombeli PD 34","t":"pdw","c":"Kakamega"}},{"type":"Feature","geometry":{"type":"Point","coordinates":[34.921149,0.397925]},"properties":{"id":"523244787","n":"Bunuku A PD4","t":"pdw","c":"Kakamega"}},{"type":"Feature","geometry":{"type":"Point","coordinates":[34.85339,0.368971]},"properties":{"id":"523289924","n":"Bukhakunga A PD 21","t":"pdw","c":"Kakamega"}},{"type":"Feature","geometry":{"type":"Point","coordinates":[34.907095,0.39858]},"properties":{"id":"523281050","n":"Mungaha PD2","t":"pdw","c":"Kakamega"}},{"type":"Feature","geometry":{"type":"Point","coordinates":[34.856277,0.372968]},"properties":{"id":"523245056","n":"Mukangu B PD1","t":"pdw","c":"Kakamega"}},{"type":"Feature","geometry":{"type":"Point","coordinates":[34.88477,0.382707]},"properties":{"id":"523324573","n":"Fuvale PD13","t":"pdw","c":"Kakamega"}},{"type":"Feature","geometry":{"type":"Point","coordinates":[34.843944,0.35946]},"properties":{"id":"523352352","n":"Bukhakunga A PD 11","t":"pdw","c":"Kakamega"}},{"type":"Feature","geometry":{"type":"Point","coordinates":[34.86546,0.36521]},"properties":{"id":"523232434","n":"Mukangu PS1","t":"ps","c":"Kakamega"}},{"type":"Feature","geometry":{"type":"Point","coordinates":[34.827107,0.348787]},"properties":{"id":"523346964","n":"Malimali US 2","t":"us","c":"Kakamega"}},{"type":"Feature","geometry":{"type":"Point","coordinates":[34.875111,0.364971]},"properties":{"id":"523349039","n":"Mukangu A PD7","t":"pdw","c":"Kakamega"}},{"type":"Feature","geometry":{"type":"Point","coordinates":[34.903168,0.388775]},"properties":{"id":"523215055","n":"Mungaha PD6","t":"pdw","c":"Kakamega"}},{"type":"Feature","geometry":{"type":"Point","coordinates":[34.882371,0.360337]},"properties":{"id":"702614844","n":"Konzeli Water Spring No 1998","t":"ps","c":"Kakamega"}},{"type":"Feature","geometry":{"type":"Point","coordinates":[34.856173,0.367853]},"properties":{"id":"523210971","n":"Mukangu A PD15","t":"ps","c":"Kakamega"}},{"type":"Feature","geometry":{"type":"Point","coordinates":[34.853851,0.37071]},"properties":{"id":"523341677","n":"Bukhakunga A PD 27","t":"pdw","c":"Kakamega"}},{"type":"Feature","geometry":{"type":"Point","coordinates":[34.882492,0.365366]},"properties":{"id":"702614703","n":"Khamisi Water Spring No 1980","t":"ps","c":"Kakamega"}},{"type":"Feature","geometry":{"type":"Point","coordinates":[34.831537,0.349367]},"properties":{"id":"523238258","n":"Bukhakunga A PD 2","t":"pdw","c":"Kakamega"}},{"type":"Feature","geometry":{"type":"Point","coordinates":[34.804253,0.334718]},"properties":{"id":"523265232","n":"Chombeli US 3","t":"us","c":"Kakamega"}},{"type":"Feature","geometry":{"type":"Point","coordinates":[34.802828,0.337808]},"properties":{"id":"523314710","n":"Mwiyala PD 3","t":"pdw","c":"Kakamega"}},{"type":"Feature","geometry":{"type":"Point","coordinates":[34.884378,0.383848]},"properties":{"id":"523193166","n":"Fuvale UD1","t":"udw","c":"Kakamega"}},{"type":"Feature","geometry":{"type":"Point","coordinates":[34.859728,0.368611]},"properties":{"id":"523238241","n":"Mukangu B PD13","t":"pdw","c":"Kakamega"}},{"type":"Feature","geometry":{"type":"Point","coordinates":[34.790911,0.331445]},"properties":{"id":"523280839","n":"Ebung'aya North US 5","t":"us","c":"Kakamega"}},{"type":"Feature","geometry":{"type":"Point","coordinates":[34.880757,0.37873]},"properties":{"id":"523333517","n":"Fuvale US1","t":"us","c":"Kakamega"}},{"type":"Feature","geometry":{"type":"Point","coordinates":[34.833295,0.350163]},"properties":{"id":"523348526","n":"Bukhakunga A BH 1","t":"bh","c":"Kakamega"}},{"type":"Feature","geometry":{"type":"Point","coordinates":[34.806415,0.336741]},"properties":{"id":"523218625","n":"Chombeli PD 15","t":"pdw","c":"Kakamega"}},{"type":"Feature","geometry":{"type":"Point","coordinates":[34.822365,0.33761]},"properties":{"id":"41049037","n":"Shihingo, Inzuka Spring - 19123","t":"ps","c":"Kakamega"}},{"type":"Feature","geometry":{"type":"Point","coordinates":[34.858228,0.368322]},"properties":{"id":"523209210","n":"Mukangu PD27","t":"pdw","c":"Kakamega"}},{"type":"Feature","geometry":{"type":"Point","coordinates":[34.84366,0.359387]},"properties":{"id":"523246899","n":"Bukhakunga A PD 10","t":"pdw","c":"Kakamega"}},{"type":"Feature","geometry":{"type":"Point","coordinates":[34.885537,0.383633]},"properties":{"id":"523220215","n":"Fuvale PD6","t":"pdw","c":"Kakamega"}},{"type":"Feature","geometry":{"type":"Point","coordinates":[34.851304,0.367307]},"properties":{"id":"523200022","n":"Bukhakunga A PD 17","t":"pdw","c":"Kakamega"}},{"type":"Feature","geometry":{"type":"Point","coordinates":[34.854053,0.3701]},"properties":{"id":"523193087","n":"Bukhakunga A PD 25","t":"pdw","c":"Kakamega"}},{"type":"Feature","geometry":{"type":"Point","coordinates":[34.869267,0.368209]},"properties":{"id":"523318312","n":"Mukangu B PD20","t":"pdw","c":"Kakamega"}},{"type":"Feature","geometry":{"type":"Point","coordinates":[34.930659,0.398462]},"properties":{"id":"523266257","n":"Mashindu A PS1","t":"ps","c":"Kakamega"}},{"type":"Feature","geometry":{"type":"Point","coordinates":[34.947179,0.361061]},"properties":{"id":"702614655","n":"Shahulula Water Spring No 1975","t":"ps","c":"Kakamega"}},{"type":"Feature","geometry":{"type":"Point","coordinates":[34.851261,0.36823]},"properties":{"id":"523281256","n":"Bukhakunga A PD 18","t":"pdw","c":"Kakamega"}},{"type":"Feature","geometry":{"type":"Point","coordinates":[34.824427,0.34317]},"properties":{"id":"523318628","n":"Shilalunga B US 1","t":"us","c":"Kakamega"}},{"type":"Feature","geometry":{"type":"Point","coordinates":[34.859594,0.371491]},"properties":{"id":"523323668","n":"Mukangu B PD12","t":"pdw","c":"Kakamega"}},{"type":"Feature","geometry":{"type":"Point","coordinates":[34.82691,0.347878]},"properties":{"id":"523312536","n":"Shilalunga A US 2","t":"us","c":"Kakamega"}},{"type":"Feature","geometry":{"type":"Point","coordinates":[34.917593,0.398279]},"properties":{"id":"523219743","n":"Bunuku A PD8","t":"pdw","c":"Kakamega"}},{"type":"Feature","geometry":{"type":"Point","coordinates":[34.863815,0.368268]},"properties":{"id":"523279587","n":"Mukangu B PD25","t":"pdw","c":"Kakamega"}},{"type":"Feature","geometry":{"type":"Point","coordinates":[34.853278,0.367709]},"properties":{"id":"523208776","n":"Mukangu A PD18","t":"pdw","c":"Kakamega"}},{"type":"Feature","geometry":{"type":"Point","coordinates":[34.870325,0.364118]},"properties":{"id":"523250436","n":"Mukangu A PD7","t":"pdw","c":"Kakamega"}},{"type":"Feature","geometry":{"type":"Point","coordinates":[34.84771,0.36046]},"properties":{"id":"82139221","n":"Mukangu, Metah Spring - 19166","t":"ps","c":"Kakamega"}},{"type":"Feature","geometry":{"type":"Point","coordinates":[34.820424,0.337773]},"properties":{"id":"523348007","n":"Shilalunga B PD 2","t":"pdw","c":"Kakamega"}},{"type":"Feature","geometry":{"type":"Point","coordinates":[34.851718,0.371365]},"properties":{"id":"523216544","n":"Bukhakunga A PD 23","t":"pdw","c":"Kakamega"}},{"type":"Feature","geometry":{"type":"Point","coordinates":[34.7913,0.33323]},"properties":{"id":"7458370","n":"Ebung'ayo, Murambi Spring - 4589","t":"ps","c":"Kakamega"}},{"type":"Feature","geometry":{"type":"Point","coordinates":[34.862669,0.367339]},"properties":{"id":"523234663","n":"Mukangu A PD12","t":"pdw","c":"Kakamega"}},{"type":"Feature","geometry":{"type":"Point","coordinates":[34.824372,0.346387]},"properties":{"id":"523203434","n":"Shilalunga A PD 3","t":"us","c":"Kakamega"}},{"type":"Feature","geometry":{"type":"Point","coordinates":[34.851997,0.367125]},"properties":{"id":"523343370","n":"Mukangu A PD20","t":"pdw","c":"Kakamega"}},{"type":"Feature","geometry":{"type":"Point","coordinates":[34.829625,0.345973]},"properties":{"id":"523329664","n":"Malimali US 1","t":"us","c":"Kakamega"}},{"type":"Feature","geometry":{"type":"Point","coordinates":[34.811518,0.340697]},"properties":{"id":"523229142","n":"Chombeli PD 31","t":"pdw","c":"Kakamega"}},{"type":"Feature","geometry":{"type":"Point","coordinates":[34.82357,0.344252]},"properties":{"id":"523352431","n":"Shilalunga B PD 4","t":"pdw","c":"Kakamega"}},{"type":"Feature","geometry":{"type":"Point","coordinates":[34.930123,0.365784]},"properties":{"id":"702614882","n":"Asenaavi Water Spring No 1996","t":"ps","c":"Kakamega"}},{"type":"Feature","geometry":{"type":"Point","coordinates":[34.87813,0.377974]},"properties":{"id":"523349383","n":"Fuvale PD2","t":"pdw","c":"Kakamega"}},{"type":"Feature","geometry":{"type":"Point","coordinates":[34.854235,0.370941]},"properties":{"id":"523272229","n":"Bukhakunga A PD 30","t":"pdw","c":"Kakamega"}},{"type":"Feature","geometry":{"type":"Point","coordinates":[34.844995,0.359672]},"properties":{"id":"523267760","n":"Mukangu PD23","t":"pdw","c":"Kakamega"}},{"type":"Feature","geometry":{"type":"Point","coordinates":[34.892591,0.3807]},"properties":{"id":"523241746","n":"Fuvale PD10","t":"pdw","c":"Kakamega"}},{"type":"Feature","geometry":{"type":"Point","coordinates":[34.806882,0.34033]},"properties":{"id":"523210438","n":"Chombeli PD 10","t":"pdw","c":"Kakamega"}},{"type":"Feature","geometry":{"type":"Point","coordinates":[34.91943,0.375904]},"properties":{"id":"702615993","n":"Mutondo Water Spring No 2012","t":"ps","c":"Kakamega"}},{"type":"Feature","geometry":{"type":"Point","coordinates":[34.904781,0.388919]},"properties":{"id":"523307905","n":"Mungaha PD5","t":"pdw","c":"Kakamega"}},{"type":"Feature","geometry":{"type":"Point","coordinates":[34.859072,0.36665]},"properties":{"id":"523337872","n":"Mukangu A PD14","t":"pdw","c":"Kakamega"}},{"type":"Feature","geometry":{"type":"Point","coordinates":[34.890663,0.381745]},"properties":{"id":"523281995","n":"Fuvale US3","t":"us","c":"Kakamega"}},{"type":"Feature","geometry":{"type":"Point","coordinates":[34.869781,0.361196]},"properties":{"id":"77940609","n":"Buyangu, Mukhola Spring - 19148","t":"ps","c":"Kakamega"}},{"type":"Feature","geometry":{"type":"Point","coordinates":[34.847443,0.348165]},"properties":{"id":"6041995","n":"Indete, Udi Spring - 18156","t":"ps","c":"Kakamega"}},{"type":"Feature","geometry":{"type":"Point","coordinates":[34.812186,0.340627]},"properties":{"id":"523213015","n":"Chombeli PD 21","t":"pdw","c":"Kakamega"}},{"type":"Feature","geometry":{"type":"Point","coordinates":[34.880792,0.385527]},"properties":{"id":"523313757","n":"Lunyereria PD14","t":"pdw","c":"Kakamega"}},{"type":"Feature","geometry":{"type":"Point","coordinates":[34.845225,0.3663]},"properties":{"id":"523324281","n":"Bukhakunga A PD 13","t":"pdw","c":"Kakamega"}},{"type":"Feature","geometry":{"type":"Point","coordinates":[34.880195,0.361274]},"properties":{"id":"702614710","n":"Musa Water Spring No 1979","t":"ps","c":"Kakamega"}},{"type":"Feature","geometry":{"type":"Point","coordinates":[34.820343,0.333748]},"properties":{"id":"60729855","n":"Shihungu, Shihungu Spring - 19113","t":"ps","c":"Kakamega"}},{"type":"Feature","geometry":{"type":"Point","coordinates":[34.924165,0.399582]},"properties":{"id":"523273127","n":"Bunuku A PD10","t":"pdw","c":"Kakamega"}},{"type":"Feature","geometry":{"type":"Point","coordinates":[34.812058,0.337385]},"properties":{"id":"523238832","n":"Chombeli US 5","t":"us","c":"Kakamega"}},{"type":"Feature","geometry":{"type":"Point","coordinates":[34.930714,0.381464]},"properties":{"id":"702616011","n":"Mungweramatsi Water Spring No","t":"ps","c":"Kakamega"}},{"type":"Feature","geometry":{"type":"Point","coordinates":[34.905525,0.373077]},"properties":{"id":"702614435","n":"Mukabwa Water Spring No 1944","t":"ps","c":"Kakamega"}},{"type":"Feature","geometry":{"type":"Point","coordinates":[34.924168,0.403459]},"properties":{"id":"523194617","n":"Bunuku A PD15","t":"pdw","c":"Kakamega"}},{"type":"Feature","geometry":{"type":"Point","coordinates":[34.903716,0.390742]},"properties":{"id":"523219365","n":"Mungaha PD7","t":"pdw","c":"Kakamega"}},{"type":"Feature","geometry":{"type":"Point","coordinates":[34.887135,0.383039]},"properties":{"id":"523266343","n":"Fuvale PD7","t":"pdw","c":"Kakamega"}},{"type":"Feature","geometry":{"type":"Point","coordinates":[34.812549,0.340712]},"properties":{"id":"523203991","n":"Chombeli PD 23","t":"pdw","c":"Kakamega"}},{"type":"Feature","geometry":{"type":"Point","coordinates":[34.853259,0.373135]},"properties":{"id":"523327057","n":"Sasala PD 1","t":"pdw","c":"Kakamega"}},{"type":"Feature","geometry":{"type":"Point","coordinates":[34.849308,0.367122]},"properties":{"id":"9352452","n":"Bukhakunga, Indiatsi Omukitsa Spring - 4726","t":"ps","c":"Kakamega"}},{"type":"Feature","geometry":{"type":"Point","coordinates":[34.83125,0.34796]},"properties":{"id":"876597","n":"Bukhakunga Community - 4205","t":"pdw","c":"Kakamega"}},{"type":"Feature","geometry":{"type":"Point","coordinates":[34.919394,0.367395]},"properties":{"id":"702614679","n":"Otsimi Water Spring No 1978","t":"ps","c":"Kakamega"}},{"type":"Feature","geometry":{"type":"Point","coordinates":[34.853867,0.37051]},"properties":{"id":"523247474","n":"Bukhakunga A PD 28","t":"pdw","c":"Kakamega"}},{"type":"Feature","geometry":{"type":"Point","coordinates":[34.91992,0.396863]},"properties":{"id":"523308092","n":"Bunuku A PD6","t":"pdw","c":"Kakamega"}},{"type":"Feature","geometry":{"type":"Point","coordinates":[34.924141,0.400994]},"properties":{"id":"523312316","n":"Bunuku A PD11","t":"pdw","c":"Kakamega"}},{"type":"Feature","geometry":{"type":"Point","coordinates":[34.808283,0.340415]},"properties":{"id":"523193324","n":"Chombeli UD 1","t":"udw","c":"Kakamega"}},{"type":"Feature","geometry":{"type":"Point","coordinates":[34.883611,0.386411]},"properties":{"id":"523218443","n":"Fuvale PS1","t":"ps","c":"Kakamega"}},{"type":"Feature","geometry":{"type":"Point","coordinates":[34.842803,0.361272]},"properties":{"id":"523273732","n":"Bukhakunga B PS 5","t":"ps","c":"Kakamega"}},{"type":"Feature","geometry":{"type":"Point","coordinates":[34.849935,0.369368]},"properties":{"id":"523331261","n":"Bukhakunga A PD 16","t":"pdw","c":"Kakamega"}},{"type":"Feature","geometry":{"type":"Point","coordinates":[34.84234,0.360811]},"properties":{"id":"523236940","n":"Bukhakunga A US 1","t":"us","c":"Kakamega"}},{"type":"Feature","geometry":{"type":"Point","coordinates":[34.936272,0.394817]},"properties":{"id":"523231990","n":"Ikoli PS2","t":"ps","c":"Kakamega"}},{"type":"Feature","geometry":{"type":"Point","coordinates":[34.831756,0.349058]},"properties":{"id":"523328931","n":"Bukhakunga A PD 1","t":"pdw","c":"Kakamega"}},{"type":"Feature","geometry":{"type":"Point","coordinates":[34.854138,0.37033]},"properties":{"id":"523239118","n":"Bukhakunga A PD 26","t":"pdw","c":"Kakamega"}},{"type":"Feature","geometry":{"type":"Point","coordinates":[34.816149,0.337379]},"properties":{"id":"523244732","n":"Chombeli BH 2","t":"bh","c":"Kakamega"}},{"type":"Feature","geometry":{"type":"Point","coordinates":[34.83256,0.34484]},"properties":{"id":"3749403","n":"Msamaria Women's Group Borehole Well - 414","t":"bh","c":"Kakamega"}},{"type":"Feature","geometry":{"type":"Point","coordinates":[34.922406,0.376029]},"properties":{"id":"702615986","n":"Konzolo Water Spring No 2011","t":"ps","c":"Kakamega"}},{"type":"Feature","geometry":{"type":"Point","coordinates":[34.862033,0.370628]},"properties":{"id":"3724734","n":"Mukangu 1 Community Well Rehabilitation - 4510","t":"pdw","c":"Kakamega"}},{"type":"Feature","geometry":{"type":"Point","coordinates":[34.920129,0.397009]},"properties":{"id":"423406595","n":"Bunuku Primary - 22219","t":"bh","c":"Kakamega","d":60.0}},{"type":"Feature","geometry":{"type":"Point","coordinates":[34.891919,0.381186]},"properties":{"id":"523256281","n":"Fuvale PD7","t":"pdw","c":"Kakamega"}},{"type":"Feature","geometry":{"type":"Point","coordinates":[34.808288,0.3321]},"properties":{"id":"25786466","n":"Ikonyero, Amkongo Spring - 19137","t":"ps","c":"Kakamega"}},{"type":"Feature","geometry":{"type":"Point","coordinates":[34.796644,0.338116]},"properties":{"id":"523224020","n":"Mukangu PS 1","t":"ps","c":"Kakamega"}},{"type":"Feature","geometry":{"type":"Point","coordinates":[34.842503,0.356281]},"properties":{"id":"523343806","n":"Bukhakunga A PD 5","t":"pdw","c":"Kakamega"}},{"type":"Feature","geometry":{"type":"Point","coordinates":[34.82998,0.348542]},"properties":{"id":"523330411","n":"Malimali PS 1","t":"ps","c":"Kakamega"}},{"type":"Feature","geometry":{"type":"Point","coordinates":[34.786081,0.329251]},"properties":{"id":"523197050","n":"Ebung'aya South PD 4","t":"pdw","c":"Kakamega"}},{"type":"Feature","geometry":{"type":"Point","coordinates":[34.827682,0.346121]},"properties":{"id":"523304713","n":"Shilalunga A PD 2","t":"pdw","c":"Kakamega"}},{"type":"Feature","geometry":{"type":"Point","coordinates":[34.86881,0.358668]},"properties":{"id":"702614590","n":"Shikombe Water Spring No 1968","t":"ps","c":"Kakamega"}},{"type":"Feature","geometry":{"type":"Point","coordinates":[34.810938,0.341338]},"properties":{"id":"523275662","n":"Chombeli PD 32","t":"pdw","c":"Kakamega"}},{"type":"Feature","geometry":{"type":"Point","coordinates":[34.907084,0.375792]},"properties":{"id":"702614693","n":"Imbuzi Water Spring No 1982","t":"ps","c":"Kakamega"}},{"type":"Feature","geometry":{"type":"Point","coordinates":[34.819175,0.340023]},"properties":{"id":"523236562","n":"Shilalunga B PS 3","t":"ps","c":"Kakamega"}},{"type":"Feature","geometry":{"type":"Point","coordinates":[34.924737,0.401693]},"properties":{"id":"523336163","n":"Bunuku A PD14","t":"pdw","c":"Kakamega"}},{"type":"Feature","geometry":{"type":"Point","coordinates":[34.812513,0.339846]},"properties":{"id":"523205144","n":"Chombeli PD 19","t":"pdw","c":"Kakamega"}},{"type":"Feature","geometry":{"type":"Point","coordinates":[34.858395,0.372752]},"properties":{"id":"3724741","n":"Mukangu 2 Community Well Rehabilitation - 4511","t":"pdw","c":"Kakamega"}},{"type":"Feature","geometry":{"type":"Point","coordinates":[34.79296,0.33421]},"properties":{"id":"9352476","n":"Ebung'ayo, Wycliffe Spring - 4728","t":"ps","c":"Kakamega"}},{"type":"Feature","geometry":{"type":"Point","coordinates":[34.923473,0.389006]},"properties":{"id":"702616303","n":"Gidali Water Spring No 2021","t":"ps","c":"Kakamega"}},{"type":"Feature","geometry":{"type":"Point","coordinates":[34.819933,0.341247]},"properties":{"id":"523192907","n":"Shilalunga B PS 2","t":"ps","c":"Kakamega"}},{"type":"Feature","geometry":{"type":"Point","coordinates":[34.81629,0.34162]},"properties":{"id":"523328890","n":"Chombeli PD 27","t":"pdw","c":"Kakamega"}},{"type":"Feature","geometry":{"type":"Point","coordinates":[34.874063,0.365152]},"properties":{"id":"523295219","n":"Mukangu A PD6","t":"pdw","c":"Kakamega"}},{"type":"Feature","geometry":{"type":"Point","coordinates":[34.844763,0.359177]},"properties":{"id":"523259985","n":"Mukangu A PD24","t":"pdw","c":"Kakamega"}},{"type":"Feature","geometry":{"type":"Point","coordinates":[34.865152,0.370812]},"properties":{"id":"523198044","n":"Mukangu B PD15","t":"pdw","c":"Kakamega"}},{"type":"Feature","geometry":{"type":"Point","coordinates":[34.807255,0.334951]},"properties":{"id":"523252706","n":"Chombeli PD 16","t":"pdw","c":"Kakamega"}},{"type":"Feature","geometry":{"type":"Point","coordinates":[34.82223,0.332931]},"properties":{"id":"44515717","n":"Shihingo, Mang'weli Spring - 19094","t":"ps","c":"Kakamega"}},{"type":"Feature","geometry":{"type":"Point","coordinates":[34.84893,0.345643]},"properties":{"id":"82139283","n":"Bukhaywa, Shidero Spring - 19145","t":"ps","c":"Kakamega"}},{"type":"Feature","geometry":{"type":"Point","coordinates":[34.867128,0.365835]},"properties":{"id":"523348227","n":"Mukangu A PD11","t":"pdw","c":"Kakamega"}},{"type":"Feature","geometry":{"type":"Point","coordinates":[34.840317,0.354775]},"properties":{"id":"523321666","n":"Bukhakunga A PD 4","t":"pdw","c":"Kakamega"}},{"type":"Feature","geometry":{"type":"Point","coordinates":[34.787217,0.328073]},"properties":{"id":"523338495","n":"Ebung'aya South US 5","t":"us","c":"Kakamega"}},{"type":"Feature","geometry":{"type":"Point","coordinates":[34.848219,0.365662]},"properties":{"id":"523240525","n":"Bukhakunga A PD 14","t":"pdw","c":"Kakamega"}},{"type":"Feature","geometry":{"type":"Point","coordinates":[34.922163,0.401138]},"properties":{"id":"523307424","n":"Bunuku A PD1","t":"pdw","c":"Kakamega"}},{"type":"Feature","geometry":{"type":"Point","coordinates":[34.859178,0.367915]},"properties":{"id":"523261094","n":"Mukangu A PD14","t":"pdw","c":"Kakamega"}},{"type":"Feature","geometry":{"type":"Point","coordinates":[34.853031,0.369131]},"properties":{"id":"523228093","n":"Bukhakunga A PD 22","t":"pdw","c":"Kakamega"}},{"type":"Feature","geometry":{"type":"Point","coordinates":[34.800443,0.336283]},"properties":{"id":"523239974","n":"Mwiyala PS 1","t":"ps","c":"Kakamega"}},{"type":"Feature","geometry":{"type":"Point","coordinates":[34.913469,0.365796]},"properties":{"id":"702614813","n":"Marilu  Water Spring No 1974","t":"ps","c":"Kakamega"}},{"type":"Feature","geometry":{"type":"Point","coordinates":[34.854057,0.371858]},"properties":{"id":"523253680","n":"Sasala PS 1","t":"ps","c":"Kakamega"}},{"type":"Feature","geometry":{"type":"Point","coordinates":[34.857416,0.373698]},"properties":{"id":"523213761","n":"Mukangu B PD4","t":"pdw","c":"Kakamega"}},{"type":"Feature","geometry":{"type":"Point","coordinates":[34.920378,0.400202]},"properties":{"id":"4109848","n":"Bunuku Well Rehabilitation Project - 4398","t":"bh","c":"Kakamega"}},{"type":"Feature","geometry":{"type":"Point","coordinates":[34.873,0.362412]},"properties":{"id":"25795596","n":"Buyangu, Osundwa Spring - 19156","t":"ps","c":"Kakamega"}},{"type":"Feature","geometry":{"type":"Point","coordinates":[34.85705,0.369798]},"properties":{"id":"41049154","n":"Mukangu, Lihungu Spring - 19090","t":"ps","c":"Kakamega"}},{"type":"Feature","geometry":{"type":"Point","coordinates":[34.814582,0.34188]},"properties":{"id":"523339025","n":"Chombeli PS 1","t":"ps","c":"Kakamega"}},{"type":"Feature","geometry":{"type":"Point","coordinates":[34.8532,0.373637]},"properties":{"id":"523310905","n":"Sasala PD 3","t":"pdw","c":"Kakamega"}},{"type":"Feature","geometry":{"type":"Point","coordinates":[34.806527,0.335374]},"properties":{"id":"523293310","n":"Chombeli PD 14","t":"pdw","c":"Kakamega"}},{"type":"Feature","geometry":{"type":"Point","coordinates":[34.812757,0.340277]},"properties":{"id":"523245489","n":"Chombeli PD 25","t":"pdw","c":"Kakamega"}},{"type":"Feature","geometry":{"type":"Point","coordinates":[34.916231,0.397892]},"properties":{"id":"523213606","n":"Bunuku PD5","t":"pdw","c":"Kakamega"}},{"type":"Feature","geometry":{"type":"Point","coordinates":[34.860386,0.368272]},"properties":{"id":"523318068","n":"Mukangu B PD14","t":"pdw","c":"Kakamega"}},{"type":"Feature","geometry":{"type":"Point","coordinates":[34.788155,0.32783]},"properties":{"id":"523273828","n":"Isembe PS 7","t":"ps","c":"Kakamega"}},{"type":"Feature","geometry":{"type":"Point","coordinates":[34.81318,0.32568]},"properties":{"id":"3749537","n":"Bweseletse, Bweseletse Spring - 4285","t":"ps","c":"Kakamega"}},{"type":"Feature","geometry":{"type":"Point","coordinates":[34.868042,0.36504]},"properties":{"id":"523279893","n":"Mukangu A PD9","t":"pdw","c":"Kakamega"}},{"type":"Feature","geometry":{"type":"Point","coordinates":[34.9088,0.38827]},"properties":{"id":"876360","n":"Magalle PAG Secondary School Borehole - 482","t":"bh","c":"Kakamega"}},{"type":"Feature","geometry":{"type":"Point","coordinates":[34.918912,0.397782]},"properties":{"id":"523231079","n":"Bunuku A UD1","t":"udw","c":"Kakamega"}},{"type":"Feature","geometry":{"type":"Point","coordinates":[34.82241,0.346348]},"properties":{"id":"523247917","n":"Shilalunga B US 2","t":"us","c":"Kakamega"}},{"type":"Feature","geometry":{"type":"Point","coordinates":[34.870862,0.36774]},"properties":{"id":"523200723","n":"Mukangu B PD19","t":"pdw","c":"Kakamega"}},{"type":"Feature","geometry":{"type":"Point","coordinates":[34.835754,0.354775]},"properties":{"id":"84830524","n":"Bukhakunga Community, Maikuva Spring - 21018","t":"ps","c":"Kakamega"}},{"type":"Feature","geometry":{"type":"Point","coordinates":[34.881133,0.381199]},"properties":{"id":"523304861","n":"Fuvale PD4","t":"pdw","c":"Kakamega"}},{"type":"Feature","geometry":{"type":"Point","coordinates":[34.765795,0.208611]},"properties":{"id":"702614507","n":"Muyuchi Water Spring No 1950","t":"ps","c":"Kakamega"}},{"type":"Feature","geometry":{"type":"Point","coordinates":[34.758624,0.244532]},"properties":{"id":"4109934","n":"Machina, Petro Maloba Spring - 4409","t":"ps","c":"Kakamega"}},{"type":"Feature","geometry":{"type":"Point","coordinates":[34.768637,0.257954]},"properties":{"id":"523275105","n":"Busiayi PS 30","t":"ps","c":"Kakamega"}},{"type":"Feature","geometry":{"type":"Point","coordinates":[34.774126,0.260395]},"properties":{"id":"523198745","n":"Busiayi US 21","t":"us","c":"Kakamega"}},{"type":"Feature","geometry":{"type":"Point","coordinates":[34.771842,0.254015]},"properties":{"id":"702614624","n":"Andaye Water Spring No 1965","t":"ps","c":"Kakamega"}},{"type":"Feature","geometry":{"type":"Point","coordinates":[34.762434,0.24773]},"properties":{"id":"530965","n":"UCC 2024 - Ilala, Felix Kisengo Spring - 4577","t":"ps","c":"Kakamega"}},{"type":"Feature","geometry":{"type":"Point","coordinates":[34.76745,0.21711]},"properties":{"id":"3750614","n":"Mukumu Girls' School Borehole Well - 421","t":"bh","c":"Kakamega"}},{"type":"Feature","geometry":{"type":"Point","coordinates":[34.778034,0.252518]},"properties":{"id":"702614631","n":"Bushebi Water Spring No 1966","t":"ps","c":"Kakamega"}},{"type":"Feature","geometry":{"type":"Point","coordinates":[34.809372,0.19222]},"properties":{"id":"702613362","n":"Chiboli Water Spring No 1951","t":"ps","c":"Kakamega"}},{"type":"Feature","geometry":{"type":"Point","coordinates":[34.775776,0.212558]},"properties":{"id":"702616372","n":"Alusiola Water Spring No 2016","t":"ps","c":"Kakamega"}},{"type":"Feature","geometry":{"type":"Point","coordinates":[34.760647,0.25622]},"properties":{"id":"523295642","n":"Shivakala PS 4","t":"ps","c":"Kakamega"}},{"type":"Feature","geometry":{"type":"Point","coordinates":[34.760101,0.254091]},"properties":{"id":"523210555","n":"Shivakala PS 5","t":"ps","c":"Kakamega"}},{"type":"Feature","geometry":{"type":"Point","coordinates":[34.765505,0.22557]},"properties":{"id":"41049130","n":"Ilala, Arnold Johnny Spring - 19088","t":"ps","c":"Kakamega"}},{"type":"Feature","geometry":{"type":"Point","coordinates":[34.754675,0.249398]},"properties":{"id":"15007690","n":"Muraka, Peter Itevete Spring - 18124","t":"ps","c":"Kakamega"}},{"type":"Feature","geometry":{"type":"Point","coordinates":[34.780126,0.254485]},"properties":{"id":"702613379","n":"Salatsa Water Spring No 1952","t":"ps","c":"Kakamega"}},{"type":"Feature","geometry":{"type":"Point","coordinates":[34.749173,0.255402]},"properties":{"id":"25786435","n":"Mushina, Shikuku Spring - 19132","t":"ps","c":"Kakamega"}},{"type":"Feature","geometry":{"type":"Point","coordinates":[34.742948,0.261929]},"properties":{"id":"523345231","n":"Musiolo PD 16","t":"pdw","c":"Kakamega"}},{"type":"Feature","geometry":{"type":"Point","coordinates":[34.754814,0.256633]},"properties":{"id":"552713632","n":"Shirere community, Oloo Amiga spring - 23125","t":"ps","c":"Kakamega"}},{"type":"Feature","geometry":{"type":"Point","coordinates":[34.720132,0.250157]},"properties":{"id":"523222963","n":"Mulombole PS 1","t":"ps","c":"Kakamega"}},{"type":"Feature","geometry":{"type":"Point","coordinates":[34.736513,0.261385]},"properties":{"id":"523241519","n":"Mukango PS 1","t":"ps","c":"Kakamega"}},{"type":"Feature","geometry":{"type":"Point","coordinates":[34.715931,0.250677]},"properties":{"id":"523342922","n":"Itumbu BH 2","t":"bh","c":"Kakamega"}},{"type":"Feature","geometry":{"type":"Point","coordinates":[34.74626,0.260445]},"properties":{"id":"523325426","n":"Musiolo PD 27","t":"pdw","c":"Kakamega"}},{"type":"Feature","geometry":{"type":"Point","coordinates":[34.73782,0.258493]},"properties":{"id":"523353339","n":"Mukango PD 2","t":"pdw","c":"Kakamega"}},{"type":"Feature","geometry":{"type":"Point","coordinates":[34.728216,0.261271]},"properties":{"id":"523192914","n":"Rosterman PS 1","t":"ps","c":"Kakamega"}},{"type":"Feature","geometry":{"type":"Point","coordinates":[34.715924,0.251559]},"properties":{"id":"523329475","n":"Itumbu PD 4","t":"pdw","c":"Kakamega"}},{"type":"Feature","geometry":{"type":"Point","coordinates":[34.7411,0.2564]},"properties":{"id":"41049082","n":"Sichinji, Makhatse Spring - 19097","t":"ps","c":"Kakamega"}},{"type":"Feature","geometry":{"type":"Point","coordinates":[34.74678,0.257963]},"properties":{"id":"523214566","n":"Musiolo PS 25","t":"ps","c":"Kakamega"}},{"type":"Feature","geometry":{"type":"Point","coordinates":[34.728282,0.261163]},"properties":{"id":"82143349","n":"Rosterman, Lishenga Spring - 19139","t":"ps","c":"Kakamega"}},{"type":"Feature","geometry":{"type":"Point","coordinates":[34.75078,0.259295]},"properties":{"id":"523277970","n":"Shirere PD 13","t":"pdw","c":"Kakamega"}},{"type":"Feature","geometry":{"type":"Point","coordinates":[34.754907,0.256705]},"properties":{"id":"523272494","n":"Shirere PS 21","t":"ps","c":"Kakamega"}},{"type":"Feature","geometry":{"type":"Point","coordinates":[34.716482,0.250336]},"properties":{"id":"385569446","n":"Shisasari Itumbu Community, Mutovo Spring - 22017","t":"ps","c":"Kakamega"}},{"type":"Feature","geometry":{"type":"Point","coordinates":[34.716949,0.253899]},"properties":{"id":"523246442","n":"Shisasari PS 3","t":"ps","c":"Kakamega"}},{"type":"Feature","geometry":{"type":"Point","coordinates":[34.749128,0.255479]},"properties":{"id":"523265050","n":"Shirere PS 5","t":"ps","c":"Kakamega"}},{"type":"Feature","geometry":{"type":"Point","coordinates":[34.72455,0.257161]},"properties":{"id":"523202945","n":"Mulombole RW 10","t":"pdw","c":"Kakamega"}},{"type":"Feature","geometry":{"type":"Point","coordinates":[34.7357,0.24704]},"properties":{"id":"3750377","n":"Eshiyenga Primary School Borehole - 37","t":"bh","c":"Kakamega"}},{"type":"Feature","geometry":{"type":"Point","coordinates":[34.716754,0.250268]},"properties":{"id":"523262019","n":"Itumbu PS 1","t":"ps","c":"Kakamega"}},{"type":"Feature","geometry":{"type":"Point","coordinates":[34.732769,0.256353]},"properties":{"id":"523227267","n":"Rosterman PS 3","t":"ps","c":"Kakamega"}},{"type":"Feature","geometry":{"type":"Point","coordinates":[34.749219,0.258652]},"properties":{"id":"523240051","n":"Shirere PD 1","t":"pdw","c":"Kakamega"}},{"type":"Feature","geometry":{"type":"Point","coordinates":[34.741316,0.25642]},"properties":{"id":"523350415","n":"Mukango PS 9","t":"ps","c":"Kakamega"}},{"type":"Feature","geometry":{"type":"Point","coordinates":[34.742305,0.2609]},"properties":{"id":"523353456","n":"Musiolo PWS 20","t":"us","c":"Kakamega"}},{"type":"Feature","geometry":{"type":"Point","coordinates":[34.729519,0.256386]},"properties":{"id":"523248657","n":"Rosterman PS 2","t":"ps","c":"Kakamega"}},{"type":"Feature","geometry":{"type":"Point","coordinates":[34.734985,0.259052]},"properties":{"id":"13034311","n":"Isese, Sylvanus Spring - 4745","t":"ps","c":"Kakamega"}},{"type":"Feature","geometry":{"type":"Point","coordinates":[34.734946,0.25899]},"properties":{"id":"523336132","n":"Rosterman PS 4","t":"ps","c":"Kakamega"}},{"type":"Feature","geometry":{"type":"Point","coordinates":[34.74324,0.25048]},"properties":{"id":"17388186","n":"Bukhunyilu, Solomon Wangula Spring - 18085","t":"ps","c":"Kakamega"}},{"type":"Feature","geometry":{"type":"Point","coordinates":[34.731859,0.226994]},"properties":{"id":"13034304","n":"Irenji, Shianda Spring - 4744","t":"ps","c":"Kakamega"}},{"type":"Feature","geometry":{"type":"Point","coordinates":[34.74276,0.260449]},"properties":{"id":"523350336","n":"Musiolo PD 21","t":"pdw","c":"Kakamega"}},{"type":"Feature","geometry":{"type":"Point","coordinates":[34.740938,0.257922]},"properties":{"id":"523327954","n":"Mukango US 11","t":"us","c":"Kakamega"}},{"type":"Feature","geometry":{"type":"Point","coordinates":[34.753352,0.232681]},"properties":{"id":"3615412","n":"Ilesi, Shamwama Spring - 4419","t":"ps","c":"Kakamega"}},{"type":"Feature","geometry":{"type":"Point","coordinates":[34.77675,0.27868]},"properties":{"id":"523208343","n":"Shikulu PS 24","t":"ps","c":"Kakamega"}},{"type":"Feature","geometry":{"type":"Point","coordinates":[34.785041,0.251395]},"properties":{"id":"702614648","n":"Shijendilova Water Spring No 1967","t":"ps","c":"Kakamega"}},{"type":"Feature","geometry":{"type":"Point","coordinates":[34.784188,0.283362]},"properties":{"id":"523226905","n":"Nyayo Tea Zone PS 2","t":"ps","c":"Kakamega"}},{"type":"Feature","geometry":{"type":"Point","coordinates":[34.779587,0.283556]},"properties":{"id":"523242431","n":"Nyayo Tea Zone PD 6","t":"pdw","c":"Kakamega"}},{"type":"Feature","geometry":{"type":"Point","coordinates":[34.84095,0.27884]},"properties":{"id":"3750061","n":"Shiamakhubu Health Workers Borehole Well - 412","t":"bh","c":"Kakamega"}},{"type":"Feature","geometry":{"type":"Point","coordinates":[34.789863,0.245707]},"properties":{"id":"702614686","n":"Shivoya Water Spring No 1983","t":"ps","c":"Kakamega"}},{"type":"Feature","geometry":{"type":"Point","coordinates":[34.774811,0.265451]},"properties":{"id":"523316530","n":"Shikulu PD 7","t":"pdw","c":"Kakamega"}},{"type":"Feature","geometry":{"type":"Point","coordinates":[34.775622,0.277485]},"properties":{"id":"523268235","n":"Shikulu PS 23","t":"ps","c":"Kakamega"}},{"type":"Feature","geometry":{"type":"Point","coordinates":[34.777921,0.279972]},"properties":{"id":"523297675","n":"Nyayo Tea Zone PS 7","t":"ps","c":"Kakamega"}},{"type":"Feature","geometry":{"type":"Point","coordinates":[34.830815,0.283328]},"properties":{"id":"13035051","n":"Hondolo, Musila Spring - 4845","t":"ps","c":"Kakamega"}},{"type":"Feature","geometry":{"type":"Point","coordinates":[34.793794,0.248926]},"properties":{"id":"702615962","n":"Lunzukha Water Spring No 2000","t":"ps","c":"Kakamega"}},{"type":"Feature","geometry":{"type":"Point","coordinates":[34.778181,0.274776]},"properties":{"id":"456890","n":"Ebwichina, Bikatsi Spring - 4457","t":"ps","c":"Kakamega"}},{"type":"Feature","geometry":{"type":"Point","coordinates":[34.776055,0.265506]},"properties":{"id":"523346562","n":"Shikulu PS 6","t":"ps","c":"Kakamega"}},{"type":"Feature","geometry":{"type":"Point","coordinates":[34.775869,0.269691]},"properties":{"id":"523225423","n":"Shikulu PS 16","t":"ps","c":"Kakamega"}},{"type":"Feature","geometry":{"type":"Point","coordinates":[34.773755,0.268635]},"properties":{"id":"523248107","n":"Shikulu PD 8","t":"pdw","c":"Kakamega"}},{"type":"Feature","geometry":{"type":"Point","coordinates":[34.773348,0.269343]},"properties":{"id":"523289759","n":"Shikulu PD 15","t":"pdw","c":"Kakamega"}},{"type":"Feature","geometry":{"type":"Point","coordinates":[34.829362,0.028418]},"properties":{"id":"523304366","n":"Jeviriri B PS","t":"ps","c":"Kisumu"}},{"type":"Feature","geometry":{"type":"Point","coordinates":[34.827333,0.027077]},"properties":{"id":"561115508","n":"Changilwa Water Spring No 1901","t":"ps","c":"Kisumu"}},{"type":"Feature","geometry":{"type":"Point","coordinates":[34.824751,0.024108]},"properties":{"id":"702613290","n":"Mavia Water Spring No 1928","t":"ps","c":"Kisumu"}},{"type":"Feature","geometry":{"type":"Point","coordinates":[34.829965,0.029178]},"properties":{"id":"561115498","n":"Khendi Water Spring No 1902","t":"ps","c":"Kisumu"}},{"type":"Feature","geometry":{"type":"Point","coordinates":[34.829031,0.027821]},"properties":{"id":"702613245","n":"Mageni Water Spring No","t":"ps","c":"Kisumu"}},{"type":"Feature","geometry":{"type":"Point","coordinates":[34.616198,0.003137]},"properties":{"id":"35014155","n":"Nabunini Water Spring","t":"ps","c":"Kisumu"}},{"type":"Feature","geometry":{"type":"Point","coordinates":[34.624735,0.00338]},"properties":{"id":"27946222","n":"Musitsinziba Water Spring No 647","t":"ps","c":"Kisumu"}},{"type":"Feature","geometry":{"type":"Point","coordinates":[34.6072,0.00421]},"properties":{"id":"6871086","n":"Emabungo, Bondeni Spring - 4702","t":"ps","c":"Kisumu"}},{"type":"Feature","geometry":{"type":"Point","coordinates":[34.607345,0.010683]},"properties":{"id":"17719654","n":"Atundo Water Spring","t":"ps","c":"Kisumu"}},{"type":"Feature","geometry":{"type":"Point","coordinates":[34.628473,0.005122]},"properties":{"id":"27946239","n":"Odari Water Spring No 679","t":"ps","c":"Kisumu"}},{"type":"Feature","geometry":{"type":"Point","coordinates":[34.605462,0.010392]},"properties":{"id":"9549623","n":"Makanga spring","t":"ps","c":"Kisumu"}},{"type":"Feature","geometry":{"type":"Point","coordinates":[34.60548,0.01035]},"properties":{"id":"17719647","n":"Maganga Water Spring","t":"ps","c":"Kisumu"}},{"type":"Feature","geometry":{"type":"Point","coordinates":[34.604712,0.010302]},"properties":{"id":"9549616","n":"Mwiyekhe","t":"pdw","c":"Kisumu"}},{"type":"Feature","geometry":{"type":"Point","coordinates":[34.607312,0.010727]},"properties":{"id":"9549647","n":"Atundo spring","t":"ps","c":"Kisumu"}},{"type":"Feature","geometry":{"type":"Point","coordinates":[34.89735,0.149515]},"properties":{"id":"523277035","n":"Kakubutu US 2","t":"us","c":"Nandi"}},{"type":"Feature","geometry":{"type":"Point","coordinates":[34.85938,0.10995]},"properties":{"id":"523207108","n":"Valimburi PD Douglas Mwale","t":"pdw","c":"Nandi"}},{"type":"Feature","geometry":{"type":"Point","coordinates":[34.901595,0.15468]},"properties":{"id":"561115584","n":"Madegwa Water Spring No 1899","t":"ps","c":"Nandi"}},{"type":"Feature","geometry":{"type":"Point","coordinates":[34.858411,0.111204]},"properties":{"id":"523321082","n":"Vakhuvera PD James Mugango Amadala","t":"pdw","c":"Nandi"}},{"type":"Feature","geometry":{"type":"Point","coordinates":[34.872713,0.135153]},"properties":{"id":"561114105","n":"Sigong'o Water Spring No 1784","t":"ps","c":"Nandi"}},{"type":"Feature","geometry":{"type":"Point","coordinates":[34.906478,0.156688]},"properties":{"id":"523286835","n":"Sukura A PS 1","t":"ps","c":"Nandi"}},{"type":"Feature","geometry":{"type":"Point","coordinates":[34.905053,0.153857]},"properties":{"id":"702613128","n":"Amusibwa Water Spring No 1908","t":"ps","c":"Nandi"}},{"type":"Feature","geometry":{"type":"Point","coordinates":[34.906735,0.154325]},"properties":{"id":"523240893","n":"Chemusieni B US 2","t":"us","c":"Nandi"}},{"type":"Feature","geometry":{"type":"Point","coordinates":[34.857798,0.084533]},"properties":{"id":"523221962","n":"Vashitsutsa PS Ireseka","t":"ps","c":"Nandi"}},{"type":"Feature","geometry":{"type":"Point","coordinates":[34.858017,0.094918]},"properties":{"id":"523342616","n":"Vachisichi PS Kodia Spring","t":"ps","c":"Nandi"}},{"type":"Feature","geometry":{"type":"Point","coordinates":[34.863605,0.125755]},"properties":{"id":"523273251","n":"Kamgoi A PD 4","t":"udw","c":"Nandi"}},{"type":"Feature","geometry":{"type":"Point","coordinates":[34.863637,0.125717]},"properties":{"id":"523275727","n":"Kamgoi A PS 5","t":"ps","c":"Nandi"}},{"type":"Feature","geometry":{"type":"Point","coordinates":[34.869548,0.127125]},"properties":{"id":"523315144","n":"Kamgoi B US 9","t":"us","c":"Nandi"}},{"type":"Feature","geometry":{"type":"Point","coordinates":[34.874533,0.136162]},"properties":{"id":"523278610","n":"Singong'o A PS I","t":"ps","c":"Nandi"}},{"type":"Feature","geometry":{"type":"Point","coordinates":[34.900275,0.150397]},"properties":{"id":"523279161","n":"Luchesi PD 6","t":"pdw","c":"Nandi"}},{"type":"Feature","geometry":{"type":"Point","coordinates":[34.899413,0.153357]},"properties":{"id":"523339348","n":"Sukura A PS 5","t":"ps","c":"Nandi"}},{"type":"Feature","geometry":{"type":"Point","coordinates":[34.857407,0.115153]},"properties":{"id":"523262033","n":"Vamalia US Luvuga Kihara","t":"us","c":"Nandi"}},{"type":"Feature","geometry":{"type":"Point","coordinates":[34.897028,0.14951]},"properties":{"id":"523258362","n":"Kakubutu US 3","t":"us","c":"Nandi"}},{"type":"Feature","geometry":{"type":"Point","coordinates":[34.859386,0.110957]},"properties":{"id":"523229135","n":"Valimburi PD Jane Sore","t":"pdw","c":"Nandi"}},{"type":"Feature","geometry":{"type":"Point","coordinates":[34.881463,0.136845]},"properties":{"id":"523269449","n":"Kaptik PS 7","t":"ps","c":"Nandi"}},{"type":"Feature","geometry":{"type":"Point","coordinates":[34.875743,0.13704]},"properties":{"id":"523276670","n":"Sigong'o A US 3","t":"us","c":"Nandi"}}]}