{"type":"FeatureCollection","features":[{"type":"Feature","geometry":{"type":"Point","coordinates":[34.879961,0.405728]},"properties":{"id":"523332011","n":"Inguvuli A PD10","t":"pdw","c":"Kakamega"}},{"type":"Feature","geometry":{"type":"Point","coordinates":[34.934215,0.399166]},"properties":{"id":"523276508","n":"Ikoli PS1","t":"ps","c":"Kakamega"}},{"type":"Feature","geometry":{"type":"Point","coordinates":[34.950253,0.377103]},"properties":{"id":"523286983","n":"Mukhuyu US1","t":"us","c":"Kakamega"}},{"type":"Feature","geometry":{"type":"Point","coordinates":[34.902098,0.414283]},"properties":{"id":"523198219","n":"Mukhonje A PD9","t":"pdw","c":"Kakamega"}},{"type":"Feature","geometry":{"type":"Point","coordinates":[34.859755,0.389859]},"properties":{"id":"523321642","n":"Kakunga B PD2","t":"pdw","c":"Kakamega"}},{"type":"Feature","geometry":{"type":"Point","coordinates":[34.859456,0.37352]},"properties":{"id":"523323565","n":"Mukangu B PD7","t":"pdw","c":"Kakamega"}},{"type":"Feature","geometry":{"type":"Point","coordinates":[34.8615,0.412755]},"properties":{"id":"523348014","n":"Inguvuli B US2","t":"us","c":"Kakamega"}},{"type":"Feature","geometry":{"type":"Point","coordinates":[34.91765,0.407853]},"properties":{"id":"523203850","n":"Webika PD6","t":"pdw","c":"Kakamega"}},{"type":"Feature","geometry":{"type":"Point","coordinates":[34.855113,0.393773]},"properties":{"id":"523193317","n":"Shikulu B PD21","t":"pdw","c":"Kakamega"}},{"type":"Feature","geometry":{"type":"Point","coordinates":[34.909093,0.410563]},"properties":{"id":"523259480","n":"Nangurunya A PD5","t":"pdw","c":"Kakamega"}},{"type":"Feature","geometry":{"type":"Point","coordinates":[34.899719,0.414476]},"properties":{"id":"523206602","n":"Mukhonje B UD10","t":"udw","c":"Kakamega"}},{"type":"Feature","geometry":{"type":"Point","coordinates":[34.854882,0.391894]},"properties":{"id":"523313180","n":"Kware A PD12","t":"pdw","c":"Kakamega"}},{"type":"Feature","geometry":{"type":"Point","coordinates":[34.86897,0.414694]},"properties":{"id":"523262253","n":"Inguvuli B PD1","t":"pdw","c":"Kakamega"}},{"type":"Feature","geometry":{"type":"Point","coordinates":[34.86556,0.41146]},"properties":{"id":"523206303","n":"Inguvuli B PD12","t":"pdw","c":"Kakamega"}},{"type":"Feature","geometry":{"type":"Point","coordinates":[34.861234,0.385109]},"properties":{"id":"523242912","n":"Shikulu A US4","t":"us","c":"Kakamega"}},{"type":"Feature","geometry":{"type":"Point","coordinates":[34.890628,0.415713]},"properties":{"id":"523293736","n":"Nangurunya C US2","t":"us","c":"Kakamega"}},{"type":"Feature","geometry":{"type":"Point","coordinates":[34.896696,0.406207]},"properties":{"id":"523287537","n":"Nangurunya A UD2","t":"udw","c":"Kakamega"}},{"type":"Feature","geometry":{"type":"Point","coordinates":[34.868493,0.397221]},"properties":{"id":"523320153","n":"Mang'uliro B PD12","t":"pdw","c":"Kakamega"}},{"type":"Feature","geometry":{"type":"Point","coordinates":[34.935208,0.419097]},"properties":{"id":"523284118","n":"Shikulu PS 1","t":"ps","c":"Kakamega"}},{"type":"Feature","geometry":{"type":"Point","coordinates":[34.857949,0.393466]},"properties":{"id":"523308456","n":"Shikulu B PD10","t":"pdw","c":"Kakamega"}},{"type":"Feature","geometry":{"type":"Point","coordinates":[34.927662,0.41464]},"properties":{"id":"84829753","n":"Mukhuyu Community, Gideon Kakai Chelagat Spring - 21043","t":"ps","c":"Kakamega"}},{"type":"Feature","geometry":{"type":"Point","coordinates":[34.87014,0.42259]},"properties":{"id":"523236971","n":"Kokoyo A PD2","t":"pdw","c":"Kakamega"}},{"type":"Feature","geometry":{"type":"Point","coordinates":[34.922843,0.426427]},"properties":{"id":"4109879","n":"Kimang'eti Community Well Rehabilitation - 4401","t":"pdw","c":"Kakamega"}},{"type":"Feature","geometry":{"type":"Point","coordinates":[34.893801,0.405039]},"properties":{"id":"523311487","n":"Nangurunya B UD5","t":"udw","c":"Kakamega"}},{"type":"Feature","geometry":{"type":"Point","coordinates":[34.858345,0.423332]},"properties":{"id":"523204246","n":"Musalaba PWS3","t":"udw","c":"Kakamega"}},{"type":"Feature","geometry":{"type":"Point","coordinates":[34.855945,0.385634]},"properties":{"id":"523239754","n":"Shikulu A PD13","t":"pdw","c":"Kakamega"}},{"type":"Feature","geometry":{"type":"Point","coordinates":[34.852351,0.405202]},"properties":{"id":"523263711","n":"Shikulu US2","t":"us","c":"Kakamega"}},{"type":"Feature","geometry":{"type":"Point","coordinates":[34.94681,0.370682]},"properties":{"id":"523255338","n":"Makuyenze US1","t":"us","c":"Kakamega"}},{"type":"Feature","geometry":{"type":"Point","coordinates":[34.87117,0.402198]},"properties":{"id":"523316444","n":"Mang'uliro PD3","t":"pdw","c":"Kakamega"}},{"type":"Feature","geometry":{"type":"Point","coordinates":[34.934865,0.414417]},"properties":{"id":"523197359","n":"Kuvasali PD3","t":"pdw","c":"Kakamega"}},{"type":"Feature","geometry":{"type":"Point","coordinates":[34.857876,0.419424]},"properties":{"id":"523304919","n":"Murram PD1","t":"pdw","c":"Kakamega"}},{"type":"Feature","geometry":{"type":"Point","coordinates":[34.875525,0.383771]},"properties":{"id":"523229324","n":"Lunyereria PS1","t":"ps","c":"Kakamega"}},{"type":"Feature","geometry":{"type":"Point","coordinates":[34.941882,0.406637]},"properties":{"id":"471340384","n":"Misimo Community, Daniel Mukangai spring - 22137","t":"ps","c":"Kakamega"}},{"type":"Feature","geometry":{"type":"Point","coordinates":[34.866207,0.406789]},"properties":{"id":"523328027","n":"Mang'uliro A PD8","t":"pdw","c":"Kakamega"}},{"type":"Feature","geometry":{"type":"Point","coordinates":[34.864879,0.387466]},"properties":{"id":"711143955","n":"Furave community, Mandira spring - 410005","t":"ps","c":"Kakamega"}},{"type":"Feature","geometry":{"type":"Point","coordinates":[34.933814,0.411014]},"properties":{"id":"523272793","n":"Tswele UD2","t":"udw","c":"Kakamega"}},{"type":"Feature","geometry":{"type":"Point","coordinates":[34.901886,0.407276]},"properties":{"id":"523233569","n":"Nangurunya A UD6","t":"udw","c":"Kakamega"}},{"type":"Feature","geometry":{"type":"Point","coordinates":[34.870582,0.40306]},"properties":{"id":"523290623","n":"Mang'uliro A PD4","t":"pdw","c":"Kakamega"}},{"type":"Feature","geometry":{"type":"Point","coordinates":[34.952367,0.37066]},"properties":{"id":"523285315","n":"Makuyenze US4","t":"us","c":"Kakamega"}},{"type":"Feature","geometry":{"type":"Point","coordinates":[34.877914,0.418888]},"properties":{"id":"523205261","n":"Ichina A PD6","t":"pdw","c":"Kakamega"}},{"type":"Feature","geometry":{"type":"Point","coordinates":[34.915487,0.408693]},"properties":{"id":"523213895","n":"Webika PD8","t":"pdw","c":"Kakamega"}},{"type":"Feature","geometry":{"type":"Point","coordinates":[34.854207,0.377604]},"properties":{"id":"523300544","n":"Shanda B PD15","t":"pdw","c":"Kakamega"}},{"type":"Feature","geometry":{"type":"Point","coordinates":[34.882178,0.420545]},"properties":{"id":"523233710","n":"Ichina A PD10","t":"pdw","c":"Kakamega"}},{"type":"Feature","geometry":{"type":"Point","coordinates":[34.87011,0.388831]},"properties":{"id":"523214645","n":"Furave PD2","t":"pdw","c":"Kakamega"}},{"type":"Feature","geometry":{"type":"Point","coordinates":[34.912509,0.414571]},"properties":{"id":"523295738","n":"Chesero B PD1","t":"pdw","c":"Kakamega"}},{"type":"Feature","geometry":{"type":"Point","coordinates":[34.873408,0.39906]},"properties":{"id":"711144073","n":"Mang'uliro Primary School - 410026","t":"bh","c":"Kakamega","d":90.0}},{"type":"Feature","geometry":{"type":"Point","coordinates":[34.886435,0.411177]},"properties":{"id":"523213503","n":"Inguvuli A PD3","t":"pdw","c":"Kakamega"}},{"type":"Feature","geometry":{"type":"Point","coordinates":[34.918184,0.411045]},"properties":{"id":"523227456","n":"Webika PD3","t":"pdw","c":"Kakamega"}},{"type":"Feature","geometry":{"type":"Point","coordinates":[34.855382,0.391664]},"properties":{"id":"523211862","n":"Shikulu B PD19","t":"pdw","c":"Kakamega"}},{"type":"Feature","geometry":{"type":"Point","coordinates":[34.86,0.42]},"properties":{"id":"5634462","n":"Kakoyi Corner Well Rehabilitation - 4519","t":"pdw","c":"Kakamega"}},{"type":"Feature","geometry":{"type":"Point","coordinates":[34.909252,0.402733]},"properties":{"id":"523226950","n":"Mungaha PS2","t":"ps","c":"Kakamega"}},{"type":"Feature","geometry":{"type":"Point","coordinates":[34.923255,0.410956]},"properties":{"id":"523305783","n":"Mwangaza PD3","t":"pdw","c":"Kakamega"}},{"type":"Feature","geometry":{"type":"Point","coordinates":[34.892397,0.484817]},"properties":{"id":"523293853","n":"Luanda PD 3","t":"pdw","c":"Kakamega"}},{"type":"Feature","geometry":{"type":"Point","coordinates":[34.87996,0.506197]},"properties":{"id":"523199375","n":"Lunyo US 9","t":"us","c":"Kakamega"}},{"type":"Feature","geometry":{"type":"Point","coordinates":[34.874192,0.520877]},"properties":{"id":"523203049","n":"Muriola A US 1","t":"ps","c":"Kakamega"}},{"type":"Feature","geometry":{"type":"Point","coordinates":[34.845627,0.546438]},"properties":{"id":"523223256","n":"Shikulu UD1","t":"udw","c":"Kakamega"}},{"type":"Feature","geometry":{"type":"Point","coordinates":[34.824565,0.567132]},"properties":{"id":"523284479","n":"Lunyu UD2","t":"udw","c":"Kakamega"}},{"type":"Feature","geometry":{"type":"Point","coordinates":[34.860955,0.575545]},"properties":{"id":"523284053","n":"Manda A UD1","t":"udw","c":"Kakamega"}},{"type":"Feature","geometry":{"type":"Point","coordinates":[34.874212,0.583975]},"properties":{"id":"523234285","n":"Silungai A US3","t":"us","c":"Kakamega"}},{"type":"Feature","geometry":{"type":"Point","coordinates":[34.873372,0.583843]},"properties":{"id":"523206901","n":"Bondeni US1","t":"us","c":"Kakamega"}},{"type":"Feature","geometry":{"type":"Point","coordinates":[34.829808,0.571683]},"properties":{"id":"523219224","n":"Lunyu PS1","t":"ps","c":"Kakamega"}},{"type":"Feature","geometry":{"type":"Point","coordinates":[34.80964,0.56259]},"properties":{"id":"523225605","n":"Matete A PD1","t":"pdw","c":"Kakamega"}},{"type":"Feature","geometry":{"type":"Point","coordinates":[34.8506,0.510048]},"properties":{"id":"523196808","n":"Cheptuli A UD 12","t":"udw","c":"Kakamega"}},{"type":"Feature","geometry":{"type":"Point","coordinates":[34.866045,0.572988]},"properties":{"id":"523217370","n":"Manda B PD6","t":"pdw","c":"Kakamega"}},{"type":"Feature","geometry":{"type":"Point","coordinates":[34.84235,0.518953]},"properties":{"id":"523300317","n":"Chevaywa A PD 19","t":"pdw","c":"Kakamega"}},{"type":"Feature","geometry":{"type":"Point","coordinates":[34.833419,0.532517]},"properties":{"id":"523212928","n":"Bateta PD 6","t":"pdw","c":"Kakamega"}},{"type":"Feature","geometry":{"type":"Point","coordinates":[34.852259,0.512593]},"properties":{"id":"523195292","n":"Cheptuli A PD 7","t":"pdw","c":"Kakamega"}},{"type":"Feature","geometry":{"type":"Point","coordinates":[34.88371,0.490261]},"properties":{"id":"523298195","n":"Fuvuye B PD 10","t":"pdw","c":"Kakamega"}},{"type":"Feature","geometry":{"type":"Point","coordinates":[34.858348,0.577107]},"properties":{"id":"523208453","n":"Shinoko PD7","t":"pdw","c":"Kakamega"}},{"type":"Feature","geometry":{"type":"Point","coordinates":[34.884482,0.495481]},"properties":{"id":"523337896","n":"Fuvuye B PD 16","t":"pdw","c":"Kakamega"}},{"type":"Feature","geometry":{"type":"Point","coordinates":[34.869993,0.580953]},"properties":{"id":"523272511","n":"Bondeni PD8","t":"pdw","c":"Kakamega"}},{"type":"Feature","geometry":{"type":"Point","coordinates":[34.859148,0.518878]},"properties":{"id":"523256906","n":"Shivanga PD 6","t":"pdw","c":"Kakamega"}},{"type":"Feature","geometry":{"type":"Point","coordinates":[34.824927,0.572468]},"properties":{"id":"523346335","n":"Lunyu UD4","t":"udw","c":"Kakamega"}},{"type":"Feature","geometry":{"type":"Point","coordinates":[34.884937,0.490678]},"properties":{"id":"423406612","n":"St. Mary'S Fubuye Primary School - 22220","t":"bh","c":"Kakamega","d":80.0}},{"type":"Feature","geometry":{"type":"Point","coordinates":[34.861235,0.512961]},"properties":{"id":"523200060","n":"Shilongo US 5","t":"us","c":"Kakamega"}},{"type":"Feature","geometry":{"type":"Point","coordinates":[34.849198,0.55605]},"properties":{"id":"523195553","n":"Shilongo ID2","t":"udw","c":"Kakamega"}},{"type":"Feature","geometry":{"type":"Point","coordinates":[34.82383,0.565058]},"properties":{"id":"523274582","n":"Lunyu UD6","t":"udw","c":"Kakamega"}},{"type":"Feature","geometry":{"type":"Point","coordinates":[34.88766,0.507285]},"properties":{"id":"523293114","n":"Shilongo PD 1","t":"pdw","c":"Kakamega"}},{"type":"Feature","geometry":{"type":"Point","coordinates":[34.879551,0.494014]},"properties":{"id":"523279295","n":"Bondeni A PD 5","t":"pdw","c":"Kakamega"}},{"type":"Feature","geometry":{"type":"Point","coordinates":[34.86474,0.581295]},"properties":{"id":"523210146","n":"Manda A PD8","t":"pdw","c":"Kakamega"}},{"type":"Feature","geometry":{"type":"Point","coordinates":[34.847862,0.560415]},"properties":{"id":"523289948","n":"Shilongo PD8","t":"pdw","c":"Kakamega"}},{"type":"Feature","geometry":{"type":"Point","coordinates":[34.85617,0.511818]},"properties":{"id":"523223191","n":"Cheptuli A PD 4","t":"pdw","c":"Kakamega"}},{"type":"Feature","geometry":{"type":"Point","coordinates":[34.828175,0.543168]},"properties":{"id":"523239448","n":"Vateta US2","t":"us","c":"Kakamega"}},{"type":"Feature","geometry":{"type":"Point","coordinates":[34.833367,0.54124]},"properties":{"id":"523338615","n":"Tombo PD3","t":"pdw","c":"Kakamega"}},{"type":"Feature","geometry":{"type":"Point","coordinates":[34.856383,0.564418]},"properties":{"id":"523213998","n":"Lwandeti friends PD1","t":"pdw","c":"Kakamega"}},{"type":"Feature","geometry":{"type":"Point","coordinates":[34.857347,0.512135]},"properties":{"id":"523252328","n":"Shilongo PD 10","t":"pdw","c":"Kakamega"}},{"type":"Feature","geometry":{"type":"Point","coordinates":[34.899851,0.495801]},"properties":{"id":"523215086","n":"Mutoto PD 9","t":"pdw","c":"Kakamega"}},{"type":"Feature","geometry":{"type":"Point","coordinates":[34.844499,0.535056]},"properties":{"id":"523325873","n":"Busunu A PS 3","t":"ps","c":"Kakamega"}},{"type":"Feature","geometry":{"type":"Point","coordinates":[34.876639,0.508334]},"properties":{"id":"523263223","n":"Lunyo PD 2","t":"pdw","c":"Kakamega"}},{"type":"Feature","geometry":{"type":"Point","coordinates":[34.842305,0.566838]},"properties":{"id":"523340085","n":"Lurale UD4","t":"udw","c":"Kakamega"}},{"type":"Feature","geometry":{"type":"Point","coordinates":[34.831603,0.563255]},"properties":{"id":"523282738","n":"Hamutua B PD9","t":"pdw","c":"Kakamega"}},{"type":"Feature","geometry":{"type":"Point","coordinates":[34.847388,0.522131]},"properties":{"id":"523211202","n":"Chevaywa A UD 32","t":"udw","c":"Kakamega"}},{"type":"Feature","geometry":{"type":"Point","coordinates":[34.868434,0.508802]},"properties":{"id":"523329145","n":"Kharakha UD 3","t":"udw","c":"Kakamega"}},{"type":"Feature","geometry":{"type":"Point","coordinates":[34.888313,0.490826]},"properties":{"id":"523350446","n":"Fuvuye B PD 3","t":"pdw","c":"Kakamega"}},{"type":"Feature","geometry":{"type":"Point","coordinates":[34.812583,0.563553]},"properties":{"id":"523232984","n":"Matete A PD10","t":"pdw","c":"Kakamega"}},{"type":"Feature","geometry":{"type":"Point","coordinates":[34.862591,0.509051]},"properties":{"id":"523332860","n":"Kharakha UD 1","t":"udw","c":"Kakamega"}},{"type":"Feature","geometry":{"type":"Point","coordinates":[34.881015,0.596095]},"properties":{"id":"523261056","n":"Silungai B PD1","t":"pdw","c":"Kakamega"}},{"type":"Feature","geometry":{"type":"Point","coordinates":[34.84885,0.554465]},"properties":{"id":"523250429","n":"ShilongoPD11","t":"pdw","c":"Kakamega"}},{"type":"Feature","geometry":{"type":"Point","coordinates":[34.894693,0.492815]},"properties":{"id":"523282295","n":"Mutoto PD 21","t":"pdw","c":"Kakamega"}},{"type":"Feature","geometry":{"type":"Point","coordinates":[34.890983,0.478179]},"properties":{"id":"523337054","n":"Mukhuyu UD1","t":"udw","c":"Kakamega"}},{"type":"Feature","geometry":{"type":"Point","coordinates":[34.891693,0.5049]},"properties":{"id":"523320380","n":"Munanga PD 2","t":"pdw","c":"Kakamega"}},{"type":"Feature","geometry":{"type":"Point","coordinates":[34.819805,0.555437]},"properties":{"id":"523192495","n":"Matete PD54","t":"pdw","c":"Kakamega"}},{"type":"Feature","geometry":{"type":"Point","coordinates":[34.874789,0.518548]},"properties":{"id":"523198611","n":"Muriola A US 2","t":"us","c":"Kakamega"}},{"type":"Feature","geometry":{"type":"Point","coordinates":[34.863697,0.522183]},"properties":{"id":"523198848","n":"Kafusi US 4","t":"us","c":"Kakamega"}},{"type":"Feature","geometry":{"type":"Point","coordinates":[34.889862,0.485806]},"properties":{"id":"523301710","n":"Sindavi PS 1","t":"ps","c":"Kakamega"}},{"type":"Feature","geometry":{"type":"Point","coordinates":[34.885091,0.487482]},"properties":{"id":"523345815","n":"Fuvuye B PD 8","t":"pdw","c":"Kakamega"}},{"type":"Feature","geometry":{"type":"Point","coordinates":[34.817433,0.56502]},"properties":{"id":"523212382","n":"Luyeshe PD9","t":"pdw","c":"Kakamega"}},{"type":"Feature","geometry":{"type":"Point","coordinates":[34.826448,0.560337]},"properties":{"id":"523261032","n":"Hamutua B PD11","t":"udw","c":"Kakamega"}},{"type":"Feature","geometry":{"type":"Point","coordinates":[34.864076,0.571987]},"properties":{"id":"519979147","n":"Manda K Primary School - 22293","t":"bh","c":"Kakamega","d":90.0}},{"type":"Feature","geometry":{"type":"Point","coordinates":[34.821812,0.562438]},"properties":{"id":"523252146","n":"Luyeshe PD15","t":"pdw","c":"Kakamega"}},{"type":"Feature","geometry":{"type":"Point","coordinates":[34.871118,0.574223]},"properties":{"id":"523342070","n":"Mukhungula PD4","t":"pdw","c":"Kakamega"}},{"type":"Feature","geometry":{"type":"Point","coordinates":[34.848943,0.516043]},"properties":{"id":"523238461","n":"Chevaywa A PD 3","t":"pdw","c":"Kakamega"}},{"type":"Feature","geometry":{"type":"Point","coordinates":[34.871057,0.574498]},"properties":{"id":"523311023","n":"Mukhungula PD3","t":"pdw","c":"Kakamega"}},{"type":"Feature","geometry":{"type":"Point","coordinates":[34.859677,0.516784]},"properties":{"id":"523230638","n":"Shivanga PD 7","t":"pdw","c":"Kakamega"}},{"type":"Feature","geometry":{"type":"Point","coordinates":[34.850798,0.560238]},"properties":{"id":"523282996","n":"Shilongo US1","t":"us","c":"Kakamega"}},{"type":"Feature","geometry":{"type":"Point","coordinates":[34.847428,0.575697]},"properties":{"id":"523215172","n":"Makhukhuni US2","t":"us","c":"Kakamega"}},{"type":"Feature","geometry":{"type":"Point","coordinates":[34.866932,0.580272]},"properties":{"id":"523250443","n":"Bondeni UD7","t":"udw","c":"Kakamega"}},{"type":"Feature","geometry":{"type":"Point","coordinates":[34.841137,0.541151]},"properties":{"id":"316006747","n":"Tombo B Community, Mukonesi Spring - 21051","t":"ps","c":"Kakamega"}},{"type":"Feature","geometry":{"type":"Point","coordinates":[34.862762,0.582757]},"properties":{"id":"523199368","n":"Manda A UD5","t":"udw","c":"Kakamega"}},{"type":"Feature","geometry":{"type":"Point","coordinates":[34.866175,0.573128]},"properties":{"id":"523220428","n":"Manda B PD7","t":"pdw","c":"Kakamega"}},{"type":"Feature","geometry":{"type":"Point","coordinates":[34.871033,0.508292]},"properties":{"id":"523273804","n":"Kharakha BH 6","t":"bh","c":"Kakamega"}},{"type":"Feature","geometry":{"type":"Point","coordinates":[34.81876,0.559752]},"properties":{"id":"523341691","n":"Matete A UD4","t":"udw","c":"Kakamega"}},{"type":"Feature","geometry":{"type":"Point","coordinates":[34.813818,0.56315]},"properties":{"id":"523223074","n":"Matete A PD8","t":"pdw","c":"Kakamega"}},{"type":"Feature","geometry":{"type":"Point","coordinates":[34.817956,0.557064]},"properties":{"id":"679035466","n":"Friend's School Matete Secondary - 430008","t":"bh","c":"Kakamega","d":61.0}},{"type":"Feature","geometry":{"type":"Point","coordinates":[34.839455,0.561875]},"properties":{"id":"523247797","n":"Severe UD6","t":"udw","c":"Kakamega"}},{"type":"Feature","geometry":{"type":"Point","coordinates":[34.888582,0.495062]},"properties":{"id":"523314514","n":"Mlimani PD 1","t":"pdw","c":"Kakamega"}},{"type":"Feature","geometry":{"type":"Point","coordinates":[34.826885,0.563325]},"properties":{"id":"523217813","n":"Hamutua A PD7","t":"pdw","c":"Kakamega"}},{"type":"Feature","geometry":{"type":"Point","coordinates":[34.856381,0.506325]},"properties":{"id":"523313331","n":"Cheptuli B PD 3","t":"pdw","c":"Kakamega"}},{"type":"Feature","geometry":{"type":"Point","coordinates":[34.882658,0.588148]},"properties":{"id":"523324724","n":"Lukova US1","t":"us","c":"Kakamega"}},{"type":"Feature","geometry":{"type":"Point","coordinates":[34.879944,0.507719]},"properties":{"id":"523332640","n":"Lunyo PD 8","t":"pdw","c":"Kakamega"}},{"type":"Feature","geometry":{"type":"Point","coordinates":[34.822415,0.553748]},"properties":{"id":"523210177","n":"Hamutua B UD2","t":"udw","c":"Kakamega"}},{"type":"Feature","geometry":{"type":"Point","coordinates":[34.854255,0.573847]},"properties":{"id":"523221807","n":"Shinoko UD1","t":"udw","c":"Kakamega"}},{"type":"Feature","geometry":{"type":"Point","coordinates":[34.853208,0.576745]},"properties":{"id":"523285030","n":"Shinoko UD5","t":"udw","c":"Kakamega"}},{"type":"Feature","geometry":{"type":"Point","coordinates":[34.904226,0.490632]},"properties":{"id":"523292137","n":"Kulusu PD 4","t":"pdw","c":"Kakamega"}},{"type":"Feature","geometry":{"type":"Point","coordinates":[34.81245,0.562488]},"properties":{"id":"523320373","n":"Matete A PD5","t":"pdw","c":"Kakamega"}},{"type":"Feature","geometry":{"type":"Point","coordinates":[34.87238,0.577578]},"properties":{"id":"523281438","n":"Mukhungula UD6","t":"udw","c":"Kakamega"}},{"type":"Feature","geometry":{"type":"Point","coordinates":[34.835658,0.539397]},"properties":{"id":"523245506","n":"Tombo US1","t":"us","c":"Kakamega"}},{"type":"Feature","geometry":{"type":"Point","coordinates":[34.886669,0.492619]},"properties":{"id":"523203740","n":"Fuvuye B PD 13","t":"ps","c":"Kakamega"}},{"type":"Feature","geometry":{"type":"Point","coordinates":[34.827787,0.550865]},"properties":{"id":"523219585","n":"Shichebe B UD1","t":"udw","c":"Kakamega"}},{"type":"Feature","geometry":{"type":"Point","coordinates":[34.884391,0.59223]},"properties":{"id":"403751882","n":"Lukova Primary School - 22245","t":"bh","c":"Kakamega","d":75.0}},{"type":"Feature","geometry":{"type":"Point","coordinates":[34.904499,0.487706]},"properties":{"id":"523226369","n":"Teresia PD 3","t":"pdw","c":"Kakamega"}},{"type":"Feature","geometry":{"type":"Point","coordinates":[34.89434,0.486262]},"properties":{"id":"523233349","n":"Chevaywa US 2","t":"us","c":"Kakamega"}},{"type":"Feature","geometry":{"type":"Point","coordinates":[34.855802,0.575378]},"properties":{"id":"523244639","n":"Shinoko UD10","t":"udw","c":"Kakamega"}},{"type":"Feature","geometry":{"type":"Point","coordinates":[34.878798,0.506292]},"properties":{"id":"523307493","n":"Lunyo PD 10","t":"pdw","c":"Kakamega"}},{"type":"Feature","geometry":{"type":"Point","coordinates":[34.885405,0.487008]},"properties":{"id":"523345224","n":"Fuvuye A PD 3","t":"pdw","c":"Kakamega"}},{"type":"Feature","geometry":{"type":"Point","coordinates":[34.874566,0.510742]},"properties":{"id":"523203180","n":"Muriola B PD 1","t":"pdw","c":"Kakamega"}},{"type":"Feature","geometry":{"type":"Point","coordinates":[34.856979,0.522578]},"properties":{"id":"523193719","n":"Kafusi PD 6","t":"pdw","c":"Kakamega"}},{"type":"Feature","geometry":{"type":"Point","coordinates":[34.899499,0.494495]},"properties":{"id":"523346995","n":"Mutoto PD 10","t":"pdw","c":"Kakamega"}},{"type":"Feature","geometry":{"type":"Point","coordinates":[34.851528,0.553977]},"properties":{"id":"523285470","n":"Shikulu PD1","t":"pdw","c":"Kakamega"}},{"type":"Feature","geometry":{"type":"Point","coordinates":[34.830565,0.551528]},"properties":{"id":"523293602","n":"Shichebe UD2","t":"pdw","c":"Kakamega"}},{"type":"Feature","geometry":{"type":"Point","coordinates":[34.854483,0.548893]},"properties":{"id":"523242826","n":"Shikulu US2","t":"us","c":"Kakamega"}},{"type":"Feature","geometry":{"type":"Point","coordinates":[34.8478,0.565733]},"properties":{"id":"523291277","n":"Makhukhuni US1","t":"us","c":"Kakamega"}},{"type":"Feature","geometry":{"type":"Point","coordinates":[34.8404,0.524547]},"properties":{"id":"523197201","n":"Mukhuyu UD 24","t":"udw","c":"Kakamega"}},{"type":"Feature","geometry":{"type":"Point","coordinates":[34.888573,0.481153]},"properties":{"id":"523268462","n":"Mukhuyu US1","t":"us","c":"Kakamega"}},{"type":"Feature","geometry":{"type":"Point","coordinates":[34.842651,0.512413]},"properties":{"id":"523236287","n":"Chevaywa A PD 10","t":"pdw","c":"Kakamega"}},{"type":"Feature","geometry":{"type":"Point","coordinates":[34.818307,0.552467]},"properties":{"id":"523348674","n":"Matete B PD6","t":"pdw","c":"Kakamega"}},{"type":"Feature","geometry":{"type":"Point","coordinates":[34.868907,0.581177]},"properties":{"id":"523267021","n":"Bondeni PD10","t":"pdw","c":"Kakamega"}},{"type":"Feature","geometry":{"type":"Point","coordinates":[34.836742,0.534143]},"properties":{"id":"523195852","n":"Bateta PD 2","t":"pdw","c":"Kakamega"}},{"type":"Feature","geometry":{"type":"Point","coordinates":[34.850208,0.554517]},"properties":{"id":"523249672","n":"Shikulu US1","t":"us","c":"Kakamega"}},{"type":"Feature","geometry":{"type":"Point","coordinates":[34.8642,0.573685]},"properties":{"id":"523202983","n":"Manda B PD1","t":"pdw","c":"Kakamega"}},{"type":"Feature","geometry":{"type":"Point","coordinates":[34.830342,0.543663]},"properties":{"id":"523220710","n":"Vateta PD2","t":"pdw","c":"Kakamega"}},{"type":"Feature","geometry":{"type":"Point","coordinates":[34.836377,0.545608]},"properties":{"id":"523343521","n":"Tombo PD7","t":"pdw","c":"Kakamega"}},{"type":"Feature","geometry":{"type":"Point","coordinates":[34.851683,0.551105]},"properties":{"id":"523222877","n":"Shikulu ID2","t":"udw","c":"Kakamega"}},{"type":"Feature","geometry":{"type":"Point","coordinates":[34.853887,0.531266]},"properties":{"id":"523214944","n":"Bwanga PS 1","t":"ps","c":"Kakamega"}},{"type":"Feature","geometry":{"type":"Point","coordinates":[34.863747,0.582802]},"properties":{"id":"523280705","n":"Manda A UD6","t":"udw","c":"Kakamega"}},{"type":"Feature","geometry":{"type":"Point","coordinates":[34.893578,0.486785]},"properties":{"id":"523315498","n":"Chevaywa PD 5","t":"pdw","c":"Kakamega"}},{"type":"Feature","geometry":{"type":"Point","coordinates":[34.830417,0.57475]},"properties":{"id":"523314851","n":"Lunyu PD1","t":"pdw","c":"Kakamega"}},{"type":"Feature","geometry":{"type":"Point","coordinates":[34.820612,0.563332]},"properties":{"id":"523198563","n":"Luyeshe PD14","t":"pdw","c":"Kakamega"}},{"type":"Feature","geometry":{"type":"Point","coordinates":[34.874667,0.584268]},"properties":{"id":"523217538","n":"Silungai A UD2","t":"udw","c":"Kakamega"}},{"type":"Feature","geometry":{"type":"Point","coordinates":[34.828557,0.548088]},"properties":{"id":"523257392","n":"Shichebe B PD2","t":"pdw","c":"Kakamega"}},{"type":"Feature","geometry":{"type":"Point","coordinates":[34.849435,0.572717]},"properties":{"id":"523255053","n":"Makhukhuni PD3","t":"pdw","c":"Kakamega"}},{"type":"Feature","geometry":{"type":"Point","coordinates":[34.8145,0.562177]},"properties":{"id":"523225100","n":"Matete A PD19","t":"pdw","c":"Kakamega"}},{"type":"Feature","geometry":{"type":"Point","coordinates":[34.852549,0.574919]},"properties":{"id":"661122392","n":"Shinoko Community, Shinoko Spring - 410004","t":"ps","c":"Kakamega"}},{"type":"Feature","geometry":{"type":"Point","coordinates":[34.840197,0.565963]},"properties":{"id":"523252263","n":"Severe UD8","t":"udw","c":"Kakamega"}},{"type":"Feature","geometry":{"type":"Point","coordinates":[34.81542,0.555553]},"properties":{"id":"523236720","n":"Matete B PD11","t":"pdw","c":"Kakamega"}},{"type":"Feature","geometry":{"type":"Point","coordinates":[34.897782,0.499848]},"properties":{"id":"523245623","n":"Mutoto PD 3","t":"pdw","c":"Kakamega"}},{"type":"Feature","geometry":{"type":"Point","coordinates":[34.906961,0.484735]},"properties":{"id":"523333115","n":"Teresia PD 7","t":"pdw","c":"Kakamega"}},{"type":"Feature","geometry":{"type":"Point","coordinates":[34.814162,0.555927]},"properties":{"id":"523223098","n":"Matete A PD49","t":"pdw","c":"Kakamega"}},{"type":"Feature","geometry":{"type":"Point","coordinates":[34.868288,0.504268]},"properties":{"id":"523253491","n":"Lurende PD 10","t":"pdw","c":"Kakamega"}},{"type":"Feature","geometry":{"type":"Point","coordinates":[34.892605,0.485625]},"properties":{"id":"523258489","n":"Luanda PD 1","t":"pdw","c":"Kakamega"}},{"type":"Feature","geometry":{"type":"Point","coordinates":[34.856725,0.559183]},"properties":{"id":"523206994","n":"Lwandeti friends PD5","t":"pdw","c":"Kakamega"}},{"type":"Feature","geometry":{"type":"Point","coordinates":[34.846517,0.535256]},"properties":{"id":"523251839","n":"Busunu B US 1","t":"us","c":"Kakamega"}},{"type":"Feature","geometry":{"type":"Point","coordinates":[34.815707,0.557547]},"properties":{"id":"523237563","n":"Matete A PD51","t":"pdw","c":"Kakamega"}},{"type":"Feature","geometry":{"type":"Point","coordinates":[34.830667,0.569513]},"properties":{"id":"523319447","n":"Lunyu PS2","t":"ps","c":"Kakamega"}},{"type":"Feature","geometry":{"type":"Point","coordinates":[34.842815,0.522947]},"properties":{"id":"523257093","n":"Chevaywa A PD 22","t":"pdw","c":"Kakamega"}},{"type":"Feature","geometry":{"type":"Point","coordinates":[34.891701,0.504668]},"properties":{"id":"523265768","n":"Munanga PD 1","t":"pdw","c":"Kakamega"}},{"type":"Feature","geometry":{"type":"Point","coordinates":[34.867975,0.580332]},"properties":{"id":"523247625","n":"Bondeni PS14","t":"pdw","c":"Kakamega"}},{"type":"Feature","geometry":{"type":"Point","coordinates":[34.894966,0.479555]},"properties":{"id":"523322179","n":"Luanda PD 6","t":"pdw","c":"Kakamega"}},{"type":"Feature","geometry":{"type":"Point","coordinates":[34.903005,0.490753]},"properties":{"id":"523295745","n":"Kulusu UD 4","t":"udw","c":"Kakamega"}},{"type":"Feature","geometry":{"type":"Point","coordinates":[34.833097,0.537342]},"properties":{"id":"523285016","n":"Busunu A US 1","t":"us","c":"Kakamega"}},{"type":"Feature","geometry":{"type":"Point","coordinates":[34.892345,0.496839]},"properties":{"id":"523245843","n":"Mlimani PS 3","t":"ps","c":"Kakamega"}},{"type":"Feature","geometry":{"type":"Point","coordinates":[34.813157,0.557655]},"properties":{"id":"523286581","n":"Matete A PD45","t":"pdw","c":"Kakamega"}},{"type":"Feature","geometry":{"type":"Point","coordinates":[34.830775,0.57447]},"properties":{"id":"523271424","n":"Lunyu PD2","t":"pdw","c":"Kakamega"}},{"type":"Feature","geometry":{"type":"Point","coordinates":[34.831605,0.543197]},"properties":{"id":"523319409","n":"Vateta PD6","t":"pdw","c":"Kakamega"}},{"type":"Feature","geometry":{"type":"Point","coordinates":[34.858456,0.512614]},"properties":{"id":"523282288","n":"Shilongo PD 9","t":"pdw","c":"Kakamega"}},{"type":"Feature","geometry":{"type":"Point","coordinates":[34.865865,0.575148]},"properties":{"id":"523241090","n":"Manda UD3","t":"udw","c":"Kakamega"}},{"type":"Feature","geometry":{"type":"Point","coordinates":[34.862597,0.579795]},"properties":{"id":"523254557","n":"Manda A UD4","t":"udw","c":"Kakamega"}},{"type":"Feature","geometry":{"type":"Point","coordinates":[34.866087,0.513781]},"properties":{"id":"523213156","n":"Lwanda PD 3","t":"pdw","c":"Kakamega"}},{"type":"Feature","geometry":{"type":"Point","coordinates":[34.827232,0.562602]},"properties":{"id":"523342939","n":"Hamutua A PD8","t":"pdw","c":"Kakamega"}},{"type":"Feature","geometry":{"type":"Point","coordinates":[34.822905,0.561292]},"properties":{"id":"47024632","n":"Lunyi, Fedha Mukwana Spring -18151","t":"ps","c":"Kakamega"}},{"type":"Feature","geometry":{"type":"Point","coordinates":[34.85861,0.518144]},"properties":{"id":"523243212","n":"Shivanga PD 5","t":"pdw","c":"Kakamega"}},{"type":"Feature","geometry":{"type":"Point","coordinates":[34.906135,0.487286]},"properties":{"id":"523254942","n":"Kulusu UD 2","t":"udw","c":"Kakamega"}},{"type":"Feature","geometry":{"type":"Point","coordinates":[34.877692,0.492307]},"properties":{"id":"523239682","n":"Bondeni A PD 4","t":"pdw","c":"Kakamega"}},{"type":"Feature","geometry":{"type":"Point","coordinates":[34.879332,0.508924]},"properties":{"id":"523289797","n":"Lunyo PD 5","t":"pdw","c":"Kakamega"}},{"type":"Feature","geometry":{"type":"Point","coordinates":[34.862938,0.580778]},"properties":{"id":"523205852","n":"Manda A PD4","t":"pdw","c":"Kakamega"}},{"type":"Feature","geometry":{"type":"Point","coordinates":[34.832327,0.541985]},"properties":{"id":"523213778","n":"Vateta PD9","t":"pdw","c":"Kakamega"}},{"type":"Feature","geometry":{"type":"Point","coordinates":[34.81335,0.56269]},"properties":{"id":"523316406","n":"Matete A PD6","t":"pdw","c":"Kakamega"}},{"type":"Feature","geometry":{"type":"Point","coordinates":[34.887065,0.475028]},"properties":{"id":"523215969","n":"Luyeshe PD13","t":"pdw","c":"Kakamega"}},{"type":"Feature","geometry":{"type":"Point","coordinates":[34.848063,0.522699]},"properties":{"id":"523280877","n":"Sivanga PD 12","t":"pdw","c":"Kakamega"}},{"type":"Feature","geometry":{"type":"Point","coordinates":[34.842425,0.523792]},"properties":{"id":"523234364","n":"Chevaywa A PD 23","t":"pdw","c":"Kakamega"}},{"type":"Feature","geometry":{"type":"Point","coordinates":[34.906434,0.489602]},"properties":{"id":"523260639","n":"Kulusu PD 3","t":"pdw","c":"Kakamega"}},{"type":"Feature","geometry":{"type":"Point","coordinates":[34.814993,0.56333]},"properties":{"id":"523292199","n":"Matete A PD17","t":"pdw","c":"Kakamega"}},{"type":"Feature","geometry":{"type":"Point","coordinates":[34.82278,0.566675]},"properties":{"id":"523347240","n":"Luyeshe UD1","t":"udw","c":"Kakamega"}},{"type":"Feature","geometry":{"type":"Point","coordinates":[34.855025,0.519828]},"properties":{"id":"523303554","n":"Shivanga PS 9","t":"ps","c":"Kakamega"}},{"type":"Feature","geometry":{"type":"Point","coordinates":[34.86554,0.57037]},"properties":{"id":"523326881","n":"Manda B PD9","t":"pdw","c":"Kakamega"}},{"type":"Feature","geometry":{"type":"Point","coordinates":[34.850407,0.5124]},"properties":{"id":"523278658","n":"Cheptuli A PD 8","t":"pdw","c":"Kakamega"}},{"type":"Feature","geometry":{"type":"Point","coordinates":[34.841375,0.525513]},"properties":{"id":"523212083","n":"Mukhuyu PD 22","t":"pdw","c":"Kakamega"}},{"type":"Feature","geometry":{"type":"Point","coordinates":[34.829638,0.562008]},"properties":{"id":"523249311","n":"Hamutua B PD10","t":"pdw","c":"Kakamega"}},{"type":"Feature","geometry":{"type":"Point","coordinates":[34.827123,0.561728]},"properties":{"id":"523203379","n":"Hamutua A PWS1","t":"pdw","c":"Kakamega"}},{"type":"Feature","geometry":{"type":"Point","coordinates":[34.854297,0.57733]},"properties":{"id":"523252579","n":"Shinoko PD3","t":"pdw","c":"Kakamega"}},{"type":"Feature","geometry":{"type":"Point","coordinates":[34.856464,0.512229]},"properties":{"id":"523322681","n":"Shilongo PD 11","t":"pdw","c":"Kakamega"}},{"type":"Feature","geometry":{"type":"Point","coordinates":[34.841535,0.56689]},"properties":{"id":"385569381","n":"St. Joseph Lunyu Primary School - 22209","t":"bh","c":"Kakamega","d":130.0}},{"type":"Feature","geometry":{"type":"Point","coordinates":[34.884554,0.490847]},"properties":{"id":"523318879","n":"Munenga PD 1","t":"pdw","c":"Kakamega"}},{"type":"Feature","geometry":{"type":"Point","coordinates":[34.86453,0.581705]},"properties":{"id":"523260804","n":"Manda A PD7","t":"pdw","c":"Kakamega"}},{"type":"Feature","geometry":{"type":"Point","coordinates":[34.861943,0.576692]},"properties":{"id":"523212021","n":"Manda A US1","t":"us","c":"Kakamega"}},{"type":"Feature","geometry":{"type":"Point","coordinates":[34.85255,0.525326]},"properties":{"id":"523332262","n":"Shivanga PD 16","t":"pdw","c":"Kakamega"}},{"type":"Feature","geometry":{"type":"Point","coordinates":[34.81677,0.562257]},"properties":{"id":"523228945","n":"Matete A PD32","t":"pdw","c":"Kakamega"}},{"type":"Feature","geometry":{"type":"Point","coordinates":[34.813237,0.563535]},"properties":{"id":"523280774","n":"Matete A PD9","t":"pdw","c":"Kakamega"}},{"type":"Feature","geometry":{"type":"Point","coordinates":[34.886234,0.505171]},"properties":{"id":"523197012","n":"Makhukhuni B PD 11","t":"pdw","c":"Kakamega"}},{"type":"Feature","geometry":{"type":"Point","coordinates":[34.856605,0.575642]},"properties":{"id":"523206217","n":"Shinoko PD9","t":"pdw","c":"Kakamega"}},{"type":"Feature","geometry":{"type":"Point","coordinates":[34.827803,0.561648]},"properties":{"id":"523315522","n":"Hamutua A PD1","t":"pdw","c":"Kakamega"}},{"type":"Feature","geometry":{"type":"Point","coordinates":[34.844247,0.547423]},"properties":{"id":"523277011","n":"Shikulu US1","t":"us","c":"Kakamega"}},{"type":"Feature","geometry":{"type":"Point","coordinates":[34.835161,0.533263]},"properties":{"id":"523331209","n":"Bateta PD 4","t":"pdw","c":"Kakamega"}},{"type":"Feature","geometry":{"type":"Point","coordinates":[34.841322,0.567562]},"properties":{"id":"523301899","n":"Lurale UD1","t":"udw","c":"Kakamega"}},{"type":"Feature","geometry":{"type":"Point","coordinates":[34.860525,0.577187]},"properties":{"id":"523306131","n":"Manda A PD15","t":"pdw","c":"Kakamega"}},{"type":"Feature","geometry":{"type":"Point","coordinates":[34.864817,0.575678]},"properties":{"id":"523273660","n":"Manda B UD5","t":"udw","c":"Kakamega"}},{"type":"Feature","geometry":{"type":"Point","coordinates":[34.860103,0.572153]},"properties":{"id":"523304373","n":"Shinoko PD14","t":"pdw","c":"Kakamega"}},{"type":"Feature","geometry":{"type":"Point","coordinates":[34.838923,0.561625]},"properties":{"id":"523309495","n":"Severe UD5","t":"udw","c":"Kakamega"}},{"type":"Feature","geometry":{"type":"Point","coordinates":[34.838313,0.545088]},"properties":{"id":"523235592","n":"Tombo PD9","t":"pdw","c":"Kakamega"}},{"type":"Feature","geometry":{"type":"Point","coordinates":[34.82039,0.555992]},"properties":{"id":"523257086","n":"Matete A PD53","t":"pdw","c":"Kakamega"}},{"type":"Feature","geometry":{"type":"Point","coordinates":[34.89653,0.493907]},"properties":{"id":"523321453","n":"Mutoto PD 13","t":"pdw","c":"Kakamega"}},{"type":"Feature","geometry":{"type":"Point","coordinates":[34.874293,0.581462]},"properties":{"id":"523247591","n":"Bondeni PS1","t":"ps","c":"Kakamega"}},{"type":"Feature","geometry":{"type":"Point","coordinates":[34.894233,0.481855]},"properties":{"id":"523226273","n":"Luanda US 1","t":"us","c":"Kakamega"}},{"type":"Feature","geometry":{"type":"Point","coordinates":[34.879323,0.593595]},"properties":{"id":"523239156","n":"Silungai B UD6","t":"udw","c":"Kakamega"}},{"type":"Feature","geometry":{"type":"Point","coordinates":[34.883069,0.502008]},"properties":{"id":"523229654","n":"Makhukhuni PD 5","t":"pdw","c":"Kakamega"}},{"type":"Feature","geometry":{"type":"Point","coordinates":[34.847412,0.559685]},"properties":{"id":"523224611","n":"Shilongo PD10","t":"pdw","c":"Kakamega"}},{"type":"Feature","geometry":{"type":"Point","coordinates":[34.817122,0.562273]},"properties":{"id":"523218388","n":"Matete A PD33","t":"pdw","c":"Kakamega"}},{"type":"Feature","geometry":{"type":"Point","coordinates":[34.889108,0.492615]},"properties":{"id":"523229049","n":"Fuvuye B US 18","t":"us","c":"Kakamega"}},{"type":"Feature","geometry":{"type":"Point","coordinates":[34.831465,0.54348]},"properties":{"id":"523206499","n":"Vateta PD5","t":"pdw","c":"Kakamega"}},{"type":"Feature","geometry":{"type":"Point","coordinates":[34.901757,0.49103]},"properties":{"id":"523213390","n":"Teresia PD 2","t":"pdw","c":"Kakamega"}},{"type":"Feature","geometry":{"type":"Point","coordinates":[34.84025,0.528197]},"properties":{"id":"523309323","n":"Mukhuyu UD 12","t":"udw","c":"Kakamega"}},{"type":"Feature","geometry":{"type":"Point","coordinates":[34.845638,0.548342]},"properties":{"id":"523255912","n":"Shikulu US2","t":"us","c":"Kakamega"}},{"type":"Feature","geometry":{"type":"Point","coordinates":[34.86395,0.57904]},"properties":{"id":"523222121","n":"Manda A UD7","t":"udw","c":"Kakamega"}},{"type":"Feature","geometry":{"type":"Point","coordinates":[34.808915,0.557873]},"properties":{"id":"523314277","n":"Matete B PD18","t":"pdw","c":"Kakamega"}},{"type":"Feature","geometry":{"type":"Point","coordinates":[34.833418,0.545013]},"properties":{"id":"523221704","n":"Tombo PD5","t":"pdw","c":"Kakamega"}},{"type":"Feature","geometry":{"type":"Point","coordinates":[34.856753,0.563292]},"properties":{"id":"523219932","n":"Lwandeti friends PD2","t":"pdw","c":"Kakamega"}},{"type":"Feature","geometry":{"type":"Point","coordinates":[34.841652,0.525711]},"properties":{"id":"523330088","n":"Mukhuyu PD 18","t":"pdw","c":"Kakamega"}},{"type":"Feature","geometry":{"type":"Point","coordinates":[34.878088,0.587183]},"properties":{"id":"523301703","n":"Silungai A PD1","t":"pdw","c":"Kakamega"}},{"type":"Feature","geometry":{"type":"Point","coordinates":[34.861632,0.577625]},"properties":{"id":"523239857","n":"Manda A PD1","t":"pdw","c":"Kakamega"}},{"type":"Feature","geometry":{"type":"Point","coordinates":[34.835218,0.55761]},"properties":{"id":"523272906","n":"Fusere PD3","t":"pdw","c":"Kakamega"}},{"type":"Feature","geometry":{"type":"Point","coordinates":[34.8177,0.559668]},"properties":{"id":"523262428","n":"Matete A PD42","t":"pdw","c":"Kakamega"}},{"type":"Feature","geometry":{"type":"Point","coordinates":[34.851095,0.532112]},"properties":{"id":"523304586","n":"Busunu B PS 3","t":"ps","c":"Kakamega"}},{"type":"Feature","geometry":{"type":"Point","coordinates":[34.813622,0.56458]},"properties":{"id":"523344010","n":"Matete A PD13","t":"pdw","c":"Kakamega"}},{"type":"Feature","geometry":{"type":"Point","coordinates":[34.819735,0.56619]},"properties":{"id":"523322863","n":"Luyeshe PD12","t":"pdw","c":"Kakamega"}},{"type":"Feature","geometry":{"type":"Point","coordinates":[34.865498,0.571578]},"properties":{"id":"523291507","n":"Manda B PD7","t":"pdw","c":"Kakamega"}},{"type":"Feature","geometry":{"type":"Point","coordinates":[34.884697,0.506214]},"properties":{"id":"523325529","n":"Shilongo PD 8","t":"pdw","c":"Kakamega"}},{"type":"Feature","geometry":{"type":"Point","coordinates":[34.831203,0.5723]},"properties":{"id":"523209753","n":"Lunyu BH1","t":"bh","c":"Kakamega"}},{"type":"Feature","geometry":{"type":"Point","coordinates":[34.87107,0.581047]},"properties":{"id":"523324243","n":"Bondeni PD7","t":"pdw","c":"Kakamega"}},{"type":"Feature","geometry":{"type":"Point","coordinates":[34.824418,0.556078]},"properties":{"id":"523339379","n":"Hamutua B PD2","t":"pdw","c":"Kakamega"}},{"type":"Feature","geometry":{"type":"Point","coordinates":[34.8646,0.578393]},"properties":{"id":"523241605","n":"Manda A PD12","t":"pdw","c":"Kakamega"}},{"type":"Feature","geometry":{"type":"Point","coordinates":[34.879688,0.596982]},"properties":{"id":"523244608","n":"Silungai B UD1","t":"udw","c":"Kakamega"}},{"type":"Feature","geometry":{"type":"Point","coordinates":[34.841455,0.546303]},"properties":{"id":"523275181","n":"Tombo PD15","t":"pdw","c":"Kakamega"}},{"type":"Feature","geometry":{"type":"Point","coordinates":[34.82869,0.541642]},"properties":{"id":"523283485","n":"Vateta PD1","t":"pdw","c":"Kakamega"}},{"type":"Feature","geometry":{"type":"Point","coordinates":[34.833613,0.542033]},"properties":{"id":"523332877","n":"Tombo PD2","t":"pdw","c":"Kakamega"}},{"type":"Feature","geometry":{"type":"Point","coordinates":[34.83448,0.558567]},"properties":{"id":"523244213","n":"Fusere UD1","t":"udw","c":"Kakamega"}},{"type":"Feature","geometry":{"type":"Point","coordinates":[34.824363,0.556778]},"properties":{"id":"523222107","n":"Hamutua B UD3","t":"udw","c":"Kakamega"}},{"type":"Feature","geometry":{"type":"Point","coordinates":[34.825023,0.560377]},"properties":{"id":"523306533","n":"Hamutua A PD10","t":"pdw","c":"Kakamega"}},{"type":"Feature","geometry":{"type":"Point","coordinates":[34.882075,0.596988]},"properties":{"id":"523310235","n":"Silungai B US1","t":"us","c":"Kakamega"}},{"type":"Feature","geometry":{"type":"Point","coordinates":[34.86738,0.574017]},"properties":{"id":"523214384","n":"Manda B UD8","t":"udw","c":"Kakamega"}},{"type":"Feature","geometry":{"type":"Point","coordinates":[34.844985,0.526178]},"properties":{"id":"523339836","n":"Shivanga PD 17","t":"pdw","c":"Kakamega"}},{"type":"Feature","geometry":{"type":"Point","coordinates":[34.88195,0.595333]},"properties":{"id":"523243559","n":"Silungai B PD2","t":"pdw","c":"Kakamega"}},{"type":"Feature","geometry":{"type":"Point","coordinates":[34.907106,0.485638]},"properties":{"id":"523272748","n":"Kulusu PD 2","t":"pdw","c":"Kakamega"}},{"type":"Feature","geometry":{"type":"Point","coordinates":[34.83942,0.56603]},"properties":{"id":"523198996","n":"Severe UD10","t":"udw","c":"Kakamega"}},{"type":"Feature","geometry":{"type":"Point","coordinates":[34.885116,0.475197]},"properties":{"id":"523312244","n":"Luyeshe US2","t":"us","c":"Kakamega"}},{"type":"Feature","geometry":{"type":"Point","coordinates":[34.816555,0.563455]},"properties":{"id":"523233758","n":"Matete A PD29","t":"pdw","c":"Kakamega"}},{"type":"Feature","geometry":{"type":"Point","coordinates":[34.866435,0.583585]},"properties":{"id":"523252397","n":"Bondeni PS2","t":"ps","c":"Kakamega"}},{"type":"Feature","geometry":{"type":"Point","coordinates":[34.882516,0.588212]},"properties":{"id":"459133883","n":"Lukova Community, Reuben Mukalo Spring - 22141","t":"ps","c":"Kakamega"}},{"type":"Feature","geometry":{"type":"Point","coordinates":[34.896007,0.492048]},"properties":{"id":"523322265","n":"Mutoto PD 19","t":"pdw","c":"Kakamega"}},{"type":"Feature","geometry":{"type":"Point","coordinates":[34.8529,0.515576]},"properties":{"id":"523235303","n":"Shivanga PD 3","t":"pdw","c":"Kakamega"}},{"type":"Feature","geometry":{"type":"Point","coordinates":[34.8144,0.553987]},"properties":{"id":"523276096","n":"Matete B PD13","t":"pdw","c":"Kakamega"}},{"type":"Feature","geometry":{"type":"Point","coordinates":[34.862722,0.57178]},"properties":{"id":"523247728","n":"Manda B PD14","t":"pdw","c":"Kakamega"}},{"type":"Feature","geometry":{"type":"Point","coordinates":[34.816325,0.561792]},"properties":{"id":"523192529","n":"Matete A PD23","t":"pdw","c":"Kakamega"}},{"type":"Feature","geometry":{"type":"Point","coordinates":[34.87116,0.58299]},"properties":{"id":"523254636","n":"Bondeni PD6","t":"pdw","c":"Kakamega"}},{"type":"Feature","geometry":{"type":"Point","coordinates":[34.850689,0.509834]},"properties":{"id":"523256717","n":"Cheptuli A PD 13","t":"pdw","c":"Kakamega"}},{"type":"Feature","geometry":{"type":"Point","coordinates":[34.865161,0.509586]},"properties":{"id":"523323060","n":"Kharakha PD 2","t":"pdw","c":"Kakamega"}},{"type":"Feature","geometry":{"type":"Point","coordinates":[34.853027,0.57666]},"properties":{"id":"523335038","n":"Shinoko UD4","t":"udw","c":"Kakamega"}},{"type":"Feature","geometry":{"type":"Point","coordinates":[34.89846,0.500302]},"properties":{"id":"523235853","n":"Mutoto PD 4","t":"pdw","c":"Kakamega"}},{"type":"Feature","geometry":{"type":"Point","coordinates":[34.83167,0.547838]},"properties":{"id":"523254681","n":"Fusere PD2","t":"pdw","c":"Kakamega"}},{"type":"Feature","geometry":{"type":"Point","coordinates":[34.812398,0.561323]},"properties":{"id":"523306320","n":"Matete A PD4","t":"pdw","c":"Kakamega"}},{"type":"Feature","geometry":{"type":"Point","coordinates":[34.875057,0.579678]},"properties":{"id":"523292096","n":"Shikhungula PD10","t":"pdw","c":"Kakamega"}},{"type":"Feature","geometry":{"type":"Point","coordinates":[34.844149,0.511471]},"properties":{"id":"523217820","n":"Chevaywa A PD 7","t":"pdw","c":"Kakamega"}},{"type":"Feature","geometry":{"type":"Point","coordinates":[34.852662,0.574918]},"properties":{"id":"523281854","n":"Shinoko US2","t":"us","c":"Kakamega"}},{"type":"Feature","geometry":{"type":"Point","coordinates":[34.882996,0.503978]},"properties":{"id":"523303358","n":"Makhukhuni B UD 7","t":"udw","c":"Kakamega"}},{"type":"Feature","geometry":{"type":"Point","coordinates":[34.864745,0.57795]},"properties":{"id":"523333445","n":"Manda A PD13","t":"pdw","c":"Kakamega"}},{"type":"Feature","geometry":{"type":"Point","coordinates":[34.906646,0.486856]},"properties":{"id":"523282776","n":"Kulusu UD 1","t":"udw","c":"Kakamega"}},{"type":"Feature","geometry":{"type":"Point","coordinates":[34.880753,0.594945]},"properties":{"id":"523248918","n":"Silungai B PD3","t":"pdw","c":"Kakamega"}},{"type":"Feature","geometry":{"type":"Point","coordinates":[34.85666,0.560023]},"properties":{"id":"523336008","n":"Lwandeti friends PD4","t":"pdw","c":"Kakamega"}},{"type":"Feature","geometry":{"type":"Point","coordinates":[34.886141,0.50805]},"properties":{"id":"523272126","n":"Shilongo UD 5","t":"udw","c":"Kakamega"}},{"type":"Feature","geometry":{"type":"Point","coordinates":[34.855418,0.561762]},"properties":{"id":"523324504","n":"Lwandeti friends PD3","t":"pdw","c":"Kakamega"}},{"type":"Feature","geometry":{"type":"Point","coordinates":[34.881749,0.502421]},"properties":{"id":"523232135","n":"Makhukhuni UD 3","t":"udw","c":"Kakamega"}},{"type":"Feature","geometry":{"type":"Point","coordinates":[34.85224,0.576273]},"properties":{"id":"523194064","n":"Shinoko UD2","t":"udw","c":"Kakamega"}},{"type":"Feature","geometry":{"type":"Point","coordinates":[34.896555,0.49152]},"properties":{"id":"523329138","n":"Mutoto PD 18","t":"pdw","c":"Kakamega"}},{"type":"Feature","geometry":{"type":"Point","coordinates":[34.842496,0.512739]},"properties":{"id":"523218883","n":"Chevaywa A PD 13","t":"pdw","c":"Kakamega"}},{"type":"Feature","geometry":{"type":"Point","coordinates":[34.83771,0.555727]},"properties":{"id":"523254234","n":"Fusere PD7","t":"pdw","c":"Kakamega"}},{"type":"Feature","geometry":{"type":"Point","coordinates":[34.893929,0.495158]},"properties":{"id":"523347800","n":"Mlimani UD 5","t":"udw","c":"Kakamega"}},{"type":"Feature","geometry":{"type":"Point","coordinates":[34.853806,0.508649]},"properties":{"id":"523284840","n":"Chevaywa B UD 20","t":"udw","c":"Kakamega"}},{"type":"Feature","geometry":{"type":"Point","coordinates":[34.892574,0.477844]},"properties":{"id":"523261207","n":"Mukhuyu PS1","t":"ps","c":"Kakamega"}},{"type":"Feature","geometry":{"type":"Point","coordinates":[34.82061,0.569085]},"properties":{"id":"523273378","n":"Luyeshe PD3","t":"pdw","c":"Kakamega"}},{"type":"Feature","geometry":{"type":"Point","coordinates":[34.835823,0.54448]},"properties":{"id":"523331319","n":"Tombo PD6","t":"pdw","c":"Kakamega"}},{"type":"Feature","geometry":{"type":"Point","coordinates":[34.835036,0.54556]},"properties":{"id":"679035459","n":"Friend's School Tombo - 430007","t":"bh","c":"Kakamega","d":65.0}},{"type":"Feature","geometry":{"type":"Point","coordinates":[34.828787,0.566857]},"properties":{"id":"523263663","n":"Hamutua A PD3","t":"pdw","c":"Kakamega"}},{"type":"Feature","geometry":{"type":"Point","coordinates":[34.81282,0.56196]},"properties":{"id":"523283650","n":"Matete A PD5","t":"pdw","c":"Kakamega"}},{"type":"Feature","geometry":{"type":"Point","coordinates":[34.849972,0.562053]},"properties":{"id":"523267904","n":"Shilongo PD5","t":"pdw","c":"Kakamega"}},{"type":"Feature","geometry":{"type":"Point","coordinates":[34.880833,0.586292]},"properties":{"id":"523235248","n":"Silungai A PD9","t":"pdw","c":"Kakamega"}},{"type":"Feature","geometry":{"type":"Point","coordinates":[34.865415,0.571925]},"properties":{"id":"523257529","n":"Manda B PD8","t":"pdw","c":"Kakamega"}},{"type":"Feature","geometry":{"type":"Point","coordinates":[34.859202,0.574297]},"properties":{"id":"523261197","n":"Shinoko UD11","t":"udw","c":"Kakamega"}},{"type":"Feature","geometry":{"type":"Point","coordinates":[34.826038,0.545045]},"properties":{"id":"523199557","n":"Shichebe PD5","t":"pdw","c":"Kakamega"}},{"type":"Feature","geometry":{"type":"Point","coordinates":[34.833414,0.531962]},"properties":{"id":"523239462","n":"Bateta PD 8","t":"pdw","c":"Kakamega"}},{"type":"Feature","geometry":{"type":"Point","coordinates":[34.881402,0.508952]},"properties":{"id":"523344216","n":"Lunyo PD 4","t":"pdw","c":"Kakamega"}},{"type":"Feature","geometry":{"type":"Point","coordinates":[34.823865,0.567323]},"properties":{"id":"523302577","n":"Lunyu UD1","t":"udw","c":"Kakamega"}},{"type":"Feature","geometry":{"type":"Point","coordinates":[34.842624,0.515085]},"properties":{"id":"523275277","n":"Chevaywa A PD 17","t":"pdw","c":"Kakamega"}},{"type":"Feature","geometry":{"type":"Point","coordinates":[34.86833,0.584073]},"properties":{"id":"523302539","n":"Bondeni PD13","t":"pdw","c":"Kakamega"}},{"type":"Feature","geometry":{"type":"Point","coordinates":[34.848116,0.532919]},"properties":{"id":"523283636","n":"Busunu B US 2","t":"us","c":"Kakamega"}},{"type":"Feature","geometry":{"type":"Point","coordinates":[34.853842,0.556043]},"properties":{"id":"523242527","n":"Shikulu PD2","t":"pdw","c":"Kakamega"}},{"type":"Feature","geometry":{"type":"Point","coordinates":[34.869183,0.505835]},"properties":{"id":"523315168","n":"Lurende PD 11","t":"pdw","c":"Kakamega"}},{"type":"Feature","geometry":{"type":"Point","coordinates":[34.849688,0.56056]},"properties":{"id":"523349307","n":"Shilongo PD6","t":"pdw","c":"Kakamega"}},{"type":"Feature","geometry":{"type":"Point","coordinates":[34.85883,0.571692]},"properties":{"id":"523310565","n":"Shinoko PD11","t":"pdw","c":"Kakamega"}},{"type":"Feature","geometry":{"type":"Point","coordinates":[34.89852,0.490048]},"properties":{"id":"523204507","n":"Mutoto PD 22","t":"pdw","c":"Kakamega"}},{"type":"Feature","geometry":{"type":"Point","coordinates":[34.844887,0.560583]},"properties":{"id":"523324384","n":"Shilongo US2","t":"us","c":"Kakamega"}},{"type":"Feature","geometry":{"type":"Point","coordinates":[34.876355,0.501534]},"properties":{"id":"316006682","n":"Namagara Primary School - 21261","t":"bh","c":"Kakamega","d":90.0}},{"type":"Feature","geometry":{"type":"Point","coordinates":[34.822978,0.561428]},"properties":{"id":"523200620","n":"Luyeshe PS1","t":"ps","c":"Kakamega"}},{"type":"Feature","geometry":{"type":"Point","coordinates":[34.818062,0.55507]},"properties":{"id":"523208288","n":"Matete B PD3","t":"pdw","c":"Kakamega"}},{"type":"Feature","geometry":{"type":"Point","coordinates":[34.879466,0.508574]},"properties":{"id":"523306210","n":"Lunyo UD 6","t":"udw","c":"Kakamega"}},{"type":"Feature","geometry":{"type":"Point","coordinates":[34.847977,0.5487]},"properties":{"id":"523288404","n":"Shikulu US3","t":"us","c":"Kakamega"}},{"type":"Feature","geometry":{"type":"Point","coordinates":[34.832267,0.543045]},"properties":{"id":"523262710","n":"Vateta PD10","t":"pdw","c":"Kakamega"}},{"type":"Feature","geometry":{"type":"Point","coordinates":[34.868675,0.580442]},"properties":{"id":"523313812","n":"Bondeni PD9","t":"pdw","c":"Kakamega"}},{"type":"Feature","geometry":{"type":"Point","coordinates":[34.855223,0.576683]},"properties":{"id":"523224549","n":"Shinoko UD6","t":"udw","c":"Kakamega"}},{"type":"Feature","geometry":{"type":"Point","coordinates":[34.861004,0.505995]},"properties":{"id":"523330019","n":"Lurende UD 1","t":"udw","c":"Kakamega"}},{"type":"Feature","geometry":{"type":"Point","coordinates":[34.854767,0.528339]},"properties":{"id":"523302814","n":"Bwanga US 3","t":"us","c":"Kakamega"}},{"type":"Feature","geometry":{"type":"Point","coordinates":[34.87957,0.592902]},"properties":{"id":"523264963","n":"Silungai B PD10","t":"pdw","c":"Kakamega"}},{"type":"Feature","geometry":{"type":"Point","coordinates":[34.878318,0.511938]},"properties":{"id":"523273323","n":"Muriola B PD 2","t":"pdw","c":"Kakamega"}},{"type":"Feature","geometry":{"type":"Point","coordinates":[34.813585,0.556978]},"properties":{"id":"523309701","n":"Matete A PD47","t":"pdw","c":"Kakamega"}},{"type":"Feature","geometry":{"type":"Point","coordinates":[34.813542,0.56411]},"properties":{"id":"523248293","n":"Matete A PD12","t":"pdw","c":"Kakamega"}},{"type":"Feature","geometry":{"type":"Point","coordinates":[34.852555,0.548032]},"properties":{"id":"523311645","n":"Shikulu PS1","t":"ps","c":"Kakamega"}},{"type":"Feature","geometry":{"type":"Point","coordinates":[34.836687,0.555163]},"properties":{"id":"523298425","n":"Fusere PD6","t":"pdw","c":"Kakamega"}},{"type":"Feature","geometry":{"type":"Point","coordinates":[34.83743,0.532857]},"properties":{"id":"523220655","n":"Bateta PD 1","t":"pdw","c":"Kakamega"}},{"type":"Feature","geometry":{"type":"Point","coordinates":[34.895227,0.489346]},"properties":{"id":"523258290","n":"Mutoto PS 2","t":"ps","c":"Kakamega"}},{"type":"Feature","geometry":{"type":"Point","coordinates":[34.851497,0.567577]},"properties":{"id":"523329035","n":"Makhukhuni PD4","t":"pdw","c":"Kakamega"}},{"type":"Feature","geometry":{"type":"Point","coordinates":[34.886399,0.489399]},"properties":{"id":"523316671","n":"Fuvuye B PD 4","t":"pdw","c":"Kakamega"}},{"type":"Feature","geometry":{"type":"Point","coordinates":[34.814383,0.561555]},"properties":{"id":"523350264","n":"Matete A PD20","t":"pdw","c":"Kakamega"}},{"type":"Feature","geometry":{"type":"Point","coordinates":[34.865659,0.505345]},"properties":{"id":"523336936","n":"Kharakha PD 4","t":"pdw","c":"Kakamega"}},{"type":"Feature","geometry":{"type":"Point","coordinates":[34.867516,0.519737]},"properties":{"id":"523246136","n":"Kafusi PS 3","t":"ps","c":"Kakamega"}},{"type":"Feature","geometry":{"type":"Point","coordinates":[34.87104,0.574962]},"properties":{"id":"523213675","n":"Mukhungula PD1","t":"pdw","c":"Kakamega"}},{"type":"Feature","geometry":{"type":"Point","coordinates":[34.835018,0.571958]},"properties":{"id":"523220624","n":"Lunyu PD5","t":"pdw","c":"Kakamega"}},{"type":"Feature","geometry":{"type":"Point","coordinates":[34.882528,0.591375]},"properties":{"id":"523214157","n":"Shiandiche PS1","t":"ps","c":"Kakamega"}},{"type":"Feature","geometry":{"type":"Point","coordinates":[34.884284,0.47584]},"properties":{"id":"523324748","n":"Luyeshe US3","t":"us","c":"Kakamega"}},{"type":"Feature","geometry":{"type":"Point","coordinates":[34.852152,0.50672]},"properties":{"id":"523265696","n":"Chevaywa B PD 23","t":"pdw","c":"Kakamega"}},{"type":"Feature","geometry":{"type":"Point","coordinates":[34.884599,0.505241]},"properties":{"id":"523245764","n":"Makhukhuni B UD 9","t":"udw","c":"Kakamega"}},{"type":"Feature","geometry":{"type":"Point","coordinates":[34.828973,0.543995]},"properties":{"id":"523276687","n":"Vateta PD4","t":"pdw","c":"Kakamega"}},{"type":"Feature","geometry":{"type":"Point","coordinates":[34.889114,0.507058]},"properties":{"id":"523299378","n":"Makhukhuni B UD 13","t":"udw","c":"Kakamega"}},{"type":"Feature","geometry":{"type":"Point","coordinates":[34.843438,0.521235]},"properties":{"id":"523257378","n":"Chevaywa A PD 21","t":"pdw","c":"Kakamega"}},{"type":"Feature","geometry":{"type":"Point","coordinates":[34.854795,0.570838]},"properties":{"id":"523333603","n":"Shinoko PD1","t":"pdw","c":"Kakamega"}},{"type":"Feature","geometry":{"type":"Point","coordinates":[34.887312,0.49042]},"properties":{"id":"523211099","n":"Fuvuye B PD 1","t":"pdw","c":"Kakamega"}},{"type":"Feature","geometry":{"type":"Point","coordinates":[34.883882,0.493971]},"properties":{"id":"523220435","n":"Fuvuye B PD 17","t":"pdw","c":"Kakamega"}},{"type":"Feature","geometry":{"type":"Point","coordinates":[34.859456,0.51113]},"properties":{"id":"523208271","n":"Shilongo PD 7","t":"pdw","c":"Kakamega"}},{"type":"Feature","geometry":{"type":"Point","coordinates":[34.883293,0.504107]},"properties":{"id":"523258678","n":"Makhukhuni B PD 8","t":"pdw","c":"Kakamega"}},{"type":"Feature","geometry":{"type":"Point","coordinates":[34.865433,0.575698]},"properties":{"id":"523264042","n":"Manda B UD6","t":"udw","c":"Kakamega"}},{"type":"Feature","geometry":{"type":"Point","coordinates":[34.905218,0.488162]},"properties":{"id":"523332523","n":"Kulusu UD 3","t":"udw","c":"Kakamega"}},{"type":"Feature","geometry":{"type":"Point","coordinates":[34.876905,0.595422]},"properties":{"id":"523258465","n":"Silungai B UD4","t":"udw","c":"Kakamega"}},{"type":"Feature","geometry":{"type":"Point","coordinates":[34.9003,0.494338]},"properties":{"id":"523238928","n":"Mutoto PD 11","t":"pdw","c":"Kakamega"}},{"type":"Feature","geometry":{"type":"Point","coordinates":[34.870487,0.579128]},"properties":{"id":"523223524","n":"Bondeni PD16","t":"pdw","c":"Kakamega"}},{"type":"Feature","geometry":{"type":"Point","coordinates":[34.818058,0.567047]},"properties":{"id":"523218223","n":"Luyeshe PD6","t":"pdw","c":"Kakamega"}},{"type":"Feature","geometry":{"type":"Point","coordinates":[34.84972,0.507555]},"properties":{"id":"523305635","n":"Cheptuli A PD 14","t":"pdw","c":"Kakamega"}},{"type":"Feature","geometry":{"type":"Point","coordinates":[34.880464,0.495589]},"properties":{"id":"523316482","n":"Bondeni B PD 4","t":"pdw","c":"Kakamega"}},{"type":"Feature","geometry":{"type":"Point","coordinates":[34.877546,0.507654]},"properties":{"id":"523246868","n":"Lunyo UD 11","t":"udw","c":"Kakamega"}},{"type":"Feature","geometry":{"type":"Point","coordinates":[34.859107,0.571733]},"properties":{"id":"523340528","n":"Shinoko PD12","t":"pdw","c":"Kakamega"}},{"type":"Feature","geometry":{"type":"Point","coordinates":[34.816745,0.558233]},"properties":{"id":"523230274","n":"Matete A PD44","t":"pdw","c":"Kakamega"}},{"type":"Feature","geometry":{"type":"Point","coordinates":[34.83491,0.545565]},"properties":{"id":"523342441","n":"Tombo BH1","t":"bh","c":"Kakamega"}},{"type":"Feature","geometry":{"type":"Point","coordinates":[34.879034,0.507962]},"properties":{"id":"523209124","n":"Lunyo PD 7","t":"pdw","c":"Kakamega"}},{"type":"Feature","geometry":{"type":"Point","coordinates":[34.87254,0.578968]},"properties":{"id":"523347082","n":"Bondeni UD2","t":"udw","c":"Kakamega"}},{"type":"Feature","geometry":{"type":"Point","coordinates":[34.874292,0.579533]},"properties":{"id":"523351258","n":"Mukhungula PD8","t":"pdw","c":"Kakamega"}},{"type":"Feature","geometry":{"type":"Point","coordinates":[34.850324,0.520653]},"properties":{"id":"523205766","n":"Shivanga PD 10","t":"pdw","c":"Kakamega"}},{"type":"Feature","geometry":{"type":"Point","coordinates":[34.84608,0.545677]},"properties":{"id":"523350233","n":"Shikulu PS1","t":"ps","c":"Kakamega"}},{"type":"Feature","geometry":{"type":"Point","coordinates":[34.831607,0.566295]},"properties":{"id":"523259284","n":"Hamutua A PS1","t":"ps","c":"Kakamega"}},{"type":"Feature","geometry":{"type":"Point","coordinates":[34.883905,0.590208]},"properties":{"id":"523318130","n":"Lukovav UD8","t":"udw","c":"Kakamega"}},{"type":"Feature","geometry":{"type":"Point","coordinates":[34.887554,0.510208]},"properties":{"id":"523333476","n":"Shilongo US 3","t":"us","c":"Kakamega"}},{"type":"Feature","geometry":{"type":"Point","coordinates":[34.861861,0.511753]},"properties":{"id":"523193647","n":"Shilongo UD 6","t":"udw","c":"Kakamega"}},{"type":"Feature","geometry":{"type":"Point","coordinates":[34.88431,0.490526]},"properties":{"id":"523300496","n":"Fuvuye B PD 11","t":"pdw","c":"Kakamega"}},{"type":"Feature","geometry":{"type":"Point","coordinates":[34.872268,0.578165]},"properties":{"id":"523231196","n":"Mukhungula UD7","t":"udw","c":"Kakamega"}},{"type":"Feature","geometry":{"type":"Point","coordinates":[34.813765,0.557478]},"properties":{"id":"523310950","n":"Matete A UD6","t":"udw","c":"Kakamega"}},{"type":"Feature","geometry":{"type":"Point","coordinates":[34.855741,0.50601]},"properties":{"id":"523208628","n":"Cheptuli B PD 4","t":"pdw","c":"Kakamega"}},{"type":"Feature","geometry":{"type":"Point","coordinates":[34.888273,0.487852]},"properties":{"id":"523222774","n":"Fuvuye A PD 1","t":"pdw","c":"Kakamega"}},{"type":"Feature","geometry":{"type":"Point","coordinates":[34.845298,0.557833]},"properties":{"id":"523313245","n":"Shilongo US4","t":"us","c":"Kakamega"}},{"type":"Feature","geometry":{"type":"Point","coordinates":[34.875857,0.586067]},"properties":{"id":"523294445","n":"Silungai A US1","t":"udw","c":"Kakamega"}},{"type":"Feature","geometry":{"type":"Point","coordinates":[34.823005,0.554837]},"properties":{"id":"523263254","n":"Hamutua PD1","t":"pdw","c":"Kakamega"}},{"type":"Feature","geometry":{"type":"Point","coordinates":[34.898308,0.49328]},"properties":{"id":"523226125","n":"Mutoto PD 12","t":"pdw","c":"Kakamega"}},{"type":"Feature","geometry":{"type":"Point","coordinates":[34.82907,0.566768]},"properties":{"id":"523222303","n":"Hamutua A US1","t":"us","c":"Kakamega"}},{"type":"Feature","geometry":{"type":"Point","coordinates":[34.812813,0.564132]},"properties":{"id":"523271802","n":"Matete A PD11","t":"pdw","c":"Kakamega"}},{"type":"Feature","geometry":{"type":"Point","coordinates":[34.862781,0.508007]},"properties":{"id":"523236830","n":"Lurende PD 6","t":"pdw","c":"Kakamega"}},{"type":"Feature","geometry":{"type":"Point","coordinates":[34.89905,0.486508]},"properties":{"id":"523285793","n":"Teresia PD 5","t":"pdw","c":"Kakamega"}},{"type":"Feature","geometry":{"type":"Point","coordinates":[34.897181,0.496282]},"properties":{"id":"523317232","n":"Mutoto PD 8","t":"pdw","c":"Kakamega"}},{"type":"Feature","geometry":{"type":"Point","coordinates":[34.883595,0.500969]},"properties":{"id":"523268352","n":"Makhukhuni PD 6","t":"pdw","c":"Kakamega"}},{"type":"Feature","geometry":{"type":"Point","coordinates":[34.866482,0.526811]},"properties":{"id":"523324391","n":"Kafusi US 1","t":"us","c":"Kakamega"}},{"type":"Feature","geometry":{"type":"Point","coordinates":[34.843553,0.525722]},"properties":{"id":"523239455","n":"Chevaywa A PD 26","t":"pdw","c":"Kakamega"}},{"type":"Feature","geometry":{"type":"Point","coordinates":[34.876337,0.58742]},"properties":{"id":"523349613","n":"Silungai A US1","t":"us","c":"Kakamega"}},{"type":"Feature","geometry":{"type":"Point","coordinates":[34.839513,0.563073]},"properties":{"id":"523215488","n":"Severe UD7","t":"udw","c":"Kakamega"}},{"type":"Feature","geometry":{"type":"Point","coordinates":[34.873542,0.579243]},"properties":{"id":"523300094","n":"Mukhungula PD7","t":"pdw","c":"Kakamega"}},{"type":"Feature","geometry":{"type":"Point","coordinates":[34.865838,0.574597]},"properties":{"id":"523308205","n":"Manda B UD1","t":"udw","c":"Kakamega"}},{"type":"Feature","geometry":{"type":"Point","coordinates":[34.851243,0.564058]},"properties":{"id":"523336194","n":"Shilongo PD3","t":"pdw","c":"Kakamega"}},{"type":"Feature","geometry":{"type":"Point","coordinates":[34.860218,0.576907]},"properties":{"id":"523281610","n":"Manda A PD16","t":"pdw","c":"Kakamega"}},{"type":"Feature","geometry":{"type":"Point","coordinates":[34.846103,0.5566]},"properties":{"id":"523221838","n":"Shilongo US5","t":"us","c":"Kakamega"}},{"type":"Feature","geometry":{"type":"Point","coordinates":[34.864639,0.516216]},"properties":{"id":"523257299","n":"Lwanda PD 1","t":"pdw","c":"Kakamega"}},{"type":"Feature","geometry":{"type":"Point","coordinates":[34.878889,0.495196]},"properties":{"id":"523253776","n":"Bondeni B PD 5","t":"pdw","c":"Kakamega"}},{"type":"Feature","geometry":{"type":"Point","coordinates":[34.81454,0.563655]},"properties":{"id":"523214212","n":"Matete A PD16","t":"pdw","c":"Kakamega"}},{"type":"Feature","geometry":{"type":"Point","coordinates":[34.852952,0.565633]},"properties":{"id":"523198374","n":"Makhukhuni PD6","t":"pdw","c":"Kakamega"}},{"type":"Feature","geometry":{"type":"Point","coordinates":[34.873978,0.503295]},"properties":{"id":"523240587","n":"Namagara B PS 1","t":"ps","c":"Kakamega"}},{"type":"Feature","geometry":{"type":"Point","coordinates":[34.846545,0.511066]},"properties":{"id":"523311164","n":"Cheptuli A PS 15","t":"ps","c":"Kakamega"}},{"type":"Feature","geometry":{"type":"Point","coordinates":[34.858619,0.521128]},"properties":{"id":"523237295","n":"Kafusi UD 5","t":"udw","c":"Kakamega"}},{"type":"Feature","geometry":{"type":"Point","coordinates":[34.877968,0.594378]},"properties":{"id":"523212337","n":"Silungai B PD8","t":"pdw","c":"Kakamega"}},{"type":"Feature","geometry":{"type":"Point","coordinates":[34.848926,0.515178]},"properties":{"id":"523302649","n":"Chevaywa A PD 2","t":"pdw","c":"Kakamega"}},{"type":"Feature","geometry":{"type":"Point","coordinates":[34.866172,0.573422]},"properties":{"id":"523194727","n":"Manda B UD9","t":"udw","c":"Kakamega"}},{"type":"Feature","geometry":{"type":"Point","coordinates":[34.844987,0.521957]},"properties":{"id":"523209083","n":"Chevaywa A PD 30","t":"pdw","c":"Kakamega"}},{"type":"Feature","geometry":{"type":"Point","coordinates":[34.821727,0.573262]},"properties":{"id":"523298858","n":"Lunyu UD3","t":"udw","c":"Kakamega"}},{"type":"Feature","geometry":{"type":"Point","coordinates":[34.843798,0.567408]},"properties":{"id":"523214889","n":"Lurale PS1","t":"ps","c":"Kakamega"}},{"type":"Feature","geometry":{"type":"Point","coordinates":[34.857603,0.576425]},"properties":{"id":"523340377","n":"Shinoko UD8","t":"udw","c":"Kakamega"}},{"type":"Feature","geometry":{"type":"Point","coordinates":[34.904169,0.49235]},"properties":{"id":"523197036","n":"Kulusu PD 5","t":"pdw","c":"Kakamega"}},{"type":"Feature","geometry":{"type":"Point","coordinates":[34.8996,0.494057]},"properties":{"id":"523223579","n":"Mutoto UD 1","t":"udw","c":"Kakamega"}},{"type":"Feature","geometry":{"type":"Point","coordinates":[34.844406,0.525319]},"properties":{"id":"523321491","n":"Chevaywa A PD 27","t":"pdw","c":"Kakamega"}},{"type":"Feature","geometry":{"type":"Point","coordinates":[34.869388,0.501676]},"properties":{"id":"523252885","n":"Namagara B PD 3","t":"pdw","c":"Kakamega"}},{"type":"Feature","geometry":{"type":"Point","coordinates":[34.841692,0.515032]},"properties":{"id":"523280365","n":"Chevaywa A PD 15","t":"pdw","c":"Kakamega"}},{"type":"Feature","geometry":{"type":"Point","coordinates":[34.831555,0.54212]},"properties":{"id":"523329602","n":"Vateta PD7","t":"pdw","c":"Kakamega"}},{"type":"Feature","geometry":{"type":"Point","coordinates":[34.81562,0.553258]},"properties":{"id":"523294902","n":"Matete B PD12","t":"pdw","c":"Kakamega"}},{"type":"Feature","geometry":{"type":"Point","coordinates":[34.839205,0.544142]},"properties":{"id":"523315467","n":"Tombo PD10","t":"pdw","c":"Kakamega"}},{"type":"Feature","geometry":{"type":"Point","coordinates":[34.890216,0.492701]},"properties":{"id":"523192677","n":"Mlimani US 9","t":"us","c":"Kakamega"}},{"type":"Feature","geometry":{"type":"Point","coordinates":[34.814267,0.56363]},"properties":{"id":"523315773","n":"Matete A PD15","t":"pdw","c":"Kakamega"}},{"type":"Feature","geometry":{"type":"Point","coordinates":[34.835011,0.531481]},"properties":{"id":"523349352","n":"Bateta PD 5","t":"pdw","c":"Kakamega"}},{"type":"Feature","geometry":{"type":"Point","coordinates":[34.836963,0.544152]},"properties":{"id":"523312275","n":"Tombo UD1","t":"udw","c":"Kakamega"}},{"type":"Feature","geometry":{"type":"Point","coordinates":[34.84421,0.514333]},"properties":{"id":"523267557","n":"Chevaywa A PD 5","t":"pdw","c":"Kakamega"}},{"type":"Feature","geometry":{"type":"Point","coordinates":[34.880334,0.497172]},"properties":{"id":"523349060","n":"Bondeni B UD 3","t":"udw","c":"Kakamega"}},{"type":"Feature","geometry":{"type":"Point","coordinates":[34.82128,0.569287]},"properties":{"id":"523218814","n":"Lunyu PD2","t":"pdw","c":"Kakamega"}},{"type":"Feature","geometry":{"type":"Point","coordinates":[34.859818,0.57265]},"properties":{"id":"523305484","n":"Shinoko PD15","t":"pdw","c":"Kakamega"}},{"type":"Feature","geometry":{"type":"Point","coordinates":[34.852025,0.565775]},"properties":{"id":"523286718","n":"Shilongo PD2","t":"pdw","c":"Kakamega"}},{"type":"Feature","geometry":{"type":"Point","coordinates":[34.861064,0.509008]},"properties":{"id":"523290197","n":"Lurende PD 4","t":"pdw","c":"Kakamega"}},{"type":"Feature","geometry":{"type":"Point","coordinates":[34.835882,0.529969]},"properties":{"id":"523295666","n":"Bateta PD 9","t":"pdw","c":"Kakamega"}},{"type":"Feature","geometry":{"type":"Point","coordinates":[34.905555,0.485491]},"properties":{"id":"385569350","n":"St. Teresia Primary School - 22207","t":"bh","c":"Kakamega","d":80.0}},{"type":"Feature","geometry":{"type":"Point","coordinates":[34.866548,0.573538]},"properties":{"id":"523345468","n":"Manda B PD4","t":"pdw","c":"Kakamega"}},{"type":"Feature","geometry":{"type":"Point","coordinates":[34.864372,0.574387]},"properties":{"id":"523259215","n":"Manda B PD2","t":"pdw","c":"Kakamega"}},{"type":"Feature","geometry":{"type":"Point","coordinates":[34.869723,0.516598]},"properties":{"id":"523218807","n":"Muriola A PS 3","t":"ps","c":"Kakamega"}},{"type":"Feature","geometry":{"type":"Point","coordinates":[34.851652,0.575453]},"properties":{"id":"523296179","n":"Shinoko PD2","t":"pdw","c":"Kakamega"}},{"type":"Feature","geometry":{"type":"Point","coordinates":[34.856175,0.513097]},"properties":{"id":"523274465","n":"Shilongo UD 12","t":"udw","c":"Kakamega"}},{"type":"Feature","geometry":{"type":"Point","coordinates":[34.882731,0.490014]},"properties":{"id":"523207421","n":"Fuvuye B PD 9","t":"pdw","c":"Kakamega"}},{"type":"Feature","geometry":{"type":"Point","coordinates":[34.841503,0.526924]},"properties":{"id":"523238557","n":"Mukhuyu PD 20","t":"pdw","c":"Kakamega"}},{"type":"Feature","geometry":{"type":"Point","coordinates":[34.881609,0.494024]},"properties":{"id":"523206011","n":"Bondeni A PD 1","t":"pdw","c":"Kakamega"}},{"type":"Feature","geometry":{"type":"Point","coordinates":[34.826063,0.564348]},"properties":{"id":"523272339","n":"Hamutua A UD4","t":"udw","c":"Kakamega"}},{"type":"Feature","geometry":{"type":"Point","coordinates":[34.816207,0.560898]},"properties":{"id":"523243858","n":"Matete A PD37","t":"pdw","c":"Kakamega"}},{"type":"Feature","geometry":{"type":"Point","coordinates":[34.818092,0.553592]},"properties":{"id":"523221467","n":"Matete B PD5","t":"pdw","c":"Kakamega"}},{"type":"Feature","geometry":{"type":"Point","coordinates":[34.841783,0.526311]},"properties":{"id":"523251877","n":"Mukhuyu UD 19","t":"udw","c":"Kakamega"}},{"type":"Feature","geometry":{"type":"Point","coordinates":[34.868068,0.579895]},"properties":{"id":"523303396","n":"Bondeni PD15","t":"pdw","c":"Kakamega"}},{"type":"Feature","geometry":{"type":"Point","coordinates":[34.869777,0.579972]},"properties":{"id":"523260127","n":"Bondeni UD8","t":"udw","c":"Kakamega"}},{"type":"Feature","geometry":{"type":"Point","coordinates":[34.866966,0.504753]},"properties":{"id":"523205890","n":"Lurende PD 8","t":"pdw","c":"Kakamega"}},{"type":"Feature","geometry":{"type":"Point","coordinates":[34.818112,0.561203]},"properties":{"id":"523270306","n":"Matete A PD35","t":"pdw","c":"Kakamega"}},{"type":"Feature","geometry":{"type":"Point","coordinates":[34.884882,0.494161]},"properties":{"id":"523312158","n":"Fuvuye B UD 15","t":"udw","c":"Kakamega"}},{"type":"Feature","geometry":{"type":"Point","coordinates":[34.886353,0.477121]},"properties":{"id":"523242259","n":"Luyeshe PD15","t":"pdw","c":"Kakamega"}},{"type":"Feature","geometry":{"type":"Point","coordinates":[34.829127,0.56381]},"properties":{"id":"523195395","n":"Hamutua A UD1","t":"pdw","c":"Kakamega"}},{"type":"Feature","geometry":{"type":"Point","coordinates":[34.830628,0.565105]},"properties":{"id":"523246679","n":"Hamutua A PD2","t":"pdw","c":"Kakamega"}},{"type":"Feature","geometry":{"type":"Point","coordinates":[34.815367,0.56139]},"properties":{"id":"523286213","n":"Matete A PD22","t":"pdw","c":"Kakamega"}},{"type":"Feature","geometry":{"type":"Point","coordinates":[34.835697,0.542907]},"properties":{"id":"523332554","n":"Tombo PD1","t":"pdw","c":"Kakamega"}},{"type":"Feature","geometry":{"type":"Point","coordinates":[34.83119,0.542173]},"properties":{"id":"523211068","n":"Vateta PD8","t":"pdw","c":"Kakamega"}},{"type":"Feature","geometry":{"type":"Point","coordinates":[34.881275,0.496457]},"properties":{"id":"523259026","n":"Bondeni B PD 2","t":"pdw","c":"Kakamega"}},{"type":"Feature","geometry":{"type":"Point","coordinates":[34.842998,0.513739]},"properties":{"id":"523257969","n":"Chevaywa A PD 12","t":"pdw","c":"Kakamega"}},{"type":"Feature","geometry":{"type":"Point","coordinates":[34.877971,0.494185]},"properties":{"id":"523336156","n":"Bondeni A PD 6","t":"pdw","c":"Kakamega"}},{"type":"Feature","geometry":{"type":"Point","coordinates":[34.8169,0.552578]},"properties":{"id":"523295518","n":"Matete B PS8","t":"pdw","c":"Kakamega"}},{"type":"Feature","geometry":{"type":"Point","coordinates":[34.81615,0.554828]},"properties":{"id":"523319980","n":"Matete B PD10","t":"pdw","c":"Kakamega"}},{"type":"Feature","geometry":{"type":"Point","coordinates":[34.866148,0.573768]},"properties":{"id":"523330545","n":"Manda B UD7","t":"udw","c":"Kakamega"}},{"type":"Feature","geometry":{"type":"Point","coordinates":[34.847467,0.518075]},"properties":{"id":"523254650","n":"Chevaywa A PS 35","t":"ps","c":"Kakamega"}},{"type":"Feature","geometry":{"type":"Point","coordinates":[34.823675,0.565272]},"properties":{"id":"523249634","n":"Lunyu US1","t":"us","c":"Kakamega"}},{"type":"Feature","geometry":{"type":"Point","coordinates":[34.828005,0.55884]},"properties":{"id":"523213785","n":"HamutuaB PD5","t":"pdw","c":"Kakamega"}},{"type":"Feature","geometry":{"type":"Point","coordinates":[34.88668,0.506973]},"properties":{"id":"523207218","n":"Shilongo UD 6","t":"udw","c":"Kakamega"}},{"type":"Feature","geometry":{"type":"Point","coordinates":[34.841417,0.567307]},"properties":{"id":"523351241","n":"Lurale UD2","t":"udw","c":"Kakamega"}},{"type":"Feature","geometry":{"type":"Point","coordinates":[34.817982,0.560135]},"properties":{"id":"523342953","n":"Matete A PD41","t":"pdw","c":"Kakamega"}},{"type":"Feature","geometry":{"type":"Point","coordinates":[34.82931,0.54622]},"properties":{"id":"523285377","n":"Shichebe PD1","t":"pdw","c":"Kakamega"}},{"type":"Feature","geometry":{"type":"Point","coordinates":[34.815977,0.561938]},"properties":{"id":"523347989","n":"Matete A PD24","t":"pdw","c":"Kakamega"}},{"type":"Feature","geometry":{"type":"Point","coordinates":[34.841975,0.558662]},"properties":{"id":"523279769","n":"Severe PD1","t":"pdw","c":"Kakamega"}},{"type":"Feature","geometry":{"type":"Point","coordinates":[34.847967,0.560897]},"properties":{"id":"523287946","n":"Shilongo UD1","t":"udw","c":"Kakamega"}},{"type":"Feature","geometry":{"type":"Point","coordinates":[34.88373,0.491833]},"properties":{"id":"523260914","n":"Munenga PD 2","t":"pdw","c":"Kakamega"}},{"type":"Feature","geometry":{"type":"Point","coordinates":[34.87883,0.594067]},"properties":{"id":"523235190","n":"Silungai B UD5","t":"udw","c":"Kakamega"}},{"type":"Feature","geometry":{"type":"Point","coordinates":[34.817937,0.55162]},"properties":{"id":"523342568","n":"Matete B PD7","t":"pdw","c":"Kakamega"}},{"type":"Feature","geometry":{"type":"Point","coordinates":[34.86913,0.583065]},"properties":{"id":"523315072","n":"Bondeni PD12","t":"pdw","c":"Kakamega"}},{"type":"Feature","geometry":{"type":"Point","coordinates":[34.856136,0.55879]},"properties":{"id":"385569374","n":"Lurale Primary School - 22208","t":"bh","c":"Kakamega","d":90.0}},{"type":"Feature","geometry":{"type":"Point","coordinates":[34.895893,0.485112]},"properties":{"id":"523212265","n":"Chevaywa PD 4","t":"pdw","c":"Kakamega"}},{"type":"Feature","geometry":{"type":"Point","coordinates":[34.818578,0.567472]},"properties":{"id":"523292498","n":"Luyeshe:UD2","t":"udw","c":"Kakamega"}},{"type":"Feature","geometry":{"type":"Point","coordinates":[34.888748,0.487987]},"properties":{"id":"523333012","n":"Sindavi PD 4","t":"pdw","c":"Kakamega"}},{"type":"Feature","geometry":{"type":"Point","coordinates":[34.860604,0.528251]},"properties":{"id":"523210531","n":"Bwanga PS 2","t":"ps","c":"Kakamega"}},{"type":"Feature","geometry":{"type":"Point","coordinates":[34.897542,0.49644]},"properties":{"id":"523220473","n":"Mutoto PD 7","t":"pdw","c":"Kakamega"}},{"type":"Feature","geometry":{"type":"Point","coordinates":[34.893024,0.499429]},"properties":{"id":"523306629","n":"Munanga US 4","t":"us","c":"Kakamega"}},{"type":"Feature","geometry":{"type":"Point","coordinates":[34.827782,0.558063]},"properties":{"id":"523286770","n":"Hamutua B PD6","t":"pdw","c":"Kakamega"}},{"type":"Feature","geometry":{"type":"Point","coordinates":[34.862093,0.582057]},"properties":{"id":"523265988","n":"Manda A PD5","t":"pdw","c":"Kakamega"}},{"type":"Feature","geometry":{"type":"Point","coordinates":[34.893403,0.49301]},"properties":{"id":"523337975","n":"Mutoto BH 1","t":"bh","c":"Kakamega"}},{"type":"Feature","geometry":{"type":"Point","coordinates":[34.824462,0.553497]},"properties":{"id":"523342489","n":"Shichebe PD4","t":"pdw","c":"Kakamega"}},{"type":"Feature","geometry":{"type":"Point","coordinates":[34.845508,0.521543]},"properties":{"id":"523252074","n":"Chevaywa A PD 31","t":"pdw","c":"Kakamega"}},{"type":"Feature","geometry":{"type":"Point","coordinates":[34.870048,0.577152]},"properties":{"id":"523213187","n":"Bondeni PD1","t":"pdw","c":"Kakamega"}},{"type":"Feature","geometry":{"type":"Point","coordinates":[34.818917,0.556195]},"properties":{"id":"523332293","n":"Matete A PD57","t":"pdw","c":"Kakamega"}},{"type":"Feature","geometry":{"type":"Point","coordinates":[34.842065,0.52507]},"properties":{"id":"523327033","n":"Mukhuyu UD 16","t":"udw","c":"Kakamega"}},{"type":"Feature","geometry":{"type":"Point","coordinates":[34.845815,0.523836]},"properties":{"id":"523206042","n":"Chevaywa A PD 29","t":"pdw","c":"Kakamega"}},{"type":"Feature","geometry":{"type":"Point","coordinates":[34.874165,0.580017]},"properties":{"id":"523204356","n":"Bondeni PD4","t":"pdw","c":"Kakamega"}},{"type":"Feature","geometry":{"type":"Point","coordinates":[34.832828,0.570847]},"properties":{"id":"523280406","n":"Lunyu PD4","t":"pdw","c":"Kakamega"}},{"type":"Feature","geometry":{"type":"Point","coordinates":[34.863042,0.583302]},"properties":{"id":"523292869","n":"Manda A PD6","t":"pdw","c":"Kakamega"}},{"type":"Feature","geometry":{"type":"Point","coordinates":[34.860752,0.57752]},"properties":{"id":"523288239","n":"Manda A UD2","t":"udw","c":"Kakamega"}},{"type":"Feature","geometry":{"type":"Point","coordinates":[34.849297,0.569383]},"properties":{"id":"523210586","n":"Makhukhuni PD2","t":"pdw","c":"Kakamega"}},{"type":"Feature","geometry":{"type":"Point","coordinates":[34.880266,0.493078]},"properties":{"id":"523298906","n":"Bondeni A UD 2","t":"udw","c":"Kakamega"}},{"type":"Feature","geometry":{"type":"Point","coordinates":[34.816757,0.56335]},"properties":{"id":"523259301","n":"Matete A PD30","t":"pdw","c":"Kakamega"}},{"type":"Feature","geometry":{"type":"Point","coordinates":[34.816317,0.563168]},"properties":{"id":"523205175","n":"Matete A PD26","t":"pdw","c":"Kakamega"}},{"type":"Feature","geometry":{"type":"Point","coordinates":[34.816103,0.554632]},"properties":{"id":"523214171","n":"Matete B PD9","t":"pdw","c":"Kakamega"}},{"type":"Feature","geometry":{"type":"Point","coordinates":[34.827942,0.564623]},"properties":{"id":"523288301","n":"Hamutua A PD6","t":"pdw","c":"Kakamega"}},{"type":"Feature","geometry":{"type":"Point","coordinates":[34.864813,0.571627]},"properties":{"id":"523325385","n":"Manda B PD11","t":"pdw","c":"Kakamega"}},{"type":"Feature","geometry":{"type":"Point","coordinates":[34.855155,0.57234]},"properties":{"id":"523280293","n":"Shinoko US1","t":"us","c":"Kakamega"}},{"type":"Feature","geometry":{"type":"Point","coordinates":[34.81691,0.558825]},"properties":{"id":"523296162","n":"Matete A PD49","t":"pdw","c":"Kakamega"}},{"type":"Feature","geometry":{"type":"Point","coordinates":[34.824185,0.557108]},"properties":{"id":"523224972","n":"Hamutua PD3","t":"pdw","c":"Kakamega"}},{"type":"Feature","geometry":{"type":"Point","coordinates":[34.868942,0.514147]},"properties":{"id":"523265294","n":"Lwanda PD 4","t":"pdw","c":"Kakamega"}},{"type":"Feature","geometry":{"type":"Point","coordinates":[34.835637,0.549948]},"properties":{"id":"523258685","n":"Fusere PS2","t":"ps","c":"Kakamega"}},{"type":"Feature","geometry":{"type":"Point","coordinates":[34.888895,0.496677]},"properties":{"id":"523276230","n":"Mlimani US 2","t":"us","c":"Kakamega"}},{"type":"Feature","geometry":{"type":"Point","coordinates":[34.896608,0.49293]},"properties":{"id":"523350659","n":"Mutoto PD 17","t":"pdw","c":"Kakamega"}},{"type":"Feature","geometry":{"type":"Point","coordinates":[34.898084,0.501077]},"properties":{"id":"523303327","n":"Mutoto PD 5","t":"pdw","c":"Kakamega"}},{"type":"Feature","geometry":{"type":"Point","coordinates":[34.88194,0.497114]},"properties":{"id":"523296894","n":"Bondeni B PD 1","t":"pdw","c":"Kakamega"}},{"type":"Feature","geometry":{"type":"Point","coordinates":[34.834172,0.56296]},"properties":{"id":"523198893","n":"Hamutua B PS1","t":"us","c":"Kakamega"}},{"type":"Feature","geometry":{"type":"Point","coordinates":[34.841102,0.563218]},"properties":{"id":"523206365","n":"Severe PS1","t":"ps","c":"Kakamega"}},{"type":"Feature","geometry":{"type":"Point","coordinates":[34.85657,0.577017]},"properties":{"id":"523225337","n":"Shinoko PD5","t":"pdw","c":"Kakamega"}},{"type":"Feature","geometry":{"type":"Point","coordinates":[34.81118,0.557635]},"properties":{"id":"523259727","n":"Matete B PD15","t":"pdw","c":"Kakamega"}},{"type":"Feature","geometry":{"type":"Point","coordinates":[34.847745,0.560218]},"properties":{"id":"523288662","n":"Shilongo PD9","t":"pdw","c":"Kakamega"}},{"type":"Feature","geometry":{"type":"Point","coordinates":[34.819098,0.565858]},"properties":{"id":"523321972","n":"Luyeshe PD11","t":"pdw","c":"Kakamega"}},{"type":"Feature","geometry":{"type":"Point","coordinates":[34.819078,0.564317]},"properties":{"id":"523326506","n":"Luyeshe PD10","t":"pdw","c":"Kakamega"}},{"type":"Feature","geometry":{"type":"Point","coordinates":[34.883635,0.507244]},"properties":{"id":"523325880","n":"Shilongo UD 10","t":"udw","c":"Kakamega"}},{"type":"Feature","geometry":{"type":"Point","coordinates":[34.81148,0.558473]},"properties":{"id":"523293509","n":"Matete B PD16","t":"pdw","c":"Kakamega"}},{"type":"Feature","geometry":{"type":"Point","coordinates":[34.829813,0.568175]},"properties":{"id":"523222066","n":"Lunyu UD5","t":"udw","c":"Kakamega"}},{"type":"Feature","geometry":{"type":"Point","coordinates":[34.840438,0.572032]},"properties":{"id":"523230621","n":"Lurale US2","t":"us","c":"Kakamega"}},{"type":"Feature","geometry":{"type":"Point","coordinates":[34.821588,0.571208]},"properties":{"id":"523269731","n":"Lunyu PD3","t":"pdw","c":"Kakamega"}},{"type":"Feature","geometry":{"type":"Point","coordinates":[34.84615,0.568017]},"properties":{"id":"523219925","n":"Lurale PD2","t":"pdw","c":"Kakamega"}},{"type":"Feature","geometry":{"type":"Point","coordinates":[34.858706,0.510368]},"properties":{"id":"523321202","n":"Cheptuli A PD 1","t":"pdw","c":"Kakamega"}},{"type":"Feature","geometry":{"type":"Point","coordinates":[34.863792,0.583533]},"properties":{"id":"523272542","n":"Manda A US2","t":"us","c":"Kakamega"}},{"type":"Feature","geometry":{"type":"Point","coordinates":[34.859115,0.573413]},"properties":{"id":"523306777","n":"Shinoko PD10","t":"pdw","c":"Kakamega"}},{"type":"Feature","geometry":{"type":"Point","coordinates":[34.888217,0.502338]},"properties":{"id":"523219767","n":"Makhukhuni A PS 1","t":"ps","c":"Kakamega"}},{"type":"Feature","geometry":{"type":"Point","coordinates":[34.88323,0.490927]},"properties":{"id":"523246992","n":"Munenga PD 3","t":"pdw","c":"Kakamega"}},{"type":"Feature","geometry":{"type":"Point","coordinates":[34.813493,0.565122]},"properties":{"id":"523315560","n":"Matete A PD14","t":"pdw","c":"Kakamega"}},{"type":"Feature","geometry":{"type":"Point","coordinates":[34.854664,0.515827]},"properties":{"id":"523292883","n":"Shivanga US 4","t":"us","c":"Kakamega"}},{"type":"Feature","geometry":{"type":"Point","coordinates":[34.875577,0.584695]},"properties":{"id":"523226716","n":"Silungai A PD2","t":"pdw","c":"Kakamega"}},{"type":"Feature","geometry":{"type":"Point","coordinates":[34.886277,0.479331]},"properties":{"id":"523251066","n":"Lusheye PD16","t":"pdw","c":"Kakamega"}},{"type":"Feature","geometry":{"type":"Point","coordinates":[34.890122,0.597905]},"properties":{"id":"523249476","n":"Shiandiche US1","t":"us","c":"Kakamega"}},{"type":"Feature","geometry":{"type":"Point","coordinates":[34.842935,0.560555]},"properties":{"id":"523220930","n":"Severe US2","t":"us","c":"Kakamega"}},{"type":"Feature","geometry":{"type":"Point","coordinates":[34.84098,0.561715]},"properties":{"id":"523282501","n":"Severe PD3","t":"pdw","c":"Kakamega"}},{"type":"Feature","geometry":{"type":"Point","coordinates":[34.886123,0.508921]},"properties":{"id":"523224075","n":"Shilongo UD 4","t":"udw","c":"Kakamega"}},{"type":"Feature","geometry":{"type":"Point","coordinates":[34.817493,0.555333]},"properties":{"id":"523334336","n":"Matete B PD1","t":"pdw","c":"Kakamega"}},{"type":"Feature","geometry":{"type":"Point","coordinates":[34.846822,0.564638]},"properties":{"id":"523228718","n":"Severe UD2","t":"udw","c":"Kakamega"}},{"type":"Feature","geometry":{"type":"Point","coordinates":[34.8181,0.557512]},"properties":{"id":"305464734","n":"Matete Primary School - 21262","t":"bh","c":"Kakamega","d":80.0}},{"type":"Feature","geometry":{"type":"Point","coordinates":[34.819922,0.571057]},"properties":{"id":"523269951","n":"Luyeshe PD2","t":"pdw","c":"Kakamega"}},{"type":"Feature","geometry":{"type":"Point","coordinates":[34.832327,0.573457]},"properties":{"id":"523332853","n":"Lunyu PD3","t":"pdw","c":"Kakamega"}},{"type":"Feature","geometry":{"type":"Point","coordinates":[34.885082,0.505554]},"properties":{"id":"523255400","n":"Makhukhuni B UD 10","t":"udw","c":"Kakamega"}},{"type":"Feature","geometry":{"type":"Point","coordinates":[34.881959,0.491105]},"properties":{"id":"523218498","n":"Munenga US 5","t":"us","c":"Kakamega"}},{"type":"Feature","geometry":{"type":"Point","coordinates":[34.87242,0.582717]},"properties":{"id":"523327617","n":"Bondeni UD6","t":"udw","c":"Kakamega"}},{"type":"Feature","geometry":{"type":"Point","coordinates":[34.814797,0.562743]},"properties":{"id":"523210672","n":"Matete A UD1","t":"udw","c":"Kakamega"}},{"type":"Feature","geometry":{"type":"Point","coordinates":[34.814608,0.558742]},"properties":{"id":"523328498","n":"Matete A UD5","t":"udw","c":"Kakamega"}},{"type":"Feature","geometry":{"type":"Point","coordinates":[34.905476,0.493916]},"properties":{"id":"523215062","n":"Mutoto US 1","t":"us","c":"Kakamega"}},{"type":"Feature","geometry":{"type":"Point","coordinates":[34.827152,0.560867]},"properties":{"id":"523271565","n":"Hamutua B UD4","t":"udw","c":"Kakamega"}},{"type":"Feature","geometry":{"type":"Point","coordinates":[34.889814,0.478675]},"properties":{"id":"523320108","n":"Mukhuyu PD1","t":"pdw","c":"Kakamega"}},{"type":"Feature","geometry":{"type":"Point","coordinates":[34.86668,0.5723]},"properties":{"id":"523247302","n":"Manda UD10","t":"udw","c":"Kakamega"}},{"type":"Feature","geometry":{"type":"Point","coordinates":[34.815105,0.560777]},"properties":{"id":"523280303","n":"Matete A PD21","t":"pdw","c":"Kakamega"}},{"type":"Feature","geometry":{"type":"Point","coordinates":[34.901388,0.489507]},"properties":{"id":"523344072","n":"Teresia PD 1","t":"pdw","c":"Kakamega"}},{"type":"Feature","geometry":{"type":"Point","coordinates":[34.84389,0.559947]},"properties":{"id":"523244907","n":"Shilongo US3","t":"us","c":"Kakamega"}},{"type":"Feature","geometry":{"type":"Point","coordinates":[34.841702,0.565078]},"properties":{"id":"523305336","n":"Severe ID8","t":"udw","c":"Kakamega"}},{"type":"Feature","geometry":{"type":"Point","coordinates":[34.817207,0.56707]},"properties":{"id":"523281452","n":"Luyeshe PD7","t":"pdw","c":"Kakamega"}},{"type":"Feature","geometry":{"type":"Point","coordinates":[34.887394,0.509098]},"properties":{"id":"523315704","n":"Shilongo PD 2","t":"pdw","c":"Kakamega"}},{"type":"Feature","geometry":{"type":"Point","coordinates":[34.840287,0.565672]},"properties":{"id":"523338701","n":"Severe PD8","t":"pdw","c":"Kakamega"}},{"type":"Feature","geometry":{"type":"Point","coordinates":[34.888872,0.487012]},"properties":{"id":"523326757","n":"Sindavi PD 3","t":"pdw","c":"Kakamega"}},{"type":"Feature","geometry":{"type":"Point","coordinates":[34.871316,0.510428]},"properties":{"id":"523258623","n":"Muriola B PD 3","t":"pdw","c":"Kakamega"}},{"type":"Feature","geometry":{"type":"Point","coordinates":[34.86032,0.576365]},"properties":{"id":"523329860","n":"Manda A PD17","t":"pdw","c":"Kakamega"}},{"type":"Feature","geometry":{"type":"Point","coordinates":[34.877098,0.505817]},"properties":{"id":"523338299","n":"Lunyo PD 12","t":"pdw","c":"Kakamega"}},{"type":"Feature","geometry":{"type":"Point","coordinates":[34.860735,0.578807]},"properties":{"id":"523247058","n":"Manda A UD3","t":"udw","c":"Kakamega"}},{"type":"Feature","geometry":{"type":"Point","coordinates":[34.827768,0.565348]},"properties":{"id":"523292931","n":"Hamutua A PD4","t":"pdw","c":"Kakamega"}},{"type":"Feature","geometry":{"type":"Point","coordinates":[34.882145,0.589207]},"properties":{"id":"523216678","n":"Lukova US2","t":"us","c":"Kakamega"}},{"type":"Feature","geometry":{"type":"Point","coordinates":[34.820853,0.56587]},"properties":{"id":"523207438","n":"Luyeshe PD13","t":"pdw","c":"Kakamega"}},{"type":"Feature","geometry":{"type":"Point","coordinates":[34.817307,0.560825]},"properties":{"id":"523350556","n":"Matete A PD40","t":"pdw","c":"Kakamega"}},{"type":"Feature","geometry":{"type":"Point","coordinates":[34.852555,0.505866]},"properties":{"id":"523196152","n":"Chevaywa B UD 18","t":"udw","c":"Kakamega"}},{"type":"Feature","geometry":{"type":"Point","coordinates":[34.836011,0.532545]},"properties":{"id":"523269377","n":"Bateta PD 3","t":"pdw","c":"Kakamega"}},{"type":"Feature","geometry":{"type":"Point","coordinates":[34.89739,0.492064]},"properties":{"id":"523347013","n":"Mutoto PD 16","t":"pdw","c":"Kakamega"}},{"type":"Feature","geometry":{"type":"Point","coordinates":[34.84277,0.562392]},"properties":{"id":"523316822","n":"Severe UD3","t":"udw","c":"Kakamega"}},{"type":"Feature","geometry":{"type":"Point","coordinates":[34.884882,0.491464]},"properties":{"id":"523339159","n":"Fuvuye B UD 6","t":"udw","c":"Kakamega"}},{"type":"Feature","geometry":{"type":"Point","coordinates":[34.814895,0.56216]},"properties":{"id":"523283052","n":"Matete A PD18","t":"pdw","c":"Kakamega"}},{"type":"Feature","geometry":{"type":"Point","coordinates":[34.829852,0.55351]},"properties":{"id":"523195199","n":"Shichebe PD3","t":"pdw","c":"Kakamega"}},{"type":"Feature","geometry":{"type":"Point","coordinates":[34.865622,0.576723]},"properties":{"id":"523289034","n":"Manda B PD3","t":"pdw","c":"Kakamega"}},{"type":"Feature","geometry":{"type":"Point","coordinates":[34.813952,0.560105]},"properties":{"id":"523282037","n":"Matete A UD2","t":"udw","c":"Kakamega"}},{"type":"Feature","geometry":{"type":"Point","coordinates":[34.820087,0.555785]},"properties":{"id":"523200651","n":"Matete A PD55","t":"pdw","c":"Kakamega"}},{"type":"Feature","geometry":{"type":"Point","coordinates":[34.85515,0.512814]},"properties":{"id":"523199492","n":"Shilongo PD 15","t":"pdw","c":"Kakamega"}},{"type":"Feature","geometry":{"type":"Point","coordinates":[34.839177,0.548292]},"properties":{"id":"523230353","n":"Fusere PD9","t":"pdw","c":"Kakamega"}},{"type":"Feature","geometry":{"type":"Point","coordinates":[34.891093,0.494537]},"properties":{"id":"523245702","n":"Mlimani PD 8","t":"pdw","c":"Kakamega"}},{"type":"Feature","geometry":{"type":"Point","coordinates":[34.820707,0.568303]},"properties":{"id":"523240013","n":"Luyeshe PD1","t":"pdw","c":"Kakamega"}},{"type":"Feature","geometry":{"type":"Point","coordinates":[34.839138,0.519567]},"properties":{"id":"523279927","n":"Manyonje B PD 15","t":"pdw","c":"Kakamega"}},{"type":"Feature","geometry":{"type":"Point","coordinates":[34.84448,0.569437]},"properties":{"id":"523261379","n":"Lurale US3","t":"us","c":"Kakamega"}},{"type":"Feature","geometry":{"type":"Point","coordinates":[34.866027,0.573232]},"properties":{"id":"523198491","n":"Manda B PD5","t":"pdw","c":"Kakamega"}},{"type":"Feature","geometry":{"type":"Point","coordinates":[34.865112,0.513792]},"properties":{"id":"523278957","n":"Shilongo PD 1","t":"pdw","c":"Kakamega"}},{"type":"Feature","geometry":{"type":"Point","coordinates":[34.840952,0.56561]},"properties":{"id":"523299172","n":"Severe PD5","t":"pdw","c":"Kakamega"}},{"type":"Feature","geometry":{"type":"Point","coordinates":[34.816322,0.561085]},"properties":{"id":"523286086","n":"Matete A US2","t":"us","c":"Kakamega"}},{"type":"Feature","geometry":{"type":"Point","coordinates":[34.816747,0.556762]},"properties":{"id":"523340401","n":"Matete A PD52","t":"pdw","c":"Kakamega"}},{"type":"Feature","geometry":{"type":"Point","coordinates":[34.878275,0.585452]},"properties":{"id":"523243047","n":"Silungai A PD7","t":"pdw","c":"Kakamega"}},{"type":"Feature","geometry":{"type":"Point","coordinates":[34.864425,0.512785]},"properties":{"id":"523254708","n":"Shilongo US 2","t":"us","c":"Kakamega"}},{"type":"Feature","geometry":{"type":"Point","coordinates":[34.864093,0.579958]},"properties":{"id":"523246370","n":"Manda A PS11","t":"pdw","c":"Kakamega"}},{"type":"Feature","geometry":{"type":"Point","coordinates":[34.861974,0.516357]},"properties":{"id":"523255606","n":"Shilongo PS 4","t":"ps","c":"Kakamega"}},{"type":"Feature","geometry":{"type":"Point","coordinates":[34.816175,0.563407]},"properties":{"id":"523345657","n":"Matete A PD27","t":"pdw","c":"Kakamega"}},{"type":"Feature","geometry":{"type":"Point","coordinates":[34.819153,0.555433]},"properties":{"id":"523210995","n":"Matete A PD56","t":"pdw","c":"Kakamega"}},{"type":"Feature","geometry":{"type":"Point","coordinates":[34.85736,0.576447]},"properties":{"id":"523315694","n":"Shinoko PD6","t":"pdw","c":"Kakamega"}},{"type":"Feature","geometry":{"type":"Point","coordinates":[34.898103,0.499508]},"properties":{"id":"334787541","n":"Mutoto Primary School - 21263","t":"bh","c":"Kakamega","d":90.0}},{"type":"Feature","geometry":{"type":"Point","coordinates":[34.89857,0.499567]},"properties":{"id":"523238753","n":"Mutoto PD 2","t":"pdw","c":"Kakamega"}},{"type":"Feature","geometry":{"type":"Point","coordinates":[34.863748,0.571867]},"properties":{"id":"523237659","n":"Manda B PD12","t":"pdw","c":"Kakamega"}},{"type":"Feature","geometry":{"type":"Point","coordinates":[34.87974,0.593407]},"properties":{"id":"523228660","n":"Silungai B PD9","t":"pdw","c":"Kakamega"}},{"type":"Feature","geometry":{"type":"Point","coordinates":[34.852542,0.51242]},"properties":{"id":"523290290","n":"Cheptuli A UD 6","t":"udw","c":"Kakamega"}},{"type":"Feature","geometry":{"type":"Point","coordinates":[34.827329,0.545014]},"properties":{"id":"316006785","n":"Shichebe Community, Shichebe Spring - 21050","t":"ps","c":"Kakamega"}},{"type":"Feature","geometry":{"type":"Point","coordinates":[34.83296,0.531945]},"properties":{"id":"523294579","n":"Bateta PD 7","t":"pdw","c":"Kakamega"}},{"type":"Feature","geometry":{"type":"Point","coordinates":[34.830057,0.56459]},"properties":{"id":"523317933","n":"Hamutua A UD2","t":"udw","c":"Kakamega"}},{"type":"Feature","geometry":{"type":"Point","coordinates":[34.85996,0.572052]},"properties":{"id":"523321611","n":"Shinoko PD13","t":"pdw","c":"Kakamega"}},{"type":"Feature","geometry":{"type":"Point","coordinates":[34.865932,0.515745]},"properties":{"id":"523327291","n":"Lwanda PD 2","t":"pdw","c":"Kakamega"}},{"type":"Feature","geometry":{"type":"Point","coordinates":[34.817852,0.554792]},"properties":{"id":"523308126","n":"Matete B PD2","t":"pdw","c":"Kakamega"}},{"type":"Feature","geometry":{"type":"Point","coordinates":[34.827747,0.55775]},"properties":{"id":"523337494","n":"Hamutua B PD7","t":"pdw","c":"Kakamega"}},{"type":"Feature","geometry":{"type":"Point","coordinates":[34.863501,0.505724]},"properties":{"id":"523295800","n":"Lurende PD 7","t":"udw","c":"Kakamega"}},{"type":"Feature","geometry":{"type":"Point","coordinates":[34.88529,0.507025]},"properties":{"id":"523243449","n":"Shilongo PD 7","t":"pdw","c":"Kakamega"}},{"type":"Feature","geometry":{"type":"Point","coordinates":[34.85637,0.572168]},"properties":{"id":"523315948","n":"Shinoko PS1","t":"ps","c":"Kakamega"}},{"type":"Feature","geometry":{"type":"Point","coordinates":[34.861552,0.579607]},"properties":{"id":"523318439","n":"Manda A PD2","t":"pdw","c":"Kakamega"}},{"type":"Feature","geometry":{"type":"Point","coordinates":[34.886982,0.501293]},"properties":{"id":"523331546","n":"Makhukhuni A UD 3","t":"udw","c":"Kakamega"}},{"type":"Feature","geometry":{"type":"Point","coordinates":[34.873343,0.578518]},"properties":{"id":"523314057","n":"Mukhungula UD8","t":"udw","c":"Kakamega"}},{"type":"Feature","geometry":{"type":"Point","coordinates":[34.832767,0.55374]},"properties":{"id":"523340195","n":"Fusere PS1","t":"ps","c":"Kakamega"}},{"type":"Feature","geometry":{"type":"Point","coordinates":[34.841616,0.53663]},"properties":{"id":"523340755","n":"Busunu A PS 2","t":"ps","c":"Kakamega"}},{"type":"Feature","geometry":{"type":"Point","coordinates":[34.877322,0.505421]},"properties":{"id":"523332176","n":"Lunyo PD 13","t":"pdw","c":"Kakamega"}},{"type":"Feature","geometry":{"type":"Point","coordinates":[34.87489,0.579342]},"properties":{"id":"523233875","n":"Pd9","t":"pdw","c":"Kakamega"}},{"type":"Feature","geometry":{"type":"Point","coordinates":[34.840335,0.521814]},"properties":{"id":"523263041","n":"Chevaywa A PS 20","t":"ps","c":"Kakamega"}},{"type":"Feature","geometry":{"type":"Point","coordinates":[34.86362,0.514156]},"properties":{"id":"523321604","n":"Shilongo PD 3","t":"pdw","c":"Kakamega"}},{"type":"Feature","geometry":{"type":"Point","coordinates":[34.815817,0.562173]},"properties":{"id":"523233930","n":"Matete A PD25","t":"pdw","c":"Kakamega"}},{"type":"Feature","geometry":{"type":"Point","coordinates":[34.822728,0.553688]},"properties":{"id":"523331481","n":"Hamutua UD1","t":"udw","c":"Kakamega"}},{"type":"Feature","geometry":{"type":"Point","coordinates":[34.840147,0.544623]},"properties":{"id":"523288222","n":"Tombo PD11","t":"pdw","c":"Kakamega"}},{"type":"Feature","geometry":{"type":"Point","coordinates":[34.843671,0.51241]},"properties":{"id":"523330129","n":"Chevaywa A UD 11","t":"udw","c":"Kakamega"}},{"type":"Feature","geometry":{"type":"Point","coordinates":[34.88082,0.50962]},"properties":{"id":"272019890","n":"Muriola Primary School - 21247","t":"bh","c":"Kakamega","d":90.0}},{"type":"Feature","geometry":{"type":"Point","coordinates":[34.84826,0.555313]},"properties":{"id":"523284400","n":"Shilongo UD1","t":"udw","c":"Kakamega"}},{"type":"Feature","geometry":{"type":"Point","coordinates":[34.836173,0.553927]},"properties":{"id":"523241100","n":"Fusere UD2","t":"udw","c":"Kakamega"}},{"type":"Feature","geometry":{"type":"Point","coordinates":[34.876393,0.593138]},"properties":{"id":"523312842","n":"Silungai B PD5","t":"pdw","c":"Kakamega"}},{"type":"Feature","geometry":{"type":"Point","coordinates":[34.88437,0.508287]},"properties":{"id":"523226895","n":"Shilongo UD 11","t":"udw","c":"Kakamega"}},{"type":"Feature","geometry":{"type":"Point","coordinates":[34.841795,0.56788]},"properties":{"id":"523271369","n":"Lurale UD3","t":"udw","c":"Kakamega"}},{"type":"Feature","geometry":{"type":"Point","coordinates":[34.816028,0.563508]},"properties":{"id":"523323022","n":"Matete A PD28","t":"pdw","c":"Kakamega"}},{"type":"Feature","geometry":{"type":"Point","coordinates":[34.877427,0.593738]},"properties":{"id":"523325512","n":"Silungai B PD7","t":"pdw","c":"Kakamega"}},{"type":"Feature","geometry":{"type":"Point","coordinates":[34.831697,0.54593]},"properties":{"id":"523269944","n":"Fusere PD1","t":"pdw","c":"Kakamega"}},{"type":"Feature","geometry":{"type":"Point","coordinates":[34.840762,0.56571]},"properties":{"id":"523320720","n":"Severe PD6","t":"pdw","c":"Kakamega"}},{"type":"Feature","geometry":{"type":"Point","coordinates":[34.816992,0.562173]},"properties":{"id":"523324102","n":"Matete A PD31","t":"pdw","c":"Kakamega"}},{"type":"Feature","geometry":{"type":"Point","coordinates":[34.870483,0.575053]},"properties":{"id":"523305240","n":"Mukhungula PD1","t":"pdw","c":"Kakamega"}},{"type":"Feature","geometry":{"type":"Point","coordinates":[34.882329,0.502058]},"properties":{"id":"523283557","n":"Makhukhuni PD 4","t":"pdw","c":"Kakamega"}},{"type":"Feature","geometry":{"type":"Point","coordinates":[34.886891,0.482989]},"properties":{"id":"523263429","n":"Sindavi PD 5","t":"pdw","c":"Kakamega"}},{"type":"Feature","geometry":{"type":"Point","coordinates":[34.875758,0.579975]},"properties":{"id":"523253336","n":"Bondeni UD5","t":"udw","c":"Kakamega"}},{"type":"Feature","geometry":{"type":"Point","coordinates":[34.855662,0.577013]},"properties":{"id":"523279635","n":"Shinoko PD4","t":"pdw","c":"Kakamega"}},{"type":"Feature","geometry":{"type":"Point","coordinates":[34.861658,0.579917]},"properties":{"id":"523326740","n":"Manda A PD3","t":"pdw","c":"Kakamega"}},{"type":"Feature","geometry":{"type":"Point","coordinates":[34.84866,0.520811]},"properties":{"id":"523259899","n":"Shivanga PD 11","t":"pdw","c":"Kakamega"}},{"type":"Feature","geometry":{"type":"Point","coordinates":[34.841048,0.543907]},"properties":{"id":"523267629","n":"Tombo PD12","t":"pdw","c":"Kakamega"}},{"type":"Feature","geometry":{"type":"Point","coordinates":[34.870917,0.577772]},"properties":{"id":"523306571","n":"Bondeni PD2","t":"pdw","c":"Kakamega"}},{"type":"Feature","geometry":{"type":"Point","coordinates":[34.889569,0.502462]},"properties":{"id":"523196217","n":"Makhukhuni A UD 2","t":"udw","c":"Kakamega"}},{"type":"Feature","geometry":{"type":"Point","coordinates":[34.866593,0.572022]},"properties":{"id":"523318329","n":"Manda UD11","t":"udw","c":"Kakamega"}},{"type":"Feature","geometry":{"type":"Point","coordinates":[34.904353,0.483903]},"properties":{"id":"523220909","n":"Teresia UD 1","t":"udw","c":"Kakamega"}},{"type":"Feature","geometry":{"type":"Point","coordinates":[34.825828,0.553665]},"properties":{"id":"523343710","n":"Shichebe PS1","t":"ps","c":"Kakamega"}},{"type":"Feature","geometry":{"type":"Point","coordinates":[34.843095,0.525133]},"properties":{"id":"523273763","n":"Chevaywa A UD 25","t":"udw","c":"Kakamega"}},{"type":"Feature","geometry":{"type":"Point","coordinates":[34.843505,0.564947]},"properties":{"id":"523319344","n":"Severe UD1","t":"udw","c":"Kakamega"}},{"type":"Feature","geometry":{"type":"Point","coordinates":[34.879957,0.501749]},"properties":{"id":"523199038","n":"Makhukhuni B PD 1","t":"pdw","c":"Kakamega"}},{"type":"Feature","geometry":{"type":"Point","coordinates":[34.832777,0.560548]},"properties":{"id":"523321745","n":"Hamutua B PD 8","t":"pdw","c":"Kakamega"}},{"type":"Feature","geometry":{"type":"Point","coordinates":[34.897381,0.482075]},"properties":{"id":"523229214","n":"Chevaywa PD 2","t":"pdw","c":"Kakamega"}},{"type":"Feature","geometry":{"type":"Point","coordinates":[34.868452,0.581918]},"properties":{"id":"523234797","n":"Bondeni PD11","t":"pdw","c":"Kakamega"}},{"type":"Feature","geometry":{"type":"Point","coordinates":[34.862012,0.508447]},"properties":{"id":"523245984","n":"Lurende PD 3","t":"pdw","c":"Kakamega"}},{"type":"Feature","geometry":{"type":"Point","coordinates":[34.885135,0.490786]},"properties":{"id":"523302759","n":"Fuvuye B PD 5","t":"pdw","c":"Kakamega"}},{"type":"Feature","geometry":{"type":"Point","coordinates":[34.863563,0.576378]},"properties":{"id":"523267698","n":"Manda A PD14","t":"pdw","c":"Kakamega"}},{"type":"Feature","geometry":{"type":"Point","coordinates":[34.892486,0.494581]},"properties":{"id":"523240886","n":"Mlimani PD 6","t":"pdw","c":"Kakamega"}},{"type":"Feature","geometry":{"type":"Point","coordinates":[34.888868,0.488512]},"properties":{"id":"523318075","n":"Sindavi PD 2","t":"pdw","c":"Kakamega"}},{"type":"Feature","geometry":{"type":"Point","coordinates":[34.853838,0.507974]},"properties":{"id":"523341471","n":"Chevaywa B UD 19","t":"udw","c":"Kakamega"}},{"type":"Feature","geometry":{"type":"Point","coordinates":[34.840182,0.568928]},"properties":{"id":"523284091","n":"Lurale US1","t":"us","c":"Kakamega"}},{"type":"Feature","geometry":{"type":"Point","coordinates":[34.903962,0.487662]},"properties":{"id":"523324690","n":"Teresia PD 4","t":"pdw","c":"Kakamega"}},{"type":"Feature","geometry":{"type":"Point","coordinates":[34.827563,0.55865]},"properties":{"id":"523268606","n":"Hamutua B PD4","t":"pdw","c":"Kakamega"}},{"type":"Feature","geometry":{"type":"Point","coordinates":[34.841028,0.5674]},"properties":{"id":"523322076","n":"Lurale PD1","t":"pdw","c":"Kakamega"}},{"type":"Feature","geometry":{"type":"Point","coordinates":[34.874664,0.518522]},"properties":{"id":"423406526","n":"Muriola Community, Zacharia Chilali Spring - 22080","t":"ps","c":"Kakamega"}},{"type":"Feature","geometry":{"type":"Point","coordinates":[34.891821,0.484792]},"properties":{"id":"523227339","n":"Luanda PD 4","t":"pdw","c":"Kakamega"}},{"type":"Feature","geometry":{"type":"Point","coordinates":[34.832773,0.57517]},"properties":{"id":"523259600","n":"Lunyu US1","t":"us","c":"Kakamega"}},{"type":"Feature","geometry":{"type":"Point","coordinates":[34.817683,0.566217]},"properties":{"id":"523230580","n":"Luyeshe PD8","t":"pdw","c":"Kakamega"}},{"type":"Feature","geometry":{"type":"Point","coordinates":[34.849823,0.562767]},"properties":{"id":"523251743","n":"Shilongo PD4","t":"pdw","c":"Kakamega"}},{"type":"Feature","geometry":{"type":"Point","coordinates":[34.846947,0.524116]},"properties":{"id":"523292010","n":"Shivanga PD 13","t":"pdw","c":"Kakamega"}},{"type":"Feature","geometry":{"type":"Point","coordinates":[34.817433,0.561165]},"properties":{"id":"523279075","n":"Matete A PD36","t":"pdw","c":"Kakamega"}},{"type":"Feature","geometry":{"type":"Point","coordinates":[34.841906,0.524634]},"properties":{"id":"523240848","n":"Mukhuyu UD 17","t":"udw","c":"Kakamega"}},{"type":"Feature","geometry":{"type":"Point","coordinates":[34.834315,0.543273]},"properties":{"id":"523312103","n":"Tombo PD4","t":"pdw","c":"Kakamega"}},{"type":"Feature","geometry":{"type":"Point","coordinates":[34.870923,0.584033]},"properties":{"id":"523278232","n":"Bondeni IS2","t":"us","c":"Kakamega"}},{"type":"Feature","geometry":{"type":"Point","coordinates":[34.871159,0.523485]},"properties":{"id":"523284280","n":"Kafusi PS 2","t":"ps","c":"Kakamega"}},{"type":"Feature","geometry":{"type":"Point","coordinates":[34.865277,0.570198]},"properties":{"id":"523232214","n":"Manda B PD10","t":"pdw","c":"Kakamega"}},{"type":"Feature","geometry":{"type":"Point","coordinates":[34.864357,0.581193]},"properties":{"id":"523219956","n":"Manda A PD9","t":"pdw","c":"Kakamega"}},{"type":"Feature","geometry":{"type":"Point","coordinates":[34.84309,0.526723]},"properties":{"id":"523292326","n":"Mukhuyu PD 15","t":"pdw","c":"Kakamega"}},{"type":"Feature","geometry":{"type":"Point","coordinates":[34.886372,0.493709]},"properties":{"id":"523228244","n":"Fuvuye B PD 14","t":"pdw","c":"Kakamega"}},{"type":"Feature","geometry":{"type":"Point","coordinates":[34.818243,0.55426]},"properties":{"id":"523198941","n":"Matete B PD4","t":"pdw","c":"Kakamega"}},{"type":"Feature","geometry":{"type":"Point","coordinates":[34.884685,0.590797]},"properties":{"id":"523285528","n":"Lukova UD7","t":"udw","c":"Kakamega"}},{"type":"Feature","geometry":{"type":"Point","coordinates":[34.887179,0.492056]},"properties":{"id":"523350082","n":"Fuvuye B PD 12","t":"pdw","c":"Kakamega"}},{"type":"Feature","geometry":{"type":"Point","coordinates":[34.84153,0.561192]},"properties":{"id":"523316152","n":"Severe UD4","t":"udw","c":"Kakamega"}},{"type":"Feature","geometry":{"type":"Point","coordinates":[34.897437,0.492198]},"properties":{"id":"523245018","n":"Mutoto PD 15","t":"pdw","c":"Kakamega"}},{"type":"Feature","geometry":{"type":"Point","coordinates":[34.841482,0.546257]},"properties":{"id":"523313355","n":"Tombo PD14","t":"pdw","c":"Kakamega"}},{"type":"Feature","geometry":{"type":"Point","coordinates":[34.879077,0.492929]},"properties":{"id":"523259394","n":"Bondeni A PD 3","t":"pdw","c":"Kakamega"}},{"type":"Feature","geometry":{"type":"Point","coordinates":[34.847648,0.514634]},"properties":{"id":"523215268","n":"Chevaywa A PD 4","t":"pdw","c":"Kakamega"}},{"type":"Feature","geometry":{"type":"Point","coordinates":[34.825878,0.561795]},"properties":{"id":"523291600","n":"Hamutua A PD9","t":"pdw","c":"Kakamega"}},{"type":"Feature","geometry":{"type":"Point","coordinates":[34.883683,0.508489]},"properties":{"id":"523329004","n":"Shilongo UD 12","t":"udw","c":"Kakamega"}},{"type":"Feature","geometry":{"type":"Point","coordinates":[34.881121,0.592418]},"properties":{"id":"84828910","n":"Silungai B Community, Tali Saya Spring - 20221","t":"ps","c":"Kakamega"}},{"type":"Feature","geometry":{"type":"Point","coordinates":[34.855399,0.513778]},"properties":{"id":"523226345","n":"Shilongo PD 13","t":"pdw","c":"Kakamega"}},{"type":"Feature","geometry":{"type":"Point","coordinates":[34.827392,0.564938]},"properties":{"id":"523195429","n":"Hamutua A PD5","t":"pdw","c":"Kakamega"}},{"type":"Feature","geometry":{"type":"Point","coordinates":[34.884874,0.488795]},"properties":{"id":"523316554","n":"Fuvuye B PD 7","t":"pdw","c":"Kakamega"}},{"type":"Feature","geometry":{"type":"Point","coordinates":[34.866387,0.526496]},"properties":{"id":"459133735","n":"Kafusi Community, Mamboleo Spring - 22113","t":"ps","c":"Kakamega"}},{"type":"Feature","geometry":{"type":"Point","coordinates":[34.867277,0.50495]},"properties":{"id":"523242682","n":"Lurende PD 9","t":"pdw","c":"Kakamega"}},{"type":"Feature","geometry":{"type":"Point","coordinates":[34.845284,0.524719]},"properties":{"id":"523288459","n":"Chevaywa A PD 28","t":"pdw","c":"Kakamega"}},{"type":"Feature","geometry":{"type":"Point","coordinates":[34.894739,0.484465]},"properties":{"id":"523255761","n":"Chevaywa PD 3","t":"pdw","c":"Kakamega"}},{"type":"Feature","geometry":{"type":"Point","coordinates":[34.853302,0.567445]},"properties":{"id":"523267234","n":"Makhukhuni PD5","t":"pdw","c":"Kakamega"}},{"type":"Feature","geometry":{"type":"Point","coordinates":[34.818307,0.567877]},"properties":{"id":"523306492","n":"Luyeshe PD5","t":"pdw","c":"Kakamega"}},{"type":"Feature","geometry":{"type":"Point","coordinates":[34.845566,0.513168]},"properties":{"id":"523328962","n":"Chevaywa A PD 6","t":"pdw","c":"Kakamega"}},{"type":"Feature","geometry":{"type":"Point","coordinates":[34.868237,0.506549]},"properties":{"id":"523216458","n":"Kharakha PD 5","t":"pdw","c":"Kakamega"}},{"type":"Feature","geometry":{"type":"Point","coordinates":[34.849855,0.516358]},"properties":{"id":"523322045","n":"Shivanga PD 2","t":"pdw","c":"Kakamega"}},{"type":"Feature","geometry":{"type":"Point","coordinates":[34.884298,0.487873]},"properties":{"id":"523194710","n":"Fuvuye A PS 4","t":"ps","c":"Kakamega"}},{"type":"Feature","geometry":{"type":"Point","coordinates":[34.847347,0.519134]},"properties":{"id":"523342276","n":"Chevaywa A PD 33","t":"pdw","c":"Kakamega"}},{"type":"Feature","geometry":{"type":"Point","coordinates":[34.852219,0.507993]},"properties":{"id":"523246947","n":"Chevaywa B PD 21","t":"pdw","c":"Kakamega"}},{"type":"Feature","geometry":{"type":"Point","coordinates":[34.85067,0.565963]},"properties":{"id":"523209526","n":"Shilongo PD1","t":"pdw","c":"Kakamega"}},{"type":"Feature","geometry":{"type":"Point","coordinates":[34.874513,0.586135]},"properties":{"id":"523255589","n":"Silungai A US2","t":"us","c":"Kakamega"}},{"type":"Feature","geometry":{"type":"Point","coordinates":[34.88451,0.597618]},"properties":{"id":"523196671","n":"Shiandiche PS2","t":"ps","c":"Kakamega"}},{"type":"Feature","geometry":{"type":"Point","coordinates":[34.816985,0.562977]},"properties":{"id":"523302986","n":"Matete A UD3","t":"udw","c":"Kakamega"}},{"type":"Feature","geometry":{"type":"Point","coordinates":[34.84907,0.548035]},"properties":{"id":"523198790","n":"Shikulu PD1","t":"pdw","c":"Kakamega"}},{"type":"Feature","geometry":{"type":"Point","coordinates":[34.890555,0.479469]},"properties":{"id":"523324171","n":"Mukhuyu PD2","t":"pdw","c":"Kakamega"}},{"type":"Feature","geometry":{"type":"Point","coordinates":[34.845727,0.538643]},"properties":{"id":"523220813","n":"Busunu A PS 4","t":"ps","c":"Kakamega"}},{"type":"Feature","geometry":{"type":"Point","coordinates":[34.895118,0.492168]},"properties":{"id":"523268747","n":"Mutoto PD 20","t":"pdw","c":"Kakamega"}},{"type":"Feature","geometry":{"type":"Point","coordinates":[34.894325,0.483351]},"properties":{"id":"523225193","n":"Luanda PD 5","t":"pdw","c":"Kakamega"}},{"type":"Feature","geometry":{"type":"Point","coordinates":[34.852667,0.576667]},"properties":{"id":"523337140","n":"Shinoko UD3","t":"udw","c":"Kakamega"}},{"type":"Feature","geometry":{"type":"Point","coordinates":[34.863673,0.571402]},"properties":{"id":"523291442","n":"Manda B PD13","t":"pdw","c":"Kakamega"}},{"type":"Feature","geometry":{"type":"Point","coordinates":[34.84696,0.51895]},"properties":{"id":"523325172","n":"Chevaywa A PD 34","t":"pdw","c":"Kakamega"}},{"type":"Feature","geometry":{"type":"Point","coordinates":[34.850725,0.515062]},"properties":{"id":"523220136","n":"Shivanga PD 1","t":"pdw","c":"Kakamega"}},{"type":"Feature","geometry":{"type":"Point","coordinates":[34.855443,0.577088]},"properties":{"id":"523349912","n":"Shinoko UD7","t":"udw","c":"Kakamega"}},{"type":"Feature","geometry":{"type":"Point","coordinates":[34.887231,0.484953]},"properties":{"id":"523326654","n":"Fuvuye A PD 2","t":"pdw","c":"Kakamega"}},{"type":"Feature","geometry":{"type":"Point","coordinates":[34.891132,0.489558]},"properties":{"id":"523226455","n":"Sindavi PD 1","t":"pdw","c":"Kakamega"}},{"type":"Feature","geometry":{"type":"Point","coordinates":[34.814518,0.55739]},"properties":{"id":"523272889","n":"Matete A PD46","t":"pdw","c":"Kakamega"}},{"type":"Feature","geometry":{"type":"Point","coordinates":[34.903165,0.489002]},"properties":{"id":"523247247","n":"Teresia PS 1","t":"ps","c":"Kakamega"}},{"type":"Feature","geometry":{"type":"Point","coordinates":[34.864175,0.576772]},"properties":{"id":"523282422","n":"Manda A UD8","t":"udw","c":"Kakamega"}},{"type":"Feature","geometry":{"type":"Point","coordinates":[34.891357,0.503189]},"properties":{"id":"316006644","n":"Munanga Primary School - 21269","t":"bh","c":"Kakamega","d":90.0}},{"type":"Feature","geometry":{"type":"Point","coordinates":[34.871598,0.57785]},"properties":{"id":"523291837","n":"Bondeni PD3","t":"pdw","c":"Kakamega"}},{"type":"Feature","geometry":{"type":"Point","coordinates":[34.842871,0.527356]},"properties":{"id":"523286347","n":"Mukhuyu PD 14","t":"pdw","c":"Kakamega"}},{"type":"Feature","geometry":{"type":"Point","coordinates":[34.887971,0.491643]},"properties":{"id":"523221539","n":"Fuvuye B PD 2","t":"pdw","c":"Kakamega"}},{"type":"Feature","geometry":{"type":"Point","coordinates":[34.852859,0.507239]},"properties":{"id":"523303509","n":"Chevaywa B UD 22","t":"udw","c":"Kakamega"}},{"type":"Feature","geometry":{"type":"Point","coordinates":[34.878273,0.589634]},"properties":{"id":"471340401","n":"Silungai B Community, Pondi Spring - 22147","t":"ps","c":"Kakamega"}},{"type":"Feature","geometry":{"type":"Point","coordinates":[34.819085,0.568518]},"properties":{"id":"523328522","n":"Luyeshe PD4","t":"pdw","c":"Kakamega"}},{"type":"Feature","geometry":{"type":"Point","coordinates":[34.817572,0.562213]},"properties":{"id":"523293561","n":"Matete A PD34","t":"pdw","c":"Kakamega"}},{"type":"Feature","geometry":{"type":"Point","coordinates":[34.850572,0.511367]},"properties":{"id":"523222860","n":"Cheptuli A PD 10","t":"pdw","c":"Kakamega"}},{"type":"Feature","geometry":{"type":"Point","coordinates":[34.813908,0.55613]},"properties":{"id":"523342843","n":"Matete A PD48","t":"pdw","c":"Kakamega"}},{"type":"Feature","geometry":{"type":"Point","coordinates":[34.876813,0.504104]},"properties":{"id":"523349211","n":"Lunyo PS 1","t":"ps","c":"Kakamega"}},{"type":"Feature","geometry":{"type":"Point","coordinates":[34.881109,0.502636]},"properties":{"id":"523237927","n":"Makhukhuni B PD 2","t":"pdw","c":"Kakamega"}},{"type":"Feature","geometry":{"type":"Point","coordinates":[34.847935,0.547367]},"properties":{"id":"523287063","n":"Shikulu US4","t":"us","c":"Kakamega"}},{"type":"Feature","geometry":{"type":"Point","coordinates":[34.829933,0.568543]},"properties":{"id":"523331993","n":"Lunyu PD6","t":"pdw","c":"Kakamega"}},{"type":"Feature","geometry":{"type":"Point","coordinates":[34.821962,0.566187]},"properties":{"id":"523307211","n":"Luyeshe UD3","t":"udw","c":"Kakamega"}},{"type":"Feature","geometry":{"type":"Point","coordinates":[34.842383,0.517891]},"properties":{"id":"523195883","n":"Chevaywa A PD 18","t":"pdw","c":"Kakamega"}},{"type":"Feature","geometry":{"type":"Point","coordinates":[34.841068,0.527538]},"properties":{"id":"523200170","n":"Mukhuyu PD 21","t":"pdw","c":"Kakamega"}},{"type":"Feature","geometry":{"type":"Point","coordinates":[34.866165,0.575557]},"properties":{"id":"523219248","n":"Manda B UD4","t":"udw","c":"Kakamega"}},{"type":"Feature","geometry":{"type":"Point","coordinates":[34.870742,0.514728]},"properties":{"id":"523218962","n":"Lwanda PD 5","t":"pdw","c":"Kakamega"}},{"type":"Feature","geometry":{"type":"Point","coordinates":[34.878253,0.589567]},"properties":{"id":"523235334","n":"Silungai B US2","t":"us","c":"Kakamega"}},{"type":"Feature","geometry":{"type":"Point","coordinates":[34.848727,0.568773]},"properties":{"id":"523286378","n":"Makhukhuni PD1","t":"pdw","c":"Kakamega"}},{"type":"Feature","geometry":{"type":"Point","coordinates":[34.83971,0.561325]},"properties":{"id":"523237996","n":"Severe PD4","t":"pdw","c":"Kakamega"}},{"type":"Feature","geometry":{"type":"Point","coordinates":[34.897464,0.492713]},"properties":{"id":"523232685","n":"Mutoto PD 14","t":"pdw","c":"Kakamega"}},{"type":"Feature","geometry":{"type":"Point","coordinates":[34.850069,0.510534]},"properties":{"id":"523229568","n":"Cheptuli A PD 11","t":"pdw","c":"Kakamega"}},{"type":"Feature","geometry":{"type":"Point","coordinates":[34.891567,0.492651]},"properties":{"id":"523260055","n":"Mlimani PD 7","t":"pdw","c":"Kakamega"}},{"type":"Feature","geometry":{"type":"Point","coordinates":[34.816392,0.556907]},"properties":{"id":"523272528","n":"Matete A PD50","t":"pdw","c":"Kakamega"}},{"type":"Feature","geometry":{"type":"Point","coordinates":[34.850149,0.524823]},"properties":{"id":"523235358","n":"Shivanga PD 15","t":"pdw","c":"Kakamega"}},{"type":"Feature","geometry":{"type":"Point","coordinates":[34.840559,0.525014]},"properties":{"id":"523216788","n":"Mukhuyu UD 23","t":"udw","c":"Kakamega"}},{"type":"Feature","geometry":{"type":"Point","coordinates":[34.883587,0.591635]},"properties":{"id":"523194215","n":"Shiandiche PD1","t":"pdw","c":"Kakamega"}},{"type":"Feature","geometry":{"type":"Point","coordinates":[34.824098,0.569975]},"properties":{"id":"523308937","n":"Lunyu PD1","t":"pdw","c":"Kakamega"}},{"type":"Feature","geometry":{"type":"Point","coordinates":[34.871391,0.574731]},"properties":{"id":"432093537","n":"Mukhungula Primary School - 22275","t":"bh","c":"Kakamega","d":90.0}},{"type":"Feature","geometry":{"type":"Point","coordinates":[34.881772,0.492147]},"properties":{"id":"523248499","n":"Munenga PD 4","t":"pdw","c":"Kakamega"}},{"type":"Feature","geometry":{"type":"Point","coordinates":[34.811338,0.558918]},"properties":{"id":"523348959","n":"Matete B PD17","t":"pdw","c":"Kakamega"}},{"type":"Feature","geometry":{"type":"Point","coordinates":[34.901762,0.49414]},"properties":{"id":"523306021","n":"Mutoto PS 1","t":"ps","c":"Kakamega"}},{"type":"Feature","geometry":{"type":"Point","coordinates":[34.849833,0.512834]},"properties":{"id":"523217686","n":"Cheptuli A PD 9","t":"pdw","c":"Kakamega"}},{"type":"Feature","geometry":{"type":"Point","coordinates":[34.857859,0.506186]},"properties":{"id":"523211965","n":"Cheptuli B","t":"pdw","c":"Kakamega"}},{"type":"Feature","geometry":{"type":"Point","coordinates":[34.834933,0.555758]},"properties":{"id":"523197304","n":"Fusere PD5","t":"pdw","c":"Kakamega"}},{"type":"Feature","geometry":{"type":"Point","coordinates":[34.816687,0.554362]},"properties":{"id":"523323778","n":"Matete B UD1","t":"udw","c":"Kakamega"}},{"type":"Feature","geometry":{"type":"Point","coordinates":[34.885266,0.500883]},"properties":{"id":"523218182","n":"Makhukhuni A PS 4","t":"ps","c":"Kakamega"}},{"type":"Feature","geometry":{"type":"Point","coordinates":[34.840645,0.529246]},"properties":{"id":"523320892","n":"Mukhuyu PD 13","t":"pdw","c":"Kakamega"}},{"type":"Feature","geometry":{"type":"Point","coordinates":[34.854542,0.512668]},"properties":{"id":"523287544","n":"Cheptuli A PD 5","t":"pdw","c":"Kakamega"}},{"type":"Feature","geometry":{"type":"Point","coordinates":[34.829637,0.543515]},"properties":{"id":"523210445","n":"Vateta PD3","t":"pdw","c":"Kakamega"}},{"type":"Feature","geometry":{"type":"Point","coordinates":[34.808512,0.556888]},"properties":{"id":"523240408","n":"Matete B PD19","t":"pdw","c":"Kakamega"}},{"type":"Feature","geometry":{"type":"Point","coordinates":[34.819942,0.552852]},"properties":{"id":"523263096","n":"Matete. B US1","t":"us","c":"Kakamega"}},{"type":"Feature","geometry":{"type":"Point","coordinates":[34.811907,0.554618]},"properties":{"id":"523292632","n":"Matete B PD14","t":"pdw","c":"Kakamega"}},{"type":"Feature","geometry":{"type":"Point","coordinates":[34.835167,0.540545]},"properties":{"id":"523250261","n":"Tombo US2","t":"us","c":"Kakamega"}},{"type":"Feature","geometry":{"type":"Point","coordinates":[34.811287,0.560455]},"properties":{"id":"523249919","n":"Matete A PD2","t":"pdw","c":"Kakamega"}},{"type":"Feature","geometry":{"type":"Point","coordinates":[34.882171,0.50679]},"properties":{"id":"523247508","n":"Shilongo US 9","t":"us","c":"Kakamega"}},{"type":"Feature","geometry":{"type":"Point","coordinates":[34.816283,0.561082]},"properties":{"id":"523255558","n":"Matete A US1","t":"us","c":"Kakamega"}},{"type":"Feature","geometry":{"type":"Point","coordinates":[34.841038,0.561237]},"properties":{"id":"523283715","n":"Severe PD2","t":"pdw","c":"Kakamega"}},{"type":"Feature","geometry":{"type":"Point","coordinates":[34.880377,0.595427]},"properties":{"id":"523215770","n":"Silungai B UD2","t":"udw","c":"Kakamega"}},{"type":"Feature","geometry":{"type":"Point","coordinates":[34.857818,0.519978]},"properties":{"id":"523290812","n":"Shivanga PD 8","t":"pdw","c":"Kakamega"}},{"type":"Feature","geometry":{"type":"Point","coordinates":[34.887384,0.504799]},"properties":{"id":"523200338","n":"Makhukhuni B UD 12","t":"udw","c":"Kakamega"}},{"type":"Feature","geometry":{"type":"Point","coordinates":[34.811495,0.55987]},"properties":{"id":"523294438","n":"Matete A PD3","t":"pdw","c":"Kakamega"}},{"type":"Feature","geometry":{"type":"Point","coordinates":[34.836233,0.55265]},"properties":{"id":"523336819","n":"Fusere UD3","t":"udw","c":"Kakamega"}},{"type":"Feature","geometry":{"type":"Point","coordinates":[34.862771,0.508099]},"properties":{"id":"523328773","n":"Lurende PD 5","t":"pdw","c":"Kakamega"}},{"type":"Feature","geometry":{"type":"Point","coordinates":[34.861648,0.566483]},"properties":{"id":"523320809","n":"Shivotio PS2","t":"ps","c":"Kakamega"}},{"type":"Feature","geometry":{"type":"Point","coordinates":[34.893744,0.503222]},"properties":{"id":"523200307","n":"Munanga US 3","t":"us","c":"Kakamega"}},{"type":"Feature","geometry":{"type":"Point","coordinates":[34.87803,0.591365]},"properties":{"id":"523316987","n":"Silungai B UD7","t":"udw","c":"Kakamega"}},{"type":"Feature","geometry":{"type":"Point","coordinates":[34.899976,0.499723]},"properties":{"id":"523278902","n":"Mutoto PD 1","t":"pdw","c":"Kakamega"}},{"type":"Feature","geometry":{"type":"Point","coordinates":[34.847227,0.507337]},"properties":{"id":"523271091","n":"Chevaywa B PD 26","t":"pdw","c":"Kakamega"}},{"type":"Feature","geometry":{"type":"Point","coordinates":[34.869833,0.577013]},"properties":{"id":"523247539","n":"Bondeni UD1","t":"udw","c":"Kakamega"}},{"type":"Feature","geometry":{"type":"Point","coordinates":[34.855933,0.512535]},"properties":{"id":"523318893","n":"Shilongo PD 14","t":"pdw","c":"Kakamega"}},{"type":"Feature","geometry":{"type":"Point","coordinates":[34.878023,0.59588]},"properties":{"id":"523346108","n":"Silungai B PD4","t":"pdw","c":"Kakamega"}},{"type":"Feature","geometry":{"type":"Point","coordinates":[34.877128,0.5941]},"properties":{"id":"523218144","n":"Silungai B PD6","t":"pdw","c":"Kakamega"}},{"type":"Feature","geometry":{"type":"Point","coordinates":[34.845522,0.568252]},"properties":{"id":"523210517","n":"Lurale UD5","t":"udw","c":"Kakamega"}},{"type":"Feature","geometry":{"type":"Point","coordinates":[34.850813,0.552493]},"properties":{"id":"523251169","n":"Shikulu UD1","t":"udw","c":"Kakamega"}},{"type":"Feature","geometry":{"type":"Point","coordinates":[34.85654,0.576307]},"properties":{"id":"523307802","n":"Shinoko UD9","t":"udw","c":"Kakamega"}},{"type":"Feature","geometry":{"type":"Point","coordinates":[34.861469,0.507325]},"properties":{"id":"523323596","n":"Lurende PD 2","t":"pdw","c":"Kakamega"}},{"type":"Feature","geometry":{"type":"Point","coordinates":[34.865282,0.574805]},"properties":{"id":"523291954","n":"Manda B UD2","t":"udw","c":"Kakamega"}},{"type":"Feature","geometry":{"type":"Point","coordinates":[34.842033,0.542735]},"properties":{"id":"523194923","n":"Tombo PD13","t":"pdw","c":"Kakamega"}},{"type":"Feature","geometry":{"type":"Point","coordinates":[34.846202,0.562378]},"properties":{"id":"523348306","n":"Severe US1","t":"us","c":"Kakamega"}},{"type":"Feature","geometry":{"type":"Point","coordinates":[34.895002,0.603603]},"properties":{"id":"403751923","n":"Shiandiche Primary School - 22226","t":"bh","c":"Kakamega","d":70.0}},{"type":"Feature","geometry":{"type":"Point","coordinates":[34.847559,0.52479]},"properties":{"id":"523319083","n":"Shivanga PD 14","t":"pdw","c":"Kakamega"}},{"type":"Feature","geometry":{"type":"Point","coordinates":[34.893092,0.485734]},"properties":{"id":"523337504","n":"Luanda PD 2","t":"pdw","c":"Kakamega"}},{"type":"Feature","geometry":{"type":"Point","coordinates":[34.893235,0.495195]},"properties":{"id":"523224628","n":"Mlimani PD 4","t":"pdw","c":"Kakamega"}},{"type":"Feature","geometry":{"type":"Point","coordinates":[34.836313,0.451247]},"properties":{"id":"523204473","n":"Emukaniro PWS 20","t":"udw","c":"Kakamega"}},{"type":"Feature","geometry":{"type":"Point","coordinates":[34.816173,0.440207]},"properties":{"id":"523294933","n":"Mugai A 15","t":"pdw","c":"Kakamega"}},{"type":"Feature","geometry":{"type":"Point","coordinates":[34.79434,0.43527]},"properties":{"id":"523253154","n":"Muchanja PD 12","t":"pdw","c":"Kakamega"}},{"type":"Feature","geometry":{"type":"Point","coordinates":[34.762715,0.485812]},"properties":{"id":"523289357","n":"Mavusi C 33","t":"pdw","c":"Kakamega"}},{"type":"Feature","geometry":{"type":"Point","coordinates":[34.828773,0.450495]},"properties":{"id":"523198501","n":"Malava A PD 11","t":"pdw","c":"Kakamega"}},{"type":"Feature","geometry":{"type":"Point","coordinates":[34.779417,0.451293]},"properties":{"id":"523274207","n":"Shikokwe PD 9","t":"pdw","c":"Kakamega"}},{"type":"Feature","geometry":{"type":"Point","coordinates":[34.806623,0.443513]},"properties":{"id":"523228811","n":"Mugai A PD 10","t":"pdw","c":"Kakamega"}},{"type":"Feature","geometry":{"type":"Point","coordinates":[34.760395,0.477447]},"properties":{"id":"523330820","n":"Sheywe B PD 3","t":"pdw","c":"Kakamega"}},{"type":"Feature","geometry":{"type":"Point","coordinates":[34.807435,0.432897]},"properties":{"id":"523216733","n":"Sundulo A PD 2","t":"pdw","c":"Kakamega"}},{"type":"Feature","geometry":{"type":"Point","coordinates":[34.78898,0.454452]},"properties":{"id":"523310895","n":"Shirugu US 15","t":"us","c":"Kakamega"}},{"type":"Feature","geometry":{"type":"Point","coordinates":[34.788047,0.443335]},"properties":{"id":"523253130","n":"Muchanja PD 10","t":"pdw","c":"Kakamega"}},{"type":"Feature","geometry":{"type":"Point","coordinates":[34.836847,0.459187]},"properties":{"id":"523309392","n":"Makhwabuye PD 28","t":"pdw","c":"Kakamega"}},{"type":"Feature","geometry":{"type":"Point","coordinates":[34.85531,0.432677]},"properties":{"id":"523276560","n":"Isanjiro B PD 5","t":"pdw","c":"Kakamega"}},{"type":"Feature","geometry":{"type":"Point","coordinates":[34.784312,0.471148]},"properties":{"id":"523274960","n":"Tsivaka PD 21","t":"pdw","c":"Kakamega"}},{"type":"Feature","geometry":{"type":"Point","coordinates":[34.82839,0.45057]},"properties":{"id":"523298463","n":"Malava A PD 12","t":"pdw","c":"Kakamega"}},{"type":"Feature","geometry":{"type":"Point","coordinates":[34.854935,0.430635]},"properties":{"id":"523322856","n":"Shivikhwa PD 2","t":"pdw","c":"Kakamega"}},{"type":"Feature","geometry":{"type":"Point","coordinates":[34.78407,0.497359]},"properties":{"id":"523341000","n":"LUTONYI PD 3","t":"pdw","c":"Kakamega"}},{"type":"Feature","geometry":{"type":"Point","coordinates":[34.818247,0.467008]},"properties":{"id":"523260512","n":"Shisumi US 5","t":"us","c":"Kakamega"}},{"type":"Feature","geometry":{"type":"Point","coordinates":[34.837975,0.474252]},"properties":{"id":"523241650","n":"Cereal Board PD 11","t":"pdw","c":"Kakamega"}},{"type":"Feature","geometry":{"type":"Point","coordinates":[34.794863,0.453162]},"properties":{"id":"523232173","n":"Malekha West PD 7","t":"pdw","c":"Kakamega"}},{"type":"Feature","geometry":{"type":"Point","coordinates":[34.793989,0.4751]},"properties":{"id":"523274094","n":"LWICHI PD 6","t":"pdw","c":"Kakamega"}},{"type":"Feature","geometry":{"type":"Point","coordinates":[34.809822,0.434506]},"properties":{"id":"423406629","n":"Mugai Primary School - 22248","t":"bh","c":"Kakamega","d":80.0}},{"type":"Feature","geometry":{"type":"Point","coordinates":[34.787152,0.443183]},"properties":{"id":"523346270","n":"Muchanja PD 3","t":"pdw","c":"Kakamega"}},{"type":"Feature","geometry":{"type":"Point","coordinates":[34.798393,0.438977]},"properties":{"id":"523269494","n":"Muchanja PS 26","t":"ps","c":"Kakamega"}},{"type":"Feature","geometry":{"type":"Point","coordinates":[34.835048,0.436042]},"properties":{"id":"523288882","n":"Lutali PD 2","t":"pdw","c":"Kakamega"}},{"type":"Feature","geometry":{"type":"Point","coordinates":[34.765148,0.467273]},"properties":{"id":"523302876","n":"Sheywe B PD 28","t":"pdw","c":"Kakamega"}},{"type":"Feature","geometry":{"type":"Point","coordinates":[34.762803,0.496381]},"properties":{"id":"523268644","n":"VASHELE B PD 15","t":"pdw","c":"Kakamega"}},{"type":"Feature","geometry":{"type":"Point","coordinates":[34.779338,0.456782]},"properties":{"id":"523224996","n":"Kalenda North PD 16","t":"pdw","c":"Kakamega"}},{"type":"Feature","geometry":{"type":"Point","coordinates":[34.751767,0.489247]},"properties":{"id":"523198635","n":"Mavusi B PS 6","t":"ps","c":"Kakamega"}},{"type":"Feature","geometry":{"type":"Point","coordinates":[34.776233,0.462357]},"properties":{"id":"523282958","n":"Sheywe B PD 31","t":"pdw","c":"Kakamega"}},{"type":"Feature","geometry":{"type":"Point","coordinates":[34.7675,0.479502]},"properties":{"id":"523330930","n":"Sheywe A PD 10","t":"pdw","c":"Kakamega"}},{"type":"Feature","geometry":{"type":"Point","coordinates":[34.763643,0.492143]},"properties":{"id":"523341859","n":"Mavusi A PD 12","t":"pdw","c":"Kakamega"}},{"type":"Feature","geometry":{"type":"Point","coordinates":[34.754562,0.497522]},"properties":{"id":"523323084","n":"VASHELE A PD 4","t":"pdw","c":"Kakamega"}},{"type":"Feature","geometry":{"type":"Point","coordinates":[34.824933,0.463998]},"properties":{"id":"523332389","n":"Lower lukala PD 3","t":"pdw","c":"Kakamega"}},{"type":"Feature","geometry":{"type":"Point","coordinates":[34.802295,0.457945]},"properties":{"id":"523292962","n":"Malekha central US 12","t":"us","c":"Kakamega"}},{"type":"Feature","geometry":{"type":"Point","coordinates":[34.790247,0.472515]},"properties":{"id":"523288727","n":"Shirugu North PS 14","t":"ps","c":"Kakamega"}},{"type":"Feature","geometry":{"type":"Point","coordinates":[34.780797,0.459535]},"properties":{"id":"523295484","n":"Shirugu South PD 8","t":"pdw","c":"Kakamega"}},{"type":"Feature","geometry":{"type":"Point","coordinates":[34.810178,0.436605]},"properties":{"id":"523249050","n":"Mugai A PD 12","t":"pdw","c":"Kakamega"}},{"type":"Feature","geometry":{"type":"Point","coordinates":[34.790845,0.443283]},"properties":{"id":"523319227","n":"Muchanja PD 8","t":"pdw","c":"Kakamega"}},{"type":"Feature","geometry":{"type":"Point","coordinates":[34.774355,0.484547]},"properties":{"id":"523257457","n":"Tsivaka PD 9","t":"pdw","c":"Kakamega"}},{"type":"Feature","geometry":{"type":"Point","coordinates":[34.827328,0.468533]},"properties":{"id":"523231141","n":"Lower lukala PD 13","t":"pdw","c":"Kakamega"}},{"type":"Feature","geometry":{"type":"Point","coordinates":[34.835907,0.427982]},"properties":{"id":"523315333","n":"Lutali B US 6","t":"us","c":"Kakamega"}},{"type":"Feature","geometry":{"type":"Point","coordinates":[34.807606,0.465169]},"properties":{"id":"523241502","n":"Shipala West PD 9","t":"pdw","c":"Kakamega"}},{"type":"Feature","geometry":{"type":"Point","coordinates":[34.789987,0.470398]},"properties":{"id":"523287403","n":"Shirugu North US 16","t":"us","c":"Kakamega"}},{"type":"Feature","geometry":{"type":"Point","coordinates":[34.82779,0.446997]},"properties":{"id":"523225760","n":"Malava A PD 27","t":"pdw","c":"Kakamega"}},{"type":"Feature","geometry":{"type":"Point","coordinates":[34.803438,0.447802]},"properties":{"id":"523219705","n":"Malekha central US 14","t":"us","c":"Kakamega"}},{"type":"Feature","geometry":{"type":"Point","coordinates":[34.81415,0.462265]},"properties":{"id":"523270650","n":"Shipala East PD 6","t":"pdw","c":"Kakamega"}},{"type":"Feature","geometry":{"type":"Point","coordinates":[34.806759,0.464247]},"properties":{"id":"523258764","n":"Shipala West PD 10","t":"pdw","c":"Kakamega"}},{"type":"Feature","geometry":{"type":"Point","coordinates":[34.847123,0.444835]},"properties":{"id":"523290104","n":"Lusumu A US 4","t":"us","c":"Kakamega"}},{"type":"Feature","geometry":{"type":"Point","coordinates":[34.789827,0.473598]},"properties":{"id":"523248420","n":"Shirugu North PD","t":"pdw","c":"Kakamega"}},{"type":"Feature","geometry":{"type":"Point","coordinates":[34.780432,0.458065]},"properties":{"id":"523326221","n":"Shirugu South PD 9","t":"pdw","c":"Kakamega"}},{"type":"Feature","geometry":{"type":"Point","coordinates":[34.759982,0.4991]},"properties":{"id":"523236847","n":"VASHELE B PS 13","t":"ps","c":"Kakamega"}},{"type":"Feature","geometry":{"type":"Point","coordinates":[34.788997,0.434923]},"properties":{"id":"523251664","n":"Chiterezi PD 8","t":"pdw","c":"Kakamega"}},{"type":"Feature","geometry":{"type":"Point","coordinates":[34.750853,0.465917]},"properties":{"id":"523257811","n":"Chombeli North PD 13","t":"pdw","c":"Kakamega"}},{"type":"Feature","geometry":{"type":"Point","coordinates":[34.774872,0.462447]},"properties":{"id":"523338866","n":"Samitsi PD 3","t":"pdw","c":"Kakamega"}},{"type":"Feature","geometry":{"type":"Point","coordinates":[34.764533,0.484425]},"properties":{"id":"523231433","n":"Mavusi C US 30","t":"us","c":"Kakamega"}},{"type":"Feature","geometry":{"type":"Point","coordinates":[34.757715,0.487743]},"properties":{"id":"523260024","n":"Mavusi A US 15","t":"us","c":"Kakamega"}},{"type":"Feature","geometry":{"type":"Point","coordinates":[34.830627,0.467477]},"properties":{"id":"523345372","n":"Makwabuye PS 13","t":"ps","c":"Kakamega"}},{"type":"Feature","geometry":{"type":"Point","coordinates":[34.821135,0.444212]},"properties":{"id":"523209791","n":"Malava B PD 8","t":"pdw","c":"Kakamega"}},{"type":"Feature","geometry":{"type":"Point","coordinates":[34.828302,0.442055]},"properties":{"id":"523252892","n":"Malanga B US 8","t":"us","c":"Kakamega"}},{"type":"Feature","geometry":{"type":"Point","coordinates":[34.771723,0.468992]},"properties":{"id":"523281270","n":"Sheywe B PS 23","t":"ps","c":"Kakamega"}},{"type":"Feature","geometry":{"type":"Point","coordinates":[34.793192,0.453218]},"properties":{"id":"523329066","n":"Malekha West PD 8","t":"pdw","c":"Kakamega"}},{"type":"Feature","geometry":{"type":"Point","coordinates":[34.824207,0.470462]},"properties":{"id":"523204215","n":"Lower lukala PS 13","t":"pdw","c":"Kakamega"}},{"type":"Feature","geometry":{"type":"Point","coordinates":[34.825613,0.427867]},"properties":{"id":"523270643","n":"Musungu A PD 10","t":"pdw","c":"Kakamega"}},{"type":"Feature","geometry":{"type":"Point","coordinates":[34.805302,0.433492]},"properties":{"id":"523279831","n":"Sundulo A PD 19","t":"pdw","c":"Kakamega"}},{"type":"Feature","geometry":{"type":"Point","coordinates":[34.784954,0.496361]},"properties":{"id":"523288411","n":"LUTONYI PD 2","t":"pdw","c":"Kakamega"}},{"type":"Feature","geometry":{"type":"Point","coordinates":[34.749418,0.472148]},"properties":{"id":"385569659","n":"Sambuli Community, Jonathan Chemase - 22122","t":"ps","c":"Kakamega"}},{"type":"Feature","geometry":{"type":"Point","coordinates":[34.782995,0.453825]},"properties":{"id":"523330428","n":"Shirugu South 13","t":"ps","c":"Kakamega"}},{"type":"Feature","geometry":{"type":"Point","coordinates":[34.826185,0.472909]},"properties":{"id":"523211271","n":"Matioli PD 3","t":"pdw","c":"Kakamega"}},{"type":"Feature","geometry":{"type":"Point","coordinates":[34.748963,0.478732]},"properties":{"id":"523208824","n":"Sambuli US 2","t":"us","c":"Kakamega"}},{"type":"Feature","geometry":{"type":"Point","coordinates":[34.761341,0.496557]},"properties":{"id":"523280956","n":"VASHELE B PD 14","t":"pdw","c":"Kakamega"}},{"type":"Feature","geometry":{"type":"Point","coordinates":[34.76643,0.470574]},"properties":{"id":"445268135","n":"Mawanyi Community, Peter Ambani Spring - 22132","t":"ps","c":"Kakamega"}},{"type":"Feature","geometry":{"type":"Point","coordinates":[34.770463,0.493825]},"properties":{"id":"523281191","n":"LUGUSI PD 8","t":"pdw","c":"Kakamega"}},{"type":"Feature","geometry":{"type":"Point","coordinates":[34.750775,0.46286]},"properties":{"id":"523274056","n":"Chombeli North PD 12","t":"pdw","c":"Kakamega"}},{"type":"Feature","geometry":{"type":"Point","coordinates":[34.777323,0.447962]},"properties":{"id":"523300915","n":"Kalenda South PS 11","t":"ps","c":"Kakamega"}},{"type":"Feature","geometry":{"type":"Point","coordinates":[34.823015,0.44469]},"properties":{"id":"523290001","n":"Malava B US 7","t":"us","c":"Kakamega"}},{"type":"Feature","geometry":{"type":"Point","coordinates":[34.766757,0.498555]},"properties":{"id":"523328742","n":"LUGUSI PD 16","t":"pdw","c":"Kakamega"}},{"type":"Feature","geometry":{"type":"Point","coordinates":[34.787242,0.469018]},"properties":{"id":"523298889","n":"Shirugu North Us 19","t":"us","c":"Kakamega"}}]}