{"type":"FeatureCollection","features":[{"type":"Feature","geometry":{"type":"Point","coordinates":[34.782518,0.511799]},"properties":{"id":"523270179","n":"NAMUSHIYA A PD 12","t":"udw","c":"Kakamega"}},{"type":"Feature","geometry":{"type":"Point","coordinates":[34.8503,0.506421]},"properties":{"id":"523290472","n":"Chevaywa B UD 24","t":"udw","c":"Kakamega"}},{"type":"Feature","geometry":{"type":"Point","coordinates":[34.807136,0.493668]},"properties":{"id":"523321185","n":"MAHUSI B PD 10","t":"pdw","c":"Kakamega"}},{"type":"Feature","geometry":{"type":"Point","coordinates":[34.822803,0.531558]},"properties":{"id":"523224721","n":"MATSAKHA B PD 35","t":"pdw","c":"Kakamega"}},{"type":"Feature","geometry":{"type":"Point","coordinates":[34.786195,0.502161]},"properties":{"id":"523241399","n":"LUVAMBO DIP PD 4","t":"pdw","c":"Kakamega"}},{"type":"Feature","geometry":{"type":"Point","coordinates":[34.83734,0.517399]},"properties":{"id":"523217260","n":"Manyonje B UD 13","t":"udw","c":"Kakamega"}},{"type":"Feature","geometry":{"type":"Point","coordinates":[34.7833,0.51809]},"properties":{"id":"523323077","n":"MUTUA PD 1","t":"pdw","c":"Kakamega"}},{"type":"Feature","geometry":{"type":"Point","coordinates":[34.828552,0.511743]},"properties":{"id":"523298157","n":"LUTINYE PD 37","t":"pdw","c":"Kakamega"}},{"type":"Feature","geometry":{"type":"Point","coordinates":[34.847925,0.502901]},"properties":{"id":"523276515","n":"Cheptuli B PD 12","t":"pdw","c":"Kakamega"}},{"type":"Feature","geometry":{"type":"Point","coordinates":[34.832697,0.476055]},"properties":{"id":"523224570","n":"Lunyironi PS 7","t":"ps","c":"Kakamega"}},{"type":"Feature","geometry":{"type":"Point","coordinates":[34.811616,0.525892]},"properties":{"id":"523278751","n":"MATSAKHA C PD 34","t":"pdw","c":"Kakamega"}},{"type":"Feature","geometry":{"type":"Point","coordinates":[34.813527,0.541649]},"properties":{"id":"523263546","n":"Mbande UD 37","t":"udw","c":"Kakamega"}},{"type":"Feature","geometry":{"type":"Point","coordinates":[34.836891,0.51159]},"properties":{"id":"523199399","n":"Manyonje B PD 17","t":"pdw","c":"Kakamega"}},{"type":"Feature","geometry":{"type":"Point","coordinates":[34.875143,0.48519]},"properties":{"id":"523243580","n":"Harambee PD 1","t":"pdw","c":"Kakamega"}},{"type":"Feature","geometry":{"type":"Point","coordinates":[34.809754,0.471633]},"properties":{"id":"523280808","n":"SHIPALA US 7","t":"us","c":"Kakamega"}},{"type":"Feature","geometry":{"type":"Point","coordinates":[34.82322,0.496637]},"properties":{"id":"4508038","n":"Lurambi Area Community - 4535","t":"pdw","c":"Kakamega"}},{"type":"Feature","geometry":{"type":"Point","coordinates":[34.853594,0.490847]},"properties":{"id":"523312921","n":"Tande A PD 1","t":"pdw","c":"Kakamega"}},{"type":"Feature","geometry":{"type":"Point","coordinates":[34.784199,0.517137]},"properties":{"id":"523206437","n":"MAKUCHE A PD 10","t":"pdw","c":"Kakamega"}},{"type":"Feature","geometry":{"type":"Point","coordinates":[34.84597,0.497209]},"properties":{"id":"523193551","n":"Chevaywa B PD 9","t":"pdw","c":"Kakamega"}},{"type":"Feature","geometry":{"type":"Point","coordinates":[34.832289,0.520788]},"properties":{"id":"523223775","n":"LUTINYE PD 12","t":"pdw","c":"Kakamega"}},{"type":"Feature","geometry":{"type":"Point","coordinates":[34.801402,0.474599]},"properties":{"id":"523196444","n":"MAKUU B PS 11","t":"ps","c":"Kakamega"}},{"type":"Feature","geometry":{"type":"Point","coordinates":[34.849729,0.475698]},"properties":{"id":"523269645","n":"Fukoye B PD 5","t":"pdw","c":"Kakamega"}},{"type":"Feature","geometry":{"type":"Point","coordinates":[34.795952,0.500567]},"properties":{"id":"523286488","n":"MAKALE A UD 2","t":"udw","c":"Kakamega"}},{"type":"Feature","geometry":{"type":"Point","coordinates":[34.76746,0.506472]},"properties":{"id":"523216142","n":"VUYANZI PD 5","t":"pdw","c":"Kakamega"}},{"type":"Feature","geometry":{"type":"Point","coordinates":[34.8192,0.544868]},"properties":{"id":"523333160","n":"Shichebe PD3","t":"pdw","c":"Kakamega"}},{"type":"Feature","geometry":{"type":"Point","coordinates":[34.814957,0.526112]},"properties":{"id":"523288545","n":"MATSAKHA C PD 11","t":"pdw","c":"Kakamega"}},{"type":"Feature","geometry":{"type":"Point","coordinates":[34.876887,0.486877]},"properties":{"id":"471340425","n":"Harambee Community, Ruben Kwalanda Spring - 22138","t":"ps","c":"Kakamega"}},{"type":"Feature","geometry":{"type":"Point","coordinates":[34.87521,0.476024]},"properties":{"id":"523291655","n":"Harambee PD 9","t":"pdw","c":"Kakamega"}},{"type":"Feature","geometry":{"type":"Point","coordinates":[34.8043,0.534093]},"properties":{"id":"523267681","n":"Lugusi PD 15","t":"pdw","c":"Kakamega"}},{"type":"Feature","geometry":{"type":"Point","coordinates":[34.815934,0.531378]},"properties":{"id":"523309024","n":"MATSAKHA B PD 53","t":"pdw","c":"Kakamega"}},{"type":"Feature","geometry":{"type":"Point","coordinates":[34.844081,0.472713]},"properties":{"id":"523342386","n":"Cereal Board PD 7","t":"pdw","c":"Kakamega"}},{"type":"Feature","geometry":{"type":"Point","coordinates":[34.816641,0.522247]},"properties":{"id":"523264286","n":"ST. MARTIN PD 3","t":"pdw","c":"Kakamega"}},{"type":"Feature","geometry":{"type":"Point","coordinates":[34.822716,0.523579]},"properties":{"id":"5745566","n":"Shilongo Primary School Hand-Dug Well - 4523","t":"pdw","c":"Kakamega"}},{"type":"Feature","geometry":{"type":"Point","coordinates":[34.79651,0.49681]},"properties":{"id":"84830603","n":"Makale Community, Kwalukhayiro Spring - 21047","t":"ps","c":"Kakamega"}},{"type":"Feature","geometry":{"type":"Point","coordinates":[34.774162,0.509469]},"properties":{"id":"523267832","n":"MWIYALA PD 3","t":"pdw","c":"Kakamega"}},{"type":"Feature","geometry":{"type":"Point","coordinates":[34.830233,0.522557]},"properties":{"id":"523193111","n":"LUTINYE PD 8","t":"pdw","c":"Kakamega"}},{"type":"Feature","geometry":{"type":"Point","coordinates":[34.777497,0.512808]},"properties":{"id":"4508069","n":"Namushiya Secondary School - 4538","t":"pdw","c":"Kakamega"}},{"type":"Feature","geometry":{"type":"Point","coordinates":[34.85729,0.50226]},"properties":{"id":"523304122","n":"Kharakha UD 1","t":"udw","c":"Kakamega"}},{"type":"Feature","geometry":{"type":"Point","coordinates":[34.819046,0.526262]},"properties":{"id":"523275246","n":"MATSAKHA B PD 60","t":"pdw","c":"Kakamega"}},{"type":"Feature","geometry":{"type":"Point","coordinates":[34.827481,0.490903]},"properties":{"id":"4508045","n":"Muyundi Community - 4536","t":"pdw","c":"Kakamega"}},{"type":"Feature","geometry":{"type":"Point","coordinates":[34.81538,0.550533]},"properties":{"id":"523216513","n":"Sango PD1","t":"pdw","c":"Kakamega"}},{"type":"Feature","geometry":{"type":"Point","coordinates":[34.810167,0.495975]},"properties":{"id":"523212540","n":"MUYUNDI B PD 10","t":"pdw","c":"Kakamega"}},{"type":"Feature","geometry":{"type":"Point","coordinates":[34.849804,0.468488]},"properties":{"id":"523330868","n":"Cereal Board PD 2","t":"pdw","c":"Kakamega"}},{"type":"Feature","geometry":{"type":"Point","coordinates":[34.78308,0.524887]},"properties":{"id":"523242620","n":"LUANDA PS 6","t":"ps","c":"Kakamega"}},{"type":"Feature","geometry":{"type":"Point","coordinates":[34.797484,0.50871]},"properties":{"id":"523313290","n":"SHIKULU PD 20","t":"pdw","c":"Kakamega"}},{"type":"Feature","geometry":{"type":"Point","coordinates":[34.832652,0.496623]},"properties":{"id":"75293","n":"Chebwayi Dispensary - 4256","t":"pdw","c":"Kakamega"}},{"type":"Feature","geometry":{"type":"Point","coordinates":[34.866324,0.494321]},"properties":{"id":"523241636","n":"Marukusi PS 2","t":"ps","c":"Kakamega"}},{"type":"Feature","geometry":{"type":"Point","coordinates":[34.801593,0.532243]},"properties":{"id":"523265311","n":"Lugusi PD 26","t":"pdw","c":"Kakamega"}},{"type":"Feature","geometry":{"type":"Point","coordinates":[34.818694,0.533221]},"properties":{"id":"523212210","n":"MATSAKHA B PD 51","t":"pdw","c":"Kakamega"}},{"type":"Feature","geometry":{"type":"Point","coordinates":[34.855212,0.491465]},"properties":{"id":"523263405","n":"Fukoye A PD 1","t":"pdw","c":"Kakamega"}},{"type":"Feature","geometry":{"type":"Point","coordinates":[34.795029,0.486411]},"properties":{"id":"523326180","n":"CHEGULO A PD 8","t":"pdw","c":"Kakamega"}},{"type":"Feature","geometry":{"type":"Point","coordinates":[34.816492,0.541395]},"properties":{"id":"523294122","n":"SHARAMBATSA PD 22","t":"pdw","c":"Kakamega"}},{"type":"Feature","geometry":{"type":"Point","coordinates":[34.796309,0.530191]},"properties":{"id":"523321563","n":"Lugusi UD","t":"udw","c":"Kakamega"}},{"type":"Feature","geometry":{"type":"Point","coordinates":[34.801888,0.515224]},"properties":{"id":"523275909","n":"SHIKULU UD 7","t":"udw","c":"Kakamega"}},{"type":"Feature","geometry":{"type":"Point","coordinates":[34.759729,0.504766]},"properties":{"id":"523235774","n":"VASHELE B PD 4","t":"pdw","c":"Kakamega"}},{"type":"Feature","geometry":{"type":"Point","coordinates":[34.87063,0.476453]},"properties":{"id":"523347659","n":"Mungakha Forest PD 7","t":"pdw","c":"Kakamega"}},{"type":"Feature","geometry":{"type":"Point","coordinates":[34.82056,0.532854]},"properties":{"id":"523205388","n":"MATSAKHA B PD 39","t":"pdw","c":"Kakamega"}},{"type":"Feature","geometry":{"type":"Point","coordinates":[34.844084,0.506602]},"properties":{"id":"523303248","n":"Chevaywa B PD 1","t":"pdw","c":"Kakamega"}},{"type":"Feature","geometry":{"type":"Point","coordinates":[34.810735,0.543508]},"properties":{"id":"523322313","n":"Mbande PD 18","t":"pdw","c":"Kakamega"}},{"type":"Feature","geometry":{"type":"Point","coordinates":[34.83676,0.488452]},"properties":{"id":"3487163","n":"Butali Market - 4353","t":"bh","c":"Kakamega"}},{"type":"Feature","geometry":{"type":"Point","coordinates":[34.819181,0.526895]},"properties":{"id":"523324937","n":"MATSAKHA B PD 61","t":"pdw","c":"Kakamega"}},{"type":"Feature","geometry":{"type":"Point","coordinates":[34.850795,0.494779]},"properties":{"id":"523275088","n":"Chevaywa B PD 18","t":"pdw","c":"Kakamega"}},{"type":"Feature","geometry":{"type":"Point","coordinates":[34.87526,0.494935]},"properties":{"id":"523321831","n":"Bondeni A PD 7","t":"pdw","c":"Kakamega"}},{"type":"Feature","geometry":{"type":"Point","coordinates":[34.810846,0.533387]},"properties":{"id":"523339867","n":"MATSAKHA B PD 6","t":"pdw","c":"Kakamega"}},{"type":"Feature","geometry":{"type":"Point","coordinates":[34.879002,0.48839]},"properties":{"id":"523228378","n":"Munenga PS 6","t":"ps","c":"Kakamega"}},{"type":"Feature","geometry":{"type":"Point","coordinates":[34.840682,0.485359]},"properties":{"id":"523261070","n":"Tande A PD 9","t":"pdw","c":"Kakamega"}},{"type":"Feature","geometry":{"type":"Point","coordinates":[34.840487,0.485314]},"properties":{"id":"523222592","n":"Tande A PD 10","t":"pdw","c":"Kakamega"}},{"type":"Feature","geometry":{"type":"Point","coordinates":[34.822717,0.525296]},"properties":{"id":"523218560","n":"SHILONGO PD 21","t":"pdw","c":"Kakamega"}},{"type":"Feature","geometry":{"type":"Point","coordinates":[34.81803,0.519907]},"properties":{"id":"523246844","n":"ST. MARTIN PD 16","t":"pdw","c":"Kakamega"}},{"type":"Feature","geometry":{"type":"Point","coordinates":[34.818658,0.52184]},"properties":{"id":"523268637","n":"ST. MARTIN PD 9","t":"pdw","c":"Kakamega"}},{"type":"Feature","geometry":{"type":"Point","coordinates":[34.773339,0.520144]},"properties":{"id":"523213565","n":"NAMUSHIYA B US 10","t":"us","c":"Kakamega"}},{"type":"Feature","geometry":{"type":"Point","coordinates":[34.855362,0.472517]},"properties":{"id":"523319289","n":"Muhoni US 4","t":"us","c":"Kakamega"}},{"type":"Feature","geometry":{"type":"Point","coordinates":[34.798423,0.513875]},"properties":{"id":"523302326","n":"SHIKULU PD 4","t":"pdw","c":"Kakamega"}},{"type":"Feature","geometry":{"type":"Point","coordinates":[34.813914,0.509684]},"properties":{"id":"4507446","n":"Timbito Community - 4530","t":"pdw","c":"Kakamega"}},{"type":"Feature","geometry":{"type":"Point","coordinates":[34.782817,0.522162]},"properties":{"id":"523250649","n":"LUANDA UD 4","t":"udw","c":"Kakamega"}},{"type":"Feature","geometry":{"type":"Point","coordinates":[34.813079,0.52412]},"properties":{"id":"523314239","n":"MATSAKHA C PD 23","t":"pdw","c":"Kakamega"}},{"type":"Feature","geometry":{"type":"Point","coordinates":[34.824353,0.49654]},"properties":{"id":"523284833","n":"LURAMBI PD 10","t":"pdw","c":"Kakamega"}},{"type":"Feature","geometry":{"type":"Point","coordinates":[34.82983,0.523958]},"properties":{"id":"523224422","n":"LUTINYE US 9","t":"us","c":"Kakamega"}},{"type":"Feature","geometry":{"type":"Point","coordinates":[34.822722,0.495023]},"properties":{"id":"523197139","n":"LURAMBI PD 9","t":"pdw","c":"Kakamega"}},{"type":"Feature","geometry":{"type":"Point","coordinates":[34.787414,0.501196]},"properties":{"id":"523315962","n":"LUVAMBO PD 1","t":"pdw","c":"Kakamega"}},{"type":"Feature","geometry":{"type":"Point","coordinates":[34.830646,0.519552]},"properties":{"id":"523249854","n":"LUTINYE PD 16","t":"pdw","c":"Kakamega"}},{"type":"Feature","geometry":{"type":"Point","coordinates":[34.811474,0.527317]},"properties":{"id":"523253972","n":"MATSAKHA C PD 40","t":"pdw","c":"Kakamega"}},{"type":"Feature","geometry":{"type":"Point","coordinates":[34.821554,0.53211]},"properties":{"id":"523325804","n":"MATSAKHA B PD 37","t":"pdw","c":"Kakamega"}},{"type":"Feature","geometry":{"type":"Point","coordinates":[34.837855,0.527823]},"properties":{"id":"523217552","n":"Mukhuyu UD 10","t":"udw","c":"Kakamega"}},{"type":"Feature","geometry":{"type":"Point","coordinates":[34.79568,0.519941]},"properties":{"id":"8728489","n":"Luvambo, Timona Spring - 18135","t":"ps","c":"Kakamega"}},{"type":"Feature","geometry":{"type":"Point","coordinates":[34.862123,0.470103]},"properties":{"id":"523251035","n":"Muhoni PD 8","t":"pdw","c":"Kakamega"}},{"type":"Feature","geometry":{"type":"Point","coordinates":[34.82036,0.531741]},"properties":{"id":"523233624","n":"MATSAKHA B PD 40","t":"pdw","c":"Kakamega"}},{"type":"Feature","geometry":{"type":"Point","coordinates":[34.837583,0.523375]},"properties":{"id":"523203018","n":"Mukhuyu PD 26","t":"udw","c":"Kakamega"}},{"type":"Feature","geometry":{"type":"Point","coordinates":[34.788553,0.503974]},"properties":{"id":"523328601","n":"LUVAMBO DIP PD 1","t":"pdw","c":"Kakamega"}},{"type":"Feature","geometry":{"type":"Point","coordinates":[34.80477,0.528221]},"properties":{"id":"523308243","n":"MATSAKHA C PD 77","t":"pdw","c":"Kakamega"}},{"type":"Feature","geometry":{"type":"Point","coordinates":[34.813858,0.542106]},"properties":{"id":"523199674","n":"Mbande UD 36","t":"udw","c":"Kakamega"}},{"type":"Feature","geometry":{"type":"Point","coordinates":[34.783107,0.510921]},"properties":{"id":"523246916","n":"NAMUSHIYA A PD 10","t":"pdw","c":"Kakamega"}},{"type":"Feature","geometry":{"type":"Point","coordinates":[34.849381,0.483212]},"properties":{"id":"523298243","n":"Fukoye A PD 12","t":"pdw","c":"Kakamega"}},{"type":"Feature","geometry":{"type":"Point","coordinates":[34.783829,0.523919]},"properties":{"id":"523318642","n":"LUANDA PD 8","t":"pdw","c":"Kakamega"}},{"type":"Feature","geometry":{"type":"Point","coordinates":[34.805801,0.474494]},"properties":{"id":"523234735","n":"SHIPALA BH 10","t":"bh","c":"Kakamega"}},{"type":"Feature","geometry":{"type":"Point","coordinates":[34.837376,0.523633]},"properties":{"id":"523326829","n":"Mukhuyu PD 25","t":"pdw","c":"Kakamega"}},{"type":"Feature","geometry":{"type":"Point","coordinates":[34.852292,0.490617]},"properties":{"id":"523208178","n":"Tande B US 6","t":"us","c":"Kakamega"}},{"type":"Feature","geometry":{"type":"Point","coordinates":[34.838271,0.51622]},"properties":{"id":"523275167","n":"Manyonje B PD 11","t":"pdw","c":"Kakamega"}},{"type":"Feature","geometry":{"type":"Point","coordinates":[34.827574,0.516034]},"properties":{"id":"523303729","n":"LUTINYE PD 26","t":"pdw","c":"Kakamega"}},{"type":"Feature","geometry":{"type":"Point","coordinates":[34.837848,0.492649]},"properties":{"id":"523310280","n":"Chevaywa A UD 11","t":"udw","c":"Kakamega"}},{"type":"Feature","geometry":{"type":"Point","coordinates":[34.859607,0.467217]},"properties":{"id":"459133704","n":"Muhoni Community, Nelima Spring - 22078","t":"ps","c":"Kakamega"}},{"type":"Feature","geometry":{"type":"Point","coordinates":[34.839185,0.508918]},"properties":{"id":"523291026","n":"Manyonje B PD 20","t":"pdw","c":"Kakamega"}},{"type":"Feature","geometry":{"type":"Point","coordinates":[34.838751,0.507519]},"properties":{"id":"523324494","n":"Manyonje B PD 23","t":"pdw","c":"Kakamega"}},{"type":"Feature","geometry":{"type":"Point","coordinates":[34.781913,0.508435]},"properties":{"id":"523233844","n":"NAMUSHIYA B PD 14","t":"pdw","c":"Kakamega"}},{"type":"Feature","geometry":{"type":"Point","coordinates":[34.82288,0.521375]},"properties":{"id":"523316592","n":"LUYESHE PD 4","t":"pdw","c":"Kakamega"}},{"type":"Feature","geometry":{"type":"Point","coordinates":[34.793711,0.497343]},"properties":{"id":"523265672","n":"MAKALE A PD 6","t":"pdw","c":"Kakamega"}},{"type":"Feature","geometry":{"type":"Point","coordinates":[34.814245,0.526496]},"properties":{"id":"523339812","n":"MATSAKHA C PD 9","t":"pdw","c":"Kakamega"}},{"type":"Feature","geometry":{"type":"Point","coordinates":[34.786814,0.514821]},"properties":{"id":"523258441","n":"MAKUCHE A PD 7","t":"pdw","c":"Kakamega"}},{"type":"Feature","geometry":{"type":"Point","coordinates":[34.774684,0.510784]},"properties":{"id":"523256535","n":"MWIYALA PS 4","t":"ps","c":"Kakamega"}},{"type":"Feature","geometry":{"type":"Point","coordinates":[34.819505,0.541243]},"properties":{"id":"523267650","n":"SHARAMBATSA UD 16","t":"udw","c":"Kakamega"}},{"type":"Feature","geometry":{"type":"Point","coordinates":[34.818176,0.478263]},"properties":{"id":"523337803","n":"Makale PD 5","t":"pdw","c":"Kakamega"}},{"type":"Feature","geometry":{"type":"Point","coordinates":[34.805828,0.475428]},"properties":{"id":"523275291","n":"MAKUU A PD 12","t":"pdw","c":"Kakamega"}},{"type":"Feature","geometry":{"type":"Point","coordinates":[34.830522,0.506909]},"properties":{"id":"523348650","n":"CHEBWAI B PD 16","t":"pdw","c":"Kakamega"}},{"type":"Feature","geometry":{"type":"Point","coordinates":[34.7815,0.5223]},"properties":{"id":"523318178","n":"LUANDA PD 3","t":"pdw","c":"Kakamega"}},{"type":"Feature","geometry":{"type":"Point","coordinates":[34.809668,0.529077]},"properties":{"id":"523282628","n":"MATSAKHA C PD 43","t":"pdw","c":"Kakamega"}},{"type":"Feature","geometry":{"type":"Point","coordinates":[34.830157,0.489072]},"properties":{"id":"523349170","n":"Namanja PD 4","t":"pdw","c":"Kakamega"}},{"type":"Feature","geometry":{"type":"Point","coordinates":[34.839015,0.508461]},"properties":{"id":"523220789","n":"Manyonje B PD 21","t":"pdw","c":"Kakamega"}},{"type":"Feature","geometry":{"type":"Point","coordinates":[34.797917,0.492065]},"properties":{"id":"523310998","n":"CHEGULO A PD 1","t":"pdw","c":"Kakamega"}},{"type":"Feature","geometry":{"type":"Point","coordinates":[34.878459,0.476175]},"properties":{"id":"523258135","n":"Marukusi PD 3","t":"pdw","c":"Kakamega"}},{"type":"Feature","geometry":{"type":"Point","coordinates":[34.813564,0.52603]},"properties":{"id":"523326427","n":"MATSAKHA C PD 7","t":"pdw","c":"Kakamega"}},{"type":"Feature","geometry":{"type":"Point","coordinates":[34.799633,0.528411]},"properties":{"id":"523343882","n":"MATSAKHA A PD 11","t":"pdw","c":"Kakamega"}},{"type":"Feature","geometry":{"type":"Point","coordinates":[34.82252,0.51202]},"properties":{"id":"8357834","n":"Chebwayi B, Wambutsi Spring - 18121","t":"ps","c":"Kakamega"}},{"type":"Feature","geometry":{"type":"Point","coordinates":[34.771523,0.514528]},"properties":{"id":"523343985","n":"MWIYALA PD 7","t":"pdw","c":"Kakamega"}},{"type":"Feature","geometry":{"type":"Point","coordinates":[34.836824,0.492605]},"properties":{"id":"523274867","n":"Chevaywa A PD 8","t":"pdw","c":"Kakamega"}},{"type":"Feature","geometry":{"type":"Point","coordinates":[34.827714,0.520723]},"properties":{"id":"523205292","n":"LUYESHE PD 21","t":"pdw","c":"Kakamega"}},{"type":"Feature","geometry":{"type":"Point","coordinates":[34.874284,0.482483]},"properties":{"id":"523325914","n":"Mukavakava PS 8","t":"ps","c":"Kakamega"}},{"type":"Feature","geometry":{"type":"Point","coordinates":[34.858435,0.505362]},"properties":{"id":"523281335","n":"Cheptuli B PD 2","t":"pdw","c":"Kakamega"}},{"type":"Feature","geometry":{"type":"Point","coordinates":[34.820418,0.522908]},"properties":{"id":"523352170","n":"SHILONGO PD 2","t":"pdw","c":"Kakamega"}},{"type":"Feature","geometry":{"type":"Point","coordinates":[34.817604,0.538778]},"properties":{"id":"523227528","n":"SHARAMBATSA PD 11","t":"pdw","c":"Kakamega"}},{"type":"Feature","geometry":{"type":"Point","coordinates":[34.808757,0.470467]},"properties":{"id":"661122347","n":"Shipala Community, Mulati Spring - 410007","t":"ps","c":"Kakamega"}},{"type":"Feature","geometry":{"type":"Point","coordinates":[34.796759,0.519796]},"properties":{"id":"523238186","n":"LUVAMBO A PD 8","t":"pdw","c":"Kakamega"}},{"type":"Feature","geometry":{"type":"Point","coordinates":[34.870914,0.491774]},"properties":{"id":"523278816","n":"Marukusi PS 1","t":"ps","c":"Kakamega"}},{"type":"Feature","geometry":{"type":"Point","coordinates":[34.836455,0.509006]},"properties":{"id":"523211666","n":"Manyonje B BH 1","t":"bh","c":"Kakamega"}},{"type":"Feature","geometry":{"type":"Point","coordinates":[34.803309,0.512898]},"properties":{"id":"523213091","n":"SHIKULU US 9","t":"us","c":"Kakamega"}},{"type":"Feature","geometry":{"type":"Point","coordinates":[34.824423,0.521032]},"properties":{"id":"523259057","n":"LUYESHE PD 7","t":"pdw","c":"Kakamega"}},{"type":"Feature","geometry":{"type":"Point","coordinates":[34.845,0.478538]},"properties":{"id":"523310211","n":"Lunyironi US 2","t":"us","c":"Kakamega"}},{"type":"Feature","geometry":{"type":"Point","coordinates":[34.847177,0.505203]},"properties":{"id":"523300049","n":"Chevaywa B PD 7","t":"pdw","c":"Kakamega"}},{"type":"Feature","geometry":{"type":"Point","coordinates":[34.851864,0.485785]},"properties":{"id":"523204019","n":"Fukoye A PD 7","t":"pdw","c":"Kakamega"}},{"type":"Feature","geometry":{"type":"Point","coordinates":[34.813648,0.486815]},"properties":{"id":"523222633","n":"MUYUNDI A PS 3","t":"ps","c":"Kakamega"}},{"type":"Feature","geometry":{"type":"Point","coordinates":[34.833914,0.501252]},"properties":{"id":"523342465","n":"CHEBWAI A PD 6","t":"pdw","c":"Kakamega"}},{"type":"Feature","geometry":{"type":"Point","coordinates":[34.819941,0.516822]},"properties":{"id":"523349651","n":"ST. MARTIN PD 37","t":"pdw","c":"Kakamega"}},{"type":"Feature","geometry":{"type":"Point","coordinates":[34.802141,0.512439]},"properties":{"id":"523212681","n":"SHIKULU PD 8","t":"pdw","c":"Kakamega"}},{"type":"Feature","geometry":{"type":"Point","coordinates":[34.808873,0.537423]},"properties":{"id":"523237226","n":"Mbande PD 3","t":"pdw","c":"Kakamega"}},{"type":"Feature","geometry":{"type":"Point","coordinates":[34.814164,0.544707]},"properties":{"id":"523211051","n":"Mbande PS 34","t":"ps","c":"Kakamega"}},{"type":"Feature","geometry":{"type":"Point","coordinates":[34.828862,0.51625]},"properties":{"id":"523260677","n":"LUTINYE PD 24","t":"pdw","c":"Kakamega"}},{"type":"Feature","geometry":{"type":"Point","coordinates":[34.843522,0.488367]},"properties":{"id":"523346610","n":"Tande B PD 3","t":"pdw","c":"Kakamega"}},{"type":"Feature","geometry":{"type":"Point","coordinates":[34.76812,0.512884]},"properties":{"id":"523309866","n":"MUKAKAWAYI PD 2","t":"pdw","c":"Kakamega"}},{"type":"Feature","geometry":{"type":"Point","coordinates":[34.799402,0.507968]},"properties":{"id":"523205230","n":"SHIKULU PS 17","t":"ps","c":"Kakamega"}},{"type":"Feature","geometry":{"type":"Point","coordinates":[34.837167,0.495269]},"properties":{"id":"523275899","n":"Chevaywa A PD 4","t":"pdw","c":"Kakamega"}},{"type":"Feature","geometry":{"type":"Point","coordinates":[34.791753,0.515014]},"properties":{"id":"523203719","n":"MAKUCHE B PD 6","t":"ps","c":"Kakamega"}},{"type":"Feature","geometry":{"type":"Point","coordinates":[34.837505,0.508239]},"properties":{"id":"523213383","n":"Manyonje B PD 2","t":"pdw","c":"Kakamega"}},{"type":"Feature","geometry":{"type":"Point","coordinates":[34.807468,0.536392]},"properties":{"id":"523272597","n":"Lugusi PD 3","t":"pdw","c":"Kakamega"}},{"type":"Feature","geometry":{"type":"Point","coordinates":[34.835599,0.520896]},"properties":{"id":"523225375","n":"CHEBWAI C PD 3","t":"pdw","c":"Kakamega"}},{"type":"Feature","geometry":{"type":"Point","coordinates":[34.783658,0.508927]},"properties":{"id":"523245757","n":"NAMUSHIYA A PD 3","t":"pdw","c":"Kakamega"}},{"type":"Feature","geometry":{"type":"Point","coordinates":[34.767495,0.499845]},"properties":{"id":"523336792","n":"LUGUSI PD 14","t":"pdw","c":"Kakamega"}},{"type":"Feature","geometry":{"type":"Point","coordinates":[34.821727,0.53698]},"properties":{"id":"523207270","n":"MATSAKHA B PS 27","t":"ps","c":"Kakamega"}},{"type":"Feature","geometry":{"type":"Point","coordinates":[34.816011,0.529857]},"properties":{"id":"523255132","n":"MATSAKHA B PD 56","t":"pdw","c":"Kakamega"}},{"type":"Feature","geometry":{"type":"Point","coordinates":[34.79666,0.52922]},"properties":{"id":"523195182","n":"Lugusi PD 38","t":"pdw","c":"Kakamega"}},{"type":"Feature","geometry":{"type":"Point","coordinates":[34.767882,0.505954]},"properties":{"id":"523335698","n":"VUYANZI UD 9","t":"pdw","c":"Kakamega"}},{"type":"Feature","geometry":{"type":"Point","coordinates":[34.814132,0.537231]},"properties":{"id":"523200527","n":"SHARAMBATSA UD 7","t":"udw","c":"Kakamega"}},{"type":"Feature","geometry":{"type":"Point","coordinates":[34.839248,0.474454]},"properties":{"id":"523348540","n":"Cereal Board PD 9","t":"pdw","c":"Kakamega"}},{"type":"Feature","geometry":{"type":"Point","coordinates":[34.816335,0.529249]},"properties":{"id":"523304809","n":"MATSAKHA B PD 57","t":"pdw","c":"Kakamega"}},{"type":"Feature","geometry":{"type":"Point","coordinates":[34.811818,0.53396]},"properties":{"id":"523287850","n":"MATSAKHA B PD 8","t":"pdw","c":"Kakamega"}},{"type":"Feature","geometry":{"type":"Point","coordinates":[34.766763,0.506816]},"properties":{"id":"523292890","n":"VUYANZI PD 7","t":"pdw","c":"Kakamega"}},{"type":"Feature","geometry":{"type":"Point","coordinates":[34.806915,0.525571]},"properties":{"id":"523252500","n":"MATSAKHA C PD 67","t":"pdw","c":"Kakamega"}},{"type":"Feature","geometry":{"type":"Point","coordinates":[34.814609,0.525885]},"properties":{"id":"523289175","n":"MATSAKHA C PD 13","t":"pdw","c":"Kakamega"}},{"type":"Feature","geometry":{"type":"Point","coordinates":[34.802507,0.526858]},"properties":{"id":"523297888","n":"MATSAKHA A UD 6","t":"udw","c":"Kakamega"}},{"type":"Feature","geometry":{"type":"Point","coordinates":[34.758373,0.504144]},"properties":{"id":"523265919","n":"VASHELE B PD 8","t":"pdw","c":"Kakamega"}},{"type":"Feature","geometry":{"type":"Point","coordinates":[34.797881,0.487939]},"properties":{"id":"523285827","n":"CHEGULO A PD 10","t":"pdw","c":"Kakamega"}},{"type":"Feature","geometry":{"type":"Point","coordinates":[34.824385,0.528163]},"properties":{"id":"523270667","n":"SHILONGO PS 20","t":"ps","c":"Kakamega"}},{"type":"Feature","geometry":{"type":"Point","coordinates":[34.811192,0.494743]},"properties":{"id":"523228110","n":"MUYUNDI B PD 9","t":"pdw","c":"Kakamega"}},{"type":"Feature","geometry":{"type":"Point","coordinates":[34.833219,0.50314]},"properties":{"id":"523287104","n":"CHEBWAI A PD 7","t":"pdw","c":"Kakamega"}},{"type":"Feature","geometry":{"type":"Point","coordinates":[34.766107,0.503591]},"properties":{"id":"523280640","n":"VUYANZI PD 15","t":"pdw","c":"Kakamega"}},{"type":"Feature","geometry":{"type":"Point","coordinates":[34.874114,0.480742]},"properties":{"id":"523347673","n":"Mukavakava PS 6","t":"ps","c":"Kakamega"}},{"type":"Feature","geometry":{"type":"Point","coordinates":[34.788444,0.521479]},"properties":{"id":"523320885","n":"MAKUCHE B US 3","t":"us","c":"Kakamega"}},{"type":"Feature","geometry":{"type":"Point","coordinates":[34.809513,0.534513]},"properties":{"id":"523319571","n":"MATSAKHA A PD 20","t":"pdw","c":"Kakamega"}},{"type":"Feature","geometry":{"type":"Point","coordinates":[34.842103,0.487015]},"properties":{"id":"523275332","n":"Tande A PD 6","t":"pdw","c":"Kakamega"}},{"type":"Feature","geometry":{"type":"Point","coordinates":[34.839851,0.495323]},"properties":{"id":"523199090","n":"Chevaywa A PD 3","t":"pdw","c":"Kakamega"}},{"type":"Feature","geometry":{"type":"Point","coordinates":[34.824263,0.517229]},"properties":{"id":"523274506","n":"CHEBWAI B PD 8","t":"pdw","c":"Kakamega"}},{"type":"Feature","geometry":{"type":"Point","coordinates":[34.850883,0.483972]},"properties":{"id":"523218993","n":"Fukoye A PD 10","t":"pdw","c":"Kakamega"}},{"type":"Feature","geometry":{"type":"Point","coordinates":[34.802399,0.536703]},"properties":{"id":"523232630","n":"Lugusi PD 20","t":"pdw","c":"Kakamega"}},{"type":"Feature","geometry":{"type":"Point","coordinates":[34.811176,0.512436]},"properties":{"id":"523206066","n":"TIMBITO A UP 2","t":"udw","c":"Kakamega"}},{"type":"Feature","geometry":{"type":"Point","coordinates":[34.869141,0.460789]},"properties":{"id":"523272102","n":"Shitirira Forest PS 4","t":"ps","c":"Kakamega"}},{"type":"Feature","geometry":{"type":"Point","coordinates":[34.775241,0.508545]},"properties":{"id":"523321893","n":"MWIYALA UD 2","t":"udw","c":"Kakamega"}},{"type":"Feature","geometry":{"type":"Point","coordinates":[34.87848,0.48161]},"properties":{"id":"84828680","n":"Harambee Community, Elijah Kwalanda Spring - 20167","t":"ps","c":"Kakamega"}},{"type":"Feature","geometry":{"type":"Point","coordinates":[34.848277,0.48152]},"properties":{"id":"523340920","n":"Fukoye A PD 13","t":"pdw","c":"Kakamega"}},{"type":"Feature","geometry":{"type":"Point","coordinates":[34.790868,0.513767]},"properties":{"id":"523303815","n":"MAKUCHE A UD 3","t":"udw","c":"Kakamega"}},{"type":"Feature","geometry":{"type":"Point","coordinates":[34.819472,0.533121]},"properties":{"id":"523315278","n":"MATSAKHA B PD 32","t":"pdw","c":"Kakamega"}},{"type":"Feature","geometry":{"type":"Point","coordinates":[34.810335,0.499746]},"properties":{"id":"523284572","n":"MUYUNDI B PD 1","t":"pdw","c":"Kakamega"}},{"type":"Feature","geometry":{"type":"Point","coordinates":[34.807709,0.473788]},"properties":{"id":"523339063","n":"SHIPALA PD 9","t":"pdw","c":"Kakamega"}},{"type":"Feature","geometry":{"type":"Point","coordinates":[34.800737,0.52571]},"properties":{"id":"523320768","n":"MATSAKHA A PD 7","t":"pdw","c":"Kakamega"}},{"type":"Feature","geometry":{"type":"Point","coordinates":[34.787715,0.51256]},"properties":{"id":"523339991","n":"MAKUCHE A PD 5","t":"pdw","c":"Kakamega"}},{"type":"Feature","geometry":{"type":"Point","coordinates":[34.827834,0.509624]},"properties":{"id":"523349053","n":"LUTINYE PD 44","t":"pdw","c":"Kakamega"}},{"type":"Feature","geometry":{"type":"Point","coordinates":[34.790493,0.517096]},"properties":{"id":"523240415","n":"MAKUCHE B UD 4","t":"udw","c":"Kakamega"}},{"type":"Feature","geometry":{"type":"Point","coordinates":[34.811055,0.51089]},"properties":{"id":"523345712","n":"TIMBITO A PD 3","t":"pdw","c":"Kakamega"}},{"type":"Feature","geometry":{"type":"Point","coordinates":[34.800942,0.510181]},"properties":{"id":"523251970","n":"SHIKULU PD 16","t":"pdw","c":"Kakamega"}},{"type":"Feature","geometry":{"type":"Point","coordinates":[34.836133,0.509141]},"properties":{"id":"523275923","n":"CHEBWAI C PD 7","t":"pdw","c":"Kakamega"}},{"type":"Feature","geometry":{"type":"Point","coordinates":[34.860536,0.504904]},"properties":{"id":"523332468","n":"Kharakha PD 7","t":"pdw","c":"Kakamega"}},{"type":"Feature","geometry":{"type":"Point","coordinates":[34.810743,0.550805]},"properties":{"id":"523315041","n":"Sango PD3","t":"pdw","c":"Kakamega"}},{"type":"Feature","geometry":{"type":"Point","coordinates":[34.772542,0.513925]},"properties":{"id":"523235286","n":"MWIYALA PS 5","t":"ps","c":"Kakamega"}},{"type":"Feature","geometry":{"type":"Point","coordinates":[34.821424,0.532638]},"properties":{"id":"523252641","n":"MATSAKHA B PD 38","t":"pdw","c":"Kakamega"}},{"type":"Feature","geometry":{"type":"Point","coordinates":[34.796399,0.491641]},"properties":{"id":"523239132","n":"CHEGULO A PD 2","t":"pdw","c":"Kakamega"}},{"type":"Feature","geometry":{"type":"Point","coordinates":[34.836889,0.52887]},"properties":{"id":"523321570","n":"Bateta UD 11","t":"udw","c":"Kakamega"}},{"type":"Feature","geometry":{"type":"Point","coordinates":[34.805462,0.525695]},"properties":{"id":"523238629","n":"MATSAKHA C PD 69","t":"pdw","c":"Kakamega"}},{"type":"Feature","geometry":{"type":"Point","coordinates":[34.8122,0.540239]},"properties":{"id":"523206073","n":"Mbande UD 38","t":"udw","c":"Kakamega"}},{"type":"Feature","geometry":{"type":"Point","coordinates":[34.814063,0.526707]},"properties":{"id":"523276065","n":"MATSAKHA C PD 8","t":"pdw","c":"Kakamega"}},{"type":"Feature","geometry":{"type":"Point","coordinates":[34.814413,0.530017]},"properties":{"id":"523302797","n":"MATSAKHA B PD 55","t":"pdw","c":"Kakamega"}},{"type":"Feature","geometry":{"type":"Point","coordinates":[34.858189,0.503434]},"properties":{"id":"523227078","n":"Cheptuli B PD 19","t":"pdw","c":"Kakamega"}},{"type":"Feature","geometry":{"type":"Point","coordinates":[34.811919,0.47572]},"properties":{"id":"523207483","n":"SHIPALA PD 5","t":"pdw","c":"Kakamega"}},{"type":"Feature","geometry":{"type":"Point","coordinates":[34.817733,0.53504]},"properties":{"id":"523289340","n":"MATSAKHA B PD 18","t":"pdw","c":"Kakamega"}},{"type":"Feature","geometry":{"type":"Point","coordinates":[34.819571,0.483394]},"properties":{"id":"523293633","n":"MUYUNDI A PD 13","t":"pdw","c":"Kakamega"}},{"type":"Feature","geometry":{"type":"Point","coordinates":[34.841454,0.485742]},"properties":{"id":"523265452","n":"Tande A PD 7","t":"pdw","c":"Kakamega"}},{"type":"Feature","geometry":{"type":"Point","coordinates":[34.838868,0.528621]},"properties":{"id":"523259686","n":"Mukhuyu UD 11","t":"udw","c":"Kakamega"}},{"type":"Feature","geometry":{"type":"Point","coordinates":[34.846067,0.505389]},"properties":{"id":"523200455","n":"Chevaywa B PD 4","t":"pdw","c":"Kakamega"}},{"type":"Feature","geometry":{"type":"Point","coordinates":[34.827468,0.496245]},"properties":{"id":"523225186","n":"LURAMBI PD 12","t":"pdw","c":"Kakamega"}},{"type":"Feature","geometry":{"type":"Point","coordinates":[34.818646,0.521164]},"properties":{"id":"523274441","n":"ST. MARTIN PD 10","t":"pdw","c":"Kakamega"}},{"type":"Feature","geometry":{"type":"Point","coordinates":[34.810101,0.543153]},"properties":{"id":"523246284","n":"Mbande PD 16","t":"pdw","c":"Kakamega"}},{"type":"Feature","geometry":{"type":"Point","coordinates":[34.819391,0.53761]},"properties":{"id":"523224123","n":"MATSAKHA B PD 25","t":"pdw","c":"Kakamega"}},{"type":"Feature","geometry":{"type":"Point","coordinates":[34.817459,0.539487]},"properties":{"id":"523284101","n":"SHARAMBATSA UD 12","t":"udw","c":"Kakamega"}},{"type":"Feature","geometry":{"type":"Point","coordinates":[34.828732,0.526635]},"properties":{"id":"523253563","n":"LUYESHE PD 20","t":"pdw","c":"Kakamega"}},{"type":"Feature","geometry":{"type":"Point","coordinates":[34.836679,0.507966]},"properties":{"id":"523286244","n":"Manyonje B PD 25","t":"pdw","c":"Kakamega"}},{"type":"Feature","geometry":{"type":"Point","coordinates":[34.812223,0.47592]},"properties":{"id":"523278665","n":"SHIPALA PD 4","t":"pdw","c":"Kakamega"}},{"type":"Feature","geometry":{"type":"Point","coordinates":[34.830504,0.521629]},"properties":{"id":"523268716","n":"LUTINYE PD 14","t":"pdw","c":"Kakamega"}},{"type":"Feature","geometry":{"type":"Point","coordinates":[34.866042,0.487562]},"properties":{"id":"523195591","n":"Mukavakava PD 12","t":"pdw","c":"Kakamega"}},{"type":"Feature","geometry":{"type":"Point","coordinates":[34.79466,0.510001]},"properties":{"id":"523332152","n":"LUVAMBO PD 6","t":"pdw","c":"Kakamega"}},{"type":"Feature","geometry":{"type":"Point","coordinates":[34.838469,0.50149]},"properties":{"id":"523281218","n":"Manyonje A PS 6","t":"ps","c":"Kakamega"}},{"type":"Feature","geometry":{"type":"Point","coordinates":[34.830208,0.508726]},"properties":{"id":"523328625","n":"LUTINYE PD 42","t":"pdw","c":"Kakamega"}},{"type":"Feature","geometry":{"type":"Point","coordinates":[34.837647,0.505512]},"properties":{"id":"523272456","n":"Manyonje A PD 4","t":"pdw","c":"Kakamega"}},{"type":"Feature","geometry":{"type":"Point","coordinates":[34.837425,0.509286]},"properties":{"id":"523259019","n":"Manyonje B PD 3","t":"pdw","c":"Kakamega"}},{"type":"Feature","geometry":{"type":"Point","coordinates":[34.827869,0.520009]},"properties":{"id":"523321264","n":"LUYESHE PD 22","t":"pdw","c":"Kakamega"}},{"type":"Feature","geometry":{"type":"Point","coordinates":[34.82761,0.513404]},"properties":{"id":"523234780","n":"LUTINYE PD 32","t":"pdw","c":"Kakamega"}},{"type":"Feature","geometry":{"type":"Point","coordinates":[34.860953,0.502524]},"properties":{"id":"523274427","n":"Kharakha PD 6","t":"pdw","c":"Kakamega"}},{"type":"Feature","geometry":{"type":"Point","coordinates":[34.816084,0.518854]},"properties":{"id":"523265335","n":"ST. MARTIN PD 22","t":"pdw","c":"Kakamega"}},{"type":"Feature","geometry":{"type":"Point","coordinates":[34.776845,0.510642]},"properties":{"id":"523270746","n":"NAMUSHIYA B PD 5","t":"pdw","c":"Kakamega"}},{"type":"Feature","geometry":{"type":"Point","coordinates":[34.808572,0.527505]},"properties":{"id":"523305233","n":"MATSAKHA C PD 53","t":"pdw","c":"Kakamega"}},{"type":"Feature","geometry":{"type":"Point","coordinates":[34.816909,0.520818]},"properties":{"id":"523225382","n":"ST. MARTIN PD 5","t":"pdw","c":"Kakamega"}},{"type":"Feature","geometry":{"type":"Point","coordinates":[34.792894,0.508261]},"properties":{"id":"523288095","n":"LUVAMBO PD 4","t":"pdw","c":"Kakamega"}},{"type":"Feature","geometry":{"type":"Point","coordinates":[34.810489,0.539609]},"properties":{"id":"523350563","n":"Mbande PD 42","t":"pdw","c":"Kakamega"}},{"type":"Feature","geometry":{"type":"Point","coordinates":[34.817256,0.521054]},"properties":{"id":"523284929","n":"ST. MARTIN PD 6","t":"pdw","c":"Kakamega"}},{"type":"Feature","geometry":{"type":"Point","coordinates":[34.838904,0.518322]},"properties":{"id":"523308119","n":"Manyonje B PD 16","t":"pdw","c":"Kakamega"}},{"type":"Feature","geometry":{"type":"Point","coordinates":[34.816268,0.542262]},"properties":{"id":"523192581","n":"SHARAMBATSA PD 25","t":"pdw","c":"Kakamega"}},{"type":"Feature","geometry":{"type":"Point","coordinates":[34.857344,0.489331]},"properties":{"id":"523244330","n":"Fukoye A PS 3","t":"ps","c":"Kakamega"}},{"type":"Feature","geometry":{"type":"Point","coordinates":[34.855422,0.472576]},"properties":{"id":"679035318","n":"Muhoni Village, Juma Oloo Spring - 410009","t":"ps","c":"Kakamega"}},{"type":"Feature","geometry":{"type":"Point","coordinates":[34.807509,0.547687]},"properties":{"id":"523257842","n":"Mbande UD 13","t":"udw","c":"Kakamega"}},{"type":"Feature","geometry":{"type":"Point","coordinates":[34.850991,0.504853]},"properties":{"id":"523281414","n":"Chevaywa B UD 17","t":"udw","c":"Kakamega"}},{"type":"Feature","geometry":{"type":"Point","coordinates":[34.845955,0.468039]},"properties":{"id":"523291552","n":"Makhwabuye US 6","t":"us","c":"Kakamega"}},{"type":"Feature","geometry":{"type":"Point","coordinates":[34.810207,0.523673]},"properties":{"id":"523249737","n":"MATSAKHA C UD 60","t":"udw","c":"Kakamega"}},{"type":"Feature","geometry":{"type":"Point","coordinates":[34.862977,0.500982]},"properties":{"id":"523203025","n":"Kharakha US 8","t":"pdw","c":"Kakamega"}},{"type":"Feature","geometry":{"type":"Point","coordinates":[34.82085,0.515592]},"properties":{"id":"523260646","n":"CHEBWAI B US","t":"us","c":"Kakamega"}},{"type":"Feature","geometry":{"type":"Point","coordinates":[34.853948,0.472278]},"properties":{"id":"523337377","n":"Muhoni PS 2","t":"ps","c":"Kakamega"}},{"type":"Feature","geometry":{"type":"Point","coordinates":[34.828378,0.515777]},"properties":{"id":"523326582","n":"LUTINYE PD 25","t":"pdw","c":"Kakamega"}},{"type":"Feature","geometry":{"type":"Point","coordinates":[34.813609,0.475093]},"properties":{"id":"523333184","n":"SHIPALA US 6","t":"us","c":"Kakamega"}},{"type":"Feature","geometry":{"type":"Point","coordinates":[34.794395,0.499874]},"properties":{"id":"523237738","n":"MAKALE A PD 4","t":"pdw","c":"Kakamega"}},{"type":"Feature","geometry":{"type":"Point","coordinates":[34.794323,0.523629]},"properties":{"id":"523204497","n":"Lugusi PD 53","t":"pdw","c":"Kakamega"}},{"type":"Feature","geometry":{"type":"Point","coordinates":[34.837022,0.510195]},"properties":{"id":"523325017","n":"Manyonje B PD 6","t":"pdw","c":"Kakamega"}},{"type":"Feature","geometry":{"type":"Point","coordinates":[34.809577,0.525392]},"properties":{"id":"523241409","n":"MATSAKHA C PD 57","t":"pdw","c":"Kakamega"}},{"type":"Feature","geometry":{"type":"Point","coordinates":[34.838007,0.5069]},"properties":{"id":"523289869","n":"Manyonje A PD 2","t":"pdw","c":"Kakamega"}},{"type":"Feature","geometry":{"type":"Point","coordinates":[34.841272,0.515604]},"properties":{"id":"523324030","n":"Chevaywa A PD 16","t":"pdw","c":"Kakamega"}},{"type":"Feature","geometry":{"type":"Point","coordinates":[34.820332,0.539463]},"properties":{"id":"503716","n":"Matasha Mwanje Spring - Pilot - 4997","t":"ps","c":"Kakamega"}},{"type":"Feature","geometry":{"type":"Point","coordinates":[34.818966,0.500881]},"properties":{"id":"523285511","n":"LURAMBI PD 5","t":"pdw","c":"Kakamega"}},{"type":"Feature","geometry":{"type":"Point","coordinates":[34.869107,0.483851]},"properties":{"id":"523325055","n":"Mukavakava PD 10","t":"pdw","c":"Kakamega"}},{"type":"Feature","geometry":{"type":"Point","coordinates":[34.814793,0.523389]},"properties":{"id":"523298827","n":"MATSAKHA C PD 24","t":"pdw","c":"Kakamega"}},{"type":"Feature","geometry":{"type":"Point","coordinates":[34.801935,0.501064]},"properties":{"id":"523330521","n":"MAKALE B PD 1","t":"udw","c":"Kakamega"}},{"type":"Feature","geometry":{"type":"Point","coordinates":[34.835997,0.512309]},"properties":{"id":"523280420","n":"CHEBWAI C PD 5","t":"pdw","c":"Kakamega"}},{"type":"Feature","geometry":{"type":"Point","coordinates":[34.874178,0.48098]},"properties":{"id":"523241272","n":"Mukavakava US 7","t":"us","c":"Kakamega"}},{"type":"Feature","geometry":{"type":"Point","coordinates":[34.794309,0.511424]},"properties":{"id":"523251183","n":"LUVAMBO A PD 2","t":"pdw","c":"Kakamega"}},{"type":"Feature","geometry":{"type":"Point","coordinates":[34.817749,0.531026]},"properties":{"id":"523282305","n":"MATSAKHA B PD 46","t":"pdw","c":"Kakamega"}},{"type":"Feature","geometry":{"type":"Point","coordinates":[34.778307,0.510221]},"properties":{"id":"523319382","n":"NAMUSHIYA B PD 4","t":"pdw","c":"Kakamega"}},{"type":"Feature","geometry":{"type":"Point","coordinates":[34.824101,0.481223]},"properties":{"id":"523253240","n":"Namanja PS 1","t":"ps","c":"Kakamega"}},{"type":"Feature","geometry":{"type":"Point","coordinates":[34.80032,0.511768]},"properties":{"id":"523312804","n":"SHIKULU PD 14","t":"pdw","c":"Kakamega"}},{"type":"Feature","geometry":{"type":"Point","coordinates":[34.807645,0.546889]},"properties":{"id":"523250663","n":"Mbande UD 12","t":"udw","c":"Kakamega"}},{"type":"Feature","geometry":{"type":"Point","coordinates":[34.805325,0.531443]},"properties":{"id":"523204411","n":"MATSAKHA A PD 16","t":"bh","c":"Kakamega"}},{"type":"Feature","geometry":{"type":"Point","coordinates":[34.823092,0.526193]},"properties":{"id":"16871083","n":"Luyeshe, Simwa Spring - 4857","t":"ps","c":"Kakamega"}},{"type":"Feature","geometry":{"type":"Point","coordinates":[34.862279,0.501518]},"properties":{"id":"523258757","n":"Kharakha PD 5","t":"pdw","c":"Kakamega"}},{"type":"Feature","geometry":{"type":"Point","coordinates":[34.775466,0.512408]},"properties":{"id":"523237635","n":"NAMUSHIYA B PD 6","t":"pdw","c":"Kakamega"}},{"type":"Feature","geometry":{"type":"Point","coordinates":[34.802764,0.516784]},"properties":{"id":"523206932","n":"LUVAMBO A PD 3","t":"pdw","c":"Kakamega"}},{"type":"Feature","geometry":{"type":"Point","coordinates":[34.796699,0.528609]},"properties":{"id":"523233583","n":"Lugusi PD 39","t":"pdw","c":"Kakamega"}},{"type":"Feature","geometry":{"type":"Point","coordinates":[34.814222,0.52556]},"properties":{"id":"523226462","n":"MATSAKHA C PD 20","t":"pdw","c":"Kakamega"}},{"type":"Feature","geometry":{"type":"Point","coordinates":[34.784749,0.52159]},"properties":{"id":"523313063","n":"LUANDA PD 13","t":"pdw","c":"Kakamega"}},{"type":"Feature","geometry":{"type":"Point","coordinates":[34.805228,0.538403]},"properties":{"id":"523275631","n":"Lugusi PD 8","t":"pdw","c":"Kakamega"}},{"type":"Feature","geometry":{"type":"Point","coordinates":[34.801921,0.505585]},"properties":{"id":"523266790","n":"MAKALE B PD 10","t":"pdw","c":"Kakamega"}},{"type":"Feature","geometry":{"type":"Point","coordinates":[34.817649,0.520883]},"properties":{"id":"523218333","n":"ST. MARTIN PD 7","t":"pdw","c":"Kakamega"}},{"type":"Feature","geometry":{"type":"Point","coordinates":[34.877626,0.47368]},"properties":{"id":"523251468","n":"Mungaha PD16","t":"pdw","c":"Kakamega"}},{"type":"Feature","geometry":{"type":"Point","coordinates":[34.815749,0.537772]},"properties":{"id":"523340061","n":"SHARAMBATSA PD 10","t":"pdw","c":"Kakamega"}},{"type":"Feature","geometry":{"type":"Point","coordinates":[34.81425,0.475529]},"properties":{"id":"523325574","n":"Makale US 3","t":"us","c":"Kakamega"}},{"type":"Feature","geometry":{"type":"Point","coordinates":[34.795265,0.527222]},"properties":{"id":"523329217","n":"Lugusi DD 47","t":"pdw","c":"Kakamega"}},{"type":"Feature","geometry":{"type":"Point","coordinates":[34.76197,0.508366]},"properties":{"id":"523318264","n":"SHIVAGALA A PS 1","t":"ps","c":"Kakamega"}},{"type":"Feature","geometry":{"type":"Point","coordinates":[34.793788,0.495214]},"properties":{"id":"523293516","n":"CHEGULO B PS 5","t":"ps","c":"Kakamega"}},{"type":"Feature","geometry":{"type":"Point","coordinates":[34.805687,0.512638]},"properties":{"id":"4161598","n":"Timbito, Wakamu Spring - 4849","t":"ps","c":"Kakamega"}},{"type":"Feature","geometry":{"type":"Point","coordinates":[34.766945,0.499876]},"properties":{"id":"523200675","n":"LUGUSI PD 15","t":"pdw","c":"Kakamega"}},{"type":"Feature","geometry":{"type":"Point","coordinates":[34.87509,0.476624]},"properties":{"id":"523271895","n":"Harambee PD 7","t":"pdw","c":"Kakamega"}},{"type":"Feature","geometry":{"type":"Point","coordinates":[34.874392,0.470537]},"properties":{"id":"523323943","n":"Mungakha Forest PD 2","t":"pdw","c":"Kakamega"}},{"type":"Feature","geometry":{"type":"Point","coordinates":[34.791931,0.512805]},"properties":{"id":"523240594","n":"MAKUCHE A PD 1","t":"udw","c":"Kakamega"}},{"type":"Feature","geometry":{"type":"Point","coordinates":[34.781499,0.512658]},"properties":{"id":"523246923","n":"NAMUSHIYA A PD 13","t":"pdw","c":"Kakamega"}},{"type":"Feature","geometry":{"type":"Point","coordinates":[34.803212,0.490899]},"properties":{"id":"523276072","n":"MAHUSI B US 8","t":"us","c":"Kakamega"}},{"type":"Feature","geometry":{"type":"Point","coordinates":[34.820685,0.489495]},"properties":{"id":"84830658","n":"Muyundi Community, Magana Spring - 21026","t":"ps","c":"Kakamega"}},{"type":"Feature","geometry":{"type":"Point","coordinates":[34.793533,0.498855]},"properties":{"id":"523207184","n":"MAKALE A PD 5","t":"pdw","c":"Kakamega"}},{"type":"Feature","geometry":{"type":"Point","coordinates":[34.81701,0.524129]},"properties":{"id":"523316035","n":"ST. MARTIN PD 2","t":"pdw","c":"Kakamega"}},{"type":"Feature","geometry":{"type":"Point","coordinates":[34.830187,0.423357]},"properties":{"id":"523316932","n":"Lutali A PD 9","t":"pdw","c":"Kakamega"}},{"type":"Feature","geometry":{"type":"Point","coordinates":[34.854472,0.445815]},"properties":{"id":"523320256","n":"Isanjiro A PD 8","t":"pdw","c":"Kakamega"}},{"type":"Feature","geometry":{"type":"Point","coordinates":[34.815427,0.417193]},"properties":{"id":"523352541","n":"Muchemo PD6","t":"pdw","c":"Kakamega"}},{"type":"Feature","geometry":{"type":"Point","coordinates":[34.888982,0.457438]},"properties":{"id":"523247759","n":"Masungutsa PD17","t":"pdw","c":"Kakamega"}},{"type":"Feature","geometry":{"type":"Point","coordinates":[34.87233,0.437352]},"properties":{"id":"523235846","n":"Samuluri PS2","t":"ps","c":"Kakamega"}},{"type":"Feature","geometry":{"type":"Point","coordinates":[34.841903,0.424985]},"properties":{"id":"523271668","n":"Shivikhwa B PD 2","t":"pdw","c":"Kakamega"}},{"type":"Feature","geometry":{"type":"Point","coordinates":[34.875008,0.467165]},"properties":{"id":"523317782","n":"Mungaha UD3","t":"udw","c":"Kakamega"}},{"type":"Feature","geometry":{"type":"Point","coordinates":[34.904335,0.483207]},"properties":{"id":"523240491","n":"Teresia PD 6","t":"pdw","c":"Kakamega"}},{"type":"Feature","geometry":{"type":"Point","coordinates":[34.856549,0.413795]},"properties":{"id":"523242606","n":"Kakoyi PD5","t":"pdw","c":"Kakamega"}},{"type":"Feature","geometry":{"type":"Point","coordinates":[34.886808,0.472894]},"properties":{"id":"523324607","n":"Luyeshe PD7","t":"pdw","c":"Kakamega"}},{"type":"Feature","geometry":{"type":"Point","coordinates":[34.906585,0.43377]},"properties":{"id":"523212942","n":"Bahai PD 1","t":"pdw","c":"Kakamega"}},{"type":"Feature","geometry":{"type":"Point","coordinates":[34.891312,0.457174]},"properties":{"id":"523248530","n":"Masungutsa PD9","t":"pdw","c":"Kakamega"}},{"type":"Feature","geometry":{"type":"Point","coordinates":[34.894477,0.442357]},"properties":{"id":"523228309","n":"Machemo PS 2","t":"ps","c":"Kakamega"}},{"type":"Feature","geometry":{"type":"Point","coordinates":[34.842758,0.415253]},"properties":{"id":"523349943","n":"Iyala PD3","t":"pdw","c":"Kakamega"}},{"type":"Feature","geometry":{"type":"Point","coordinates":[34.846309,0.405429]},"properties":{"id":"523197414","n":"Tumaini PD2","t":"pdw","c":"Kakamega"}},{"type":"Feature","geometry":{"type":"Point","coordinates":[34.925196,0.435777]},"properties":{"id":"523214298","n":"Mukhonje B PD 1","t":"pdw","c":"Kakamega"}},{"type":"Feature","geometry":{"type":"Point","coordinates":[34.934555,0.444564]},"properties":{"id":"523342056","n":"Mache B PS 1","t":"ps","c":"Kakamega"}},{"type":"Feature","geometry":{"type":"Point","coordinates":[34.882428,0.436001]},"properties":{"id":"523337432","n":"Jilca PD16","t":"pdw","c":"Kakamega"}},{"type":"Feature","geometry":{"type":"Point","coordinates":[34.905968,0.45341]},"properties":{"id":"523281823","n":"Lurale PD 2","t":"pdw","c":"Kakamega"}},{"type":"Feature","geometry":{"type":"Point","coordinates":[34.874069,0.467382]},"properties":{"id":"523200242","n":"Mungakha Forest PD 1","t":"pdw","c":"Kakamega"}},{"type":"Feature","geometry":{"type":"Point","coordinates":[34.831272,0.416593]},"properties":{"id":"523231828","n":"Lusumu PD8","t":"pdw","c":"Kakamega"}},{"type":"Feature","geometry":{"type":"Point","coordinates":[34.886679,0.466388]},"properties":{"id":"523308944","n":"Lugusi PD16","t":"pdw","c":"Kakamega"}},{"type":"Feature","geometry":{"type":"Point","coordinates":[34.881018,0.472154]},"properties":{"id":"523278483","n":"Mungaha PD19","t":"pdw","c":"Kakamega"}},{"type":"Feature","geometry":{"type":"Point","coordinates":[34.845422,0.405147]},"properties":{"id":"523255833","n":"Tumaini PD4","t":"pdw","c":"Kakamega"}},{"type":"Feature","geometry":{"type":"Point","coordinates":[34.8268,0.422647]},"properties":{"id":"523200510","n":"Lutali A PD 6","t":"pdw","c":"Kakamega"}},{"type":"Feature","geometry":{"type":"Point","coordinates":[34.879158,0.470007]},"properties":{"id":"523261135","n":"Mungaha PD9","t":"pdw","c":"Kakamega"}},{"type":"Feature","geometry":{"type":"Point","coordinates":[34.819387,0.417533]},"properties":{"id":"523214205","n":"Muting'ong'o PD10","t":"pdw","c":"Kakamega"}},{"type":"Feature","geometry":{"type":"Point","coordinates":[34.878793,0.438072]},"properties":{"id":"523261836","n":"Samuluri US1","t":"us","c":"Kakamega"}},{"type":"Feature","geometry":{"type":"Point","coordinates":[34.84002,0.415132]},"properties":{"id":"523338684","n":"Iyala PD2","t":"pdw","c":"Kakamega"}},{"type":"Feature","geometry":{"type":"Point","coordinates":[34.82495,0.406932]},"properties":{"id":"523301765","n":"Wetesa PD22","t":"pdw","c":"Kakamega"}},{"type":"Feature","geometry":{"type":"Point","coordinates":[34.930233,0.451403]},"properties":{"id":"523314356","n":"Shirulo PD 2","t":"pdw","c":"Kakamega"}},{"type":"Feature","geometry":{"type":"Point","coordinates":[34.826777,0.41781]},"properties":{"id":"523252988","n":"Lusumu PD2","t":"pdw","c":"Kakamega"}},{"type":"Feature","geometry":{"type":"Point","coordinates":[34.869053,0.441462]},"properties":{"id":"523238234","n":"Musingu PS1","t":"ps","c":"Kakamega"}},{"type":"Feature","geometry":{"type":"Point","coordinates":[34.911231,0.431273]},"properties":{"id":"523326661","n":"Kimang'eti PD 35","t":"pdw","c":"Kakamega"}},{"type":"Feature","geometry":{"type":"Point","coordinates":[34.85036,0.419435]},"properties":{"id":"523248059","n":"Luwaya PD8","t":"pdw","c":"Kakamega"}},{"type":"Feature","geometry":{"type":"Point","coordinates":[34.841951,0.422254]},"properties":{"id":"523217394","n":"Luwaya PD13","t":"pdw","c":"Kakamega"}},{"type":"Feature","geometry":{"type":"Point","coordinates":[34.850337,0.400195]},"properties":{"id":"423406681","n":"Tumaini Community, Kutondo Spring - 22025","t":"ps","c":"Kakamega"}},{"type":"Feature","geometry":{"type":"Point","coordinates":[34.845095,0.404802]},"properties":{"id":"523211013","n":"Tumaini UD1","t":"udw","c":"Kakamega"}},{"type":"Feature","geometry":{"type":"Point","coordinates":[34.895913,0.467259]},"properties":{"id":"523242943","n":"Munyanya PD3","t":"pdw","c":"Kakamega"}},{"type":"Feature","geometry":{"type":"Point","coordinates":[34.880273,0.470258]},"properties":{"id":"523238698","n":"Mungaha PD21","t":"pdw","c":"Kakamega"}},{"type":"Feature","geometry":{"type":"Point","coordinates":[34.91025,0.43792]},"properties":{"id":"523246150","n":"Kimang'eti PD 16","t":"pdw","c":"Kakamega"}},{"type":"Feature","geometry":{"type":"Point","coordinates":[34.876892,0.459735]},"properties":{"id":"416580817","n":"Shitirira Community, Lutomia Kwalanda Spring - 22099","t":"ps","c":"Kakamega"}},{"type":"Feature","geometry":{"type":"Point","coordinates":[34.901134,0.471309]},"properties":{"id":"523333328","n":"Chemuche PD 1","t":"pdw","c":"Kakamega"}},{"type":"Feature","geometry":{"type":"Point","coordinates":[34.865359,0.440661]},"properties":{"id":"523195759","n":"Musingu PD7","t":"pdw","c":"Kakamega"}},{"type":"Feature","geometry":{"type":"Point","coordinates":[34.831583,0.42628]},"properties":{"id":"523245946","n":"Lutali A PD 15","t":"pdw","c":"Kakamega"}},{"type":"Feature","geometry":{"type":"Point","coordinates":[34.847997,0.418507]},"properties":{"id":"523303217","n":"Luwaya PD8","t":"pdw","c":"Kakamega"}},{"type":"Feature","geometry":{"type":"Point","coordinates":[34.915706,0.455943]},"properties":{"id":"523338361","n":"Lutali B PS 1","t":"ps","c":"Kakamega"}},{"type":"Feature","geometry":{"type":"Point","coordinates":[34.866013,0.443791]},"properties":{"id":"523196475","n":"Musingu PD1","t":"pdw","c":"Kakamega"}},{"type":"Feature","geometry":{"type":"Point","coordinates":[34.899424,0.42938]},"properties":{"id":"523319014","n":"Bahai PD 10","t":"pdw","c":"Kakamega"}},{"type":"Feature","geometry":{"type":"Point","coordinates":[34.858397,0.450253]},"properties":{"id":"523330002","n":"Isanjiro D PD 6","t":"pdw","c":"Kakamega"}},{"type":"Feature","geometry":{"type":"Point","coordinates":[34.826052,0.411414]},"properties":{"id":"493192642","n":"Muting'Ong'O Community,Haron Amkabwa Spring - 23100","t":"ps","c":"Kakamega"}},{"type":"Feature","geometry":{"type":"Point","coordinates":[34.891892,0.454564]},"properties":{"id":"523239204","n":"Masungutsa PD12","t":"pdw","c":"Kakamega"}},{"type":"Feature","geometry":{"type":"Point","coordinates":[34.890247,0.457582]},"properties":{"id":"523339685","n":"Masungutsa PD7","t":"pdw","c":"Kakamega"}},{"type":"Feature","geometry":{"type":"Point","coordinates":[34.939747,0.441813]},"properties":{"id":"523306980","n":"Mache B PS 3","t":"ps","c":"Kakamega"}},{"type":"Feature","geometry":{"type":"Point","coordinates":[34.873563,0.425944]},"properties":{"id":"523202952","n":"Jilca PD2","t":"udw","c":"Kakamega"}},{"type":"Feature","geometry":{"type":"Point","coordinates":[34.824623,0.412102]},"properties":{"id":"523222389","n":"Muting'ong'o US2","t":"us","c":"Kakamega"}},{"type":"Feature","geometry":{"type":"Point","coordinates":[34.886615,0.43969]},"properties":{"id":"523252878","n":"Shitirira B PD19","t":"pdw","c":"Kakamega"}},{"type":"Feature","geometry":{"type":"Point","coordinates":[34.905415,0.435965]},"properties":{"id":"523289900","n":"Kimang'eti UD 4","t":"udw","c":"Kakamega"}},{"type":"Feature","geometry":{"type":"Point","coordinates":[34.933645,0.448992]},"properties":{"id":"523262909","n":"Shirulo PS 2","t":"ps","c":"Kakamega"}},{"type":"Feature","geometry":{"type":"Point","coordinates":[34.82044,0.410847]},"properties":{"id":"523197043","n":"Muchemo PD20","t":"pdw","c":"Kakamega"}},{"type":"Feature","geometry":{"type":"Point","coordinates":[34.870172,0.440075]},"properties":{"id":"523264657","n":"Musingu PD3","t":"pdw","c":"Kakamega"}},{"type":"Feature","geometry":{"type":"Point","coordinates":[34.92065,0.44485]},"properties":{"id":"523282408","n":"Mukhonje B PD 4","t":"pdw","c":"Kakamega"}},{"type":"Feature","geometry":{"type":"Point","coordinates":[34.902193,0.48186]},"properties":{"id":"523291758","n":"Chevaywa US 1","t":"us","c":"Kakamega"}},{"type":"Feature","geometry":{"type":"Point","coordinates":[34.851749,0.418375]},"properties":{"id":"523345499","n":"Luwaya PD5","t":"pdw","c":"Kakamega"}},{"type":"Feature","geometry":{"type":"Point","coordinates":[34.90211,0.43623]},"properties":{"id":"4109862","n":"Machemo Community Well Rehabilitation - 4400","t":"pdw","c":"Kakamega"}},{"type":"Feature","geometry":{"type":"Point","coordinates":[34.826036,0.418686]},"properties":{"id":"523308229","n":"Lusumu US1","t":"us","c":"Kakamega"}},{"type":"Feature","geometry":{"type":"Point","coordinates":[34.873805,0.446233]},"properties":{"id":"523335911","n":"Shitirira B PD31","t":"pdw","c":"Kakamega"}},{"type":"Feature","geometry":{"type":"Point","coordinates":[34.889702,0.456032]},"properties":{"id":"523193393","n":"Masungutsa PD15","t":"pdw","c":"Kakamega"}},{"type":"Feature","geometry":{"type":"Point","coordinates":[34.837447,0.410202]},"properties":{"id":"523311621","n":"Mukhonje PD8","t":"pdw","c":"Kakamega"}},{"type":"Feature","geometry":{"type":"Point","coordinates":[34.939902,0.439783]},"properties":{"id":"523314105","n":"Mache B PD 9","t":"pdw","c":"Kakamega"}},{"type":"Feature","geometry":{"type":"Point","coordinates":[34.906855,0.460053]},"properties":{"id":"523292388","n":"Lurale PS 2","t":"ps","c":"Kakamega"}},{"type":"Feature","geometry":{"type":"Point","coordinates":[34.906231,0.44618]},"properties":{"id":"523257512","n":"Shilongo US 1","t":"us","c":"Kakamega"}},{"type":"Feature","geometry":{"type":"Point","coordinates":[34.855211,0.41339]},"properties":{"id":"523248781","n":"Kakoyi PD5","t":"pdw","c":"Kakamega"}},{"type":"Feature","geometry":{"type":"Point","coordinates":[34.86821,0.42966]},"properties":{"id":"523335557","n":"Tumbeni PD2","t":"pdw","c":"Kakamega"}},{"type":"Feature","geometry":{"type":"Point","coordinates":[34.840388,0.422248]},"properties":{"id":"523252452","n":"Luwaya PD14","t":"pdw","c":"Kakamega"}},{"type":"Feature","geometry":{"type":"Point","coordinates":[34.868872,0.430208]},"properties":{"id":"523209942","n":"Tumbeni BH1","t":"bh","c":"Kakamega"}},{"type":"Feature","geometry":{"type":"Point","coordinates":[34.883648,0.468213]},"properties":{"id":"523315412","n":"Namatala PD 17","t":"pdw","c":"Kakamega"}},{"type":"Feature","geometry":{"type":"Point","coordinates":[34.876424,0.466267]},"properties":{"id":"523262363","n":"Mungaha UD4","t":"udw","c":"Kakamega"}},{"type":"Feature","geometry":{"type":"Point","coordinates":[34.832392,0.422465]},"properties":{"id":"523243322","n":"Lutali B PD 9","t":"pdw","c":"Kakamega"}},{"type":"Feature","geometry":{"type":"Point","coordinates":[34.89361,0.454199]},"properties":{"id":"523270090","n":"Masungutsa UD3","t":"udw","c":"Kakamega"}},{"type":"Feature","geometry":{"type":"Point","coordinates":[34.832568,0.41621]},"properties":{"id":"523272717","n":"Lusumu PD10","t":"pdw","c":"Kakamega"}},{"type":"Feature","geometry":{"type":"Point","coordinates":[34.8797,0.466434]},"properties":{"id":"523260048","n":"Lugusi PD2","t":"pdw","c":"Kakamega"}},{"type":"Feature","geometry":{"type":"Point","coordinates":[34.857795,0.425351]},"properties":{"id":"523263993","n":"Musalaba PD13","t":"pdw","c":"Kakamega"}},{"type":"Feature","geometry":{"type":"Point","coordinates":[34.856897,0.429342]},"properties":{"id":"523298047","n":"Musalaba PD10","t":"pdw","c":"Kakamega"}},{"type":"Feature","geometry":{"type":"Point","coordinates":[34.898602,0.476398]},"properties":{"id":"523244718","n":"Luanda PD 8","t":"pdw","c":"Kakamega"}},{"type":"Feature","geometry":{"type":"Point","coordinates":[34.915392,0.473088]},"properties":{"id":"523195955","n":"Malichi A PS 1","t":"ps","c":"Kakamega"}},{"type":"Feature","geometry":{"type":"Point","coordinates":[34.842505,0.417512]},"properties":{"id":"366924899","n":"Iyala Community, Iyala Spring - 22004","t":"ps","c":"Kakamega"}},{"type":"Feature","geometry":{"type":"Point","coordinates":[34.822368,0.410827]},"properties":{"id":"523296904","n":"Muting'ong'o PD2","t":"pdw","c":"Kakamega"}},{"type":"Feature","geometry":{"type":"Point","coordinates":[34.822872,0.427993]},"properties":{"id":"523318226","n":"Musungu A PD 12","t":"pdw","c":"Kakamega"}},{"type":"Feature","geometry":{"type":"Point","coordinates":[34.880653,0.465956]},"properties":{"id":"523332437","n":"Lugusi PD7","t":"pdw","c":"Kakamega"}},{"type":"Feature","geometry":{"type":"Point","coordinates":[34.908515,0.448931]},"properties":{"id":"523324872","n":"Shilongo PD 6","t":"pdw","c":"Kakamega"}},{"type":"Feature","geometry":{"type":"Point","coordinates":[34.821293,0.410535]},"properties":{"id":"523325347","n":"Muting'ong'o PD12","t":"pdw","c":"Kakamega"}},{"type":"Feature","geometry":{"type":"Point","coordinates":[34.90167,0.480937]},"properties":{"id":"523206107","n":"Chevaywa PD 1","t":"pdw","c":"Kakamega"}},{"type":"Feature","geometry":{"type":"Point","coordinates":[34.886675,0.474158]},"properties":{"id":"523269920","n":"Luyeshe PD12","t":"pdw","c":"Kakamega"}},{"type":"Feature","geometry":{"type":"Point","coordinates":[34.894721,0.462618]},"properties":{"id":"523285944","n":"Masungutsa PD1","t":"pdw","c":"Kakamega"}},{"type":"Feature","geometry":{"type":"Point","coordinates":[34.875938,0.465545]},"properties":{"id":"523298188","n":"Mungaha UD1","t":"udw","c":"Kakamega"}},{"type":"Feature","geometry":{"type":"Point","coordinates":[34.875668,0.438463]},"properties":{"id":"523248145","n":"samuluri US2","t":"us","c":"Kakamega"}},{"type":"Feature","geometry":{"type":"Point","coordinates":[34.884639,0.470312]},"properties":{"id":"523237556","n":"Namatala PD 9","t":"pdw","c":"Kakamega"}},{"type":"Feature","geometry":{"type":"Point","coordinates":[34.856843,0.438405]},"properties":{"id":"523268170","n":"Isanjiro B2 US 7","t":"us","c":"Kakamega"}},{"type":"Feature","geometry":{"type":"Point","coordinates":[34.830373,0.424778]},"properties":{"id":"523239431","n":"Lutali A PD 12","t":"pdw","c":"Kakamega"}},{"type":"Feature","geometry":{"type":"Point","coordinates":[34.827835,0.416707]},"properties":{"id":"523318154","n":"Lusumu PD5","t":"pdw","c":"Kakamega"}},{"type":"Feature","geometry":{"type":"Point","coordinates":[34.92004,0.442678]},"properties":{"id":"523331931","n":"Mukhonje B PD 5","t":"pdw","c":"Kakamega"}},{"type":"Feature","geometry":{"type":"Point","coordinates":[34.823339,0.407932]},"properties":{"id":"523287898","n":"Wetesa PD24","t":"pdw","c":"Kakamega"}},{"type":"Feature","geometry":{"type":"Point","coordinates":[34.848968,0.418538]},"properties":{"id":"523287719","n":"Luwaya PD9","t":"pdw","c":"Kakamega"}},{"type":"Feature","geometry":{"type":"Point","coordinates":[34.895049,0.463063]},"properties":{"id":"523194600","n":"Munyanya PD7","t":"pdw","c":"Kakamega"}},{"type":"Feature","geometry":{"type":"Point","coordinates":[34.895692,0.462705]},"properties":{"id":"523289467","n":"Malichi B BH 1","t":"bh","c":"Kakamega"}},{"type":"Feature","geometry":{"type":"Point","coordinates":[34.88729,0.457425]},"properties":{"id":"523252737","n":"Masungutsa PD5","t":"pdw","c":"Kakamega"}},{"type":"Feature","geometry":{"type":"Point","coordinates":[34.909655,0.444513]},"properties":{"id":"523281641","n":"Machemo US 2","t":"us","c":"Kakamega"}},{"type":"Feature","geometry":{"type":"Point","coordinates":[34.892292,0.465067]},"properties":{"id":"523346311","n":"Munyanya UD1","t":"udw","c":"Kakamega"}},{"type":"Feature","geometry":{"type":"Point","coordinates":[34.84797,0.404278]},"properties":{"id":"523270069","n":"Tumaini US1","t":"us","c":"Kakamega"}},{"type":"Feature","geometry":{"type":"Point","coordinates":[34.92545,0.464033]},"properties":{"id":"523199155","n":"Lutali A UD 3","t":"udw","c":"Kakamega"}},{"type":"Feature","geometry":{"type":"Point","coordinates":[34.845019,0.416542]},"properties":{"id":"523259710","n":"Iyala PD10","t":"pdw","c":"Kakamega"}},{"type":"Feature","geometry":{"type":"Point","coordinates":[34.86856,0.43352]},"properties":{"id":"523208738","n":"Tumbeni BH1","t":"bh","c":"Kakamega"}},{"type":"Feature","geometry":{"type":"Point","coordinates":[34.880912,0.457297]},"properties":{"id":"523234412","n":"Shitirira A PD1","t":"pdw","c":"Kakamega"}},{"type":"Feature","geometry":{"type":"Point","coordinates":[34.863997,0.445113]},"properties":{"id":"736923136","n":"Makhwabuye community, Ikocheli spring - 410029","t":"ps","c":"Kakamega"}},{"type":"Feature","geometry":{"type":"Point","coordinates":[34.892915,0.476547]},"properties":{"id":"523247924","n":"Mukhuyu PD5","t":"pdw","c":"Kakamega"}},{"type":"Feature","geometry":{"type":"Point","coordinates":[34.920453,0.472445]},"properties":{"id":"523313049","n":"Bondeni UD 1","t":"udw","c":"Kakamega"}},{"type":"Feature","geometry":{"type":"Point","coordinates":[34.917665,0.44478]},"properties":{"id":"523203551","n":"Mukhonje B PD 6","t":"pdw","c":"Kakamega"}},{"type":"Feature","geometry":{"type":"Point","coordinates":[34.925358,0.457542]},"properties":{"id":"523333177","n":"Chimoroni PD 1","t":"pdw","c":"Kakamega"}},{"type":"Feature","geometry":{"type":"Point","coordinates":[34.916871,0.44261]},"properties":{"id":"523268448","n":"Mukhonje B US 2","t":"us","c":"Kakamega"}},{"type":"Feature","geometry":{"type":"Point","coordinates":[34.823852,0.421992]},"properties":{"id":"523340157","n":"Musungu A US 14","t":"us","c":"Kakamega"}},{"type":"Feature","geometry":{"type":"Point","coordinates":[34.876961,0.459819]},"properties":{"id":"523261609","n":"Shitirira C PS1","t":"ps","c":"Kakamega"}},{"type":"Feature","geometry":{"type":"Point","coordinates":[34.908021,0.424918]},"properties":{"id":"523311573","n":"Makhwabuyu A PD 15","t":"pdw","c":"Kakamega"}},{"type":"Feature","geometry":{"type":"Point","coordinates":[34.896117,0.464478]},"properties":{"id":"523258836","n":"Munyanya PD5","t":"pdw","c":"Kakamega"}},{"type":"Feature","geometry":{"type":"Point","coordinates":[34.8656,0.439864]},"properties":{"id":"523242376","n":"Musingu PD5","t":"pdw","c":"Kakamega"}},{"type":"Feature","geometry":{"type":"Point","coordinates":[34.92442,0.458355]},"properties":{"id":"523229726","n":"Lutali A PD 6","t":"pdw","c":"Kakamega"}},{"type":"Feature","geometry":{"type":"Point","coordinates":[34.92258,0.46661]},"properties":{"id":"523288167","n":"Bondeni PS 1","t":"ps","c":"Kakamega"}},{"type":"Feature","geometry":{"type":"Point","coordinates":[34.840276,0.408168]},"properties":{"id":"3750353","n":"Mukhonje Community - 4255","t":"pdw","c":"Kakamega"}},{"type":"Feature","geometry":{"type":"Point","coordinates":[34.923007,0.444982]},"properties":{"id":"523243274","n":"Mukhonje A UD 1","t":"udw","c":"Kakamega"}},{"type":"Feature","geometry":{"type":"Point","coordinates":[34.839799,0.421657]},"properties":{"id":"523196774","n":"Luwaya PD15","t":"pdw","c":"Kakamega"}},{"type":"Feature","geometry":{"type":"Point","coordinates":[34.881762,0.466418]},"properties":{"id":"523251138","n":"Namatala PD 23","t":"pdw","c":"Kakamega"}},{"type":"Feature","geometry":{"type":"Point","coordinates":[34.821276,0.417114]},"properties":{"id":"523286426","n":"Muting'ong'o PS3","t":"ps","c":"Kakamega"}},{"type":"Feature","geometry":{"type":"Point","coordinates":[34.844492,0.408757]},"properties":{"id":"523341907","n":"Tumaini PD10","t":"pdw","c":"Kakamega"}},{"type":"Feature","geometry":{"type":"Point","coordinates":[34.84137,0.402602]},"properties":{"id":"523305123","n":"Mukava PD3","t":"pdw","c":"Kakamega"}},{"type":"Feature","geometry":{"type":"Point","coordinates":[34.88635,0.468507]},"properties":{"id":"523347604","n":"Namatala PD 16","t":"pdw","c":"Kakamega"}},{"type":"Feature","geometry":{"type":"Point","coordinates":[34.919285,0.472957]},"properties":{"id":"523313403","n":"Lunyinya PD 4","t":"pdw","c":"Kakamega"}},{"type":"Feature","geometry":{"type":"Point","coordinates":[34.837491,0.402788]},"properties":{"id":"523311700","n":"Mukava PD4","t":"pdw","c":"Kakamega"}},{"type":"Feature","geometry":{"type":"Point","coordinates":[34.920893,0.43076]},"properties":{"id":"523327875","n":"SDA PD 3","t":"pdw","c":"Kakamega"}},{"type":"Feature","geometry":{"type":"Point","coordinates":[34.815197,0.41826]},"properties":{"id":"523197531","n":"Muchemo PD15","t":"pdw","c":"Kakamega"}},{"type":"Feature","geometry":{"type":"Point","coordinates":[34.90247,0.461755]},"properties":{"id":"523271871","n":"Malichi B PS 2","t":"ps","c":"Kakamega"}},{"type":"Feature","geometry":{"type":"Point","coordinates":[34.920048,0.458748]},"properties":{"id":"366925340","n":"Lutali A Community, Mulanda Chibole Spring - 22053","t":"ps","c":"Kakamega"}},{"type":"Feature","geometry":{"type":"Point","coordinates":[34.856333,0.447938]},"properties":{"id":"523221405","n":"Isanjiro A PD 9","t":"pdw","c":"Kakamega"}},{"type":"Feature","geometry":{"type":"Point","coordinates":[34.904971,0.441565]},"properties":{"id":"552713687","n":"Machemo Primary School - 22292","t":"bh","c":"Kakamega","d":80.0}},{"type":"Feature","geometry":{"type":"Point","coordinates":[34.935601,0.441081]},"properties":{"id":"523266044","n":"Mache B PD 6","t":"pdw","c":"Kakamega"}},{"type":"Feature","geometry":{"type":"Point","coordinates":[34.85345,0.444553]},"properties":{"id":"523305075","n":"Isanjiro A PD 1","t":"pdw","c":"Kakamega"}},{"type":"Feature","geometry":{"type":"Point","coordinates":[34.854784,0.440807]},"properties":{"id":"84829722","n":"Isanjiro Community, Musambai Spring - 21013","t":"ps","c":"Kakamega"}},{"type":"Feature","geometry":{"type":"Point","coordinates":[34.906033,0.43747]},"properties":{"id":"523236809","n":"Kimang'eti PD 27","t":"pdw","c":"Kakamega"}},{"type":"Feature","geometry":{"type":"Point","coordinates":[34.887257,0.470477]},"properties":{"id":"523199320","n":"Namatala PD 13","t":"pdw","c":"Kakamega"}},{"type":"Feature","geometry":{"type":"Point","coordinates":[34.846443,0.425037]},"properties":{"id":"711144097","n":"Shivikwa Primary School (St. Gerald) - 22283","t":"bh","c":"Kakamega","d":85.0}},{"type":"Feature","geometry":{"type":"Point","coordinates":[34.911577,0.43121]},"properties":{"id":"523290582","n":"Kimang'eti PD 37","t":"pdw","c":"Kakamega"}},{"type":"Feature","geometry":{"type":"Point","coordinates":[34.878142,0.445401]},"properties":{"id":"523320407","n":"Shitirira B PD25","t":"pdw","c":"Kakamega"}},{"type":"Feature","geometry":{"type":"Point","coordinates":[34.83203,0.405753]},"properties":{"id":"523333270","n":"Mukava UD4","t":"udw","c":"Kakamega"}},{"type":"Feature","geometry":{"type":"Point","coordinates":[34.891672,0.471142]},"properties":{"id":"523214968","n":"Luyeshe PD2","t":"pdw","c":"Kakamega"}},{"type":"Feature","geometry":{"type":"Point","coordinates":[34.875688,0.447639]},"properties":{"id":"523339506","n":"Shitirira A PD2","t":"pdw","c":"Kakamega"}},{"type":"Feature","geometry":{"type":"Point","coordinates":[34.891964,0.4485]},"properties":{"id":"523213321","n":"Isikhu PD6","t":"pdw","c":"Kakamega"}},{"type":"Feature","geometry":{"type":"Point","coordinates":[34.871739,0.445027]},"properties":{"id":"523224154","n":"Shitirira B PD29","t":"pdw","c":"Kakamega"}},{"type":"Feature","geometry":{"type":"Point","coordinates":[34.914807,0.468053]},"properties":{"id":"523342719","n":"Lunyinya PD 2","t":"pdw","c":"Kakamega"}},{"type":"Feature","geometry":{"type":"Point","coordinates":[34.838747,0.408645]},"properties":{"id":"523269528","n":"Mukhonje PD11","t":"pdw","c":"Kakamega"}},{"type":"Feature","geometry":{"type":"Point","coordinates":[34.874976,0.458091]},"properties":{"id":"523250852","n":"Shitirira A PD10","t":"pdw","c":"Kakamega"}},{"type":"Feature","geometry":{"type":"Point","coordinates":[34.843197,0.412153]},"properties":{"id":"523253893","n":"Kakoyi PD13","t":"pdw","c":"Kakamega"}},{"type":"Feature","geometry":{"type":"Point","coordinates":[34.87858,0.467237]},"properties":{"id":"523230528","n":"Mungaha PD5","t":"pdw","c":"Kakamega"}},{"type":"Feature","geometry":{"type":"Point","coordinates":[34.84739,0.416263]},"properties":{"id":"523328797","n":"Iyala PD9","t":"pdw","c":"Kakamega"}},{"type":"Feature","geometry":{"type":"Point","coordinates":[34.899781,0.42855]},"properties":{"id":"523322784","n":"Bahai PD 12","t":"pdw","c":"Kakamega"}},{"type":"Feature","geometry":{"type":"Point","coordinates":[34.93465,0.431579]},"properties":{"id":"423406502","n":"Lukhokho Community, Wakamo Wanyama Spring - 22061","t":"ps","c":"Kakamega"}},{"type":"Feature","geometry":{"type":"Point","coordinates":[34.900785,0.476482]},"properties":{"id":"523236926","n":"Luanda US 3","t":"us","c":"Kakamega"}},{"type":"Feature","geometry":{"type":"Point","coordinates":[34.849486,0.413989]},"properties":{"id":"523223610","n":"Kakoyi PD7","t":"pdw","c":"Kakamega"}},{"type":"Feature","geometry":{"type":"Point","coordinates":[34.910338,0.430813]},"properties":{"id":"523343772","n":"Bahai PD 13","t":"pdw","c":"Kakamega"}},{"type":"Feature","geometry":{"type":"Point","coordinates":[34.839455,0.411109]},"properties":{"id":"523340470","n":"Mukhonje PS1","t":"ps","c":"Kakamega"}},{"type":"Feature","geometry":{"type":"Point","coordinates":[34.891407,0.446142]},"properties":{"id":"523197081","n":"Isikhu PD8","t":"pdw","c":"Kakamega"}},{"type":"Feature","geometry":{"type":"Point","coordinates":[34.842936,0.413168]},"properties":{"id":"523337748","n":"Kakoyi PD12","t":"pdw","c":"Kakamega"}},{"type":"Feature","geometry":{"type":"Point","coordinates":[34.858432,0.450225]},"properties":{"id":"523285456","n":"Isanjiro D PD 7","t":"pdw","c":"Kakamega"}},{"type":"Feature","geometry":{"type":"Point","coordinates":[34.884603,0.462999]},"properties":{"id":"523273165","n":"Lugusi PD12","t":"pdw","c":"Kakamega"}},{"type":"Feature","geometry":{"type":"Point","coordinates":[34.85282,0.441893]},"properties":{"id":"523225162","n":"Isanjiro C PD 2","t":"pdw","c":"Kakamega"}},{"type":"Feature","geometry":{"type":"Point","coordinates":[34.907073,0.425482]},"properties":{"id":"523213259","n":"Makhwabuyu A PD 14","t":"pdw","c":"Kakamega"}},{"type":"Feature","geometry":{"type":"Point","coordinates":[34.851304,0.40105]},"properties":{"id":"523326355","n":"Shikulu PD6","t":"pdw","c":"Kakamega"}},{"type":"Feature","geometry":{"type":"Point","coordinates":[34.826678,0.421238]},"properties":{"id":"523204174","n":"Lutali A PD 1","t":"pdw","c":"Kakamega"}},{"type":"Feature","geometry":{"type":"Point","coordinates":[34.889736,0.451217]},"properties":{"id":"523344261","n":"Isikhu PD2","t":"pdw","c":"Kakamega"}},{"type":"Feature","geometry":{"type":"Point","coordinates":[34.895972,0.477552]},"properties":{"id":"523223201","n":"Luanda PD 7","t":"pdw","c":"Kakamega"}},{"type":"Feature","geometry":{"type":"Point","coordinates":[34.90879,0.43134]},"properties":{"id":"876212","n":"UCC 2020 - Kimangeti Secondary School - 40","t":"bh","c":"Kakamega"}},{"type":"Feature","geometry":{"type":"Point","coordinates":[34.828977,0.425342]},"properties":{"id":"523260062","n":"Lutali A PD 13","t":"pdw","c":"Kakamega"}},{"type":"Feature","geometry":{"type":"Point","coordinates":[34.876094,0.455779]},"properties":{"id":"523315065","n":"Shitirira PD7","t":"pdw","c":"Kakamega"}},{"type":"Feature","geometry":{"type":"Point","coordinates":[34.906973,0.429402]},"properties":{"id":"523295192","n":"Bahai PD 5","t":"pdw","c":"Kakamega"}},{"type":"Feature","geometry":{"type":"Point","coordinates":[34.879829,0.466229]},"properties":{"id":"523200943","n":"Lugusi PD4","t":"pdw","c":"Kakamega"}},{"type":"Feature","geometry":{"type":"Point","coordinates":[34.893012,0.456214]},"properties":{"id":"552713694","n":"Masungutsa Primary School - 22234","t":"bh","c":"Kakamega","d":80.0}},{"type":"Feature","geometry":{"type":"Point","coordinates":[34.876432,0.444345]},"properties":{"id":"523284637","n":"Shitirira B PD27","t":"pdw","c":"Kakamega"}},{"type":"Feature","geometry":{"type":"Point","coordinates":[34.912152,0.460014]},"properties":{"id":"523192622","n":"Lurale PD 3","t":"pdw","c":"Kakamega"}},{"type":"Feature","geometry":{"type":"Point","coordinates":[34.8824,0.464779]},"properties":{"id":"523287939","n":"Lugusi PD10","t":"pdw","c":"Kakamega"}},{"type":"Feature","geometry":{"type":"Point","coordinates":[34.857163,0.450245]},"properties":{"id":"523196279","n":"Isanjiro D PD 2","t":"pdw","c":"Kakamega"}},{"type":"Feature","geometry":{"type":"Point","coordinates":[34.892814,0.462706]},"properties":{"id":"523247687","n":"Masungutsa UD1","t":"udw","c":"Kakamega"}},{"type":"Feature","geometry":{"type":"Point","coordinates":[34.923747,0.462442]},"properties":{"id":"523250869","n":"Lutali A UD 5","t":"udw","c":"Kakamega"}},{"type":"Feature","geometry":{"type":"Point","coordinates":[34.873802,0.440781]},"properties":{"id":"523346847","n":"Shitirira B US1","t":"us","c":"Kakamega"}},{"type":"Feature","geometry":{"type":"Point","coordinates":[34.92443,0.460508]},"properties":{"id":"523305673","n":"Lutali A PD 5","t":"pdw","c":"Kakamega"}},{"type":"Feature","geometry":{"type":"Point","coordinates":[34.855407,0.416528]},"properties":{"id":"523214865","n":"Iyala PD27","t":"pdw","c":"Kakamega"}},{"type":"Feature","geometry":{"type":"Point","coordinates":[34.882315,0.468483]},"properties":{"id":"523231873","n":"Namatala PD 20","t":"pdw","c":"Kakamega"}},{"type":"Feature","geometry":{"type":"Point","coordinates":[34.826033,0.411394]},"properties":{"id":"523349400","n":"Muting'ong'o PS1","t":"ps","c":"Kakamega"}},{"type":"Feature","geometry":{"type":"Point","coordinates":[34.887042,0.472526]},"properties":{"id":"523272487","n":"Luyeshe UD1","t":"udw","c":"Kakamega"}},{"type":"Feature","geometry":{"type":"Point","coordinates":[34.890312,0.446199]},"properties":{"id":"523272872","n":"Isikhu PS1","t":"ps","c":"Kakamega"}},{"type":"Feature","geometry":{"type":"Point","coordinates":[34.92719,0.454468]},"properties":{"id":"523222798","n":"Shirulo PS 1","t":"ps","c":"Kakamega"}},{"type":"Feature","geometry":{"type":"Point","coordinates":[34.819908,0.420737]},"properties":{"id":"523314617","n":"Musungu B US 5","t":"us","c":"Kakamega"}},{"type":"Feature","geometry":{"type":"Point","coordinates":[34.827818,0.418066]},"properties":{"id":"523313575","n":"Lusumu PD4","t":"pdw","c":"Kakamega"}},{"type":"Feature","geometry":{"type":"Point","coordinates":[34.855877,0.414287]},"properties":{"id":"523286749","n":"Kakoyi PD3","t":"pdw","c":"Kakamega"}},{"type":"Feature","geometry":{"type":"Point","coordinates":[34.880132,0.440687]},"properties":{"id":"523260282","n":"Shitirira B PD15","t":"pdw","c":"Kakamega"}},{"type":"Feature","geometry":{"type":"Point","coordinates":[34.853078,0.422478]},"properties":{"id":"523216283","n":"Shivikhwa A PS 5","t":"ps","c":"Kakamega"}},{"type":"Feature","geometry":{"type":"Point","coordinates":[34.837884,0.409707]},"properties":{"id":"523223878","n":"Mukhonje PD10","t":"pdw","c":"Kakamega"}},{"type":"Feature","geometry":{"type":"Point","coordinates":[34.862998,0.424116]},"properties":{"id":"679035442","n":"Tumbeni Community - 430001","t":"bh","c":"Kakamega","d":46.4}},{"type":"Feature","geometry":{"type":"Point","coordinates":[34.928542,0.435822]},"properties":{"id":"523193692","n":"Mache A PD 1","t":"pdw","c":"Kakamega"}},{"type":"Feature","geometry":{"type":"Point","coordinates":[34.842303,0.405145]},"properties":{"id":"523318271","n":"Tumaini US2","t":"us","c":"Kakamega"}},{"type":"Feature","geometry":{"type":"Point","coordinates":[34.911338,0.431315]},"properties":{"id":"523323572","n":"Kimang'eti PD 36","t":"pdw","c":"Kakamega"}},{"type":"Feature","geometry":{"type":"Point","coordinates":[34.817481,0.413667]},"properties":{"id":"523254753","n":"Muchemo PD3","t":"pdw","c":"Kakamega"}},{"type":"Feature","geometry":{"type":"Point","coordinates":[34.899569,0.45896]},"properties":{"id":"523340119","n":"Malichi B PS 3","t":"ps","c":"Kakamega"}},{"type":"Feature","geometry":{"type":"Point","coordinates":[34.886503,0.444778]},"properties":{"id":"523226723","n":"Shitirira B PD20","t":"pdw","c":"Kakamega"}},{"type":"Feature","geometry":{"type":"Point","coordinates":[34.857003,0.429267]},"properties":{"id":"523282257","n":"Musalaba PD11","t":"pdw","c":"Kakamega"}},{"type":"Feature","geometry":{"type":"Point","coordinates":[34.850657,0.409495]},"properties":{"id":"523255754","n":"Kakoyi PD15","t":"pdw","c":"Kakamega"}},{"type":"Feature","geometry":{"type":"Point","coordinates":[34.89289,0.458682]},"properties":{"id":"523295563","n":"Malichi B PD 4","t":"pdw","c":"Kakamega"}},{"type":"Feature","geometry":{"type":"Point","coordinates":[34.82663,0.423765]},"properties":{"id":"523277444","n":"Lutali A PD 3","t":"pdw","c":"Kakamega"}},{"type":"Feature","geometry":{"type":"Point","coordinates":[34.911492,0.473618]},"properties":{"id":"523287128","n":"Malichi A PD 4","t":"pdw","c":"Kakamega"}},{"type":"Feature","geometry":{"type":"Point","coordinates":[34.909895,0.435325]},"properties":{"id":"523312859","n":"Kimang'eti PD 19","t":"pdw","c":"Kakamega"}},{"type":"Feature","geometry":{"type":"Point","coordinates":[34.846155,0.419727]},"properties":{"id":"523331065","n":"Luwaya PD10","t":"pdw","c":"Kakamega"}},{"type":"Feature","geometry":{"type":"Point","coordinates":[34.866759,0.444068]},"properties":{"id":"523309361","n":"Musingu PD9","t":"pdw","c":"Kakamega"}},{"type":"Feature","geometry":{"type":"Point","coordinates":[34.915755,0.469282]},"properties":{"id":"523323833","n":"Lunyinya UD 1","t":"udw","c":"Kakamega"}},{"type":"Feature","geometry":{"type":"Point","coordinates":[34.888781,0.472512]},"properties":{"id":"523243951","n":"Luyeshe PD4","t":"pdw","c":"Kakamega"}},{"type":"Feature","geometry":{"type":"Point","coordinates":[34.877218,0.440799]},"properties":{"id":"523302773","n":"Shitirira B PD11","t":"pdw","c":"Kakamega"}},{"type":"Feature","geometry":{"type":"Point","coordinates":[34.832073,0.41234]},"properties":{"id":"523239819","n":"Mwonyonyi PD3","t":"pdw","c":"Kakamega"}},{"type":"Feature","geometry":{"type":"Point","coordinates":[34.887905,0.46931]},"properties":{"id":"523274719","n":"Namatala PD 15","t":"pdw","c":"Kakamega"}},{"type":"Feature","geometry":{"type":"Point","coordinates":[34.92028,0.440257]},"properties":{"id":"523207328","n":"Mukhonje B US 1","t":"us","c":"Kakamega"}},{"type":"Feature","geometry":{"type":"Point","coordinates":[34.89084,0.466621]},"properties":{"id":"523344993","n":"Lugusi US1","t":"us","c":"Kakamega"}},{"type":"Feature","geometry":{"type":"Point","coordinates":[34.87993,0.455617]},"properties":{"id":"523309158","n":"Shitirira PD2","t":"pdw","c":"Kakamega"}},{"type":"Feature","geometry":{"type":"Point","coordinates":[34.884672,0.444184]},"properties":{"id":"523273275","n":"Shitirira B PD19","t":"pdw","c":"Kakamega"}},{"type":"Feature","geometry":{"type":"Point","coordinates":[34.901265,0.42799]},"properties":{"id":"523267753","n":"Bahai US 4","t":"us","c":"Kakamega"}},{"type":"Feature","geometry":{"type":"Point","coordinates":[34.924045,0.445024]},"properties":{"id":"523240996","n":"Mukhonje A PD 2","t":"pdw","c":"Kakamega"}},{"type":"Feature","geometry":{"type":"Point","coordinates":[34.921122,0.442628]},"properties":{"id":"523252029","n":"Mukhonje B UD 3","t":"udw","c":"Kakamega"}},{"type":"Feature","geometry":{"type":"Point","coordinates":[34.885885,0.470453]},"properties":{"id":"523217349","n":"Namatala PD 12","t":"pdw","c":"Kakamega"}},{"type":"Feature","geometry":{"type":"Point","coordinates":[34.921203,0.4418]},"properties":{"id":"523219334","n":"Mukhonje B UD 2","t":"udw","c":"Kakamega"}},{"type":"Feature","geometry":{"type":"Point","coordinates":[34.9182,0.473653]},"properties":{"id":"523318776","n":"Lunyinya PD 5","t":"pdw","c":"Kakamega"}},{"type":"Feature","geometry":{"type":"Point","coordinates":[34.860495,0.442461]},"properties":{"id":"84829698","n":"Shitirira Community, Shisambula Spring - 21063","t":"ps","c":"Kakamega"}},{"type":"Feature","geometry":{"type":"Point","coordinates":[34.850195,0.429442]},"properties":{"id":"523308906","n":"Shivikhwa PD 4","t":"udw","c":"Kakamega"}},{"type":"Feature","geometry":{"type":"Point","coordinates":[34.909255,0.425985]},"properties":{"id":"523286787","n":"Makhwabuyu A PD 3","t":"pdw","c":"Kakamega"}},{"type":"Feature","geometry":{"type":"Point","coordinates":[34.861212,0.438383]},"properties":{"id":"523221814","n":"Isanjiro B 2 PD 3","t":"pdw","c":"Kakamega"}},{"type":"Feature","geometry":{"type":"Point","coordinates":[34.912025,0.45271]},"properties":{"id":"930596","n":"UCC 2020 - Chimoroni Primary School Borehole - 4507","t":"bh","c":"Kakamega"}},{"type":"Feature","geometry":{"type":"Point","coordinates":[34.936737,0.441855]},"properties":{"id":"523231907","n":"Mache B PD 5","t":"pdw","c":"Kakamega"}},{"type":"Feature","geometry":{"type":"Point","coordinates":[34.867131,0.439258]},"properties":{"id":"523194789","n":"Musingu US2","t":"us","c":"Kakamega"}},{"type":"Feature","geometry":{"type":"Point","coordinates":[34.813867,0.416942]},"properties":{"id":"523272171","n":"Muchemo PD16","t":"pdw","c":"Kakamega"}},{"type":"Feature","geometry":{"type":"Point","coordinates":[34.910546,0.471379]},"properties":{"id":"930819","n":"Malichi Primary School Hand-Dug Well - 4509","t":"pdw","c":"Kakamega"}},{"type":"Feature","geometry":{"type":"Point","coordinates":[34.854075,0.417659]},"properties":{"id":"523253910","n":"Iyala PD24","t":"pdw","c":"Kakamega"}},{"type":"Feature","geometry":{"type":"Point","coordinates":[34.87909,0.433162]},"properties":{"id":"523263632","n":"Jilca PD17","t":"pdw","c":"Kakamega"}},{"type":"Feature","geometry":{"type":"Point","coordinates":[34.912057,0.473493]},"properties":{"id":"523240628","n":"Malichi A PD 3","t":"pdw","c":"Kakamega"}},{"type":"Feature","geometry":{"type":"Point","coordinates":[34.89561,0.474245]},"properties":{"id":"523342238","n":"Mukhuyu PD12","t":"pdw","c":"Kakamega"}},{"type":"Feature","geometry":{"type":"Point","coordinates":[34.892118,0.47442]},"properties":{"id":"523332932","n":"Mukhuyu PS2","t":"ps","c":"Kakamega"}},{"type":"Feature","geometry":{"type":"Point","coordinates":[34.875465,0.434197]},"properties":{"id":"523267090","n":"Samuluri PD1","t":"pdw","c":"Kakamega"}},{"type":"Feature","geometry":{"type":"Point","coordinates":[34.940163,0.43742]},"properties":{"id":"523302522","n":"Mache B PD 10","t":"pdw","c":"Kakamega"}},{"type":"Feature","geometry":{"type":"Point","coordinates":[34.825811,0.415072]},"properties":{"id":"523323761","n":"Mwonyonyi PD7","t":"pdw","c":"Kakamega"}},{"type":"Feature","geometry":{"type":"Point","coordinates":[34.826427,0.42318]},"properties":{"id":"523225681","n":"Lutali A PD 5","t":"pdw","c":"Kakamega"}},{"type":"Feature","geometry":{"type":"Point","coordinates":[34.841422,0.411127]},"properties":{"id":"523292230","n":"Mukhonje PD2","t":"pdw","c":"Kakamega"}},{"type":"Feature","geometry":{"type":"Point","coordinates":[34.94045,0.432852]},"properties":{"id":"523229032","n":"Fuule PS 1","t":"ps","c":"Kakamega"}},{"type":"Feature","geometry":{"type":"Point","coordinates":[34.850632,0.405476]},"properties":{"id":"523208886","n":"Shikulu PD2","t":"pdw","c":"Kakamega"}},{"type":"Feature","geometry":{"type":"Point","coordinates":[34.883454,0.465855]},"properties":{"id":"523293530","n":"Namatala BH 2","t":"bh","c":"Kakamega"}},{"type":"Feature","geometry":{"type":"Point","coordinates":[34.906815,0.426071]},"properties":{"id":"523326317","n":"Makhwabuyu A PD 12","t":"pdw","c":"Kakamega"}},{"type":"Feature","geometry":{"type":"Point","coordinates":[34.905373,0.448571]},"properties":{"id":"523241791","n":"Shilongo PD 1","t":"pdw","c":"Kakamega"}},{"type":"Feature","geometry":{"type":"Point","coordinates":[34.911024,0.473788]},"properties":{"id":"523324274","n":"Malichi A PD 5","t":"pdw","c":"Kakamega"}},{"type":"Feature","geometry":{"type":"Point","coordinates":[34.844475,0.416015]},"properties":{"id":"523335904","n":"Iyala PD11","t":"pdw","c":"Kakamega"}},{"type":"Feature","geometry":{"type":"Point","coordinates":[34.905983,0.427712]},"properties":{"id":"523339472","n":"Makhwabuyu A PD 24","t":"pdw","c":"Kakamega"}},{"type":"Feature","geometry":{"type":"Point","coordinates":[34.901192,0.477758]},"properties":{"id":"523290355","n":"Luanda PS 1","t":"ps","c":"Kakamega"}},{"type":"Feature","geometry":{"type":"Point","coordinates":[34.906584,0.432294]},"properties":{"id":"523331113","n":"Bahai PD 3","t":"pdw","c":"Kakamega"}},{"type":"Feature","geometry":{"type":"Point","coordinates":[34.901452,0.437168]},"properties":{"id":"523243779","n":"Isikhu PD 5","t":"pdw","c":"Kakamega"}},{"type":"Feature","geometry":{"type":"Point","coordinates":[34.815723,0.416575]},"properties":{"id":"523268493","n":"Muchemo PD5","t":"pdw","c":"Kakamega"}},{"type":"Feature","geometry":{"type":"Point","coordinates":[34.881001,0.435942]},"properties":{"id":"523227205","n":"Samuluri PD3","t":"pdw","c":"Kakamega"}},{"type":"Feature","geometry":{"type":"Point","coordinates":[34.872707,0.427555]},"properties":{"id":"523308054","n":"Jilca PD5","t":"pdw","c":"Kakamega"}},{"type":"Feature","geometry":{"type":"Point","coordinates":[34.869752,0.453002]},"properties":{"id":"523317218","n":"Musingu PD13","t":"pdw","c":"Kakamega"}},{"type":"Feature","geometry":{"type":"Point","coordinates":[34.84294,0.407388]},"properties":{"id":"523265366","n":"Tumaini PD11","t":"pdw","c":"Kakamega"}},{"type":"Feature","geometry":{"type":"Point","coordinates":[34.868779,0.424492]},"properties":{"id":"523269865","n":"Kokoyo A UD1","t":"udw","c":"Kakamega"}},{"type":"Feature","geometry":{"type":"Point","coordinates":[34.853212,0.419115]},"properties":{"id":"523305721","n":"Luwaya US1","t":"us","c":"Kakamega"}},{"type":"Feature","geometry":{"type":"Point","coordinates":[34.903993,0.437625]},"properties":{"id":"523325206","n":"Kimang'eti PD 29","t":"pdw","c":"Kakamega"}},{"type":"Feature","geometry":{"type":"Point","coordinates":[34.88468,0.466412]},"properties":{"id":"523242541","n":"Namatala PD 27","t":"pdw","c":"Kakamega"}},{"type":"Feature","geometry":{"type":"Point","coordinates":[34.8819,0.467072]},"properties":{"id":"523245812","n":"Namatala PD 22","t":"pdw","c":"Kakamega"}},{"type":"Feature","geometry":{"type":"Point","coordinates":[34.891442,0.473627]},"properties":{"id":"523313582","n":"Mukhuyu PD7","t":"pdw","c":"Kakamega"}},{"type":"Feature","geometry":{"type":"Point","coordinates":[34.888132,0.438276]},"properties":{"id":"329034636","n":"Machemo Community, Chitiavi Spring - 21027","t":"ps","c":"Kakamega"}},{"type":"Feature","geometry":{"type":"Point","coordinates":[34.878923,0.451987]},"properties":{"id":"445267763","n":"Shitirira Community, Henry Chisudia Spring - 22116","t":"ps","c":"Kakamega"}},{"type":"Feature","geometry":{"type":"Point","coordinates":[34.872815,0.426209]},"properties":{"id":"523209423","n":"Jilca PD3","t":"pdw","c":"Kakamega"}},{"type":"Feature","geometry":{"type":"Point","coordinates":[34.883395,0.470715]},"properties":{"id":"523290788","n":"Namatala PD 6","t":"pdw","c":"Kakamega"}},{"type":"Feature","geometry":{"type":"Point","coordinates":[34.912709,0.442102]},"properties":{"id":"523217655","n":"Kimang'eti PD 11","t":"pdw","c":"Kakamega"}},{"type":"Feature","geometry":{"type":"Point","coordinates":[34.894583,0.477385]},"properties":{"id":"523290647","n":"Mukhuyu PD4","t":"pdw","c":"Kakamega"}},{"type":"Feature","geometry":{"type":"Point","coordinates":[34.865194,0.424403]},"properties":{"id":"523249610","n":"Kokoyo A PD4","t":"pdw","c":"Kakamega"}},{"type":"Feature","geometry":{"type":"Point","coordinates":[34.882496,0.451753]},"properties":{"id":"403751961","n":"Musingu Community, Abel Masai Spring - 22101","t":"ps","c":"Kakamega"}},{"type":"Feature","geometry":{"type":"Point","coordinates":[34.847753,0.415097]},"properties":{"id":"523210067","n":"Kakoyi PD10","t":"pdw","c":"Kakamega"}},{"type":"Feature","geometry":{"type":"Point","coordinates":[34.894301,0.447769]},"properties":{"id":"523297644","n":"Isikhu PD11","t":"pdw","c":"Kakamega"}},{"type":"Feature","geometry":{"type":"Point","coordinates":[34.84659,0.425127]},"properties":{"id":"523329200","n":"Shivikhwa B PD 1","t":"pdw","c":"Kakamega"}},{"type":"Feature","geometry":{"type":"Point","coordinates":[34.910659,0.455292]},"properties":{"id":"506970502","n":"Chimoroni Secondary School - 22287","t":"bh","c":"Kakamega","d":84.0}},{"type":"Feature","geometry":{"type":"Point","coordinates":[34.887263,0.471687]},"properties":{"id":"523306485","n":"Luyeshe PD8","t":"pdw","c":"Kakamega"}},{"type":"Feature","geometry":{"type":"Point","coordinates":[34.819437,0.418982]},"properties":{"id":"523350903","n":"Muting'ong'o PD8","t":"pdw","c":"Kakamega"}},{"type":"Feature","geometry":{"type":"Point","coordinates":[34.923943,0.462773]},"properties":{"id":"523330693","n":"Lutali A UD 4","t":"udw","c":"Kakamega"}},{"type":"Feature","geometry":{"type":"Point","coordinates":[34.882762,0.440762]},"properties":{"id":"523244866","n":"Shitirira B PD16","t":"pdw","c":"Kakamega"}},{"type":"Feature","geometry":{"type":"Point","coordinates":[34.822313,0.407572]},"properties":{"id":"523257873","n":"Wetesa PD26","t":"pdw","c":"Kakamega"}},{"type":"Feature","geometry":{"type":"Point","coordinates":[34.835088,0.41101]},"properties":{"id":"523295556","n":"Mukhonje PD6","t":"pdw","c":"Kakamega"}},{"type":"Feature","geometry":{"type":"Point","coordinates":[34.885049,0.439926]},"properties":{"id":"523223270","n":"Shitirira B PD17","t":"pdw","c":"Kakamega"}},{"type":"Feature","geometry":{"type":"Point","coordinates":[34.913189,0.439198]},"properties":{"id":"523281359","n":"Kimang'eti PD 15","t":"pdw","c":"Kakamega"}},{"type":"Feature","geometry":{"type":"Point","coordinates":[34.883982,0.47229]},"properties":{"id":"523329925","n":"Namatala PD 3","t":"pdw","c":"Kakamega"}},{"type":"Feature","geometry":{"type":"Point","coordinates":[34.842483,0.416912]},"properties":{"id":"523231093","n":"Iyala PD4","t":"pdw","c":"Kakamega"}},{"type":"Feature","geometry":{"type":"Point","coordinates":[34.879864,0.465414]},"properties":{"id":"523303561","n":"Lugusi PD8","t":"pdw","c":"Kakamega"}},{"type":"Feature","geometry":{"type":"Point","coordinates":[34.843112,0.409498]},"properties":{"id":"523250003","n":"Mukhonje PD1","t":"pdw","c":"Kakamega"}},{"type":"Feature","geometry":{"type":"Point","coordinates":[34.881785,0.442508]},"properties":{"id":"523271493","n":"Shitirira B PD13","t":"pdw","c":"Kakamega"}},{"type":"Feature","geometry":{"type":"Point","coordinates":[34.914938,0.458764]},"properties":{"id":"523252366","n":"Lutali B PD 3","t":"pdw","c":"Kakamega"}},{"type":"Feature","geometry":{"type":"Point","coordinates":[34.882653,0.467333]},"properties":{"id":"523268194","n":"Namatala PD 21","t":"pdw","c":"Kakamega"}},{"type":"Feature","geometry":{"type":"Point","coordinates":[34.880177,0.465854]},"properties":{"id":"523229355","n":"Lugusi PD6","t":"pdw","c":"Kakamega"}},{"type":"Feature","geometry":{"type":"Point","coordinates":[34.923993,0.439914]},"properties":{"id":"523329262","n":"Mukhonje A PD 5","t":"pdw","c":"Kakamega"}},{"type":"Feature","geometry":{"type":"Point","coordinates":[34.906169,0.43696]},"properties":{"id":"523244574","n":"Kimang'eti PD 30","t":"pdw","c":"Kakamega"}},{"type":"Feature","geometry":{"type":"Point","coordinates":[34.845195,0.416353]},"properties":{"id":"523213857","n":"Iyala UD1","t":"udw","c":"Kakamega"}},{"type":"Feature","geometry":{"type":"Point","coordinates":[34.85189,0.417886]},"properties":{"id":"523217765","n":"Iyala PD22","t":"pdw","c":"Kakamega"}},{"type":"Feature","geometry":{"type":"Point","coordinates":[34.894891,0.471]},"properties":{"id":"523269676","n":"Mukhuyu PD11","t":"pdw","c":"Kakamega"}},{"type":"Feature","geometry":{"type":"Point","coordinates":[34.843386,0.40408]},"properties":{"id":"523313702","n":"Mukava US1","t":"us","c":"Kakamega"}},{"type":"Feature","geometry":{"type":"Point","coordinates":[34.831263,0.414203]},"properties":{"id":"3750346","n":"Mwonyonyi Community - 4257","t":"bh","c":"Kakamega"}},{"type":"Feature","geometry":{"type":"Point","coordinates":[34.823688,0.422092]},"properties":{"id":"699571658","n":"Musungu A Community, Shaka Nuka Spring - 410012","t":"ps","c":"Kakamega"}},{"type":"Feature","geometry":{"type":"Point","coordinates":[34.920938,0.438776]},"properties":{"id":"523279501","n":"Mukhonje B PS 1","t":"ps","c":"Kakamega"}},{"type":"Feature","geometry":{"type":"Point","coordinates":[34.90211,0.43283]},"properties":{"id":"4109855","n":"Makhwabuyu Community Well Rehabilitation - 4399","t":"pdw","c":"Kakamega"}},{"type":"Feature","geometry":{"type":"Point","coordinates":[34.910633,0.427589]},"properties":{"id":"523264530","n":"Makhwabuyu A PD 1","t":"pdw","c":"Kakamega"}},{"type":"Feature","geometry":{"type":"Point","coordinates":[34.901561,0.431494]},"properties":{"id":"523293035","n":"Bahai PD 8","t":"pdw","c":"Kakamega"}},{"type":"Feature","geometry":{"type":"Point","coordinates":[34.907377,0.427048]},"properties":{"id":"523307644","n":"Makhwabuyu A PD 10","t":"pdw","c":"Kakamega"}},{"type":"Feature","geometry":{"type":"Point","coordinates":[34.854157,0.443778]},"properties":{"id":"523339795","n":"Isanjiro A PD 14","t":"pdw","c":"Kakamega"}},{"type":"Feature","geometry":{"type":"Point","coordinates":[34.854477,0.445652]},"properties":{"id":"523311690","n":"Isanjiro A PD 7","t":"pdw","c":"Kakamega"}},{"type":"Feature","geometry":{"type":"Point","coordinates":[34.907246,0.438779]},"properties":{"id":"523237240","n":"Kimang'eti PD 25","t":"pdw","c":"Kakamega"}},{"type":"Feature","geometry":{"type":"Point","coordinates":[34.909995,0.431493]},"properties":{"id":"523255929","n":"Bahai PD 4","t":"pdw","c":"Kakamega"}},{"type":"Feature","geometry":{"type":"Point","coordinates":[34.93821,0.434192]},"properties":{"id":"523246765","n":"Fuule UD 1","t":"udw","c":"Kakamega"}},{"type":"Feature","geometry":{"type":"Point","coordinates":[34.91428,0.452057]},"properties":{"id":"523331137","n":"Lutali B PD 1","t":"pdw","c":"Kakamega"}},{"type":"Feature","geometry":{"type":"Point","coordinates":[34.852029,0.399945]},"properties":{"id":"523352613","n":"Shikulu PD7","t":"pdw","c":"Kakamega"}},{"type":"Feature","geometry":{"type":"Point","coordinates":[34.872865,0.45615]},"properties":{"id":"523218931","n":"Shitirira A PD13","t":"pdw","c":"Kakamega"}},{"type":"Feature","geometry":{"type":"Point","coordinates":[34.814335,0.415363]},"properties":{"id":"523281490","n":"Muchemo US2","t":"us","c":"Kakamega"}},{"type":"Feature","geometry":{"type":"Point","coordinates":[34.908411,0.433493]},"properties":{"id":"523198264","n":"Kimang'eti PD 31","t":"pdw","c":"Kakamega"}},{"type":"Feature","geometry":{"type":"Point","coordinates":[34.826595,0.422075]},"properties":{"id":"523295099","n":"Lutali A PD 2","t":"pdw","c":"Kakamega"}},{"type":"Feature","geometry":{"type":"Point","coordinates":[34.865553,0.424457]},"properties":{"id":"523238887","n":"Kokoyo A PD5","t":"pdw","c":"Kakamega"}},{"type":"Feature","geometry":{"type":"Point","coordinates":[34.874692,0.4298]},"properties":{"id":"523232496","n":"Jilca PD7","t":"pdw","c":"Kakamega"}},{"type":"Feature","geometry":{"type":"Point","coordinates":[34.856685,0.414215]},"properties":{"id":"523300025","n":"Kakoyi PD2","t":"pdw","c":"Kakamega"}},{"type":"Feature","geometry":{"type":"Point","coordinates":[34.878468,0.468338]},"properties":{"id":"523272913","n":"Mungaha PD7","t":"pdw","c":"Kakamega"}},{"type":"Feature","geometry":{"type":"Point","coordinates":[34.831273,0.414182]},"properties":{"id":"523283382","n":"Lusumu BH1","t":"bh","c":"Kakamega"}},{"type":"Feature","geometry":{"type":"Point","coordinates":[34.853803,0.441217]},"properties":{"id":"523217363","n":"Isanjiro C PD 3","t":"pdw","c":"Kakamega"}},{"type":"Feature","geometry":{"type":"Point","coordinates":[34.903654,0.448376]},"properties":{"id":"523323242","n":"Shilongo PD 2","t":"pdw","c":"Kakamega"}},{"type":"Feature","geometry":{"type":"Point","coordinates":[34.92697,0.454885]},"properties":{"id":"523323280","n":"Chimoroni PS 1","t":"ps","c":"Kakamega"}},{"type":"Feature","geometry":{"type":"Point","coordinates":[34.875999,0.429095]},"properties":{"id":"523214353","n":"Jilca PD9","t":"pdw","c":"Kakamega"}},{"type":"Feature","geometry":{"type":"Point","coordinates":[34.876255,0.441144]},"properties":{"id":"523238320","n":"Shitirira B PD10","t":"pdw","c":"Kakamega"}},{"type":"Feature","geometry":{"type":"Point","coordinates":[34.898281,0.433097]},"properties":{"id":"523251547","n":"Bahai US 2","t":"us","c":"Kakamega"}},{"type":"Feature","geometry":{"type":"Point","coordinates":[34.883291,0.466953]},"properties":{"id":"523231938","n":"Namatala PD 25","t":"pdw","c":"Kakamega"}},{"type":"Feature","geometry":{"type":"Point","coordinates":[34.893596,0.472556]},"properties":{"id":"523271266","n":"Mukhuyu PD9","t":"pdw","c":"Kakamega"}},{"type":"Feature","geometry":{"type":"Point","coordinates":[34.94,0.43]},"properties":{"id":"930802","n":"Mache Primary School Borehole - 4508","t":"bh","c":"Kakamega"}},{"type":"Feature","geometry":{"type":"Point","coordinates":[34.887172,0.452635]},"properties":{"id":"416580879","n":"Masukutse Community, Pius Misango Spring - 22103","t":"ps","c":"Kakamega"}},{"type":"Feature","geometry":{"type":"Point","coordinates":[34.895235,0.453192]},"properties":{"id":"523216757","n":"Malichi B PD 2","t":"pdw","c":"Kakamega"}},{"type":"Feature","geometry":{"type":"Point","coordinates":[34.910285,0.457702]},"properties":{"id":"523304658","n":"Lurale PD 8","t":"pdw","c":"Kakamega"}},{"type":"Feature","geometry":{"type":"Point","coordinates":[34.874751,0.466773]},"properties":{"id":"523251736","n":"Mungaha PD2","t":"pdw","c":"Kakamega"}},{"type":"Feature","geometry":{"type":"Point","coordinates":[34.829103,0.416811]},"properties":{"id":"523234429","n":"Lusumu PD6","t":"pdw","c":"Kakamega"}},{"type":"Feature","geometry":{"type":"Point","coordinates":[34.812418,0.422156]},"properties":{"id":"523240549","n":"Muchemo PD13","t":"pdw","c":"Kakamega"}},{"type":"Feature","geometry":{"type":"Point","coordinates":[34.880308,0.472053]},"properties":{"id":"523286392","n":"Mungaha UD7","t":"udw","c":"Kakamega"}},{"type":"Feature","geometry":{"type":"Point","coordinates":[34.907829,0.444933]},"properties":{"id":"432093506","n":"Machemo Community, Machikwa Spring - 22018","t":"ps","c":"Kakamega"}},{"type":"Feature","geometry":{"type":"Point","coordinates":[34.823718,0.409903]},"properties":{"id":"523238131","n":"Muting'ong'o PD7","t":"pdw","c":"Kakamega"}},{"type":"Feature","geometry":{"type":"Point","coordinates":[34.854328,0.416038]},"properties":{"id":"523318707","n":"Kakoyi PS1","t":"ps","c":"Kakamega"}},{"type":"Feature","geometry":{"type":"Point","coordinates":[34.853892,0.445158]},"properties":{"id":"523210524","n":"Isanjiro A PD 3","t":"pdw","c":"Kakamega"}},{"type":"Feature","geometry":{"type":"Point","coordinates":[34.885705,0.46403]},"properties":{"id":"523212478","n":"Lugusi PD14","t":"pdw","c":"Kakamega"}},{"type":"Feature","geometry":{"type":"Point","coordinates":[34.851372,0.416503]},"properties":{"id":"523280066","n":"Iyala PD21","t":"pdw","c":"Kakamega"}},{"type":"Feature","geometry":{"type":"Point","coordinates":[34.862697,0.427983]},"properties":{"id":"523199021","n":"Musalaba PS1","t":"ps","c":"Kakamega"}},{"type":"Feature","geometry":{"type":"Point","coordinates":[34.896477,0.466747]},"properties":{"id":"523217301","n":"Munyanya PD4","t":"pdw","c":"Kakamega"}},{"type":"Feature","geometry":{"type":"Point","coordinates":[34.855508,0.447437]},"properties":{"id":"523348894","n":"Isanjiro A PD 9","t":"pdw","c":"Kakamega"}},{"type":"Feature","geometry":{"type":"Point","coordinates":[34.879045,0.451902]},"properties":{"id":"523276852","n":"Shitirira A US1","t":"us","c":"Kakamega"}},{"type":"Feature","geometry":{"type":"Point","coordinates":[34.85075,0.417615]},"properties":{"id":"523253594","n":"Iyala PD17","t":"pdw","c":"Kakamega"}},{"type":"Feature","geometry":{"type":"Point","coordinates":[34.880828,0.46751]},"properties":{"id":"523280011","n":"Mungaha PD23","t":"pdw","c":"Kakamega"}},{"type":"Feature","geometry":{"type":"Point","coordinates":[34.885401,0.466369]},"properties":{"id":"930826","n":"Lugusi Primary School Hand-Dug Well - 4515","t":"pdw","c":"Kakamega"}},{"type":"Feature","geometry":{"type":"Point","coordinates":[34.845735,0.40681]},"properties":{"id":"523249407","n":"Tumaini PD7","t":"pdw","c":"Kakamega"}},{"type":"Feature","geometry":{"type":"Point","coordinates":[34.864497,0.444318]},"properties":{"id":"523219217","n":"Isanjiro C2 BH 1","t":"bh","c":"Kakamega"}},{"type":"Feature","geometry":{"type":"Point","coordinates":[34.867432,0.440946]},"properties":{"id":"523324638","n":"Musingu PD4","t":"pdw","c":"Kakamega"}},{"type":"Feature","geometry":{"type":"Point","coordinates":[34.850807,0.402212]},"properties":{"id":"523290630","n":"Shikulu PD3","t":"pdw","c":"Kakamega"}},{"type":"Feature","geometry":{"type":"Point","coordinates":[34.874192,0.447099]},"properties":{"id":"574294465","n":"Shitirira Primary School - 23013","t":"bh","c":"Kakamega","d":55.0}},{"type":"Feature","geometry":{"type":"Point","coordinates":[34.915395,0.474925]},"properties":{"id":"523221089","n":"Malichi A PS 2","t":"ps","c":"Kakamega"}},{"type":"Feature","geometry":{"type":"Point","coordinates":[34.894726,0.477462]},"properties":{"id":"523207799","n":"Mukhuyu PD3","t":"pdw","c":"Kakamega"}},{"type":"Feature","geometry":{"type":"Point","coordinates":[34.899787,0.447131]},"properties":{"id":"523307194","n":"Machemo PS 1","t":"ps","c":"Kakamega"}},{"type":"Feature","geometry":{"type":"Point","coordinates":[34.911427,0.440863]},"properties":{"id":"523271321","n":"Kimang'eti PD 12","t":"pdw","c":"Kakamega"}},{"type":"Feature","geometry":{"type":"Point","coordinates":[34.812917,0.419477]},"properties":{"id":"523194071","n":"Muchemo PD9","t":"pdw","c":"Kakamega"}},{"type":"Feature","geometry":{"type":"Point","coordinates":[34.867532,0.434656]},"properties":{"id":"523341880","n":"Musingu PD1","t":"pdw","c":"Kakamega"}},{"type":"Feature","geometry":{"type":"Point","coordinates":[34.91363,0.442682]},"properties":{"id":"523208817","n":"Kimang'eti PD 9","t":"pdw","c":"Kakamega"}},{"type":"Feature","geometry":{"type":"Point","coordinates":[34.840283,0.408125]},"properties":{"id":"523302845","n":"Mukhonje PD13","t":"pdw","c":"Kakamega"}},{"type":"Feature","geometry":{"type":"Point","coordinates":[34.845326,0.408989]},"properties":{"id":"523248774","n":"Tumaini PS2","t":"ps","c":"Kakamega"}},{"type":"Feature","geometry":{"type":"Point","coordinates":[34.857997,0.450498]},"properties":{"id":"523288088","n":"Isanjiro D PD 5","t":"pdw","c":"Kakamega"}},{"type":"Feature","geometry":{"type":"Point","coordinates":[34.845581,0.415883]},"properties":{"id":"523263302","n":"Iyala PD7","t":"pdw","c":"Kakamega"}},{"type":"Feature","geometry":{"type":"Point","coordinates":[34.882788,0.468449]},"properties":{"id":"523251815","n":"Namatala PD 18","t":"pdw","c":"Kakamega"}},{"type":"Feature","geometry":{"type":"Point","coordinates":[34.906463,0.4266]},"properties":{"id":"523290726","n":"Makhwabuyu A PD 11","t":"pdw","c":"Kakamega"}},{"type":"Feature","geometry":{"type":"Point","coordinates":[34.876942,0.459687]},"properties":{"id":"523196729","n":"Shitirira C US1","t":"us","c":"Kakamega"}},{"type":"Feature","geometry":{"type":"Point","coordinates":[34.906506,0.451682]},"properties":{"id":"523200125","n":"Lurale PD 1","t":"pdw","c":"Kakamega"}},{"type":"Feature","geometry":{"type":"Point","coordinates":[34.908629,0.438537]},"properties":{"id":"523292852","n":"Kimang'eti PD 23","t":"pdw","c":"Kakamega"}},{"type":"Feature","geometry":{"type":"Point","coordinates":[34.832907,0.412973]},"properties":{"id":"523249414","n":"Lusumu PD15","t":"pdw","c":"Kakamega"}},{"type":"Feature","geometry":{"type":"Point","coordinates":[34.878192,0.442102]},"properties":{"id":"523305824","n":"Shitirira PD12","t":"pdw","c":"Kakamega"}},{"type":"Feature","geometry":{"type":"Point","coordinates":[34.880877,0.45729]},"properties":{"id":"523204088","n":"Shitirira A RWT1","t":"pdw","c":"Kakamega"}},{"type":"Feature","geometry":{"type":"Point","coordinates":[34.873321,0.44301]},"properties":{"id":"523225849","n":"Shitirira B PD5","t":"pdw","c":"Kakamega"}},{"type":"Feature","geometry":{"type":"Point","coordinates":[34.909497,0.461558]},"properties":{"id":"523308030","n":"Lurale US 2","t":"us","c":"Kakamega"}},{"type":"Feature","geometry":{"type":"Point","coordinates":[34.889771,0.465189]},"properties":{"id":"523212612","n":"Munyanya US2","t":"us","c":"Kakamega"}},{"type":"Feature","geometry":{"type":"Point","coordinates":[34.835618,0.42154]},"properties":{"id":"523352572","n":"Luwaya PD17","t":"pdw","c":"Kakamega"}},{"type":"Feature","geometry":{"type":"Point","coordinates":[34.844143,0.414783]},"properties":{"id":"523268888","n":"Iyala PD6","t":"pdw","c":"Kakamega"}},{"type":"Feature","geometry":{"type":"Point","coordinates":[34.87465,0.432551]},"properties":{"id":"523310785","n":"Samuluri PD5","t":"pdw","c":"Kakamega"}},{"type":"Feature","geometry":{"type":"Point","coordinates":[34.89079,0.430595]},"properties":{"id":"523227504","n":"Isikhu PD 2","t":"pdw","c":"Kakamega"}},{"type":"Feature","geometry":{"type":"Point","coordinates":[34.87686,0.433189]},"properties":{"id":"523203812","n":"Samuluri PD2","t":"pdw","c":"Kakamega"}},{"type":"Feature","geometry":{"type":"Point","coordinates":[34.890835,0.45503]},"properties":{"id":"523215378","n":"Masungutsa PD14","t":"pdw","c":"Kakamega"}},{"type":"Feature","geometry":{"type":"Point","coordinates":[34.910528,0.437497]},"properties":{"id":"523198099","n":"Kimang'eti PD 17","t":"pdw","c":"Kakamega"}},{"type":"Feature","geometry":{"type":"Point","coordinates":[34.912601,0.461556]},"properties":{"id":"523318659","n":"Lurale PD 4","t":"pdw","c":"Kakamega"}},{"type":"Feature","geometry":{"type":"Point","coordinates":[34.884597,0.447165]},"properties":{"id":"523226778","n":"Shitirira B PD22","t":"pdw","c":"Kakamega"}},{"type":"Feature","geometry":{"type":"Point","coordinates":[34.89515,0.466891]},"properties":{"id":"523204875","n":"Munyanya PD2","t":"pdw","c":"Kakamega"}},{"type":"Feature","geometry":{"type":"Point","coordinates":[34.854602,0.417815]},"properties":{"id":"523300654","n":"Iyala PD26","t":"pdw","c":"Kakamega"}},{"type":"Feature","geometry":{"type":"Point","coordinates":[34.910758,0.437158]},"properties":{"id":"523277671","n":"Kimang'eti PD 18","t":"pdw","c":"Kakamega"}},{"type":"Feature","geometry":{"type":"Point","coordinates":[34.924684,0.445276]},"properties":{"id":"523278517","n":"Mukhonje A PD 3","t":"pdw","c":"Kakamega"}},{"type":"Feature","geometry":{"type":"Point","coordinates":[34.90845,0.445371]},"properties":{"id":"523332918","n":"Shilongo PS 1","t":"ps","c":"Kakamega"}},{"type":"Feature","geometry":{"type":"Point","coordinates":[34.819857,0.4123]},"properties":{"id":"523288631","n":"Muting'ong'o PD11","t":"pdw","c":"Kakamega"}},{"type":"Feature","geometry":{"type":"Point","coordinates":[34.85953,0.433451]},"properties":{"id":"523330095","n":"Musalaba PD4","t":"pdw","c":"Kakamega"}},{"type":"Feature","geometry":{"type":"Point","coordinates":[34.87557,0.46537]},"properties":{"id":"523307541","n":"Mungaha PD2","t":"pdw","c":"Kakamega"}},{"type":"Feature","geometry":{"type":"Point","coordinates":[34.877673,0.444558]},"properties":{"id":"523296832","n":"Shitirira B PD26","t":"pdw","c":"Kakamega"}},{"type":"Feature","geometry":{"type":"Point","coordinates":[34.867552,0.44358]},"properties":{"id":"523246105","n":"Musingu PD9","t":"pdw","c":"Kakamega"}},{"type":"Feature","geometry":{"type":"Point","coordinates":[34.83011,0.417886]},"properties":{"id":"523258063","n":"Lusumu PD7","t":"pdw","c":"Kakamega"}},{"type":"Feature","geometry":{"type":"Point","coordinates":[34.874551,0.44336]},"properties":{"id":"523262655","n":"Shitirira B PD8","t":"pdw","c":"Kakamega"}},{"type":"Feature","geometry":{"type":"Point","coordinates":[34.877344,0.458796]},"properties":{"id":"403751765","n":"Shitirira Community, Joseph Kwalanda Spring - 22100","t":"ps","c":"Kakamega"}},{"type":"Feature","geometry":{"type":"Point","coordinates":[34.854107,0.445273]},"properties":{"id":"523256274","n":"Isanjiro A pD 4","t":"pdw","c":"Kakamega"}},{"type":"Feature","geometry":{"type":"Point","coordinates":[34.881233,0.468849]},"properties":{"id":"523259648","n":"Mungaha PD22","t":"pdw","c":"Kakamega"}},{"type":"Feature","geometry":{"type":"Point","coordinates":[34.865365,0.441417]},"properties":{"id":"523330480","n":"Musingu PD8","t":"pdw","c":"Kakamega"}},{"type":"Feature","geometry":{"type":"Point","coordinates":[34.924,0.467458]},"properties":{"id":"523193960","n":"Bondeni PD 2","t":"pdw","c":"Kakamega"}},{"type":"Feature","geometry":{"type":"Point","coordinates":[34.890073,0.461435]},"properties":{"id":"523235688","n":"Masungutsa PD2","t":"pdw","c":"Kakamega"}},{"type":"Feature","geometry":{"type":"Point","coordinates":[34.919195,0.455888]},"properties":{"id":"523343947","n":"Chimoroni PS 2","t":"ps","c":"Kakamega"}},{"type":"Feature","geometry":{"type":"Point","coordinates":[34.849992,0.400097]},"properties":{"id":"523253659","n":"Tumaini PS1","t":"ps","c":"Kakamega"}},{"type":"Feature","geometry":{"type":"Point","coordinates":[34.832547,0.41438]},"properties":{"id":"523326276","n":"Lusumu PD13","t":"pdw","c":"Kakamega"}},{"type":"Feature","geometry":{"type":"Point","coordinates":[34.835582,0.41274]},"properties":{"id":"523271888","n":"Mukhonje PD5","t":"pdw","c":"Kakamega"}},{"type":"Feature","geometry":{"type":"Point","coordinates":[34.833439,0.409846]},"properties":{"id":"523327758","n":"Mwonyonyi PD2","t":"pdw","c":"Kakamega"}},{"type":"Feature","geometry":{"type":"Point","coordinates":[34.81275,0.421375]},"properties":{"id":"523303705","n":"Muchemo PD14","t":"pdw","c":"Kakamega"}},{"type":"Feature","geometry":{"type":"Point","coordinates":[34.924923,0.461408]},"properties":{"id":"523192976","n":"Lutali A UD 6","t":"udw","c":"Kakamega"}},{"type":"Feature","geometry":{"type":"Point","coordinates":[34.861183,0.4477]},"properties":{"id":"523272999","n":"Isanjiro c PD 4","t":"pdw","c":"Kakamega"}},{"type":"Feature","geometry":{"type":"Point","coordinates":[34.895736,0.464638]},"properties":{"id":"523207177","n":"Munyanya PD6","t":"pdw","c":"Kakamega"}},{"type":"Feature","geometry":{"type":"Point","coordinates":[34.847687,0.415992]},"properties":{"id":"523323819","n":"Iyala PD8","t":"pdw","c":"Kakamega"}},{"type":"Feature","geometry":{"type":"Point","coordinates":[34.846977,0.413367]},"properties":{"id":"523284156","n":"Kakoyi PD14","t":"pdw","c":"Kakamega"}},{"type":"Feature","geometry":{"type":"Point","coordinates":[34.932773,0.432759]},"properties":{"id":"523277743","n":"Mache A US 3","t":"us","c":"Kakamega"}},{"type":"Feature","geometry":{"type":"Point","coordinates":[34.903946,0.435478]},"properties":{"id":"523213307","n":"Bahai PD 2","t":"pdw","c":"Kakamega"}},{"type":"Feature","geometry":{"type":"Point","coordinates":[34.881857,0.470637]},"properties":{"id":"523325000","n":"Mungaha PD20","t":"pdw","c":"Kakamega"}},{"type":"Feature","geometry":{"type":"Point","coordinates":[34.878686,0.455779]},"properties":{"id":"523239620","n":"Shitirira A PD9","t":"pdw","c":"Kakamega"}},{"type":"Feature","geometry":{"type":"Point","coordinates":[34.907628,0.433587]},"properties":{"id":"523292900","n":"Kimang'eti PD 32","t":"pdw","c":"Kakamega"}},{"type":"Feature","geometry":{"type":"Point","coordinates":[34.882432,0.43511]},"properties":{"id":"523348296","n":"Jilca PD15","t":"pdw","c":"Kakamega"}},{"type":"Feature","geometry":{"type":"Point","coordinates":[34.872978,0.44647]},"properties":{"id":"523224257","n":"Shitirira B PD30","t":"pdw","c":"Kakamega"}},{"type":"Feature","geometry":{"type":"Point","coordinates":[34.819943,0.418722]},"properties":{"id":"523268338","n":"Muting'ong'o PD4","t":"ps","c":"Kakamega"}},{"type":"Feature","geometry":{"type":"Point","coordinates":[34.883294,0.432321]},"properties":{"id":"523221735","n":"Jilca UD1","t":"udw","c":"Kakamega"}},{"type":"Feature","geometry":{"type":"Point","coordinates":[34.864451,0.43969]},"properties":{"id":"523222468","n":"Musingu PD7","t":"pdw","c":"Kakamega"}},{"type":"Feature","geometry":{"type":"Point","coordinates":[34.852889,0.417714]},"properties":{"id":"523266525","n":"Iyala PD23","t":"pdw","c":"Kakamega"}},{"type":"Feature","geometry":{"type":"Point","coordinates":[34.911127,0.431506]},"properties":{"id":"523260141","n":"Kimang'eti PD 34","t":"pdw","c":"Kakamega"}},{"type":"Feature","geometry":{"type":"Point","coordinates":[34.911572,0.439763]},"properties":{"id":"523281081","n":"Kimang'eti PD 13","t":"pdw","c":"Kakamega"}},{"type":"Feature","geometry":{"type":"Point","coordinates":[34.872839,0.442846]},"properties":{"id":"523293884","n":"Shitirira B PD4","t":"pdw","c":"Kakamega"}},{"type":"Feature","geometry":{"type":"Point","coordinates":[34.939068,0.444826]},"properties":{"id":"523327370","n":"Mache B PD 3","t":"pdw","c":"Kakamega"}},{"type":"Feature","geometry":{"type":"Point","coordinates":[34.876667,0.462919]},"properties":{"id":"523247216","n":"Shitirira C PD1","t":"pdw","c":"Kakamega"}},{"type":"Feature","geometry":{"type":"Point","coordinates":[34.874059,0.467419]},"properties":{"id":"523314026","n":"Mungaha PD4","t":"pdw","c":"Kakamega"}},{"type":"Feature","geometry":{"type":"Point","coordinates":[34.875448,0.432173]},"properties":{"id":"523292814","n":"Samuluri PD6","t":"pdw","c":"Kakamega"}},{"type":"Feature","geometry":{"type":"Point","coordinates":[34.862666,0.437714]},"properties":{"id":"523207689","n":"Musalaba PD1","t":"pdw","c":"Kakamega"}},{"type":"Feature","geometry":{"type":"Point","coordinates":[34.887677,0.470342]},"properties":{"id":"523227274","n":"Namatala PD 14","t":"pdw","c":"Kakamega"}},{"type":"Feature","geometry":{"type":"Point","coordinates":[34.882197,0.461827]},"properties":{"id":"523240422","n":"Lugusi PS1","t":"ps","c":"Kakamega"}},{"type":"Feature","geometry":{"type":"Point","coordinates":[34.870356,0.428778]},"properties":{"id":"523342692","n":"Tumbeni PD3","t":"pdw","c":"Kakamega"}},{"type":"Feature","geometry":{"type":"Point","coordinates":[34.887352,0.459123]},"properties":{"id":"523286811","n":"Masungutsa PD3","t":"pdw","c":"Kakamega"}},{"type":"Feature","geometry":{"type":"Point","coordinates":[34.87297,0.441315]},"properties":{"id":"523324559","n":"Shitirira B PD3","t":"pdw","c":"Kakamega"}},{"type":"Feature","geometry":{"type":"Point","coordinates":[34.829665,0.421603]},"properties":{"id":"523310390","n":"Lutali A PD 7","t":"pdw","c":"Kakamega"}},{"type":"Feature","geometry":{"type":"Point","coordinates":[34.842435,0.418875]},"properties":{"id":"523272047","n":"Luwaya PD12","t":"pdw","c":"Kakamega"}},{"type":"Feature","geometry":{"type":"Point","coordinates":[34.912965,0.432896]},"properties":{"id":"84828886","n":"Machemo Community, Boaz Mukulo Spring - 20173","t":"ps","c":"Kakamega"}},{"type":"Feature","geometry":{"type":"Point","coordinates":[34.840618,0.418094]},"properties":{"id":"523209296","n":"Iyala US2","t":"us","c":"Kakamega"}},{"type":"Feature","geometry":{"type":"Point","coordinates":[34.902092,0.435073]},"properties":{"id":"366924851","n":"Machemo Community, Mato Talai Spring - 22026","t":"ps","c":"Kakamega"}},{"type":"Feature","geometry":{"type":"Point","coordinates":[34.84251,0.417572]},"properties":{"id":"523211893","n":"Iyala PS1","t":"ps","c":"Kakamega"}},{"type":"Feature","geometry":{"type":"Point","coordinates":[34.937112,0.447824]},"properties":{"id":"523263773","n":"Mache B PS 2","t":"ps","c":"Kakamega"}},{"type":"Feature","geometry":{"type":"Point","coordinates":[34.82512,0.418353]},"properties":{"id":"523264310","n":"Mwonyonyi PD8","t":"pdw","c":"Kakamega"}},{"type":"Feature","geometry":{"type":"Point","coordinates":[34.867665,0.448085]},"properties":{"id":"523311092","n":"Musingu PD10","t":"pdw","c":"Kakamega"}},{"type":"Feature","geometry":{"type":"Point","coordinates":[34.881847,0.457665]},"properties":{"id":"523288679","n":"Shitirira C PD5","t":"pdw","c":"Kakamega"}},{"type":"Feature","geometry":{"type":"Point","coordinates":[34.829185,0.412648]},"properties":{"id":"523279099","n":"Mwonyonyi PD4","t":"pdw","c":"Kakamega"}},{"type":"Feature","geometry":{"type":"Point","coordinates":[34.833933,0.417082]},"properties":{"id":"523350202","n":"Lusumu PD12","t":"pdw","c":"Kakamega"}},{"type":"Feature","geometry":{"type":"Point","coordinates":[34.905847,0.437903]},"properties":{"id":"523350635","n":"Kimang'eti UD 3","t":"udw","c":"Kakamega"}},{"type":"Feature","geometry":{"type":"Point","coordinates":[34.851501,0.417001]},"properties":{"id":"523204617","n":"Iyala PD20","t":"ps","c":"Kakamega"}},{"type":"Feature","geometry":{"type":"Point","coordinates":[34.818835,0.411323]},"properties":{"id":"523222341","n":"Muchemo PS1","t":"ps","c":"Kakamega"}},{"type":"Feature","geometry":{"type":"Point","coordinates":[34.872507,0.441965]},"properties":{"id":"523315292","n":"Shitirira B PD2","t":"pdw","c":"Kakamega"}},{"type":"Feature","geometry":{"type":"Point","coordinates":[34.919911,0.467567]},"properties":{"id":"523277712","n":"Bondeni PD 3","t":"pdw","c":"Kakamega"}},{"type":"Feature","geometry":{"type":"Point","coordinates":[34.850525,0.419969]},"properties":{"id":"523193070","n":"Luwaya PD7","t":"pdw","c":"Kakamega"}},{"type":"Feature","geometry":{"type":"Point","coordinates":[34.83567,0.40969]},"properties":{"id":"523268819","n":"Mukhonje PD7","t":"pdw","c":"Kakamega"}},{"type":"Feature","geometry":{"type":"Point","coordinates":[34.879014,0.466465]},"properties":{"id":"523220459","n":"Lugusi PD1","t":"pdw","c":"Kakamega"}},{"type":"Feature","geometry":{"type":"Point","coordinates":[34.890418,0.449276]},"properties":{"id":"523233954","n":"Isikhu PD4","t":"pdw","c":"Kakamega"}},{"type":"Feature","geometry":{"type":"Point","coordinates":[34.833693,0.407682]},"properties":{"id":"523211886","n":"Mukava US3","t":"us","c":"Kakamega"}},{"type":"Feature","geometry":{"type":"Point","coordinates":[34.917903,0.456873]},"properties":{"id":"366925285","n":"Chimoroni Community, George Luvande Spring - 22006","t":"ps","c":"Kakamega"}},{"type":"Feature","geometry":{"type":"Point","coordinates":[34.877848,0.472011]},"properties":{"id":"523192725","n":"Mungaha PD13","t":"pdw","c":"Kakamega"}},{"type":"Feature","geometry":{"type":"Point","coordinates":[34.824737,0.427303]},"properties":{"id":"523227061","n":"Musungu A PD 11","t":"pdw","c":"Kakamega"}},{"type":"Feature","geometry":{"type":"Point","coordinates":[34.850723,0.419335]},"properties":{"id":"523224288","n":"Luwaya PD6","t":"pdw","c":"Kakamega"}},{"type":"Feature","geometry":{"type":"Point","coordinates":[34.886013,0.471762]},"properties":{"id":"523350587","n":"Luyeshe PD11","t":"pdw","c":"Kakamega"}},{"type":"Feature","geometry":{"type":"Point","coordinates":[34.825334,0.412104]},"properties":{"id":"523286512","n":"Muting'ong'o US1","t":"us","c":"Kakamega"}},{"type":"Feature","geometry":{"type":"Point","coordinates":[34.854452,0.41862]},"properties":{"id":"523278531","n":"Luwaya PD4","t":"pdw","c":"Kakamega"}},{"type":"Feature","geometry":{"type":"Point","coordinates":[34.865089,0.450411]},"properties":{"id":"523252445","n":"Musingu PD12","t":"pdw","c":"Kakamega"}},{"type":"Feature","geometry":{"type":"Point","coordinates":[34.838897,0.404583]},"properties":{"id":"523270162","n":"Mukava US4","t":"us","c":"Kakamega"}},{"type":"Feature","geometry":{"type":"Point","coordinates":[34.866858,0.434925]},"properties":{"id":"523336053","n":"Musingu PD4","t":"pdw","c":"Kakamega"}},{"type":"Feature","geometry":{"type":"Point","coordinates":[34.914348,0.470527]},"properties":{"id":"523237020","n":"Lunyinya PD 1","t":"pdw","c":"Kakamega"}},{"type":"Feature","geometry":{"type":"Point","coordinates":[34.852617,0.442677]},"properties":{"id":"523280860","n":"Isanjiro C PD 1","t":"pdw","c":"Kakamega"}},{"type":"Feature","geometry":{"type":"Point","coordinates":[34.839275,0.424465]},"properties":{"id":"523256504","n":"Shivikhwa PS 3","t":"ps","c":"Kakamega"}},{"type":"Feature","geometry":{"type":"Point","coordinates":[34.841495,0.414025]},"properties":{"id":"523227621","n":"Iyala US1","t":"us","c":"Kakamega"}},{"type":"Feature","geometry":{"type":"Point","coordinates":[34.856783,0.442798]},"properties":{"id":"523248406","n":"Isanjiro A PD 12","t":"pdw","c":"Kakamega"}},{"type":"Feature","geometry":{"type":"Point","coordinates":[34.915827,0.470868]},"properties":{"id":"523312622","n":"Lunyinya PD 3","t":"pdw","c":"Kakamega"}},{"type":"Feature","geometry":{"type":"Point","coordinates":[34.82293,0.426898]},"properties":{"id":"523312835","n":"Musungu A US 12","t":"us","c":"Kakamega"}},{"type":"Feature","geometry":{"type":"Point","coordinates":[34.90886,0.43765]},"properties":{"id":"523215550","n":"Kimang'eti PD 22","t":"pdw","c":"Kakamega"}},{"type":"Feature","geometry":{"type":"Point","coordinates":[34.886844,0.471648]},"properties":{"id":"523215103","n":"Luyeshe PD9","t":"pdw","c":"Kakamega"}},{"type":"Feature","geometry":{"type":"Point","coordinates":[34.886965,0.455093]},"properties":{"id":"523193489","n":"Masungutsa PD18","t":"pdw","c":"Kakamega"}},{"type":"Feature","geometry":{"type":"Point","coordinates":[34.920752,0.437632]},"properties":{"id":"523334491","n":"SDA PS 1","t":"ps","c":"Kakamega"}},{"type":"Feature","geometry":{"type":"Point","coordinates":[34.915495,0.475046]},"properties":{"id":"523348784","n":"Malichi A US 1","t":"us","c":"Kakamega"}},{"type":"Feature","geometry":{"type":"Point","coordinates":[34.843255,0.416063]},"properties":{"id":"523242297","n":"Iyala PD5","t":"pdw","c":"Kakamega"}},{"type":"Feature","geometry":{"type":"Point","coordinates":[34.871888,0.44362]},"properties":{"id":"523261214","n":"Shitirira B PD28","t":"pdw","c":"Kakamega"}},{"type":"Feature","geometry":{"type":"Point","coordinates":[34.893728,0.45651]},"properties":{"id":"523246026","n":"Malichi B PD 3","t":"pdw","c":"Kakamega"}},{"type":"Feature","geometry":{"type":"Point","coordinates":[34.89171,0.454726]},"properties":{"id":"523283526","n":"Masungutsa PD11","t":"pdw","c":"Kakamega"}},{"type":"Feature","geometry":{"type":"Point","coordinates":[34.883901,0.466075]},"properties":{"id":"523210847","n":"Namatala PD 26","t":"pdw","c":"Kakamega"}},{"type":"Feature","geometry":{"type":"Point","coordinates":[34.930107,0.43767]},"properties":{"id":"523283722","n":"Mache A UD 1","t":"udw","c":"Kakamega"}},{"type":"Feature","geometry":{"type":"Point","coordinates":[34.825876,0.414091]},"properties":{"id":"523317380","n":"Mwonyonyi PD6","t":"pdw","c":"Kakamega"}},{"type":"Feature","geometry":{"type":"Point","coordinates":[34.82926,0.414865]},"properties":{"id":"523213194","n":"Lusumu PD1","t":"pdw","c":"Kakamega"}},{"type":"Feature","geometry":{"type":"Point","coordinates":[34.914682,0.439243]},"properties":{"id":"523221986","n":"Kimang'eti UD 2","t":"udw","c":"Kakamega"}},{"type":"Feature","geometry":{"type":"Point","coordinates":[34.904834,0.448369]},"properties":{"id":"523304012","n":"Shilongo UD 1","t":"udw","c":"Kakamega"}},{"type":"Feature","geometry":{"type":"Point","coordinates":[34.907109,0.42569]},"properties":{"id":"523304249","n":"Makhwabuyu A PD 13","t":"pdw","c":"Kakamega"}},{"type":"Feature","geometry":{"type":"Point","coordinates":[34.822058,0.409373]},"properties":{"id":"523325127","n":"Muting'ong'o PD4","t":"pdw","c":"Kakamega"}},{"type":"Feature","geometry":{"type":"Point","coordinates":[34.909592,0.432532]},"properties":{"id":"523303877","n":"Kimang'eti PD 1","t":"pdw","c":"Kakamega"}},{"type":"Feature","geometry":{"type":"Point","coordinates":[34.916997,0.431448]},"properties":{"id":"523267715","n":"SDA PD 1","t":"pdw","c":"Kakamega"}},{"type":"Feature","geometry":{"type":"Point","coordinates":[34.839122,0.409032]},"properties":{"id":"523302254","n":"Mukhonje PD12","t":"pdw","c":"Kakamega"}},{"type":"Feature","geometry":{"type":"Point","coordinates":[34.928593,0.441673]},"properties":{"id":"523238069","n":"Mukhonje A PD 6","t":"pdw","c":"Kakamega"}},{"type":"Feature","geometry":{"type":"Point","coordinates":[34.884292,0.47184]},"properties":{"id":"523210304","n":"Namatala UD 2","t":"udw","c":"Kakamega"}},{"type":"Feature","geometry":{"type":"Point","coordinates":[34.928768,0.431112]},"properties":{"id":"523244945","n":"Mache A US 4","t":"us","c":"Kakamega"}},{"type":"Feature","geometry":{"type":"Point","coordinates":[34.913799,0.45965]},"properties":{"id":"523340250","n":"Lurale PD 6","t":"pdw","c":"Kakamega"}},{"type":"Feature","geometry":{"type":"Point","coordinates":[34.879876,0.472655]},"properties":{"id":"523254131","n":"Mungaha PD17","t":"pdw","c":"Kakamega"}},{"type":"Feature","geometry":{"type":"Point","coordinates":[34.91213,0.462223]},"properties":{"id":"523342180","n":"Lurale PD 5","t":"pdw","c":"Kakamega"}},{"type":"Feature","geometry":{"type":"Point","coordinates":[34.866159,0.443034]},"properties":{"id":"523336060","n":"Musingu PD2","t":"pdw","c":"Kakamega"}},{"type":"Feature","geometry":{"type":"Point","coordinates":[34.81973,0.408328]},"properties":{"id":"523293626","n":"Muchemo PD2","t":"pdw","c":"Kakamega"}},{"type":"Feature","geometry":{"type":"Point","coordinates":[34.856935,0.433517]},"properties":{"id":"523291222","n":"Musalaba PD5","t":"pdw","c":"Kakamega"}},{"type":"Feature","geometry":{"type":"Point","coordinates":[34.894204,0.471861]},"properties":{"id":"523305305","n":"Mukhuyu UD2","t":"udw","c":"Kakamega"}},{"type":"Feature","geometry":{"type":"Point","coordinates":[34.856197,0.437922]},"properties":{"id":"523212818","n":"Isanjiro US 3","t":"us","c":"Kakamega"}},{"type":"Feature","geometry":{"type":"Point","coordinates":[34.90085,0.429731]},"properties":{"id":"523328584","n":"Bahai US 3","t":"us","c":"Kakamega"}},{"type":"Feature","geometry":{"type":"Point","coordinates":[34.878375,0.470676]},"properties":{"id":"523300441","n":"Mungaha PD11","t":"pdw","c":"Kakamega"}},{"type":"Feature","geometry":{"type":"Point","coordinates":[34.848782,0.429495]},"properties":{"id":"523248585","n":"Shivikhwa B PD 11","t":"pdw","c":"Kakamega"}},{"type":"Feature","geometry":{"type":"Point","coordinates":[34.925666,0.440354]},"properties":{"id":"523253532","n":"Mukhonje A UD 2","t":"udw","c":"Kakamega"}},{"type":"Feature","geometry":{"type":"Point","coordinates":[34.810135,0.429278]},"properties":{"id":"523237721","n":"Shikoshe A US 5","t":"us","c":"Kakamega"}},{"type":"Feature","geometry":{"type":"Point","coordinates":[34.848815,0.402552]},"properties":{"id":"523274025","n":"Tumaini PD1","t":"pdw","c":"Kakamega"}},{"type":"Feature","geometry":{"type":"Point","coordinates":[34.859255,0.435295]},"properties":{"id":"523311171","n":"Isanjiro B 2 PD. 1","t":"pdw","c":"Kakamega"}},{"type":"Feature","geometry":{"type":"Point","coordinates":[34.857783,0.429997]},"properties":{"id":"523266288","n":"Musalaba PD8","t":"pdw","c":"Kakamega"}},{"type":"Feature","geometry":{"type":"Point","coordinates":[34.882768,0.465129]},"properties":{"id":"523245111","n":"Lugusi PD9","t":"pdw","c":"Kakamega"}},{"type":"Feature","geometry":{"type":"Point","coordinates":[34.837983,0.40461]},"properties":{"id":"523195223","n":"Mukava PS1","t":"ps","c":"Kakamega"}},{"type":"Feature","geometry":{"type":"Point","coordinates":[34.874117,0.455813]},"properties":{"id":"523300630","n":"Shitirira PD6","t":"pdw","c":"Kakamega"}},{"type":"Feature","geometry":{"type":"Point","coordinates":[34.923607,0.43735]},"properties":{"id":"523314947","n":"Mukhonje B PD 3","t":"pdw","c":"Kakamega"}},{"type":"Feature","geometry":{"type":"Point","coordinates":[34.918658,0.426196]},"properties":{"id":"316006754","n":"Machemo Community, Davis Mamuti Spring - 21076","t":"ps","c":"Kakamega"}},{"type":"Feature","geometry":{"type":"Point","coordinates":[34.878578,0.472659]},"properties":{"id":"523349682","n":"Mungaha PD15","t":"pdw","c":"Kakamega"}},{"type":"Feature","geometry":{"type":"Point","coordinates":[34.928255,0.434507]},"properties":{"id":"523285597","n":"Mache A US 1","t":"us","c":"Kakamega"}},{"type":"Feature","geometry":{"type":"Point","coordinates":[34.829813,0.422928]},"properties":{"id":"523297589","n":"Lutali A PD 8","t":"pdw","c":"Kakamega"}},{"type":"Feature","geometry":{"type":"Point","coordinates":[34.914845,0.44112]},"properties":{"id":"523342661","n":"Kimang'eti PD 7","t":"pdw","c":"Kakamega"}},{"type":"Feature","geometry":{"type":"Point","coordinates":[34.916509,0.443097]},"properties":{"id":"523305192","n":"Mukhonje B UD 6","t":"udw","c":"Kakamega"}},{"type":"Feature","geometry":{"type":"Point","coordinates":[34.889517,0.434752]},"properties":{"id":"523211123","n":"Isikhu PD 3","t":"pdw","c":"Kakamega"}},{"type":"Feature","geometry":{"type":"Point","coordinates":[34.90313,0.46515]},"properties":{"id":"523228402","n":"Malichi A UD 3","t":"udw","c":"Kakamega"}},{"type":"Feature","geometry":{"type":"Point","coordinates":[34.827383,0.419065]},"properties":{"id":"523253886","n":"Lusumu PD3","t":"pdw","c":"Kakamega"}},{"type":"Feature","geometry":{"type":"Point","coordinates":[34.846303,0.415538]},"properties":{"id":"523261434","n":"Kakoyi PD11","t":"pdw","c":"Kakamega"}},{"type":"Feature","geometry":{"type":"Point","coordinates":[34.922763,0.450456]},"properties":{"id":"523248798","n":"Shirulo UD 1","t":"udw","c":"Kakamega"}},{"type":"Feature","geometry":{"type":"Point","coordinates":[34.911916,0.444727]},"properties":{"id":"523221852","n":"Machemo US 4","t":"us","c":"Kakamega"}},{"type":"Feature","geometry":{"type":"Point","coordinates":[34.91369,0.44093]},"properties":{"id":"523257196","n":"Kimang'eti PD 8","t":"pdw","c":"Kakamega"}},{"type":"Feature","geometry":{"type":"Point","coordinates":[34.85481,0.438497]},"properties":{"id":"523214281","n":"Isanjiro PD 2","t":"pdw","c":"Kakamega"}},{"type":"Feature","geometry":{"type":"Point","coordinates":[34.882609,0.446371]},"properties":{"id":"523299488","n":"Shitirira B PD23","t":"pdw","c":"Kakamega"}},{"type":"Feature","geometry":{"type":"Point","coordinates":[34.854595,0.446377]},"properties":{"id":"523196633","n":"Isanjiro A PD 8","t":"pdw","c":"Kakamega"}},{"type":"Feature","geometry":{"type":"Point","coordinates":[34.887131,0.471726]},"properties":{"id":"523306100","n":"Luyeshe UD2","t":"udw","c":"Kakamega"}},{"type":"Feature","geometry":{"type":"Point","coordinates":[34.913098,0.438453]},"properties":{"id":"523226101","n":"Kimang'eti PD 6","t":"pdw","c":"Kakamega"}},{"type":"Feature","geometry":{"type":"Point","coordinates":[34.886124,0.43992]},"properties":{"id":"523232269","n":"Shitirira B PD18","t":"pdw","c":"Kakamega"}},{"type":"Feature","geometry":{"type":"Point","coordinates":[34.892248,0.44704]},"properties":{"id":"523253587","n":"Isikhu PD9","t":"pdw","c":"Kakamega"}},{"type":"Feature","geometry":{"type":"Point","coordinates":[34.873863,0.449835]},"properties":{"id":"523324016","n":"Shitirira A PD3","t":"pdw","c":"Kakamega"}},{"type":"Feature","geometry":{"type":"Point","coordinates":[34.877834,0.457231]},"properties":{"id":"523206523","n":"Shitirira A PD10","t":"pdw","c":"Kakamega"}},{"type":"Feature","geometry":{"type":"Point","coordinates":[34.848343,0.417803]},"properties":{"id":"523222183","n":"Iyala PD15","t":"pdw","c":"Kakamega"}},{"type":"Feature","geometry":{"type":"Point","coordinates":[34.938393,0.427148]},"properties":{"id":"366925027","n":"Lukhokho Community, Kamwani Spring - 22052","t":"ps","c":"Kakamega"}},{"type":"Feature","geometry":{"type":"Point","coordinates":[34.842707,0.408012]},"properties":{"id":"523348533","n":"Mukhonje UD1","t":"udw","c":"Kakamega"}},{"type":"Feature","geometry":{"type":"Point","coordinates":[34.909151,0.479673]},"properties":{"id":"523236005","n":"Chemuche PD 2","t":"pdw","c":"Kakamega"}},{"type":"Feature","geometry":{"type":"Point","coordinates":[34.889427,0.448284]},"properties":{"id":"523307259","n":"Isikhu PD7","t":"pdw","c":"Kakamega"}},{"type":"Feature","geometry":{"type":"Point","coordinates":[34.889826,0.473162]},"properties":{"id":"523305037","n":"Luyeshe PD3","t":"pdw","c":"Kakamega"}},{"type":"Feature","geometry":{"type":"Point","coordinates":[34.924247,0.436533]},"properties":{"id":"523291239","n":"Mukhonje B UD 1","t":"udw","c":"Kakamega"}},{"type":"Feature","geometry":{"type":"Point","coordinates":[34.888299,0.473891]},"properties":{"id":"523274726","n":"Luyeshe PD5","t":"pdw","c":"Kakamega"}},{"type":"Feature","geometry":{"type":"Point","coordinates":[34.884702,0.442388]},"properties":{"id":"523205773","n":"Shitirira B PD19","t":"pdw","c":"Kakamega"}},{"type":"Feature","geometry":{"type":"Point","coordinates":[34.915757,0.460562]},"properties":{"id":"523257536","n":"Lurale PD 7","t":"pdw","c":"Kakamega"}},{"type":"Feature","geometry":{"type":"Point","coordinates":[34.844995,0.407547]},"properties":{"id":"523322430","n":"Tumaini PD8","t":"pdw","c":"Kakamega"}},{"type":"Feature","geometry":{"type":"Point","coordinates":[34.938772,0.44295]},"properties":{"id":"523282226","n":"Mache B PD 4","t":"pdw","c":"Kakamega"}},{"type":"Feature","geometry":{"type":"Point","coordinates":[34.90787,0.43849]},"properties":{"id":"523211161","n":"Kimang'eti PD 24","t":"pdw","c":"Kakamega"}},{"type":"Feature","geometry":{"type":"Point","coordinates":[34.882002,0.458192]},"properties":{"id":"523218979","n":"Shitirira C PD4","t":"pdw","c":"Kakamega"}},{"type":"Feature","geometry":{"type":"Point","coordinates":[34.901366,0.448239]},"properties":{"id":"523290159","n":"Shilongo PD 5","t":"pdw","c":"Kakamega"}},{"type":"Feature","geometry":{"type":"Point","coordinates":[34.87,0.45]},"properties":{"id":"930833","n":"Decommissioned 2023- Shitirira Primary School Hand-Dug Well - 4516","t":"pdw","c":"Kakamega"}},{"type":"Feature","geometry":{"type":"Point","coordinates":[34.85966,0.428428]},"properties":{"id":"523254337","n":"Musalaba US3","t":"us","c":"Kakamega"}},{"type":"Feature","geometry":{"type":"Point","coordinates":[34.830667,0.424633]},"properties":{"id":"523290056","n":"Lutali A PD 11","t":"pdw","c":"Kakamega"}},{"type":"Feature","geometry":{"type":"Point","coordinates":[34.88733,0.473937]},"properties":{"id":"523221797","n":"Luyeshe PD6","t":"pdw","c":"Kakamega"}},{"type":"Feature","geometry":{"type":"Point","coordinates":[34.904947,0.429481]},"properties":{"id":"523237381","n":"Bahai PD 6","t":"pdw","c":"Kakamega"}},{"type":"Feature","geometry":{"type":"Point","coordinates":[34.88255,0.466237]},"properties":{"id":"523247412","n":"Namatala PD 24","t":"pdw","c":"Kakamega"}},{"type":"Feature","geometry":{"type":"Point","coordinates":[34.884302,0.46843]},"properties":{"id":"523277781","n":"Namatala US 1","t":"us","c":"Kakamega"}},{"type":"Feature","geometry":{"type":"Point","coordinates":[34.883878,0.465296]},"properties":{"id":"523269078","n":"Lugusi PD15","t":"pdw","c":"Kakamega"}},{"type":"Feature","geometry":{"type":"Point","coordinates":[34.883886,0.469864]},"properties":{"id":"523275071","n":"Namatala PD 8","t":"pdw","c":"Kakamega"}},{"type":"Feature","geometry":{"type":"Point","coordinates":[34.891724,0.44954]},"properties":{"id":"523256391","n":"Isikhu PD5","t":"pdw","c":"Kakamega"}},{"type":"Feature","geometry":{"type":"Point","coordinates":[34.891953,0.4643]},"properties":{"id":"523320490","n":"Munyanya PD6","t":"pdw","c":"Kakamega"}},{"type":"Feature","geometry":{"type":"Point","coordinates":[34.892807,0.47221]},"properties":{"id":"523239493","n":"Mukhuyu PD8","t":"pdw","c":"Kakamega"}},{"type":"Feature","geometry":{"type":"Point","coordinates":[34.886846,0.438989]},"properties":{"id":"523271857","n":"Shitirira B US2","t":"us","c":"Kakamega"}},{"type":"Feature","geometry":{"type":"Point","coordinates":[34.837685,0.422479]},"properties":{"id":"523313221","n":"Luwaya PD16","t":"pdw","c":"Kakamega"}},{"type":"Feature","geometry":{"type":"Point","coordinates":[34.906463,0.440335]},"properties":{"id":"523224477","n":"Machemo PD 3","t":"pdw","c":"Kakamega"}},{"type":"Feature","geometry":{"type":"Point","coordinates":[34.911839,0.437786]},"properties":{"id":"523300465","n":"Kimang'eti UD 1","t":"udw","c":"Kakamega"}},{"type":"Feature","geometry":{"type":"Point","coordinates":[34.90928,0.424959]},"properties":{"id":"523285487","n":"Makhwabuyu A PD 4","t":"pdw","c":"Kakamega"}},{"type":"Feature","geometry":{"type":"Point","coordinates":[34.864395,0.435063]},"properties":{"id":"523256834","n":"Musingu PD5","t":"pdw","c":"Kakamega"}},{"type":"Feature","geometry":{"type":"Point","coordinates":[34.875045,0.443401]},"properties":{"id":"523227425","n":"Shitirira B PD7","t":"pdw","c":"Kakamega"}},{"type":"Feature","geometry":{"type":"Point","coordinates":[34.911929,0.439497]},"properties":{"id":"523340597","n":"Kimang'eti PD 14","t":"pdw","c":"Kakamega"}},{"type":"Feature","geometry":{"type":"Point","coordinates":[34.884202,0.471428]},"properties":{"id":"523280619","n":"Namatala PD 5","t":"pdw","c":"Kakamega"}},{"type":"Feature","geometry":{"type":"Point","coordinates":[34.857183,0.428149]},"properties":{"id":"523332963","n":"Musalaba PD12","t":"pdw","c":"Kakamega"}},{"type":"Feature","geometry":{"type":"Point","coordinates":[34.856743,0.432235]},"properties":{"id":"523235633","n":"Musalaba PD6","t":"pdw","c":"Kakamega"}},{"type":"Feature","geometry":{"type":"Point","coordinates":[34.894275,0.473681]},"properties":{"id":"523248310","n":"Mukhuyu PD14","t":"pdw","c":"Kakamega"}},{"type":"Feature","geometry":{"type":"Point","coordinates":[34.878682,0.445211]},"properties":{"id":"523329279","n":"Shitirira B PD24","t":"pdw","c":"Kakamega"}},{"type":"Feature","geometry":{"type":"Point","coordinates":[34.89283,0.464047]},"properties":{"id":"523237752","n":"Munyanya UD2","t":"udw","c":"Kakamega"}},{"type":"Feature","geometry":{"type":"Point","coordinates":[34.85441,0.421852]},"properties":{"id":"523342173","n":"Shivikhwa A US 6","t":"us","c":"Kakamega"}},{"type":"Feature","geometry":{"type":"Point","coordinates":[34.903776,0.425977]},"properties":{"id":"523213462","n":"Makhwabuyu A PD 22","t":"pdw","c":"Kakamega"}},{"type":"Feature","geometry":{"type":"Point","coordinates":[34.922099,0.453304]},"properties":{"id":"523311085","n":"Chimoroni PD 2","t":"pdw","c":"Kakamega"}},{"type":"Feature","geometry":{"type":"Point","coordinates":[34.879934,0.466785]},"properties":{"id":"523342915","n":"Lugusi PD3","t":"pdw","c":"Kakamega"}},{"type":"Feature","geometry":{"type":"Point","coordinates":[34.865345,0.440178]},"properties":{"id":"523280592","n":"Musingu PD6","t":"pdw","c":"Kakamega"}},{"type":"Feature","geometry":{"type":"Point","coordinates":[34.936968,0.443755]},"properties":{"id":"523259428","n":"Mache B PD 1","t":"pdw","c":"Kakamega"}},{"type":"Feature","geometry":{"type":"Point","coordinates":[34.90991,0.44519]},"properties":{"id":"272020197","n":"Chimoroni Community, Ezekiel Mmasi Spring - 21077","t":"ps","c":"Kakamega"}}]}