{"type":"FeatureCollection","features":[{"type":"Feature","geometry":{"type":"Point","coordinates":[34.562893,0.306861]},"properties":{"id":"523259545","n":"Lubinu PD 14","t":"pdw","c":"Kakamega"}},{"type":"Feature","geometry":{"type":"Point","coordinates":[34.55365,0.321747]},"properties":{"id":"523261520","n":"EBUCHIMBE PD 2","t":"pdw","c":"Kakamega"}},{"type":"Feature","geometry":{"type":"Point","coordinates":[34.526608,0.302038]},"properties":{"id":"523338079","n":"Emuberi south 4","t":"pdw","c":"Kakamega"}},{"type":"Feature","geometry":{"type":"Point","coordinates":[34.541175,0.300771]},"properties":{"id":"523242022","n":"Shinambande PD 4","t":"pdw","c":"Kakamega"}},{"type":"Feature","geometry":{"type":"Point","coordinates":[34.547933,0.297175]},"properties":{"id":"523257347","n":"Shibinga PD 13","t":"pdw","c":"Kakamega"}},{"type":"Feature","geometry":{"type":"Point","coordinates":[34.542212,0.328979]},"properties":{"id":"366925199","n":"Eluche Health Centre - 22415","t":"bh","c":"Kakamega","d":90.0}},{"type":"Feature","geometry":{"type":"Point","coordinates":[34.503515,0.306223]},"properties":{"id":"523287087","n":"EMAHANGA B PD 5","t":"pdw","c":"Kakamega"}},{"type":"Feature","geometry":{"type":"Point","coordinates":[34.562732,0.29747]},"properties":{"id":"523276285","n":"Mushikulu B PD 2","t":"pdw","c":"Kakamega"}},{"type":"Feature","geometry":{"type":"Point","coordinates":[34.508914,0.311213]},"properties":{"id":"523224219","n":"MWIKALI PD 22","t":"pdw","c":"Kakamega"}},{"type":"Feature","geometry":{"type":"Point","coordinates":[34.56484,0.302416]},"properties":{"id":"523207562","n":"Mushikulu B PD 7","t":"pdw","c":"Kakamega"}},{"type":"Feature","geometry":{"type":"Point","coordinates":[34.564167,0.291947]},"properties":{"id":"523259662","n":"Emalingana PS 3","t":"ps","c":"Kakamega"}},{"type":"Feature","geometry":{"type":"Point","coordinates":[34.549802,0.30238]},"properties":{"id":"523342881","n":"Mwikunda PS 2","t":"ps","c":"Kakamega"}},{"type":"Feature","geometry":{"type":"Point","coordinates":[34.497077,0.303046]},"properties":{"id":"523316059","n":"EBULINJI PD 11","t":"pdw","c":"Kakamega"}},{"type":"Feature","geometry":{"type":"Point","coordinates":[34.501272,0.300614]},"properties":{"id":"523306825","n":"EMAHANGA A PD 2","t":"pdw","c":"Kakamega"}},{"type":"Feature","geometry":{"type":"Point","coordinates":[34.534149,0.323752]},"properties":{"id":"523351272","n":"EMAKOMBE PD 15","t":"pdw","c":"Kakamega"}},{"type":"Feature","geometry":{"type":"Point","coordinates":[34.564575,0.28562]},"properties":{"id":"523326283","n":"Elwasambi US 5","t":"us","c":"Kakamega"}},{"type":"Feature","geometry":{"type":"Point","coordinates":[34.500525,0.300592]},"properties":{"id":"523247261","n":"EMAHANGA A PD 4","t":"pdw","c":"Kakamega"}},{"type":"Feature","geometry":{"type":"Point","coordinates":[34.522652,0.329303]},"properties":{"id":"523323929","n":"Shifuyo A PD12","t":"pdw","c":"Kakamega"}},{"type":"Feature","geometry":{"type":"Point","coordinates":[34.505519,0.311673]},"properties":{"id":"523206190","n":"ESHIKWENYI PD 18","t":"pdw","c":"Kakamega"}},{"type":"Feature","geometry":{"type":"Point","coordinates":[34.562473,0.306999]},"properties":{"id":"523241801","n":"Lubinu PD 15","t":"pdw","c":"Kakamega"}},{"type":"Feature","geometry":{"type":"Point","coordinates":[34.528991,0.316439]},"properties":{"id":"523221498","n":"BUTUNYI PS 6","t":"ps","c":"Kakamega"}},{"type":"Feature","geometry":{"type":"Point","coordinates":[34.551855,0.32695]},"properties":{"id":"523225454","n":"Enyera PD9","t":"pdw","c":"Kakamega"}},{"type":"Feature","geometry":{"type":"Point","coordinates":[34.57032,0.32015]},"properties":{"id":"523351605","n":"MWIMANYE PD 52","t":"pdw","c":"Kakamega"}},{"type":"Feature","geometry":{"type":"Point","coordinates":[34.517955,0.306657]},"properties":{"id":"523331254","n":"MULUSIOLO PS 14","t":"ps","c":"Kakamega"}},{"type":"Feature","geometry":{"type":"Point","coordinates":[34.499557,0.314803]},"properties":{"id":"523336149","n":"IKOSHE PD 17","t":"pdw","c":"Kakamega"}},{"type":"Feature","geometry":{"type":"Point","coordinates":[34.521575,0.322424]},"properties":{"id":"523207548","n":"ENYAMOSO PD 12","t":"pdw","c":"Kakamega"}},{"type":"Feature","geometry":{"type":"Point","coordinates":[34.507602,0.310657]},"properties":{"id":"523277138","n":"MWIKALI PD 25","t":"pdw","c":"Kakamega"}},{"type":"Feature","geometry":{"type":"Point","coordinates":[34.58771,0.300497]},"properties":{"id":"523320074","n":"Mungakha PS","t":"ps","c":"Kakamega"}},{"type":"Feature","geometry":{"type":"Point","coordinates":[34.532552,0.322036]},"properties":{"id":"305464741","n":"Butunyi Community, Elijah Spring - 21320","t":"ps","c":"Kakamega"}},{"type":"Feature","geometry":{"type":"Point","coordinates":[34.581125,0.308371]},"properties":{"id":"523307510","n":"Shilarumwa PS'1","t":"ps","c":"Kakamega"}},{"type":"Feature","geometry":{"type":"Point","coordinates":[34.501336,0.298849]},"properties":{"id":"523277293","n":"EMAHANGA A PD 9","t":"pdw","c":"Kakamega"}},{"type":"Feature","geometry":{"type":"Point","coordinates":[34.564698,0.321725]},"properties":{"id":"523313393","n":"MWIMANYE PD 3","t":"pdw","c":"Kakamega"}},{"type":"Feature","geometry":{"type":"Point","coordinates":[34.524309,0.315856]},"properties":{"id":"523332884","n":"EMALISHIRA PD 15","t":"pdw","c":"Kakamega"}},{"type":"Feature","geometry":{"type":"Point","coordinates":[34.526822,0.30004]},"properties":{"id":"523196341","n":"Liyala PD 10","t":"pdw","c":"Kakamega"}},{"type":"Feature","geometry":{"type":"Point","coordinates":[34.558483,0.299218]},"properties":{"id":"84830483","n":"Mushikulu B Community, Olando Spring - 21302","t":"ps","c":"Kakamega"}},{"type":"Feature","geometry":{"type":"Point","coordinates":[34.578693,0.30908]},"properties":{"id":"523337298","n":"Shilarumwa PD'3","t":"pdw","c":"Kakamega"}},{"type":"Feature","geometry":{"type":"Point","coordinates":[34.5056,0.309658]},"properties":{"id":"523351760","n":"EMASINDE PD 13","t":"pdw","c":"Kakamega"}},{"type":"Feature","geometry":{"type":"Point","coordinates":[34.56726,0.285971]},"properties":{"id":"523304500","n":"Elwasambi Primary school BH 2","t":"bh","c":"Kakamega"}},{"type":"Feature","geometry":{"type":"Point","coordinates":[34.529537,0.283309]},"properties":{"id":"523197122","n":"Indangalasia PD 5","t":"pdw","c":"Kakamega"}},{"type":"Feature","geometry":{"type":"Point","coordinates":[34.517776,0.312044]},"properties":{"id":"523278005","n":"EMWAKU PD 17","t":"pdw","c":"Kakamega"}},{"type":"Feature","geometry":{"type":"Point","coordinates":[34.501955,0.305717]},"properties":{"id":"523342362","n":"EBWALIRO A PD 18","t":"pdw","c":"Kakamega"}},{"type":"Feature","geometry":{"type":"Point","coordinates":[34.502547,0.302091]},"properties":{"id":"523242242","n":"EMAHANGA B PD 11","t":"pdw","c":"Kakamega"}},{"type":"Feature","geometry":{"type":"Point","coordinates":[34.501391,0.307464]},"properties":{"id":"523245252","n":"EBWALIRO A PD 15","t":"pdw","c":"Kakamega"}},{"type":"Feature","geometry":{"type":"Point","coordinates":[34.529146,0.301565]},"properties":{"id":"523196688","n":"Emuberi north PD 6","t":"pdw","c":"Kakamega"}},{"type":"Feature","geometry":{"type":"Point","coordinates":[34.530195,0.293219]},"properties":{"id":"523338921","n":"Liyala US 2","t":"us","c":"Kakamega"}},{"type":"Feature","geometry":{"type":"Point","coordinates":[34.54987,0.30697]},"properties":{"id":"3749788","n":"Elusheya Community Water Project - 4105","t":"pdw","c":"Kakamega"}},{"type":"Feature","geometry":{"type":"Point","coordinates":[34.509474,0.294807]},"properties":{"id":"523208305","n":"Khwiondwe B PS 5","t":"ps","c":"Kakamega"}},{"type":"Feature","geometry":{"type":"Point","coordinates":[34.502245,0.29644]},"properties":{"id":"523303963","n":"EMAHANGA A PS 11","t":"ps","c":"Kakamega"}},{"type":"Feature","geometry":{"type":"Point","coordinates":[34.573078,0.303198]},"properties":{"id":"523317971","n":"Mushirongo PS 8","t":"ps","c":"Kakamega"}},{"type":"Feature","geometry":{"type":"Point","coordinates":[34.556417,0.30573]},"properties":{"id":"523264664","n":"Lubinu PD 19","t":"pdw","c":"Kakamega"}},{"type":"Feature","geometry":{"type":"Point","coordinates":[34.521327,0.329307]},"properties":{"id":"523322928","n":"Shifuyo A PS1","t":"ps","c":"Kakamega"}},{"type":"Feature","geometry":{"type":"Point","coordinates":[34.524598,0.30638]},"properties":{"id":"523316396","n":"Emuberi south PD 1","t":"pdw","c":"Kakamega"}},{"type":"Feature","geometry":{"type":"Point","coordinates":[34.530201,0.324352]},"properties":{"id":"523333548","n":"MWITOTI A PD 1","t":"pdw","c":"Kakamega"}},{"type":"Feature","geometry":{"type":"Point","coordinates":[34.514456,0.30987]},"properties":{"id":"523256542","n":"EMATSANZA PD 11","t":"pdw","c":"Kakamega"}},{"type":"Feature","geometry":{"type":"Point","coordinates":[34.572247,0.296207]},"properties":{"id":"523277963","n":"Mulwanda PD","t":"pdw","c":"Kakamega"}},{"type":"Feature","geometry":{"type":"Point","coordinates":[34.547656,0.31626]},"properties":{"id":"523344539","n":"Shanderema PD 2","t":"pdw","c":"Kakamega"}},{"type":"Feature","geometry":{"type":"Point","coordinates":[34.555642,0.310983]},"properties":{"id":"523257921","n":"Wetsetse PS 3","t":"ps","c":"Kakamega"}},{"type":"Feature","geometry":{"type":"Point","coordinates":[34.535732,0.322017]},"properties":{"id":"523276632","n":"EMAKOMBE PD 6","t":"pdw","c":"Kakamega"}},{"type":"Feature","geometry":{"type":"Point","coordinates":[34.542337,0.312551]},"properties":{"id":"523270478","n":"Khwihondwe PS 1","t":"ps","c":"Kakamega"}},{"type":"Feature","geometry":{"type":"Point","coordinates":[34.577865,0.309228]},"properties":{"id":"523287496","n":"Shilarumwa PD'1","t":"pdw","c":"Kakamega"}},{"type":"Feature","geometry":{"type":"Point","coordinates":[34.502582,0.313416]},"properties":{"id":"523216386","n":"IKOSHE UD 32","t":"udw","c":"Kakamega"}},{"type":"Feature","geometry":{"type":"Point","coordinates":[34.527903,0.291546]},"properties":{"id":"523308195","n":"Liyala US 1","t":"us","c":"Kakamega"}},{"type":"Feature","geometry":{"type":"Point","coordinates":[34.536054,0.308209]},"properties":{"id":"523199179","n":"Lusheya west PD 3","t":"pdw","c":"Kakamega"}},{"type":"Feature","geometry":{"type":"Point","coordinates":[34.50466,0.295608]},"properties":{"id":"523308009","n":"Khwiondwe US 5","t":"us","c":"Kakamega"}},{"type":"Feature","geometry":{"type":"Point","coordinates":[34.52522,0.314924]},"properties":{"id":"523228598","n":"EMALISHIRA PD 17","t":"pdw","c":"Kakamega"}},{"type":"Feature","geometry":{"type":"Point","coordinates":[34.558497,0.322452]},"properties":{"id":"523229991","n":"EBUCHIMBE PD 15","t":"pdw","c":"Kakamega"}},{"type":"Feature","geometry":{"type":"Point","coordinates":[34.565689,0.319658]},"properties":{"id":"523315797","n":"MWIMANYE PD 14","t":"pdw","c":"Kakamega"}},{"type":"Feature","geometry":{"type":"Point","coordinates":[34.53197,0.326173]},"properties":{"id":"523253879","n":"MWITOTI A PD 4","t":"pdw","c":"Kakamega"}},{"type":"Feature","geometry":{"type":"Point","coordinates":[34.502541,0.308146]},"properties":{"id":"523251420","n":"EBWALIRO A PD 16","t":"pdw","c":"Kakamega"}},{"type":"Feature","geometry":{"type":"Point","coordinates":[34.503316,0.301411]},"properties":{"id":"523265098","n":"EMAHANGA B PD 13","t":"pdw","c":"Kakamega"}},{"type":"Feature","geometry":{"type":"Point","coordinates":[34.578714,0.307717]},"properties":{"id":"523330239","n":"Shilarumwa PS '1","t":"ps","c":"Kakamega"}},{"type":"Feature","geometry":{"type":"Point","coordinates":[34.560106,0.298787]},"properties":{"id":"523350910","n":"Mushikulu A PD 15","t":"pdw","c":"Kakamega"}},{"type":"Feature","geometry":{"type":"Point","coordinates":[34.543149,0.312342]},"properties":{"id":"523352802","n":"Khwihondwe PS 2","t":"ps","c":"Kakamega"}},{"type":"Feature","geometry":{"type":"Point","coordinates":[34.544545,0.313531]},"properties":{"id":"523247955","n":"Khwihondwe PD 2","t":"pdw","c":"Kakamega"}},{"type":"Feature","geometry":{"type":"Point","coordinates":[34.559161,0.315937]},"properties":{"id":"523283832","n":"Musoma PD 8","t":"pdw","c":"Kakamega"}},{"type":"Feature","geometry":{"type":"Point","coordinates":[34.571724,0.291235]},"properties":{"id":"523269030","n":"Emusaka PD 12","t":"pdw","c":"Kakamega"}},{"type":"Feature","geometry":{"type":"Point","coordinates":[34.514198,0.308302]},"properties":{"id":"523193922","n":"EMWAKU PD 2","t":"pdw","c":"Kakamega"}},{"type":"Feature","geometry":{"type":"Point","coordinates":[34.518396,0.29866]},"properties":{"id":"563537601","n":"Ebubole UPC Primary  School - 22413","t":"bh","c":"Kakamega","d":80.0}},{"type":"Feature","geometry":{"type":"Point","coordinates":[34.534942,0.323262]},"properties":{"id":"523223050","n":"EMAKOMBE PD 3","t":"pdw","c":"Kakamega"}},{"type":"Feature","geometry":{"type":"Point","coordinates":[34.559142,0.310115]},"properties":{"id":"523293011","n":"Lubinu PD 22","t":"pdw","c":"Kakamega"}},{"type":"Feature","geometry":{"type":"Point","coordinates":[34.51811,0.307861]},"properties":{"id":"523310448","n":"MULUSIOLO PD 8","t":"pdw","c":"Kakamega"}},{"type":"Feature","geometry":{"type":"Point","coordinates":[34.502094,0.302295]},"properties":{"id":"523309543","n":"EMAHANGA B PD 10","t":"pdw","c":"Kakamega"}},{"type":"Feature","geometry":{"type":"Point","coordinates":[34.518785,0.292886]},"properties":{"id":"523235712","n":"EBUTOBE PD 10","t":"pdw","c":"Kakamega"}},{"type":"Feature","geometry":{"type":"Point","coordinates":[34.509157,0.309403]},"properties":{"id":"523351784","n":"EMASINDE PD 16","t":"pdw","c":"Kakamega"}},{"type":"Feature","geometry":{"type":"Point","coordinates":[34.523762,0.326722]},"properties":{"id":"523282525","n":"Shifuyo A PD5","t":"pdw","c":"Kakamega"}},{"type":"Feature","geometry":{"type":"Point","coordinates":[34.571097,0.324363]},"properties":{"id":"523317902","n":"Busimbiro PD","t":"pdw","c":"Kakamega"}},{"type":"Feature","geometry":{"type":"Point","coordinates":[34.563615,0.315936]},"properties":{"id":"523312550","n":"Khulwanda PD 13","t":"pdw","c":"Kakamega"}},{"type":"Feature","geometry":{"type":"Point","coordinates":[34.541027,0.314484]},"properties":{"id":"711144066","n":"Shanderema Community, Lumbasi spring - 420009","t":"ps","c":"Kakamega"}},{"type":"Feature","geometry":{"type":"Point","coordinates":[34.558289,0.309483]},"properties":{"id":"523209959","n":"Lubinu PD 21","t":"pdw","c":"Kakamega"}},{"type":"Feature","geometry":{"type":"Point","coordinates":[34.548481,0.313321]},"properties":{"id":"523347367","n":"Khwihondwe PD 6","t":"pdw","c":"Kakamega"}},{"type":"Feature","geometry":{"type":"Point","coordinates":[34.519787,0.319122]},"properties":{"id":"523341952","n":"ESHIKOMOLO PD 7","t":"pdw","c":"Kakamega"}},{"type":"Feature","geometry":{"type":"Point","coordinates":[34.57583,0.307907]},"properties":{"id":"523217806","n":"Shilarumwa PD'6","t":"pdw","c":"Kakamega"}},{"type":"Feature","geometry":{"type":"Point","coordinates":[34.506574,0.322357]},"properties":{"id":"523311607","n":"EKERO B PD 6","t":"pdw","c":"Kakamega"}},{"type":"Feature","geometry":{"type":"Point","coordinates":[34.571952,0.292063]},"properties":{"id":"523273598","n":"Emusaka PD 13","t":"pdw","c":"Kakamega"}},{"type":"Feature","geometry":{"type":"Point","coordinates":[34.526065,0.323202]},"properties":{"id":"523279721","n":"Butunyi PD 1","t":"pdw","c":"Kakamega"}},{"type":"Feature","geometry":{"type":"Point","coordinates":[34.559088,0.316881]},"properties":{"id":"523251475","n":"Musoma PD 3","t":"pdw","c":"Kakamega"}},{"type":"Feature","geometry":{"type":"Point","coordinates":[34.574506,0.300779]},"properties":{"id":"523294012","n":"Shitoto A US 7","t":"us","c":"Kakamega"}},{"type":"Feature","geometry":{"type":"Point","coordinates":[34.55353,0.296543]},"properties":{"id":"41049109","n":"Emulakha, Nalianya Spring - 19101","t":"ps","c":"Kakamega"}},{"type":"Feature","geometry":{"type":"Point","coordinates":[34.500718,0.322171]},"properties":{"id":"523212870","n":"EBUJWANG'A A PS 4","t":"ps","c":"Kakamega"}},{"type":"Feature","geometry":{"type":"Point","coordinates":[34.530368,0.285331]},"properties":{"id":"523284558","n":"MWIKABANIRO PS 2","t":"ps","c":"Kakamega"}},{"type":"Feature","geometry":{"type":"Point","coordinates":[34.540102,0.31541]},"properties":{"id":"523352819","n":"Khulwanda PD 1","t":"pdw","c":"Kakamega"}},{"type":"Feature","geometry":{"type":"Point","coordinates":[34.564538,0.289925]},"properties":{"id":"523300795","n":"Elwasambi PD 8","t":"pdw","c":"Kakamega"}},{"type":"Feature","geometry":{"type":"Point","coordinates":[34.498446,0.303222]},"properties":{"id":"523247010","n":"EBULINJI PD 9","t":"pdw","c":"Kakamega"}},{"type":"Feature","geometry":{"type":"Point","coordinates":[34.506442,0.311551]},"properties":{"id":"523245094","n":"ESHIKWENYI PD 20","t":"pdw","c":"Kakamega"}},{"type":"Feature","geometry":{"type":"Point","coordinates":[34.539386,0.325322]},"properties":{"id":"523213170","n":"KHABUNENE PS1","t":"ps","c":"Kakamega"}},{"type":"Feature","geometry":{"type":"Point","coordinates":[34.544522,0.288711]},"properties":{"id":"523278706","n":"Shibinga B PD 8","t":"pdw","c":"Kakamega"}},{"type":"Feature","geometry":{"type":"Point","coordinates":[34.521962,0.287275]},"properties":{"id":"523300520","n":"Mukhome PD 3","t":"pdw","c":"Kakamega"}},{"type":"Feature","geometry":{"type":"Point","coordinates":[34.499254,0.30184]},"properties":{"id":"523335801","n":"EBULINJI PD 8","t":"pdw","c":"Kakamega"}},{"type":"Feature","geometry":{"type":"Point","coordinates":[34.498672,0.314481]},"properties":{"id":"523246428","n":"IKOSHE PD 15","t":"pdw","c":"Kakamega"}},{"type":"Feature","geometry":{"type":"Point","coordinates":[34.510164,0.298908]},"properties":{"id":"523263144","n":"EMWANDA US 8","t":"us","c":"Kakamega"}},{"type":"Feature","geometry":{"type":"Point","coordinates":[34.558386,0.320644]},"properties":{"id":"523208381","n":"Khulwanda PD 18","t":"pdw","c":"Kakamega"}},{"type":"Feature","geometry":{"type":"Point","coordinates":[34.504655,0.317758]},"properties":{"id":"523239596","n":"EKERO A PD 22","t":"pdw","c":"Kakamega"}},{"type":"Feature","geometry":{"type":"Point","coordinates":[34.498872,0.312573]},"properties":{"id":"523234443","n":"IKOSHE PD 39","t":"pdw","c":"Kakamega"}},{"type":"Feature","geometry":{"type":"Point","coordinates":[34.49356,0.29889]},"properties":{"id":"523232829","n":"Elubonga B PS 5","t":"ps","c":"Kakamega"}},{"type":"Feature","geometry":{"type":"Point","coordinates":[34.49479,0.295608]},"properties":{"id":"329034533","n":"Bumwende Primary School - 21367","t":"bh","c":"Kakamega","d":80.0}},{"type":"Feature","geometry":{"type":"Point","coordinates":[34.571795,0.314888]},"properties":{"id":"523292670","n":"Shianda A PD 17","t":"pdw","c":"Kakamega"}},{"type":"Feature","geometry":{"type":"Point","coordinates":[34.53051,0.327265]},"properties":{"id":"523230126","n":"Mwitoti PD10","t":"pdw","c":"Kakamega"}},{"type":"Feature","geometry":{"type":"Point","coordinates":[34.566287,0.323382]},"properties":{"id":"523227432","n":"Busimbiro PD 31","t":"pdw","c":"Kakamega"}},{"type":"Feature","geometry":{"type":"Point","coordinates":[34.56892,0.320551]},"properties":{"id":"523309983","n":"MWIMANYE PD 43","t":"pdw","c":"Kakamega"}},{"type":"Feature","geometry":{"type":"Point","coordinates":[34.55932,0.311804]},"properties":{"id":"523290300","n":"Lubinu BH 26","t":"bh","c":"Kakamega"}},{"type":"Feature","geometry":{"type":"Point","coordinates":[34.511739,0.289796]},"properties":{"id":"523321130","n":"Kamashia A UD2","t":"udw","c":"Kakamega"}},{"type":"Feature","geometry":{"type":"Point","coordinates":[34.546959,0.311187]},"properties":{"id":"523282886","n":"Wetsetse PD 10","t":"pdw","c":"Kakamega"}},{"type":"Feature","geometry":{"type":"Point","coordinates":[34.508445,0.319222]},"properties":{"id":"523295264","n":"EBUTINGO PD 1","t":"pdw","c":"Kakamega"}},{"type":"Feature","geometry":{"type":"Point","coordinates":[34.553067,0.291895]},"properties":{"id":"523227391","n":"Shibinga A PD 2","t":"pdw","c":"Kakamega"}},{"type":"Feature","geometry":{"type":"Point","coordinates":[34.573702,0.308981]},"properties":{"id":"523220143","n":"Khunyiri PD 11","t":"pdw","c":"Kakamega"}},{"type":"Feature","geometry":{"type":"Point","coordinates":[34.564337,0.328689]},"properties":{"id":"523331216","n":"Khabakaya PD 3","t":"pdw","c":"Kakamega"}},{"type":"Feature","geometry":{"type":"Point","coordinates":[34.569922,0.319731]},"properties":{"id":"523195728","n":"MWIMANYE PD 51","t":"pdw","c":"Kakamega"}},{"type":"Feature","geometry":{"type":"Point","coordinates":[34.547166,0.312791]},"properties":{"id":"523269353","n":"Khwihondwe PD 4","t":"pdw","c":"Kakamega"}},{"type":"Feature","geometry":{"type":"Point","coordinates":[34.563453,0.302485]},"properties":{"id":"523319650","n":"Mushikulu B PD 9","t":"pdw","c":"Kakamega"}},{"type":"Feature","geometry":{"type":"Point","coordinates":[34.56929,0.320585]},"properties":{"id":"523311140","n":"MWIMANYE PD 42","t":"pdw","c":"Kakamega"}},{"type":"Feature","geometry":{"type":"Point","coordinates":[34.574249,0.322777]},"properties":{"id":"523329619","n":"Shianda PD 2","t":"pdw","c":"Kakamega"}},{"type":"Feature","geometry":{"type":"Point","coordinates":[34.572842,0.293134]},"properties":{"id":"523301930","n":"Mulwanda PD 17","t":"pdw","c":"Kakamega"}},{"type":"Feature","geometry":{"type":"Point","coordinates":[34.517777,0.318858]},"properties":{"id":"523275655","n":"ESHIKOMOLO PD 4","t":"bh","c":"Kakamega"}},{"type":"Feature","geometry":{"type":"Point","coordinates":[34.505279,0.316443]},"properties":{"id":"523252005","n":"EBUTINGO PD 7","t":"pdw","c":"Kakamega"}},{"type":"Feature","geometry":{"type":"Point","coordinates":[34.512019,0.318979]},"properties":{"id":"523303200","n":"MWIKALI PS 6","t":"ps","c":"Kakamega"}},{"type":"Feature","geometry":{"type":"Point","coordinates":[34.565023,0.32176]},"properties":{"id":"523260330","n":"MWIMANYE PD 4","t":"pdw","c":"Kakamega"}},{"type":"Feature","geometry":{"type":"Point","coordinates":[34.542063,0.27923]},"properties":{"id":"523339300","n":"Emaira PD 11","t":"pdw","c":"Kakamega"}},{"type":"Feature","geometry":{"type":"Point","coordinates":[34.571507,0.31497]},"properties":{"id":"523324463","n":"Shainda A PD 14","t":"pdw","c":"Kakamega"}},{"type":"Feature","geometry":{"type":"Point","coordinates":[34.565488,0.28716]},"properties":{"id":"523250247","n":"Elwasambi PDW 4","t":"pdw","c":"Kakamega"}},{"type":"Feature","geometry":{"type":"Point","coordinates":[34.50597,0.311839]},"properties":{"id":"523300812","n":"ESHIKWENYI PD 19","t":"pdw","c":"Kakamega"}},{"type":"Feature","geometry":{"type":"Point","coordinates":[34.507963,0.306082]},"properties":{"id":"523233703","n":"EMASINDE PD 9","t":"pdw","c":"Kakamega"}},{"type":"Feature","geometry":{"type":"Point","coordinates":[34.5594,0.311741]},"properties":{"id":"539195745","n":"St. Pauls Lubinu Day And Boarding Primary School - 22403","t":"bh","c":"Kakamega","d":70.0}},{"type":"Feature","geometry":{"type":"Point","coordinates":[34.49794,0.309406]},"properties":{"id":"523235705","n":"EBWALIRO A PD 7","t":"pdw","c":"Kakamega"}},{"type":"Feature","geometry":{"type":"Point","coordinates":[34.500393,0.291768]},"properties":{"id":"523335746","n":"Eshikufu PD 16","t":"pdw","c":"Kakamega"}},{"type":"Feature","geometry":{"type":"Point","coordinates":[34.540976,0.279764]},"properties":{"id":"523193661","n":"Emaira US 1","t":"us","c":"Kakamega"}},{"type":"Feature","geometry":{"type":"Point","coordinates":[34.513433,0.291978]},"properties":{"id":"523194277","n":"Ebumalere PD 13","t":"pdw","c":"Kakamega"}},{"type":"Feature","geometry":{"type":"Point","coordinates":[34.511379,0.305922]},"properties":{"id":"523291741","n":"EMWAKU US 4","t":"us","c":"Kakamega"}},{"type":"Feature","geometry":{"type":"Point","coordinates":[34.507999,0.314914]},"properties":{"id":"523278720","n":"MWIKALI PD 16","t":"pdw","c":"Kakamega"}},{"type":"Feature","geometry":{"type":"Point","coordinates":[34.548235,0.308302]},"properties":{"id":"523288370","n":"Wetsetse PD 6","t":"pdw","c":"Kakamega"}},{"type":"Feature","geometry":{"type":"Point","coordinates":[34.499927,0.296037]},"properties":{"id":"523277798","n":"Khwiondwe PS 1","t":"ps","c":"Kakamega"}},{"type":"Feature","geometry":{"type":"Point","coordinates":[34.566748,0.317481]},"properties":{"id":"523274221","n":"Khulwanda PS 3","t":"ps","c":"Kakamega"}},{"type":"Feature","geometry":{"type":"Point","coordinates":[34.549247,0.308272]},"properties":{"id":"523279783","n":"Wetsetse PD 3","t":"pdw","c":"Kakamega"}},{"type":"Feature","geometry":{"type":"Point","coordinates":[34.51673,0.310134]},"properties":{"id":"523298250","n":"EMWAKU PD 14","t":"pdw","c":"Kakamega"}},{"type":"Feature","geometry":{"type":"Point","coordinates":[34.515263,0.314302]},"properties":{"id":"523329671","n":"EMATSANZA PD 6","t":"pdw","c":"Kakamega"}},{"type":"Feature","geometry":{"type":"Point","coordinates":[34.562521,0.296198]},"properties":{"id":"523347295","n":"Mushikulu A US 16","t":"us","c":"Kakamega"}},{"type":"Feature","geometry":{"type":"Point","coordinates":[34.511283,0.291247]},"properties":{"id":"523262387","n":"Khwiondwe B PD 12","t":"pdw","c":"Kakamega"}},{"type":"Feature","geometry":{"type":"Point","coordinates":[34.581932,0.299892]},"properties":{"id":"523345059","n":"Shitoto B PD 22","t":"bh","c":"Kakamega"}},{"type":"Feature","geometry":{"type":"Point","coordinates":[34.512907,0.316683]},"properties":{"id":"523243975","n":"MWITOLOKO PS 5","t":"ps","c":"Kakamega"}},{"type":"Feature","geometry":{"type":"Point","coordinates":[34.564175,0.321968]},"properties":{"id":"523351478","n":"MWIMANYE PD 1","t":"pdw","c":"Kakamega"}},{"type":"Feature","geometry":{"type":"Point","coordinates":[34.497832,0.308159]},"properties":{"id":"523303987","n":"EBWALIRO A BH 15","t":"bh","c":"Kakamega"}},{"type":"Feature","geometry":{"type":"Point","coordinates":[34.504099,0.305785]},"properties":{"id":"523324975","n":"EMAHANGA B PD 4","t":"pdw","c":"Kakamega"}},{"type":"Feature","geometry":{"type":"Point","coordinates":[34.505563,0.32259]},"properties":{"id":"523225203","n":"EKERO B PD 1","t":"pdw","c":"Kakamega"}},{"type":"Feature","geometry":{"type":"Point","coordinates":[34.537779,0.283121]},"properties":{"id":"523347051","n":"Indoli PD 1","t":"pdw","c":"Kakamega"}},{"type":"Feature","geometry":{"type":"Point","coordinates":[34.525995,0.331528]},"properties":{"id":"523237831","n":"Eshifuyo B BH1","t":"bh","c":"Kakamega"}},{"type":"Feature","geometry":{"type":"Point","coordinates":[34.498145,0.306679]},"properties":{"id":"523351870","n":"EBWALIRO A PD 10","t":"pdw","c":"Kakamega"}},{"type":"Feature","geometry":{"type":"Point","coordinates":[34.491083,0.310935]},"properties":{"id":"523244316","n":"IKOSHE US 1","t":"us","c":"Kakamega"}},{"type":"Feature","geometry":{"type":"Point","coordinates":[34.521214,0.308649]},"properties":{"id":"523210823","n":"MULUSIOLO PS 20","t":"ps","c":"Kakamega"}},{"type":"Feature","geometry":{"type":"Point","coordinates":[34.550935,0.289188]},"properties":{"id":"523273945","n":"Shibinga B PD 1","t":"pdw","c":"Kakamega"}},{"type":"Feature","geometry":{"type":"Point","coordinates":[34.494608,0.295943]},"properties":{"id":"523247515","n":"Elubonga B PD 9","t":"pdw","c":"Kakamega"}},{"type":"Feature","geometry":{"type":"Point","coordinates":[34.544535,0.329568]},"properties":{"id":"523236892","n":"Emusoma PD 10","t":"pdw","c":"Kakamega"}},{"type":"Feature","geometry":{"type":"Point","coordinates":[34.579343,0.310865]},"properties":{"id":"523248839","n":"Shilarumwa PD'18","t":"pdw","c":"Kakamega"}},{"type":"Feature","geometry":{"type":"Point","coordinates":[34.524617,0.322161]},"properties":{"id":"523234278","n":"BUTUNYI PD 10","t":"pdw","c":"Kakamega"}},{"type":"Feature","geometry":{"type":"Point","coordinates":[34.512887,0.308959]},"properties":{"id":"523351306","n":"EMATSANZA PD 10","t":"pdw","c":"Kakamega"}},{"type":"Feature","geometry":{"type":"Point","coordinates":[34.550325,0.305349]},"properties":{"id":"523292955","n":"Mwikunda PD 5","t":"pdw","c":"Kakamega"}},{"type":"Feature","geometry":{"type":"Point","coordinates":[34.502389,0.31024]},"properties":{"id":"523212461","n":"EBWALIRO A PD 17","t":"pdw","c":"Kakamega"}},{"type":"Feature","geometry":{"type":"Point","coordinates":[34.53092,0.328173]},"properties":{"id":"523289182","n":"Mwitoti PD 9","t":"pdw","c":"Kakamega"}},{"type":"Feature","geometry":{"type":"Point","coordinates":[34.522644,0.280422]},"properties":{"id":"523287874","n":"Indangalasia A PD 6","t":"pdw","c":"Kakamega"}},{"type":"Feature","geometry":{"type":"Point","coordinates":[34.523218,0.328567]},"properties":{"id":"523210108","n":"Shifuyo A PD11","t":"pdw","c":"Kakamega"}},{"type":"Feature","geometry":{"type":"Point","coordinates":[34.521875,0.315657]},"properties":{"id":"523277097","n":"EMALISHIRA PD 31","t":"pdw","c":"Kakamega"}},{"type":"Feature","geometry":{"type":"Point","coordinates":[34.55785,0.32227]},"properties":{"id":"523288071","n":"EBUCHIMBE PD 14","t":"pdw","c":"Kakamega"}},{"type":"Feature","geometry":{"type":"Point","coordinates":[34.581393,0.305662]},"properties":{"id":"523239527","n":"Mungakha PD","t":"bh","c":"Kakamega"}},{"type":"Feature","geometry":{"type":"Point","coordinates":[34.619285,0.29675]},"properties":{"id":"523246648","n":"Makunga A PD21","t":"pdw","c":"Kakamega"}},{"type":"Feature","geometry":{"type":"Point","coordinates":[34.619638,0.360744]},"properties":{"id":"523219695","n":"Malaha, PD, 35","t":"pdw","c":"Kakamega"}},{"type":"Feature","geometry":{"type":"Point","coordinates":[34.616717,0.296292]},"properties":{"id":"523343480","n":"Makunga A PD41","t":"pdw","c":"Kakamega"}},{"type":"Feature","geometry":{"type":"Point","coordinates":[34.611517,0.345768]},"properties":{"id":"523329176","n":"Munungo UDW 11","t":"udw","c":"Kakamega"}},{"type":"Feature","geometry":{"type":"Point","coordinates":[34.615047,0.362099]},"properties":{"id":"523215196","n":"Malaha, PD, 17","t":"pdw","c":"Kakamega"}},{"type":"Feature","geometry":{"type":"Point","coordinates":[34.6157,0.290176]},"properties":{"id":"523323194","n":"Muitawa PD 2","t":"pdw","c":"Kakamega"}},{"type":"Feature","geometry":{"type":"Point","coordinates":[34.60916,0.298801]},"properties":{"id":"523294744","n":"Ikoli A PD 6","t":"pdw","c":"Kakamega"}},{"type":"Feature","geometry":{"type":"Point","coordinates":[34.615298,0.290588]},"properties":{"id":"523257402","n":"Muitawa PD 1","t":"pdw","c":"Kakamega"}},{"type":"Feature","geometry":{"type":"Point","coordinates":[34.60415,0.306331]},"properties":{"id":"523288576","n":"Emutetemo A PD 9","t":"pdw","c":"Kakamega"}},{"type":"Feature","geometry":{"type":"Point","coordinates":[34.625509,0.32183]},"properties":{"id":"523206664","n":"Mulwanda US 7","t":"us","c":"Kakamega"}},{"type":"Feature","geometry":{"type":"Point","coordinates":[34.589927,0.28388]},"properties":{"id":"523216379","n":"Mwitwa PD 11","t":"pdw","c":"Kakamega"}},{"type":"Feature","geometry":{"type":"Point","coordinates":[34.592427,0.372778]},"properties":{"id":"523283076","n":"Namwaya PD 7","t":"pdw","c":"Kakamega"}},{"type":"Feature","geometry":{"type":"Point","coordinates":[34.569125,0.282566]},"properties":{"id":"523273567","n":"Emusaka PS 7","t":"ps","c":"Kakamega"}},{"type":"Feature","geometry":{"type":"Point","coordinates":[34.606511,0.307183]},"properties":{"id":"523257488","n":"Emutetemo A PS 16","t":"ps","c":"Kakamega"}},{"type":"Feature","geometry":{"type":"Point","coordinates":[34.606016,0.355349]},"properties":{"id":"523206169","n":"Talamuti, US, 11","t":"us","c":"Kakamega"}},{"type":"Feature","geometry":{"type":"Point","coordinates":[34.580867,0.369651]},"properties":{"id":"523283746","n":"Khaunga B PD 1","t":"pdw","c":"Kakamega"}},{"type":"Feature","geometry":{"type":"Point","coordinates":[34.606015,0.332873]},"properties":{"id":"523295422","n":"Ebutingo B PD 10","t":"pdw","c":"Kakamega"}},{"type":"Feature","geometry":{"type":"Point","coordinates":[34.648384,0.335852]},"properties":{"id":"523207964","n":"Isongo PD 6","t":"pdw","c":"Kakamega"}},{"type":"Feature","geometry":{"type":"Point","coordinates":[34.594198,0.29403]},"properties":{"id":"523211556","n":"Ikoli B PD 1","t":"pdw","c":"Kakamega"}},{"type":"Feature","geometry":{"type":"Point","coordinates":[34.622023,0.293835]},"properties":{"id":"523222372","n":"Makunga B PD 19","t":"pdw","c":"Kakamega"}},{"type":"Feature","geometry":{"type":"Point","coordinates":[34.596015,0.36887]},"properties":{"id":"523200857","n":"Butunyi PD 1","t":"pdw","c":"Kakamega"}},{"type":"Feature","geometry":{"type":"Point","coordinates":[34.575013,0.274768]},"properties":{"id":"523346809","n":"Eshiabaka PD 12","t":"pdw","c":"Kakamega"}},{"type":"Feature","geometry":{"type":"Point","coordinates":[34.612154,0.298336]},"properties":{"id":"523347769","n":"Emuyere PD 7","t":"pdw","c":"Kakamega"}},{"type":"Feature","geometry":{"type":"Point","coordinates":[34.61946,0.362158]},"properties":{"id":"523255424","n":"Upper Khaunga PD 1","t":"pdw","c":"Kakamega"}},{"type":"Feature","geometry":{"type":"Point","coordinates":[34.603735,0.341721]},"properties":{"id":"523221357","n":"Esikura B PD3","t":"pdw","c":"Kakamega"}},{"type":"Feature","geometry":{"type":"Point","coordinates":[34.612263,0.339606]},"properties":{"id":"523239486","n":"Mulukobha US 6","t":"us","c":"Kakamega"}},{"type":"Feature","geometry":{"type":"Point","coordinates":[34.630108,0.346035]},"properties":{"id":"523192646","n":"Eshikoti US 10","t":"us","c":"Kakamega"}},{"type":"Feature","geometry":{"type":"Point","coordinates":[34.618386,0.35919]},"properties":{"id":"523252081","n":"Malaha, PD, 34","t":"pdw","c":"Kakamega"}},{"type":"Feature","geometry":{"type":"Point","coordinates":[34.612347,0.348137]},"properties":{"id":"523322643","n":"Munungo PD 5","t":"pdw","c":"Kakamega"}},{"type":"Feature","geometry":{"type":"Point","coordinates":[34.642672,0.331227]},"properties":{"id":"523279563","n":"Milimani A PD 2","t":"pdw","c":"Kakamega"}},{"type":"Feature","geometry":{"type":"Point","coordinates":[34.61473,0.3438]},"properties":{"id":"523209708","n":"Munungo US 13","t":"us","c":"Kakamega"}},{"type":"Feature","geometry":{"type":"Point","coordinates":[34.61435,0.332212]},"properties":{"id":"290455537","n":"Khaimba Primary School - 21352","t":"bh","c":"Kakamega","d":80.0}},{"type":"Feature","geometry":{"type":"Point","coordinates":[34.590444,0.372207]},"properties":{"id":"523324487","n":"Namwaya PS 4","t":"ps","c":"Kakamega"}},{"type":"Feature","geometry":{"type":"Point","coordinates":[34.620416,0.291458]},"properties":{"id":"523269755","n":"Makunga B PD 14","t":"pdw","c":"Kakamega"}},{"type":"Feature","geometry":{"type":"Point","coordinates":[34.603842,0.339279]},"properties":{"id":"523322272","n":"Esikura A PD8","t":"pdw","c":"Kakamega"}},{"type":"Feature","geometry":{"type":"Point","coordinates":[34.606448,0.292707]},"properties":{"id":"523243968","n":"Emuyere PD 23","t":"pdw","c":"Kakamega"}},{"type":"Feature","geometry":{"type":"Point","coordinates":[34.644188,0.335505]},"properties":{"id":"523287692","n":"Isongo PD 10","t":"pdw","c":"Kakamega"}},{"type":"Feature","geometry":{"type":"Point","coordinates":[34.588943,0.28198]},"properties":{"id":"523354732","n":"Nambacha PD 16","t":"pdw","c":"Kakamega"}},{"type":"Feature","geometry":{"type":"Point","coordinates":[34.60914,0.365261]},"properties":{"id":"523231457","n":"Khabondi A PS 8","t":"ps","c":"Kakamega"}},{"type":"Feature","geometry":{"type":"Point","coordinates":[34.611115,0.296446]},"properties":{"id":"523316437","n":"Emuyere PD 3","t":"pdw","c":"Kakamega"}},{"type":"Feature","geometry":{"type":"Point","coordinates":[34.610601,0.311755]},"properties":{"id":"523278043","n":"Mutemesi A US 3","t":"us","c":"Kakamega"}},{"type":"Feature","geometry":{"type":"Point","coordinates":[34.616347,0.344298]},"properties":{"id":"523238375","n":"Mungakhagakha PS 15","t":"ps","c":"Kakamega"}},{"type":"Feature","geometry":{"type":"Point","coordinates":[34.645357,0.331231]},"properties":{"id":"523250948","n":"Milimani A PD 6","t":"pdw","c":"Kakamega"}},{"type":"Feature","geometry":{"type":"Point","coordinates":[34.618434,0.361735]},"properties":{"id":"523350484","n":"Upper Khaunga PD 12","t":"pdw","c":"Kakamega"}},{"type":"Feature","geometry":{"type":"Point","coordinates":[34.607161,0.337414]},"properties":{"id":"679035325","n":"Eshisari Community, Matangwe Spring - 420003","t":"ps","c":"Kakamega"}},{"type":"Feature","geometry":{"type":"Point","coordinates":[34.620558,0.362182]},"properties":{"id":"523240790","n":"Upper Khaunga PD 4","t":"pdw","c":"Kakamega"}},{"type":"Feature","geometry":{"type":"Point","coordinates":[34.606756,0.294233]},"properties":{"id":"523342647","n":"Emuyere PS 22","t":"ps","c":"Kakamega"}},{"type":"Feature","geometry":{"type":"Point","coordinates":[34.645883,0.333444]},"properties":{"id":"523336015","n":"Milimani A PD 13","t":"pdw","c":"Kakamega"}},{"type":"Feature","geometry":{"type":"Point","coordinates":[34.613033,0.349782]},"properties":{"id":"523328474","n":"Mungakhagakha BH 18","t":"bh","c":"Kakamega"}},{"type":"Feature","geometry":{"type":"Point","coordinates":[34.58296,0.28224]},"properties":{"id":"17388265","n":"Musango, Dawi Spring - 18107","t":"ps","c":"Kakamega"}},{"type":"Feature","geometry":{"type":"Point","coordinates":[34.622144,0.361525]},"properties":{"id":"523313661","n":"Upper Khaunga PD 7","t":"pdw","c":"Kakamega"}},{"type":"Feature","geometry":{"type":"Point","coordinates":[34.60515,0.292767]},"properties":{"id":"523257165","n":"Emuyere PD 25","t":"pdw","c":"Kakamega"}},{"type":"Feature","geometry":{"type":"Point","coordinates":[34.610307,0.346168]},"properties":{"id":"523262507","n":"Elusuba PS9","t":"ps","c":"Kakamega"}},{"type":"Feature","geometry":{"type":"Point","coordinates":[34.619389,0.335115]},"properties":{"id":"523286141","n":"Ekarungu PS 4","t":"ps","c":"Kakamega"}},{"type":"Feature","geometry":{"type":"Point","coordinates":[34.607539,0.285973]},"properties":{"id":"523297905","n":"Bwikhombero PD 15","t":"pdw","c":"Kakamega"}},{"type":"Feature","geometry":{"type":"Point","coordinates":[34.58226,0.292441]},"properties":{"id":"523268228","n":"Shitoto B PD 9","t":"pdw","c":"Kakamega"}},{"type":"Feature","geometry":{"type":"Point","coordinates":[34.643408,0.335962]},"properties":{"id":"523339630","n":"Isongo PD 11","t":"pdw","c":"Kakamega"}},{"type":"Feature","geometry":{"type":"Point","coordinates":[34.610714,0.335772]},"properties":{"id":"523293262","n":"Eshisari PD 16","t":"pdw","c":"Kakamega"}},{"type":"Feature","geometry":{"type":"Point","coordinates":[34.617599,0.307002]},"properties":{"id":"523249995","n":"Ebusokho US 26","t":"us","c":"Kakamega"}},{"type":"Feature","geometry":{"type":"Point","coordinates":[34.649874,0.334361]},"properties":{"id":"523242383","n":"Milimani A PD 11","t":"pdw","c":"Kakamega"}},{"type":"Feature","geometry":{"type":"Point","coordinates":[34.604993,0.311458]},"properties":{"id":"679035356","n":"Emukhalari Community, Sale Spring As Analwenje  - 420004","t":"ps","c":"Kakamega"}},{"type":"Feature","geometry":{"type":"Point","coordinates":[34.612109,0.360815]},"properties":{"id":"523327026","n":"Malaha, PD, 5","t":"pdw","c":"Kakamega"}},{"type":"Feature","geometry":{"type":"Point","coordinates":[34.609069,0.340635]},"properties":{"id":"523313719","n":"Eshisari PD 13","t":"pdw","c":"Kakamega"}},{"type":"Feature","geometry":{"type":"Point","coordinates":[34.643489,0.332737]},"properties":{"id":"523194703","n":"Milimani A PD 15","t":"udw","c":"Kakamega"}},{"type":"Feature","geometry":{"type":"Point","coordinates":[34.585365,0.284555]},"properties":{"id":"523257938","n":"Nambacha US 13","t":"us","c":"Kakamega"}},{"type":"Feature","geometry":{"type":"Point","coordinates":[34.628887,0.332303]},"properties":{"id":"523332310","n":"Nyaporo PD 6","t":"pdw","c":"Kakamega"}},{"type":"Feature","geometry":{"type":"Point","coordinates":[34.626446,0.326768]},"properties":{"id":"523318367","n":"Emungabo B PD 2","t":"udw","c":"Kakamega"}},{"type":"Feature","geometry":{"type":"Point","coordinates":[34.611265,0.295074]},"properties":{"id":"523280451","n":"Emuhere PD 18","t":"pdw","c":"Kakamega"}},{"type":"Feature","geometry":{"type":"Point","coordinates":[34.614854,0.366264]},"properties":{"id":"523303413","n":"Upper Khaunga PD 17","t":"pdw","c":"Kakamega"}},{"type":"Feature","geometry":{"type":"Point","coordinates":[34.596925,0.362079]},"properties":{"id":"523284383","n":"Ebusubi, PD, 6","t":"pdw","c":"Kakamega"}},{"type":"Feature","geometry":{"type":"Point","coordinates":[34.591794,0.322628]},"properties":{"id":"523275325","n":"Musangaro A1 PD4","t":"pdw","c":"Kakamega"}},{"type":"Feature","geometry":{"type":"Point","coordinates":[34.599226,0.313451]},"properties":{"id":"523339403","n":"Emukhalari B US 2","t":"us","c":"Kakamega"}},{"type":"Feature","geometry":{"type":"Point","coordinates":[34.630278,0.349652]},"properties":{"id":"523325828","n":"Eshikoti PD 15","t":"pdw","c":"Kakamega"}},{"type":"Feature","geometry":{"type":"Point","coordinates":[34.621042,0.357692]},"properties":{"id":"523321075","n":"Township PD 6","t":"pdw","c":"Kakamega"}},{"type":"Feature","geometry":{"type":"Point","coordinates":[34.621135,0.351212]},"properties":{"id":"523319423","n":"Ebusia PD 1","t":"pdw","c":"Kakamega"}},{"type":"Feature","geometry":{"type":"Point","coordinates":[34.598612,0.291557]},"properties":{"id":"523288473","n":"Maraba PD 29","t":"pdw","c":"Kakamega"}},{"type":"Feature","geometry":{"type":"Point","coordinates":[34.580625,0.274875]},"properties":{"id":"523303310","n":"Eshiabaka PD 16","t":"pdw","c":"Kakamega"}},{"type":"Feature","geometry":{"type":"Point","coordinates":[34.59011,0.297648]},"properties":{"id":"523308580","n":"MungakhaPD","t":"pdw","c":"Kakamega"}},{"type":"Feature","geometry":{"type":"Point","coordinates":[34.599408,0.316777]},"properties":{"id":"523196080","n":"Emukhalari B PD 6","t":"pdw","c":"Kakamega"}},{"type":"Feature","geometry":{"type":"Point","coordinates":[34.606106,0.330682]},"properties":{"id":"523281919","n":"Ebutingo B PD 3","t":"pdw","c":"Kakamega"}},{"type":"Feature","geometry":{"type":"Point","coordinates":[34.623542,0.297055]},"properties":{"id":"523332303","n":"Makunga B PD 2","t":"pdw","c":"Kakamega"}},{"type":"Feature","geometry":{"type":"Point","coordinates":[34.609931,0.29901]},"properties":{"id":"523337566","n":"Ikoli PS 5","t":"ps","c":"Kakamega"}},{"type":"Feature","geometry":{"type":"Point","coordinates":[34.592717,0.291562]},"properties":{"id":"523216410","n":"Maraba PD 17","t":"pdw","c":"Kakamega"}},{"type":"Feature","geometry":{"type":"Point","coordinates":[34.584775,0.372022]},"properties":{"id":"523203733","n":"Khaunga B PD 12","t":"pdw","c":"Kakamega"}},{"type":"Feature","geometry":{"type":"Point","coordinates":[34.618322,0.291802]},"properties":{"id":"523302010","n":"Makunga A PD30","t":"pdw","c":"Kakamega"}},{"type":"Feature","geometry":{"type":"Point","coordinates":[34.61136,0.312417]},"properties":{"id":"523299189","n":"Mutemesi A PD 4","t":"pdw","c":"Kakamega"}},{"type":"Feature","geometry":{"type":"Point","coordinates":[34.592501,0.306644]},"properties":{"id":"523323912","n":"Eshiakhulo B PS 8","t":"ps","c":"Kakamega"}},{"type":"Feature","geometry":{"type":"Point","coordinates":[34.632005,0.351184]},"properties":{"id":"702614727","n":"Makina Water Spring No 1984","t":"ps","c":"Kakamega"}},{"type":"Feature","geometry":{"type":"Point","coordinates":[34.611425,0.334424]},"properties":{"id":"523271675","n":"Eshisari PD 17","t":"pdw","c":"Kakamega"}},{"type":"Feature","geometry":{"type":"Point","coordinates":[34.568632,0.278815]},"properties":{"id":"523224343","n":"Munjomi PS 8","t":"ps","c":"Kakamega"}},{"type":"Feature","geometry":{"type":"Point","coordinates":[34.631746,0.337816]},"properties":{"id":"523203953","n":"Ebusalisi PS 3","t":"pdw","c":"Kakamega"}},{"type":"Feature","geometry":{"type":"Point","coordinates":[34.582195,0.288122]},"properties":{"id":"523323792","n":"Mwitwa PS 7","t":"ps","c":"Kakamega"}},{"type":"Feature","geometry":{"type":"Point","coordinates":[34.613667,0.358477]},"properties":{"id":"523333452","n":"Malaha, PD, 8","t":"pdw","c":"Kakamega"}},{"type":"Feature","geometry":{"type":"Point","coordinates":[34.594197,0.291917]},"properties":{"id":"523224202","n":"Maraba PD 18","t":"pdw","c":"Kakamega"}},{"type":"Feature","geometry":{"type":"Point","coordinates":[34.625603,0.348782]},"properties":{"id":"523336761","n":"Emakale PS 1","t":"ps","c":"Kakamega"}},{"type":"Feature","geometry":{"type":"Point","coordinates":[34.602808,0.364811]},"properties":{"id":"523292223","n":"Khabondi A PS 3","t":"ps","c":"Kakamega"}},{"type":"Feature","geometry":{"type":"Point","coordinates":[34.589595,0.28996]},"properties":{"id":"523348863","n":"Mwitwa PS 1","t":"ps","c":"Kakamega"}},{"type":"Feature","geometry":{"type":"Point","coordinates":[34.624216,0.290614]},"properties":{"id":"523312639","n":"Isango B BH 8","t":"bh","c":"Kakamega"}},{"type":"Feature","geometry":{"type":"Point","coordinates":[34.623866,0.289999]},"properties":{"id":"523230762","n":"Isango B PD 9","t":"pdw","c":"Kakamega"}},{"type":"Feature","geometry":{"type":"Point","coordinates":[34.619249,0.291774]},"properties":{"id":"523254485","n":"Makunga B PD 15","t":"pdw","c":"Kakamega"}},{"type":"Feature","geometry":{"type":"Point","coordinates":[34.571692,0.277173]},"properties":{"id":"84830809","n":"Musango Community, Wambani Spring - 21307","t":"ps","c":"Kakamega"}},{"type":"Feature","geometry":{"type":"Point","coordinates":[34.58517,0.291933]},"properties":{"id":"523276797","n":"Shitoto B PD 5","t":"pdw","c":"Kakamega"}},{"type":"Feature","geometry":{"type":"Point","coordinates":[34.591448,0.280368]},"properties":{"id":"523257622","n":"Mumasaka PD 4","t":"pdw","c":"Kakamega"}},{"type":"Feature","geometry":{"type":"Point","coordinates":[34.611121,0.353981]},"properties":{"id":"523321240","n":"Talamuti, PD, 4","t":"pdw","c":"Kakamega"}},{"type":"Feature","geometry":{"type":"Point","coordinates":[34.59081,0.29853]},"properties":{"id":"47025310","n":"Mungakha, Nyanje Spring - 18313","t":"ps","c":"Kakamega"}},{"type":"Feature","geometry":{"type":"Point","coordinates":[34.57455,0.276378]},"properties":{"id":"523279044","n":"Munjomi PS 2","t":"ps","c":"Kakamega"}},{"type":"Feature","geometry":{"type":"Point","coordinates":[34.5777,0.279967]},"properties":{"id":"523235664","n":"Musango PS 4","t":"ps","c":"Kakamega"}},{"type":"Feature","geometry":{"type":"Point","coordinates":[34.604653,0.334105]},"properties":{"id":"523217882","n":"Ebutingo B US 9","t":"us","c":"Kakamega"}},{"type":"Feature","geometry":{"type":"Point","coordinates":[34.61764,0.352412]},"properties":{"id":"523338718","n":"Mungakhagakha PD 10","t":"pdw","c":"Kakamega"}},{"type":"Feature","geometry":{"type":"Point","coordinates":[34.622001,0.290906]},"properties":{"id":"523332987","n":"Makunga B PD 10","t":"pdw","c":"Kakamega"}},{"type":"Feature","geometry":{"type":"Point","coordinates":[34.573942,0.286085]},"properties":{"id":"523264028","n":"Mulwanda PD 2","t":"pdw","c":"Kakamega"}},{"type":"Feature","geometry":{"type":"Point","coordinates":[34.588882,0.285345]},"properties":{"id":"523222578","n":"Mwitwa BH 9","t":"bh","c":"Kakamega"}},{"type":"Feature","geometry":{"type":"Point","coordinates":[34.633702,0.33191]},"properties":{"id":"523289704","n":"Ebusalisi PD 10","t":"pdw","c":"Kakamega"}},{"type":"Feature","geometry":{"type":"Point","coordinates":[34.58992,0.282738]},"properties":{"id":"523341615","n":"Mwitwa PD 14","t":"pdw","c":"Kakamega"}},{"type":"Feature","geometry":{"type":"Point","coordinates":[34.614465,0.284443]},"properties":{"id":"523343648","n":"Muitawa PD 12","t":"pdw","c":"Kakamega"}},{"type":"Feature","geometry":{"type":"Point","coordinates":[34.613101,0.30142]},"properties":{"id":"523321350","n":"Makunga A PD15","t":"pdw","c":"Kakamega"}},{"type":"Feature","geometry":{"type":"Point","coordinates":[34.601573,0.294639]},"properties":{"id":"523312969","n":"Ikoli B PS 10","t":"ps","c":"Kakamega"}},{"type":"Feature","geometry":{"type":"Point","coordinates":[34.580498,0.283708]},"properties":{"id":"523238825","n":"Nambacha PS 10","t":"ps","c":"Kakamega"}},{"type":"Feature","geometry":{"type":"Point","coordinates":[34.622967,0.288127]},"properties":{"id":"523257172","n":"Isango B PD 10","t":"pdw","c":"Kakamega"}},{"type":"Feature","geometry":{"type":"Point","coordinates":[34.613245,0.337755]},"properties":{"id":"523248073","n":"Mulukobha PS 4","t":"ps","c":"Kakamega"}},{"type":"Feature","geometry":{"type":"Point","coordinates":[34.614229,0.355932]},"properties":{"id":"523220899","n":"Malaha, PD, 2","t":"pdw","c":"Kakamega"}},{"type":"Feature","geometry":{"type":"Point","coordinates":[34.596924,0.330449]},"properties":{"id":"523287630","n":"Bumini A PD18","t":"pdw","c":"Kakamega"}},{"type":"Feature","geometry":{"type":"Point","coordinates":[34.627905,0.329552]},"properties":{"id":"523292553","n":"Emungabo B PD 6","t":"pdw","c":"Kakamega"}},{"type":"Feature","geometry":{"type":"Point","coordinates":[34.56157,0.282878]},"properties":{"id":"523219891","n":"Elwakana A PD 4","t":"pdw","c":"Kakamega"}},{"type":"Feature","geometry":{"type":"Point","coordinates":[34.625193,0.347847]},"properties":{"id":"523345750","n":"Emakale US 2","t":"us","c":"Kakamega"}},{"type":"Feature","geometry":{"type":"Point","coordinates":[34.606682,0.289102]},"properties":{"id":"84830469","n":"Maraba Community, Shisia Spring - 21300","t":"ps","c":"Kakamega"}},{"type":"Feature","geometry":{"type":"Point","coordinates":[34.586492,0.278645]},"properties":{"id":"523213345","n":"Nambacha PS 4","t":"ps","c":"Kakamega"}},{"type":"Feature","geometry":{"type":"Point","coordinates":[34.60641,0.317842]},"properties":{"id":"523209461","n":"Marikiti PS 3","t":"ps","c":"Kakamega"}},{"type":"Feature","geometry":{"type":"Point","coordinates":[34.606783,0.330748]},"properties":{"id":"523208350","n":"Ebutingo B PS 2","t":"ps","c":"Kakamega"}},{"type":"Feature","geometry":{"type":"Point","coordinates":[34.590497,0.283822]},"properties":{"id":"523350817","n":"Mwitwa PD 13","t":"pdw","c":"Kakamega"}},{"type":"Feature","geometry":{"type":"Point","coordinates":[34.610419,0.300625]},"properties":{"id":"523276371","n":"Emuyere PD 10","t":"pdw","c":"Kakamega"}},{"type":"Feature","geometry":{"type":"Point","coordinates":[34.611305,0.348782]},"properties":{"id":"523225894","n":"Munungo PD 1","t":"pdw","c":"Kakamega"}},{"type":"Feature","geometry":{"type":"Point","coordinates":[34.607284,0.287128]},"properties":{"id":"523324731","n":"Bwikhombero PD 11","t":"pdw","c":"Kakamega"}},{"type":"Feature","geometry":{"type":"Point","coordinates":[34.5917,0.291955]},"properties":{"id":"523247254","n":"Maraba PD 16","t":"pdw","c":"Kakamega"}},{"type":"Feature","geometry":{"type":"Point","coordinates":[34.606756,0.371464]},"properties":{"id":"523264200","n":"Khabondi B PD 13","t":"pdw","c":"Kakamega"}},{"type":"Feature","geometry":{"type":"Point","coordinates":[34.593041,0.310519]},"properties":{"id":"523311384","n":"Eshiakhulo B PD 15","t":"pdw","c":"Kakamega"}},{"type":"Feature","geometry":{"type":"Point","coordinates":[34.625258,0.351812]},"properties":{"id":"523308975","n":"Ebusia PD 10","t":"pdw","c":"Kakamega"}},{"type":"Feature","geometry":{"type":"Point","coordinates":[34.629319,0.330425]},"properties":{"id":"523207706","n":"Emungabo B UD 10","t":"udw","c":"Kakamega"}},{"type":"Feature","geometry":{"type":"Point","coordinates":[34.591007,0.316718]},"properties":{"id":"523202794","n":"Musangaro B2 US2","t":"pdw","c":"Kakamega"}},{"type":"Feature","geometry":{"type":"Point","coordinates":[34.62035,0.360181]},"properties":{"id":"523339946","n":"Malaha, PD, 30","t":"pdw","c":"Kakamega"}},{"type":"Feature","geometry":{"type":"Point","coordinates":[34.584211,0.295556]},"properties":{"id":"523327662","n":"Shitoto B PD 16","t":"ps","c":"Kakamega"}},{"type":"Feature","geometry":{"type":"Point","coordinates":[34.596634,0.317558]},"properties":{"id":"523272384","n":"Ematetie PS 8","t":"ps","c":"Kakamega"}},{"type":"Feature","geometry":{"type":"Point","coordinates":[34.58511,0.284495]},"properties":{"id":"329034784","n":"Mwituwa Community, Onyango Spring - 21321","t":"ps","c":"Kakamega"}},{"type":"Feature","geometry":{"type":"Point","coordinates":[34.608005,0.321789]},"properties":{"id":"523236407","n":"Musambatsa PD 8","t":"pdw","c":"Kakamega"}},{"type":"Feature","geometry":{"type":"Point","coordinates":[34.608448,0.344528]},"properties":{"id":"523209502","n":"Elusuba PS 8","t":"ps","c":"Kakamega"}},{"type":"Feature","geometry":{"type":"Point","coordinates":[34.638324,0.340009]},"properties":{"id":"523229506","n":"Eshisenye A PD 10","t":"pdw","c":"Kakamega"}},{"type":"Feature","geometry":{"type":"Point","coordinates":[34.599963,0.303922]},"properties":{"id":"523349558","n":"Emutetemo A PD 3","t":"pdw","c":"Kakamega"}},{"type":"Feature","geometry":{"type":"Point","coordinates":[34.601178,0.297643]},"properties":{"id":"523338880","n":"Ikoli B PD 11","t":"pdw","c":"Kakamega"}},{"type":"Feature","geometry":{"type":"Point","coordinates":[34.633692,0.32836]},"properties":{"id":"523294830","n":"Elukuto US 3","t":"ps","c":"Kakamega"}},{"type":"Feature","geometry":{"type":"Point","coordinates":[34.616754,0.296763]},"properties":{"id":"523279202","n":"Makunga A PD 42","t":"pdw","c":"Kakamega"}},{"type":"Feature","geometry":{"type":"Point","coordinates":[34.590128,0.295262]},"properties":{"id":"523198233","n":"Mungakha PD","t":"pdw","c":"Kakamega"}},{"type":"Feature","geometry":{"type":"Point","coordinates":[34.615615,0.348915]},"properties":{"id":"523295549","n":"Mungakhagakha PD 17","t":"udw","c":"Kakamega"}},{"type":"Feature","geometry":{"type":"Point","coordinates":[34.619895,0.361881]},"properties":{"id":"523248279","n":"Upper Khaunga PD 3","t":"pdw","c":"Kakamega"}},{"type":"Feature","geometry":{"type":"Point","coordinates":[34.592198,0.296227]},"properties":{"id":"523332073","n":"Mungakha PS","t":"ps","c":"Kakamega"}},{"type":"Feature","geometry":{"type":"Point","coordinates":[34.621286,0.341024]},"properties":{"id":"523210658","n":"Ekarungu PD 11","t":"pdw","c":"Kakamega"}},{"type":"Feature","geometry":{"type":"Point","coordinates":[34.610445,0.345572]},"properties":{"id":"523325718","n":"Munungo US 7","t":"us","c":"Kakamega"}},{"type":"Feature","geometry":{"type":"Point","coordinates":[34.604403,0.36092]},"properties":{"id":"523315436","n":"Khainga, PS, 13","t":"ps","c":"Kakamega"}},{"type":"Feature","geometry":{"type":"Point","coordinates":[34.610411,0.352746]},"properties":{"id":"523301947","n":"Talamuti, PD, 5","t":"pdw","c":"Kakamega"}},{"type":"Feature","geometry":{"type":"Point","coordinates":[34.611925,0.349517]},"properties":{"id":"523346397","n":"Munungo PD 3","t":"pdw","c":"Kakamega"}},{"type":"Feature","geometry":{"type":"Point","coordinates":[34.60873,0.299898]},"properties":{"id":"523328058","n":"Ikoli A PD 3","t":"pdw","c":"Kakamega"}},{"type":"Feature","geometry":{"type":"Point","coordinates":[34.598203,0.282908]},"properties":{"id":"523313984","n":"Eshibembe US 8","t":"us","c":"Kakamega"}},{"type":"Feature","geometry":{"type":"Point","coordinates":[34.625335,0.286683]},"properties":{"id":"523281249","n":"Isango A PD 18","t":"pdw","c":"Kakamega"}},{"type":"Feature","geometry":{"type":"Point","coordinates":[34.620658,0.310916]},"properties":{"id":"523217899","n":"Mutemesi A PD 18","t":"pdw","c":"Kakamega"}},{"type":"Feature","geometry":{"type":"Point","coordinates":[34.640813,0.345181]},"properties":{"id":"523266556","n":"Eshisenye B PD 7","t":"pdw","c":"Kakamega"}},{"type":"Feature","geometry":{"type":"Point","coordinates":[34.630043,0.351173]},"properties":{"id":"523325945","n":"Eshikoti PD 18","t":"pdw","c":"Kakamega"}},{"type":"Feature","geometry":{"type":"Point","coordinates":[34.606719,0.28913]},"properties":{"id":"523218704","n":"Bwikhombero PS 12","t":"ps","c":"Kakamega"}},{"type":"Feature","geometry":{"type":"Point","coordinates":[34.607131,0.289071]},"properties":{"id":"523312237","n":"Bwikhombero PS 8","t":"ps","c":"Kakamega"}},{"type":"Feature","geometry":{"type":"Point","coordinates":[34.595098,0.363471]},"properties":{"id":"736923181","n":"Ebusubi Community, Mango spring - 420014","t":"ps","c":"Kakamega"}},{"type":"Feature","geometry":{"type":"Point","coordinates":[34.595325,0.296604]},"properties":{"id":"523255998","n":"Ikoli B PS 4","t":"ps","c":"Kakamega"}},{"type":"Feature","geometry":{"type":"Point","coordinates":[34.625575,0.35326]},"properties":{"id":"523216245","n":"Bulukuyu PD 9","t":"pdw","c":"Kakamega"}},{"type":"Feature","geometry":{"type":"Point","coordinates":[34.585992,0.289395]},"properties":{"id":"15007511","n":"Mwituwa, Nanjira Spring - 18109","t":"ps","c":"Kakamega"}},{"type":"Feature","geometry":{"type":"Point","coordinates":[34.621495,0.290324]},"properties":{"id":"523252816","n":"Makunga B PD 11","t":"pdw","c":"Kakamega"}},{"type":"Feature","geometry":{"type":"Point","coordinates":[34.630508,0.334026]},"properties":{"id":"523312701","n":"Ebusalisi PD 5","t":"pdw","c":"Kakamega"}},{"type":"Feature","geometry":{"type":"Point","coordinates":[34.638378,0.330538]},"properties":{"id":"523338471","n":"Mushibi B PD 2","t":"pdw","c":"Kakamega"}},{"type":"Feature","geometry":{"type":"Point","coordinates":[34.604194,0.291936]},"properties":{"id":"523244426","n":"Emuyere PD 31","t":"pdw","c":"Kakamega"}},{"type":"Feature","geometry":{"type":"Point","coordinates":[34.621542,0.292225]},"properties":{"id":"523280152","n":"Makunga B PD 16","t":"pdw","c":"Kakamega"}},{"type":"Feature","geometry":{"type":"Point","coordinates":[34.602352,0.291857]},"properties":{"id":"523273794","n":"Maraba PD 32","t":"pdw","c":"Kakamega"}},{"type":"Feature","geometry":{"type":"Point","coordinates":[34.622143,0.305932]},"properties":{"id":"523216348","n":"Ebusokho PD 15","t":"pdw","c":"Kakamega"}},{"type":"Feature","geometry":{"type":"Point","coordinates":[34.613635,0.300992]},"properties":{"id":"523286990","n":"Makunga A PD14","t":"pdw","c":"Kakamega"}},{"type":"Feature","geometry":{"type":"Point","coordinates":[34.60506,0.339274]},"properties":{"id":"523277451","n":"Esikura A PD9","t":"pdw","c":"Kakamega"}},{"type":"Feature","geometry":{"type":"Point","coordinates":[34.597117,0.306434]},"properties":{"id":"523298535","n":"Eshiakhulo A PS 13","t":"ps","c":"Kakamega"}},{"type":"Feature","geometry":{"type":"Point","coordinates":[34.629393,0.34187]},"properties":{"id":"523342630","n":"Eshikoti PD 3","t":"ps","c":"Kakamega"}},{"type":"Feature","geometry":{"type":"Point","coordinates":[34.625054,0.336115]},"properties":{"id":"523304081","n":"Nyaporo US 3","t":"us","c":"Kakamega"}},{"type":"Feature","geometry":{"type":"Point","coordinates":[34.610623,0.35146]},"properties":{"id":"523208501","n":"Talamuti, PD, 7","t":"pdw","c":"Kakamega"}},{"type":"Feature","geometry":{"type":"Point","coordinates":[34.609582,0.340467]},"properties":{"id":"523348045","n":"Eshisari PD 14","t":"pdw","c":"Kakamega"}},{"type":"Feature","geometry":{"type":"Point","coordinates":[34.575132,0.28608]},"properties":{"id":"523194480","n":"Mulwanda PD 5","t":"pdw","c":"Kakamega"}},{"type":"Feature","geometry":{"type":"Point","coordinates":[34.633738,0.345557]},"properties":{"id":"523295941","n":"Eshisenye US 1","t":"us","c":"Kakamega"}},{"type":"Feature","geometry":{"type":"Point","coordinates":[34.616655,0.294587]},"properties":{"id":"523214047","n":"Makunga A US23","t":"us","c":"Kakamega"}},{"type":"Feature","geometry":{"type":"Point","coordinates":[34.57842,0.290633]},"properties":{"id":"523213833","n":"Mulwanda PD 12","t":"pdw","c":"Kakamega"}},{"type":"Feature","geometry":{"type":"Point","coordinates":[34.598828,0.317954]},"properties":{"id":"523338048","n":"Ematetie PD 7","t":"pdw","c":"Kakamega"}},{"type":"Feature","geometry":{"type":"Point","coordinates":[34.618941,0.331988]},"properties":{"id":"523292845","n":"Ekarungu PD 2","t":"pdw","c":"Kakamega"}},{"type":"Feature","geometry":{"type":"Point","coordinates":[34.603376,0.369921]},"properties":{"id":"523194387","n":"Khabondi B PD 4","t":"pdw","c":"Kakamega"}},{"type":"Feature","geometry":{"type":"Point","coordinates":[34.621517,0.361468]},"properties":{"id":"523319069","n":"Upper Khaunga PD 6","t":"pdw","c":"Kakamega"}},{"type":"Feature","geometry":{"type":"Point","coordinates":[34.599544,0.317659]},"properties":{"id":"523248884","n":"Ematetie PD 5","t":"pdw","c":"Kakamega"}},{"type":"Feature","geometry":{"type":"Point","coordinates":[34.615097,0.296319]},"properties":{"id":"523213084","n":"Makunga A PD 36","t":"pdw","c":"Kakamega"}},{"type":"Feature","geometry":{"type":"Point","coordinates":[34.6281,0.348573]},"properties":{"id":"523305460","n":"Emukaniro PD 8","t":"pdw","c":"Kakamega"}},{"type":"Feature","geometry":{"type":"Point","coordinates":[34.648036,0.335708]},"properties":{"id":"523293640","n":"Isongo PD 5","t":"pdw","c":"Kakamega"}},{"type":"Feature","geometry":{"type":"Point","coordinates":[34.622531,0.289199]},"properties":{"id":"523269669","n":"Isango B PD 11","t":"pdw","c":"Kakamega"}},{"type":"Feature","geometry":{"type":"Point","coordinates":[34.62333,0.345325]},"properties":{"id":"523285621","n":"Emakale PS 4","t":"us","c":"Kakamega"}},{"type":"Feature","geometry":{"type":"Point","coordinates":[34.612142,0.359613]},"properties":{"id":"523267399","n":"Malaha, UD, 7","t":"udw","c":"Kakamega"}},{"type":"Feature","geometry":{"type":"Point","coordinates":[34.613183,0.299323]},"properties":{"id":"523295202","n":"Makunga A PS18","t":"ps","c":"Kakamega"}},{"type":"Feature","geometry":{"type":"Point","coordinates":[34.575917,0.274123]},"properties":{"id":"523354701","n":"Eshiabaka PD 11","t":"pdw","c":"Kakamega"}},{"type":"Feature","geometry":{"type":"Point","coordinates":[34.605988,0.318404]},"properties":{"id":"523192488","n":"Musambatsa US 2","t":"us","c":"Kakamega"}},{"type":"Feature","geometry":{"type":"Point","coordinates":[34.626627,0.318924]},"properties":{"id":"523256614","n":"Elukhumbi US 2","t":"us","c":"Kakamega"}},{"type":"Feature","geometry":{"type":"Point","coordinates":[34.611682,0.310507]},"properties":{"id":"523204167","n":"Mutemesi A PD 6","t":"pdw","c":"Kakamega"}},{"type":"Feature","geometry":{"type":"Point","coordinates":[34.619253,0.339517]},"properties":{"id":"523208051","n":"Ekarungu PD 6","t":"pdw","c":"Kakamega"}},{"type":"Feature","geometry":{"type":"Point","coordinates":[34.567968,0.283285]},"properties":{"id":"523341127","n":"Emusaka PS 6","t":"ps","c":"Kakamega"}},{"type":"Feature","geometry":{"type":"Point","coordinates":[34.575537,0.286376]},"properties":{"id":"523317005","n":"Mulwanda Protected dug well with rope and washer 6","t":"pdw","c":"Kakamega"}},{"type":"Feature","geometry":{"type":"Point","coordinates":[34.596195,0.28101]},"properties":{"id":"523254306","n":"Mumasaka PD 27","t":"pdw","c":"Kakamega"}},{"type":"Feature","geometry":{"type":"Point","coordinates":[34.605982,0.320209]},"properties":{"id":"523347903","n":"Musambatsa PD 3","t":"pdw","c":"Kakamega"}},{"type":"Feature","geometry":{"type":"Point","coordinates":[34.593595,0.303319]},"properties":{"id":"523303190","n":"Eshiakhulo B PD 2","t":"pdw","c":"Kakamega"}},{"type":"Feature","geometry":{"type":"Point","coordinates":[34.600916,0.317593]},"properties":{"id":"523247065","n":"Emukhalari B PD 4","t":"pdw","c":"Kakamega"}},{"type":"Feature","geometry":{"type":"Point","coordinates":[34.610178,0.291423]},"properties":{"id":"523303028","n":"Bwikhombero PD 6","t":"pdw","c":"Kakamega"}},{"type":"Feature","geometry":{"type":"Point","coordinates":[34.589582,0.280548]},"properties":{"id":"523328199","n":"Nambacha PD 19","t":"pdw","c":"Kakamega"}},{"type":"Feature","geometry":{"type":"Point","coordinates":[34.615925,0.296696]},"properties":{"id":"523212368","n":"Makunga A PD37","t":"pdw","c":"Kakamega"}},{"type":"Feature","geometry":{"type":"Point","coordinates":[34.614518,0.355015]},"properties":{"id":"523328618","n":"Mungakhagakha UD 8","t":"udw","c":"Kakamega"}},{"type":"Feature","geometry":{"type":"Point","coordinates":[34.601563,0.286888]},"properties":{"id":"523302065","n":"Eshibembe PD 16","t":"pdw","c":"Kakamega"}},{"type":"Feature","geometry":{"type":"Point","coordinates":[34.62825,0.330375]},"properties":{"id":"523298322","n":"Emungabo B PD 9","t":"pdw","c":"Kakamega"}},{"type":"Feature","geometry":{"type":"Point","coordinates":[34.638675,0.33467]},"properties":{"id":"523292618","n":"Mushibi A PS 2","t":"ps","c":"Kakamega"}},{"type":"Feature","geometry":{"type":"Point","coordinates":[34.617689,0.297252]},"properties":{"id":"523330143","n":"Makunga A PD43","t":"pdw","c":"Kakamega"}},{"type":"Feature","geometry":{"type":"Point","coordinates":[34.614947,0.352471]},"properties":{"id":"523206231","n":"Malaha, PD, 31","t":"pdw","c":"Kakamega"}},{"type":"Feature","geometry":{"type":"Point","coordinates":[34.638758,0.341032]},"properties":{"id":"523272621","n":"Eshisenye A PD 8","t":"pdw","c":"Kakamega"}},{"type":"Feature","geometry":{"type":"Point","coordinates":[34.623082,0.299321]},"properties":{"id":"523317964","n":"Makunga Township PD 2","t":"pdw","c":"Kakamega"}},{"type":"Feature","geometry":{"type":"Point","coordinates":[34.595268,0.320722]},"properties":{"id":"523304407","n":"Musangaro A1 PD8","t":"pdw","c":"Kakamega"}},{"type":"Feature","geometry":{"type":"Point","coordinates":[34.599024,0.331147]},"properties":{"id":"523260426","n":"Bumini A PS1","t":"ps","c":"Kakamega"}},{"type":"Feature","geometry":{"type":"Point","coordinates":[34.581353,0.37131]},"properties":{"id":"523355245","n":"Khaunga B PD 2","t":"pdw","c":"Kakamega"}},{"type":"Feature","geometry":{"type":"Point","coordinates":[34.588578,0.29717]},"properties":{"id":"523308793","n":"Mungakha UD","t":"udw","c":"Kakamega"}},{"type":"Feature","geometry":{"type":"Point","coordinates":[34.582528,0.279783]},"properties":{"id":"523215110","n":"Nambacha PD 7","t":"pdw","c":"Kakamega"}},{"type":"Feature","geometry":{"type":"Point","coordinates":[34.6327,0.332837]},"properties":{"id":"523347549","n":"Ebusalisi UD 9","t":"udw","c":"Kakamega"}},{"type":"Feature","geometry":{"type":"Point","coordinates":[34.583836,0.372757]},"properties":{"id":"523278335","n":"Mwichinga PD 7","t":"pdw","c":"Kakamega"}},{"type":"Feature","geometry":{"type":"Point","coordinates":[34.601018,0.32235]},"properties":{"id":"523206743","n":"Ematetie PD 11","t":"pdw","c":"Kakamega"}},{"type":"Feature","geometry":{"type":"Point","coordinates":[34.604642,0.305872]},"properties":{"id":"523222200","n":"Emutetemo A PD 12","t":"pdw","c":"Kakamega"}},{"type":"Feature","geometry":{"type":"Point","coordinates":[34.620177,0.340697]},"properties":{"id":"523323974","n":"Ekarungu PD 12","t":"pdw","c":"Kakamega"}},{"type":"Feature","geometry":{"type":"Point","coordinates":[34.597839,0.294676]},"properties":{"id":"523313276","n":"Ikoli B PD 7","t":"pdw","c":"Kakamega"}},{"type":"Feature","geometry":{"type":"Point","coordinates":[34.611216,0.324544]},"properties":{"id":"523261496","n":"Eshirulo BH 3","t":"bh","c":"Kakamega"}},{"type":"Feature","geometry":{"type":"Point","coordinates":[34.561681,0.283778]},"properties":{"id":"523242455","n":"Elwakana A PS 4","t":"ps","c":"Kakamega"}},{"type":"Feature","geometry":{"type":"Point","coordinates":[34.623982,0.350182]},"properties":{"id":"523323709","n":"Ebusia PS 9","t":"ps","c":"Kakamega"}},{"type":"Feature","geometry":{"type":"Point","coordinates":[34.606502,0.338932]},"properties":{"id":"523308511","n":"Esikura A UD12","t":"udw","c":"Kakamega"}},{"type":"Feature","geometry":{"type":"Point","coordinates":[34.602861,0.312119]},"properties":{"id":"523344405","n":"Emukhalari A PD 2","t":"pdw","c":"Kakamega"}},{"type":"Feature","geometry":{"type":"Point","coordinates":[34.594389,0.324147]},"properties":{"id":"523223706","n":"Musangaro A1 PS4","t":"ps","c":"Kakamega"}},{"type":"Feature","geometry":{"type":"Point","coordinates":[34.614613,0.302889]},"properties":{"id":"523349163","n":"Emutetemo B PD 10","t":"pdw","c":"Kakamega"}},{"type":"Feature","geometry":{"type":"Point","coordinates":[34.569145,0.282625]},"properties":{"id":"316006668","n":"Emusaka Community, Manasses Spring - 21324","t":"ps","c":"Kakamega"}},{"type":"Feature","geometry":{"type":"Point","coordinates":[34.618605,0.333815]},"properties":{"id":"523289302","n":"Ekarungu PD 3","t":"pdw","c":"Kakamega"}},{"type":"Feature","geometry":{"type":"Point","coordinates":[34.608755,0.320013]},"properties":{"id":"84830799","n":"Ematetie Community, Amasetse Spring - 21306","t":"ps","c":"Kakamega"}},{"type":"Feature","geometry":{"type":"Point","coordinates":[34.612771,0.294754]},"properties":{"id":"523303145","n":"Muitawa PD 20","t":"pdw","c":"Kakamega"}},{"type":"Feature","geometry":{"type":"Point","coordinates":[34.597335,0.283088]},"properties":{"id":"523312440","n":"Mumasaka PS 25","t":"ps","c":"Kakamega"}},{"type":"Feature","geometry":{"type":"Point","coordinates":[34.614881,0.298092]},"properties":{"id":"523213929","n":"Makunga A PD6","t":"pdw","c":"Kakamega"}},{"type":"Feature","geometry":{"type":"Point","coordinates":[34.623182,0.340708]},"properties":{"id":"523345107","n":"Emakale PS 12","t":"ps","c":"Kakamega"}},{"type":"Feature","geometry":{"type":"Point","coordinates":[34.618699,0.289145]},"properties":{"id":"523302656","n":"Makunga B PD 12","t":"pdw","c":"Kakamega"}},{"type":"Feature","geometry":{"type":"Point","coordinates":[34.578638,0.284517]},"properties":{"id":"523354756","n":"Musango PD 11","t":"pdw","c":"Kakamega"}},{"type":"Feature","geometry":{"type":"Point","coordinates":[34.611737,0.3011]},"properties":{"id":"523209980","n":"Makunga A PD17","t":"pdw","c":"Kakamega"}},{"type":"Feature","geometry":{"type":"Point","coordinates":[34.599263,0.294223]},"properties":{"id":"523283777","n":"Ikoli B PS 9","t":"ps","c":"Kakamega"}},{"type":"Feature","geometry":{"type":"Point","coordinates":[34.594197,0.280238]},"properties":{"id":"523333397","n":"Mumasaka PD 1","t":"pdw","c":"Kakamega"}},{"type":"Feature","geometry":{"type":"Point","coordinates":[34.613146,0.331315]},"properties":{"id":"523348203","n":"Eshisari BH 20","t":"bh","c":"Kakamega"}},{"type":"Feature","geometry":{"type":"Point","coordinates":[34.611518,0.326575]},"properties":{"id":"523260378","n":"Eshirulo SP 2","t":"ps","c":"Kakamega"}},{"type":"Feature","geometry":{"type":"Point","coordinates":[34.578924,0.28925]},"properties":{"id":"523350745","n":"Mulwanda PD 11","t":"pdw","c":"Kakamega"}},{"type":"Feature","geometry":{"type":"Point","coordinates":[34.595333,0.29658]},"properties":{"id":"661122323","n":"Ikoli B Community, Shibutso Spring. - 420002","t":"ps","c":"Kakamega"}},{"type":"Feature","geometry":{"type":"Point","coordinates":[34.614153,0.35692]},"properties":{"id":"523337157","n":"Malaha, PD, 26","t":"pdw","c":"Kakamega"}},{"type":"Feature","geometry":{"type":"Point","coordinates":[34.571078,0.27846]},"properties":{"id":"523341347","n":"Musango PS 9","t":"ps","c":"Kakamega"}},{"type":"Feature","geometry":{"type":"Point","coordinates":[34.603345,0.306888]},"properties":{"id":"523236304","n":"Emutetemo A PD 8","t":"pdw","c":"Kakamega"}},{"type":"Feature","geometry":{"type":"Point","coordinates":[34.590142,0.292405]},"properties":{"id":"523232393","n":"Shitoto B PD 1","t":"pdw","c":"Kakamega"}},{"type":"Feature","geometry":{"type":"Point","coordinates":[34.590533,0.311798]},"properties":{"id":"523209540","n":"Eshiakhulo B PS 7","t":"ps","c":"Kakamega"}},{"type":"Feature","geometry":{"type":"Point","coordinates":[34.618384,0.292435]},"properties":{"id":"523222987","n":"Makunga A PD29","t":"pdw","c":"Kakamega"}},{"type":"Feature","geometry":{"type":"Point","coordinates":[34.591243,0.289373]},"properties":{"id":"523322887","n":"Maraba PD 14","t":"pdw","c":"Kakamega"}},{"type":"Feature","geometry":{"type":"Point","coordinates":[34.60007,0.28358]},"properties":{"id":"523346328","n":"Eshibembe PD 7","t":"pdw","c":"Kakamega"}},{"type":"Feature","geometry":{"type":"Point","coordinates":[34.601877,0.286302]},"properties":{"id":"523253075","n":"Eshibembe PD 14","t":"pdw","c":"Kakamega"}},{"type":"Feature","geometry":{"type":"Point","coordinates":[34.597027,0.307905]},"properties":{"id":"523262686","n":"Eshiakhulo A US 12","t":"us","c":"Kakamega"}},{"type":"Feature","geometry":{"type":"Point","coordinates":[34.625529,0.328869]},"properties":{"id":"523244309","n":"Emungabo A PD 7","t":"pdw","c":"Kakamega"}},{"type":"Feature","geometry":{"type":"Point","coordinates":[34.616366,0.304164]},"properties":{"id":"523234948","n":"Emutetemo B PS 14","t":"ps","c":"Kakamega"}},{"type":"Feature","geometry":{"type":"Point","coordinates":[34.614972,0.295838]},"properties":{"id":"523224635","n":"Makunga A PD35","t":"pdw","c":"Kakamega"}},{"type":"Feature","geometry":{"type":"Point","coordinates":[34.595,0.367863]},"properties":{"id":"523335894","n":"Butunyi PS 3","t":"ps","c":"Kakamega"}},{"type":"Feature","geometry":{"type":"Point","coordinates":[34.612267,0.348805]},"properties":{"id":"523265885","n":"Muroni B, PD, 9","t":"pdw","c":"Kakamega"}},{"type":"Feature","geometry":{"type":"Point","coordinates":[34.595907,0.301332]},"properties":{"id":"523347477","n":"Ikoli B US 17","t":"us","c":"Kakamega"}},{"type":"Feature","geometry":{"type":"Point","coordinates":[34.605858,0.321807]},"properties":{"id":"523279886","n":"Musambatsa PD 11","t":"pdw","c":"Kakamega"}},{"type":"Feature","geometry":{"type":"Point","coordinates":[34.584737,0.368772]},"properties":{"id":"523286237","n":"Khaunga B PS 7","t":"ps","c":"Kakamega"}},{"type":"Feature","geometry":{"type":"Point","coordinates":[34.636903,0.342363]},"properties":{"id":"523196482","n":"Eshisenye A US 5","t":"us","c":"Kakamega"}},{"type":"Feature","geometry":{"type":"Point","coordinates":[34.624857,0.288535]},"properties":{"id":"523300379","n":"Isango B PD 3","t":"pdw","c":"Kakamega"}},{"type":"Feature","geometry":{"type":"Point","coordinates":[34.626757,0.352745]},"properties":{"id":"523268620","n":"Emukaniro PW 2","t":"pdw","c":"Kakamega"}},{"type":"Feature","geometry":{"type":"Point","coordinates":[34.597103,0.328535]},"properties":{"id":"523263924","n":"Bumini A","t":"pdw","c":"Kakamega"}},{"type":"Feature","geometry":{"type":"Point","coordinates":[34.627615,0.342817]},"properties":{"id":"523200077","n":"Eshikoti PD 4","t":"pdw","c":"Kakamega"}},{"type":"Feature","geometry":{"type":"Point","coordinates":[34.615289,0.301272]},"properties":{"id":"523272975","n":"Makunga A PD128","t":"pdw","c":"Kakamega"}},{"type":"Feature","geometry":{"type":"Point","coordinates":[34.609176,0.318652]},"properties":{"id":"523193465","n":"Musambatsa US 6","t":"us","c":"Kakamega"}},{"type":"Feature","geometry":{"type":"Point","coordinates":[34.585799,0.287066]},"properties":{"id":"519979185","n":"Mwituwa Community, Opuchi Spring - 23306","t":"ps","c":"Kakamega"}},{"type":"Feature","geometry":{"type":"Point","coordinates":[34.644673,0.333558]},"properties":{"id":"523314442","n":"Milimani A PD 14","t":"bh","c":"Kakamega"}},{"type":"Feature","geometry":{"type":"Point","coordinates":[34.598098,0.286242]},"properties":{"id":"523224226","n":"Eshibembe PD 9","t":"pdw","c":"Kakamega"}},{"type":"Feature","geometry":{"type":"Point","coordinates":[34.568784,0.286714]},"properties":{"id":"523345413","n":"Emusaka PD 3","t":"pdw","c":"Kakamega"}},{"type":"Feature","geometry":{"type":"Point","coordinates":[34.623313,0.330965]},"properties":{"id":"523211831","n":"Nyaporo PD 9","t":"pdw","c":"Kakamega"}},{"type":"Feature","geometry":{"type":"Point","coordinates":[34.582917,0.282217]},"properties":{"id":"523258317","n":"Nambacha PS 8","t":"ps","c":"Kakamega"}},{"type":"Feature","geometry":{"type":"Point","coordinates":[34.561475,0.283617]},"properties":{"id":"523225052","n":"Elwakana A PD 3","t":"pdw","c":"Kakamega"}},{"type":"Feature","geometry":{"type":"Point","coordinates":[34.604642,0.288807]},"properties":{"id":"523336840","n":"Bwikhombero PD 4","t":"pdw","c":"Kakamega"}},{"type":"Feature","geometry":{"type":"Point","coordinates":[34.587702,0.279002]},"properties":{"id":"523275617","n":"Nambacha PD 3","t":"pdw","c":"Kakamega"}},{"type":"Feature","geometry":{"type":"Point","coordinates":[34.59791,0.333549]},"properties":{"id":"523345475","n":"Bumini A PD4","t":"pdw","c":"Kakamega"}},{"type":"Feature","geometry":{"type":"Point","coordinates":[34.572768,0.28173]},"properties":{"id":"523309172","n":"Musango PS 6","t":"ps","c":"Kakamega"}},{"type":"Feature","geometry":{"type":"Point","coordinates":[34.617652,0.357193]},"properties":{"id":"523316413","n":"Township PD 22","t":"pdw","c":"Kakamega"}},{"type":"Feature","geometry":{"type":"Point","coordinates":[34.577093,0.288772]},"properties":{"id":"523284431","n":"MULWANDA PD 10","t":"pdw","c":"Kakamega"}},{"type":"Feature","geometry":{"type":"Point","coordinates":[34.582235,0.288065]},"properties":{"id":"15007614","n":"Nambatsa, Odera Spring - 18119","t":"ps","c":"Kakamega"}},{"type":"Feature","geometry":{"type":"Point","coordinates":[34.60238,0.305837]},"properties":{"id":"523283519","n":"Emutetemo A PD 7","t":"pdw","c":"Kakamega"}},{"type":"Feature","geometry":{"type":"Point","coordinates":[34.59757,0.32381]},"properties":{"id":"523210579","n":"Ebutingo A PD 4","t":"pdw","c":"Kakamega"}},{"type":"Feature","geometry":{"type":"Point","coordinates":[34.627087,0.356078]},"properties":{"id":"523293176","n":"Bulukuyu PD 6","t":"pdw","c":"Kakamega"}},{"type":"Feature","geometry":{"type":"Point","coordinates":[34.622371,0.295152]},"properties":{"id":"523226266","n":"Makunga B PD 20","t":"pdw","c":"Kakamega"}},{"type":"Feature","geometry":{"type":"Point","coordinates":[34.599149,0.311367]},"properties":{"id":"523310637","n":"Eshiakhulo A PD 7","t":"pdw","c":"Kakamega"}},{"type":"Feature","geometry":{"type":"Point","coordinates":[34.611444,0.359858]},"properties":{"id":"523322485","n":"Malaha, UD, 6","t":"udw","c":"Kakamega"}},{"type":"Feature","geometry":{"type":"Point","coordinates":[34.605095,0.292025]},"properties":{"id":"523275002","n":"Emuyere PD 27","t":"pdw","c":"Kakamega"}},{"type":"Feature","geometry":{"type":"Point","coordinates":[34.564443,0.280077]},"properties":{"id":"523291930","n":"Elwasambi PD 1","t":"pdw","c":"Kakamega"}},{"type":"Feature","geometry":{"type":"Point","coordinates":[34.623887,0.291463]},"properties":{"id":"523256470","n":"Isango B BH 13","t":"bh","c":"Kakamega"}},{"type":"Feature","geometry":{"type":"Point","coordinates":[34.645945,0.336449]},"properties":{"id":"523219183","n":"Isongo US 14","t":"us","c":"Kakamega"}},{"type":"Feature","geometry":{"type":"Point","coordinates":[34.619105,0.361609]},"properties":{"id":"523193609","n":"Upper Khaunga PD 11","t":"pdw","c":"Kakamega"}},{"type":"Feature","geometry":{"type":"Point","coordinates":[34.612019,0.35589]},"properties":{"id":"523203221","n":"Malaha, PD, 3","t":"pdw","c":"Kakamega"}},{"type":"Feature","geometry":{"type":"Point","coordinates":[34.60599,0.34142]},"properties":{"id":"523329743","n":"Esikura A PS6","t":"ps","c":"Kakamega"}},{"type":"Feature","geometry":{"type":"Point","coordinates":[34.58819,0.297115]},"properties":{"id":"523224082","n":"Mungakha pD","t":"pdw","c":"Kakamega"}},{"type":"Feature","geometry":{"type":"Point","coordinates":[34.591683,0.372019]},"properties":{"id":"523290805","n":"Namwaya PS 6","t":"ps","c":"Kakamega"}},{"type":"Feature","geometry":{"type":"Point","coordinates":[34.605361,0.304864]},"properties":{"id":"523322904","n":"Emutetemo A BH 14","t":"bh","c":"Kakamega"}},{"type":"Feature","geometry":{"type":"Point","coordinates":[34.621554,0.342206]},"properties":{"id":"523204954","n":"Ekarungu PS 10","t":"ps","c":"Kakamega"}},{"type":"Feature","geometry":{"type":"Point","coordinates":[34.592055,0.321108]},"properties":{"id":"523227418","n":"Musangaro A2 PD2","t":"pdw","c":"Kakamega"}},{"type":"Feature","geometry":{"type":"Point","coordinates":[34.580227,0.369016]},"properties":{"id":"523196523","n":"Mwichinga PD 4","t":"pdw","c":"Kakamega"}},{"type":"Feature","geometry":{"type":"Point","coordinates":[34.60629,0.338674]},"properties":{"id":"523292766","n":"Esikura PD10","t":"pdw","c":"Kakamega"}},{"type":"Feature","geometry":{"type":"Point","coordinates":[34.582673,0.369609]},"properties":{"id":"523226613","n":"Khaunga B 4","t":"pdw","c":"Kakamega"}},{"type":"Feature","geometry":{"type":"Point","coordinates":[34.587018,0.27448]},"properties":{"id":"523285951","n":"Mutono PD 8","t":"pdw","c":"Kakamega"}},{"type":"Feature","geometry":{"type":"Point","coordinates":[34.584787,0.370547]},"properties":{"id":"523271682","n":"Khaunga B PD 9","t":"pdw","c":"Kakamega"}},{"type":"Feature","geometry":{"type":"Point","coordinates":[34.611699,0.298873]},"properties":{"id":"523247072","n":"Emuyere PD 8","t":"pdw","c":"Kakamega"}},{"type":"Feature","geometry":{"type":"Point","coordinates":[34.608532,0.290811]},"properties":{"id":"523285858","n":"Bwikhombero PD 5","t":"pdw","c":"Kakamega"}},{"type":"Feature","geometry":{"type":"Point","coordinates":[34.637507,0.330523]},"properties":{"id":"523247601","n":"Mushibi B PD 4","t":"pdw","c":"Kakamega"}},{"type":"Feature","geometry":{"type":"Point","coordinates":[34.622688,0.344545]},"properties":{"id":"523194332","n":"Emakale PS 5","t":"ps","c":"Kakamega"}},{"type":"Feature","geometry":{"type":"Point","coordinates":[34.601432,0.353427]},"properties":{"id":"523334398","n":"Muroni A, UD, 11","t":"udw","c":"Kakamega"}},{"type":"Feature","geometry":{"type":"Point","coordinates":[34.598423,0.308427]},"properties":{"id":"523316372","n":"Eshiakhulo A PS 3","t":"ps","c":"Kakamega"}},{"type":"Feature","geometry":{"type":"Point","coordinates":[34.619603,0.337587]},"properties":{"id":"523350154","n":"Ekarungu PS 5","t":"ps","c":"Kakamega"}},{"type":"Feature","geometry":{"type":"Point","coordinates":[34.62747,0.35898]},"properties":{"id":"876559","n":"Decommissioned 2016 - Lower Kogembo Community Borehole Well","t":"bh","c":"Kakamega"}},{"type":"Feature","geometry":{"type":"Point","coordinates":[34.589485,0.295433]},"properties":{"id":"523322100","n":"Mungakha PD","t":"pdw","c":"Kakamega"}},{"type":"Feature","geometry":{"type":"Point","coordinates":[34.609747,0.34875]},"properties":{"id":"523230944","n":"Elusuba PD 10","t":"pdw","c":"Kakamega"}},{"type":"Feature","geometry":{"type":"Point","coordinates":[34.619407,0.34579]},"properties":{"id":"523350185","n":"Ebusia PS 3","t":"ps","c":"Kakamega"}},{"type":"Feature","geometry":{"type":"Point","coordinates":[34.578969,0.373236]},"properties":{"id":"523195917","n":"Ababokho PD Cosmas Malala","t":"pdw","c":"Kakamega"}},{"type":"Feature","geometry":{"type":"Point","coordinates":[34.62712,0.325845]},"properties":{"id":"523301978","n":"Emungabo B US 1","t":"us","c":"Kakamega"}},{"type":"Feature","geometry":{"type":"Point","coordinates":[34.57464,0.289438]},"properties":{"id":"523220466","n":"Mulwanda PD 9","t":"pdw","c":"Kakamega"}},{"type":"Feature","geometry":{"type":"Point","coordinates":[34.609091,0.292748]},"properties":{"id":"523337061","n":"Bwikhombero PD 1","t":"pdw","c":"Kakamega"}},{"type":"Feature","geometry":{"type":"Point","coordinates":[34.614015,0.331773]},"properties":{"id":"523308810","n":"Eshisari BH 19","t":"bh","c":"Kakamega"}},{"type":"Feature","geometry":{"type":"Point","coordinates":[34.621951,0.285401]},"properties":{"id":"523265012","n":"Eshiaka PD 2","t":"pdw","c":"Kakamega"}},{"type":"Feature","geometry":{"type":"Point","coordinates":[34.608414,0.293394]},"properties":{"id":"523287726","n":"Emuyere PD 19","t":"pdw","c":"Kakamega"}},{"type":"Feature","geometry":{"type":"Point","coordinates":[34.600272,0.323945]},"properties":{"id":"523242046","n":"Ebutingo A PD 1","t":"pdw","c":"Kakamega"}},{"type":"Feature","geometry":{"type":"Point","coordinates":[34.579282,0.277945]},"properties":{"id":"523228172","n":"Musango PD 13","t":"pdw","c":"Kakamega"}},{"type":"Feature","geometry":{"type":"Point","coordinates":[34.595502,0.290872]},"properties":{"id":"523350783","n":"Maraba PD 20","t":"pdw","c":"Kakamega"}},{"type":"Feature","geometry":{"type":"Point","coordinates":[34.624412,0.356403]},"properties":{"id":"523222822","n":"Bulukuyu PS 4","t":"ps","c":"Kakamega"}},{"type":"Feature","geometry":{"type":"Point","coordinates":[34.568697,0.278818]},"properties":{"id":"41048861","n":"Musango, Emufutu Spring - 19100","t":"ps","c":"Kakamega"}},{"type":"Feature","geometry":{"type":"Point","coordinates":[34.606433,0.304259]},"properties":{"id":"523310716","n":"Emutetemo B PD 3","t":"pdw","c":"Kakamega"}},{"type":"Feature","geometry":{"type":"Point","coordinates":[34.607137,0.337386]},"properties":{"id":"523320665","n":"Eshisari US 10","t":"us","c":"Kakamega"}},{"type":"Feature","geometry":{"type":"Point","coordinates":[34.636082,0.336615]},"properties":{"id":"523341787","n":"Mushibi A PS 7","t":"ps","c":"Kakamega"}},{"type":"Feature","geometry":{"type":"Point","coordinates":[34.608375,0.353711]},"properties":{"id":"523204789","n":"Malaha, PD, 32","t":"pdw","c":"Kakamega"}},{"type":"Feature","geometry":{"type":"Point","coordinates":[34.631738,0.347968]},"properties":{"id":"523240116","n":"Eshikoti PS 11","t":"ps","c":"Kakamega"}},{"type":"Feature","geometry":{"type":"Point","coordinates":[34.615032,0.359944]},"properties":{"id":"523332327","n":"Malaha, PD, 24","t":"pdw","c":"Kakamega"}},{"type":"Feature","geometry":{"type":"Point","coordinates":[34.588278,0.29255]},"properties":{"id":"523319629","n":"Shitoto B PS 3","t":"ps","c":"Kakamega"}},{"type":"Feature","geometry":{"type":"Point","coordinates":[34.601219,0.31319]},"properties":{"id":"523207892","n":"Emukhalari A PS 1","t":"ps","c":"Kakamega"}},{"type":"Feature","geometry":{"type":"Point","coordinates":[34.619784,0.309076]},"properties":{"id":"523210005","n":"Mutemesi B PD 3","t":"pdw","c":"Kakamega"}},{"type":"Feature","geometry":{"type":"Point","coordinates":[34.602849,0.353448]},"properties":{"id":"523192749","n":"Muroni A, PS, 10","t":"ps","c":"Kakamega"}},{"type":"Feature","geometry":{"type":"Point","coordinates":[34.61389,0.328421]},"properties":{"id":"523253790","n":"Eshirulo PD 6","t":"pdw","c":"Kakamega"}},{"type":"Feature","geometry":{"type":"Point","coordinates":[34.608375,0.353711]},"properties":{"id":"523249067","n":"Khainga, UD, 7","t":"udw","c":"Kakamega"}},{"type":"Feature","geometry":{"type":"Point","coordinates":[34.609718,0.294271]},"properties":{"id":"523283368","n":"Emuyere PD 14","t":"pdw","c":"Kakamega"}},{"type":"Feature","geometry":{"type":"Point","coordinates":[34.597503,0.286127]},"properties":{"id":"523210122","n":"Eshibembe PD 11","t":"pdw","c":"Kakamega"}},{"type":"Feature","geometry":{"type":"Point","coordinates":[34.606678,0.355791]},"properties":{"id":"523317012","n":"Talamuti, PS, 10","t":"ps","c":"Kakamega"}},{"type":"Feature","geometry":{"type":"Point","coordinates":[34.618501,0.303012]},"properties":{"id":"523237965","n":"Ebusokho PS 6","t":"ps","c":"Kakamega"}},{"type":"Feature","geometry":{"type":"Point","coordinates":[34.573973,0.28921]},"properties":{"id":"523327765","n":"Mulwanda PD 8","t":"pdw","c":"Kakamega"}},{"type":"Feature","geometry":{"type":"Point","coordinates":[34.595088,0.291803]},"properties":{"id":"523262105","n":"Maraba PD 19","t":"pdw","c":"Kakamega"}},{"type":"Feature","geometry":{"type":"Point","coordinates":[34.608219,0.362905]},"properties":{"id":"736923253","n":"Khainga Community, Mukolwe spring - 420013","t":"ps","c":"Kakamega"}},{"type":"Feature","geometry":{"type":"Point","coordinates":[34.628093,0.345615]},"properties":{"id":"523289065","n":"Eshikoti PD 9","t":"pdw","c":"Kakamega"}},{"type":"Feature","geometry":{"type":"Point","coordinates":[34.606309,0.295851]},"properties":{"id":"523282604","n":"Ikoli A US 14","t":"us","c":"Kakamega"}},{"type":"Feature","geometry":{"type":"Point","coordinates":[34.615058,0.354793]},"properties":{"id":"523354639","n":"Mungakhagakha PD 7","t":"pdw","c":"Kakamega"}},{"type":"Feature","geometry":{"type":"Point","coordinates":[34.59355,0.287047]},"properties":{"id":"523277145","n":"Maraba PD 1","t":"pdw","c":"Kakamega"}},{"type":"Feature","geometry":{"type":"Point","coordinates":[34.601686,0.303412]},"properties":{"id":"523209818","n":"Emutetemo A PD 1","t":"pdw","c":"Kakamega"}},{"type":"Feature","geometry":{"type":"Point","coordinates":[34.645892,0.33646]},"properties":{"id":"539195848","n":"Isongo Community, Rapando Spring - 23303","t":"ps","c":"Kakamega"}},{"type":"Feature","geometry":{"type":"Point","coordinates":[34.609965,0.318581]},"properties":{"id":"523277774","n":"Musambatsa PS 7","t":"ps","c":"Kakamega"}},{"type":"Feature","geometry":{"type":"Point","coordinates":[34.591538,0.313597]},"properties":{"id":"523281421","n":"Eshiakhulo B PD 5","t":"pdw","c":"Kakamega"}},{"type":"Feature","geometry":{"type":"Point","coordinates":[34.602754,0.327323]},"properties":{"id":"523228426","n":"Ebutingo A PD 10","t":"pdw","c":"Kakamega"}},{"type":"Feature","geometry":{"type":"Point","coordinates":[34.597101,0.313677]},"properties":{"id":"523228529","n":"Emukhalari B PD 1","t":"pdw","c":"Kakamega"}},{"type":"Feature","geometry":{"type":"Point","coordinates":[34.618811,0.305231]},"properties":{"id":"523352273","n":"Ebusokho PD 21","t":"pdw","c":"Kakamega"}},{"type":"Feature","geometry":{"type":"Point","coordinates":[34.584216,0.36918]},"properties":{"id":"523227511","n":"Khaunga B PS 6","t":"ps","c":"Kakamega"}},{"type":"Feature","geometry":{"type":"Point","coordinates":[34.614562,0.361619]},"properties":{"id":"523205508","n":"Malaha, PD, 15","t":"pdw","c":"Kakamega"}},{"type":"Feature","geometry":{"type":"Point","coordinates":[34.577073,0.275792]},"properties":{"id":"523354718","n":"Eshiabaka PD 14","t":"pdw","c":"Kakamega"}},{"type":"Feature","geometry":{"type":"Point","coordinates":[34.60489,0.330766]},"properties":{"id":"523233662","n":"Ebutingo B PD 4","t":"pdw","c":"Kakamega"}},{"type":"Feature","geometry":{"type":"Point","coordinates":[34.578705,0.277492]},"properties":{"id":"523303004","n":"Emukokongo PD 6","t":"pdw","c":"Kakamega"}},{"type":"Feature","geometry":{"type":"Point","coordinates":[34.621813,0.355217]},"properties":{"id":"523217617","n":"Bulukuyu US 3","t":"us","c":"Kakamega"}},{"type":"Feature","geometry":{"type":"Point","coordinates":[34.630719,0.323029]},"properties":{"id":"523352651","n":"Elukhumbi PD 8","t":"pdw","c":"Kakamega"}},{"type":"Feature","geometry":{"type":"Point","coordinates":[34.622496,0.306287]},"properties":{"id":"523352266","n":"Ebusokho PD 16","t":"pdw","c":"Kakamega"}},{"type":"Feature","geometry":{"type":"Point","coordinates":[34.594327,0.28619]},"properties":{"id":"523273172","n":"Maraba PD 5","t":"pdw","c":"Kakamega"}},{"type":"Feature","geometry":{"type":"Point","coordinates":[34.593117,0.284022]},"properties":{"id":"523266185","n":"Maraba PD 6","t":"pdw","c":"Kakamega"}},{"type":"Feature","geometry":{"type":"Point","coordinates":[34.599667,0.329858]},"properties":{"id":"523212454","n":"Ebutingo B US 6","t":"us","c":"Kakamega"}},{"type":"Feature","geometry":{"type":"Point","coordinates":[34.588045,0.311978]},"properties":{"id":"523269858","n":"EmashebwebweB PD 10","t":"pdw","c":"Kakamega"}},{"type":"Feature","geometry":{"type":"Point","coordinates":[34.614458,0.295077]},"properties":{"id":"523327253","n":"Muitawa PD 23","t":"pdw","c":"Kakamega"}},{"type":"Feature","geometry":{"type":"Point","coordinates":[34.614597,0.304464]},"properties":{"id":"523193362","n":"Emutetemo B PD 12","t":"pdw","c":"Kakamega"}},{"type":"Feature","geometry":{"type":"Point","coordinates":[34.586824,0.36967]},"properties":{"id":"523273103","n":"Namwaya PD 1","t":"pdw","c":"Kakamega"}},{"type":"Feature","geometry":{"type":"Point","coordinates":[34.61109,0.306962]},"properties":{"id":"523196224","n":"Emutetemo B PS 5","t":"ps","c":"Kakamega"}},{"type":"Feature","geometry":{"type":"Point","coordinates":[34.620223,0.290839]},"properties":{"id":"523309653","n":"Makunga B PS 13","t":"ps","c":"Kakamega"}},{"type":"Feature","geometry":{"type":"Point","coordinates":[34.618262,0.362564]},"properties":{"id":"523199382","n":"Upper Khaunga PD 15","t":"pdw","c":"Kakamega"}},{"type":"Feature","geometry":{"type":"Point","coordinates":[34.611501,0.367373]},"properties":{"id":"523268307","n":"Upper Khaunga PD 20","t":"pdw","c":"Kakamega"}},{"type":"Feature","geometry":{"type":"Point","coordinates":[34.607443,0.343758]},"properties":{"id":"523321862","n":"Elusuba PS 7","t":"ps","c":"Kakamega"}},{"type":"Feature","geometry":{"type":"Point","coordinates":[34.62431,0.338768]},"properties":{"id":"523247357","n":"Emakale PD 11","t":"pdw","c":"Kakamega"}},{"type":"Feature","geometry":{"type":"Point","coordinates":[34.604516,0.337772]},"properties":{"id":"523197074","n":"Esikura A UP1","t":"us","c":"Kakamega"}},{"type":"Feature","geometry":{"type":"Point","coordinates":[34.578398,0.372651]},"properties":{"id":"523206963","n":"Ababokho PD Wilson Sakayo","t":"pdw","c":"Kakamega"}},{"type":"Feature","geometry":{"type":"Point","coordinates":[34.591592,0.321644]},"properties":{"id":"523343473","n":"Musangaro A2 PD4","t":"pdw","c":"Kakamega"}},{"type":"Feature","geometry":{"type":"Point","coordinates":[34.621589,0.325696]},"properties":{"id":"523342991","n":"Mulwanda US 6","t":"us","c":"Kakamega"}},{"type":"Feature","geometry":{"type":"Point","coordinates":[34.59118,0.282643]},"properties":{"id":"523197641","n":"Maraba PD 7","t":"pdw","c":"Kakamega"}},{"type":"Feature","geometry":{"type":"Point","coordinates":[34.610926,0.329496]},"properties":{"id":"523339142","n":"Eshirulo BH 1","t":"bh","c":"Kakamega"}},{"type":"Feature","geometry":{"type":"Point","coordinates":[34.617315,0.330785]},"properties":{"id":"523275813","n":"Mulukobha PS 1","t":"ps","c":"Kakamega"}},{"type":"Feature","geometry":{"type":"Point","coordinates":[34.5642,0.282915]},"properties":{"id":"523300953","n":"Elwasambi PD 2","t":"pdw","c":"Kakamega"}},{"type":"Feature","geometry":{"type":"Point","coordinates":[34.584278,0.372025]},"properties":{"id":"523264145","n":"Khaunga B PD 11","t":"pdw","c":"Kakamega"}},{"type":"Feature","geometry":{"type":"Point","coordinates":[34.619452,0.325155]},"properties":{"id":"523264602","n":"Emungabo A PS 2","t":"ps","c":"Kakamega"}},{"type":"Feature","geometry":{"type":"Point","coordinates":[34.610718,0.344188]},"properties":{"id":"523317555","n":"Munungo PS 8","t":"ps","c":"Kakamega"}},{"type":"Feature","geometry":{"type":"Point","coordinates":[34.613132,0.293982]},"properties":{"id":"523270117","n":"Muitawa PD 21","t":"pdw","c":"Kakamega"}},{"type":"Feature","geometry":{"type":"Point","coordinates":[34.589886,0.31871]},"properties":{"id":"305464868","n":"Musangaro Community, Omumasaba Spring - 21316","t":"ps","c":"Kakamega"}},{"type":"Feature","geometry":{"type":"Point","coordinates":[34.602905,0.305244]},"properties":{"id":"523349754","n":"Emutetemo A PD 6","t":"pdw","c":"Kakamega"}},{"type":"Feature","geometry":{"type":"Point","coordinates":[34.633652,0.340318]},"properties":{"id":"523262246","n":"Eshisenye A US 3","t":"us","c":"Kakamega"}},{"type":"Feature","geometry":{"type":"Point","coordinates":[34.591935,0.310549]},"properties":{"id":"523269614","n":"Eshiakhulo B PS 14","t":"ps","c":"Kakamega"}},{"type":"Feature","geometry":{"type":"Point","coordinates":[34.620095,0.296232]},"properties":{"id":"523342537","n":"Makunga B PS 21","t":"ps","c":"Kakamega"}},{"type":"Feature","geometry":{"type":"Point","coordinates":[34.616783,0.310403]},"properties":{"id":"523200754","n":"Mutemesi A PD 11","t":"pdw","c":"Kakamega"}},{"type":"Feature","geometry":{"type":"Point","coordinates":[34.5807,0.29479]},"properties":{"id":"523328948","n":"Shitoto B BH 13","t":"bh","c":"Kakamega"}},{"type":"Feature","geometry":{"type":"Point","coordinates":[34.599771,0.311872]},"properties":{"id":"523287702","n":"Eshiakhulo A PD 6","t":"pdw","c":"Kakamega"}},{"type":"Feature","geometry":{"type":"Point","coordinates":[34.612763,0.293822]},"properties":{"id":"523249373","n":"Muitawa PD 22","t":"pdw","c":"Kakamega"}},{"type":"Feature","geometry":{"type":"Point","coordinates":[34.609336,0.305497]},"properties":{"id":"523289522","n":"Emutetemo B US 4","t":"us","c":"Kakamega"}},{"type":"Feature","geometry":{"type":"Point","coordinates":[34.584231,0.370475]},"properties":{"id":"523312945","n":"Khaunga B PD 8","t":"pdw","c":"Kakamega"}},{"type":"Feature","geometry":{"type":"Point","coordinates":[34.610981,0.360659]},"properties":{"id":"523287812","n":"Malaha, PD, 4","t":"pdw","c":"Kakamega"}},{"type":"Feature","geometry":{"type":"Point","coordinates":[34.60836,0.329776]},"properties":{"id":"523266886","n":"Ebutingo B PS 1","t":"ps","c":"Kakamega"}},{"type":"Feature","geometry":{"type":"Point","coordinates":[34.589517,0.364069]},"properties":{"id":"523355001","n":"Ebusubi, BH, 10","t":"bh","c":"Kakamega"}},{"type":"Feature","geometry":{"type":"Point","coordinates":[34.592403,0.28893]},"properties":{"id":"523319492","n":"Maraba US13","t":"us","c":"Kakamega"}},{"type":"Feature","geometry":{"type":"Point","coordinates":[34.613584,0.359384]},"properties":{"id":"523253312","n":"Malaha, PD, 12","t":"pdw","c":"Kakamega"}},{"type":"Feature","geometry":{"type":"Point","coordinates":[34.619371,0.361629]},"properties":{"id":"523206224","n":"Upper Khaunga PD 10","t":"pdw","c":"Kakamega"}},{"type":"Feature","geometry":{"type":"Point","coordinates":[34.602691,0.358709]},"properties":{"id":"523251918","n":"Talamuti, PS, 14","t":"ps","c":"Kakamega"}},{"type":"Feature","geometry":{"type":"Point","coordinates":[34.623449,0.296009]},"properties":{"id":"523341770","n":"Makunga B PD 5","t":"pdw","c":"Kakamega"}},{"type":"Feature","geometry":{"type":"Point","coordinates":[34.588527,0.37002]},"properties":{"id":"523204057","n":"Namwaya PS 2","t":"us","c":"Kakamega"}},{"type":"Feature","geometry":{"type":"Point","coordinates":[34.604707,0.332724]},"properties":{"id":"523193908","n":"Ebutingo B UD 7","t":"udw","c":"Kakamega"}},{"type":"Feature","geometry":{"type":"Point","coordinates":[34.59316,0.30776]},"properties":{"id":"523270368","n":"Eshiakhulo B PD 19","t":"pdw","c":"Kakamega"}},{"type":"Feature","geometry":{"type":"Point","coordinates":[34.596504,0.310265]},"properties":{"id":"523286024","n":"Eshiakhulo A PD 10","t":"pdw","c":"Kakamega"}},{"type":"Feature","geometry":{"type":"Point","coordinates":[34.617939,0.301744]},"properties":{"id":"523251891","n":"Emutetemo B PD 16","t":"pdw","c":"Kakamega"}},{"type":"Feature","geometry":{"type":"Point","coordinates":[34.612158,0.315852]},"properties":{"id":"523193757","n":"Emusoma UD 11","t":"pdw","c":"Kakamega"}},{"type":"Feature","geometry":{"type":"Point","coordinates":[34.622735,0.357252]},"properties":{"id":"523317490","n":"Township PD 10","t":"pdw","c":"Kakamega"}},{"type":"Feature","geometry":{"type":"Point","coordinates":[34.619655,0.298309]},"properties":{"id":"523300104","n":"Makunga A PD19","t":"pdw","c":"Kakamega"}},{"type":"Feature","geometry":{"type":"Point","coordinates":[34.605028,0.311348]},"properties":{"id":"523257945","n":"Emukhalari A PS 5","t":"ps","c":"Kakamega"}},{"type":"Feature","geometry":{"type":"Point","coordinates":[34.607884,0.29424]},"properties":{"id":"523254100","n":"Emuyere PD 21","t":"pdw","c":"Kakamega"}},{"type":"Feature","geometry":{"type":"Point","coordinates":[34.601544,0.308307]},"properties":{"id":"523324449","n":"Eshiakhulo A US 1","t":"us","c":"Kakamega"}},{"type":"Feature","geometry":{"type":"Point","coordinates":[34.594295,0.283342]},"properties":{"id":"523341828","n":"Mumasaka PD 26","t":"pdw","c":"Kakamega"}},{"type":"Feature","geometry":{"type":"Point","coordinates":[34.605992,0.355316]},"properties":{"id":"736923040","n":"Talamuti Community, Khalayi spring - 420015","t":"ps","c":"Kakamega"}},{"type":"Feature","geometry":{"type":"Point","coordinates":[34.616062,0.328978]},"properties":{"id":"523315395","n":"Eshirulo PS 7","t":"ps","c":"Kakamega"}},{"type":"Feature","geometry":{"type":"Point","coordinates":[34.58972,0.315996]},"properties":{"id":"523274410","n":"EmashebwebweA PS '6","t":"ps","c":"Kakamega"}},{"type":"Feature","geometry":{"type":"Point","coordinates":[34.613994,0.363435]},"properties":{"id":"523232290","n":"Malaha, PD, 19","t":"pdw","c":"Kakamega"}},{"type":"Feature","geometry":{"type":"Point","coordinates":[34.607432,0.338542]},"properties":{"id":"523325031","n":"Eshisari PS 11","t":"ps","c":"Kakamega"}},{"type":"Feature","geometry":{"type":"Point","coordinates":[34.60722,0.322211]},"properties":{"id":"523291978","n":"Musambatsa PD 9","t":"pdw","c":"Kakamega"}},{"type":"Feature","geometry":{"type":"Point","coordinates":[34.638762,0.340047]},"properties":{"id":"523319485","n":"Eshisenye A PD 9","t":"pdw","c":"Kakamega"}},{"type":"Feature","geometry":{"type":"Point","coordinates":[34.612732,0.291151]},"properties":{"id":"523329011","n":"Muitawa PD 16","t":"pdw","c":"Kakamega"}},{"type":"Feature","geometry":{"type":"Point","coordinates":[34.598829,0.29471]},"properties":{"id":"523264169","n":"Ikoli B PD 8","t":"pdw","c":"Kakamega"}},{"type":"Feature","geometry":{"type":"Point","coordinates":[34.630323,0.325917]},"properties":{"id":"523268981","n":"Mabanga US 5","t":"us","c":"Kakamega"}},{"type":"Feature","geometry":{"type":"Point","coordinates":[34.638011,0.330507]},"properties":{"id":"523309842","n":"Mushibi B UP 3","t":"udw","c":"Kakamega"}},{"type":"Feature","geometry":{"type":"Point","coordinates":[34.62198,0.351768]},"properties":{"id":"523305525","n":"Ebusia UD 6","t":"udw","c":"Kakamega"}},{"type":"Feature","geometry":{"type":"Point","coordinates":[34.628657,0.330407]},"properties":{"id":"523197115","n":"Emungabo B PD 9","t":"pdw","c":"Kakamega"}},{"type":"Feature","geometry":{"type":"Point","coordinates":[34.584393,0.278525]},"properties":{"id":"523339953","n":"Nambacha PD 5","t":"pdw","c":"Kakamega"}},{"type":"Feature","geometry":{"type":"Point","coordinates":[34.621315,0.293016]},"properties":{"id":"523264334","n":"Makunga B PD 17","t":"pdw","c":"Kakamega"}},{"type":"Feature","geometry":{"type":"Point","coordinates":[34.578483,0.28218]},"properties":{"id":"523275703","n":"Musango PS 12","t":"ps","c":"Kakamega"}},{"type":"Feature","geometry":{"type":"Point","coordinates":[34.60083,0.286148]},"properties":{"id":"523346926","n":"Eshibembe PD 12","t":"pdw","c":"Kakamega"}},{"type":"Feature","geometry":{"type":"Point","coordinates":[34.61057,0.344092]},"properties":{"id":"523275174","n":"Munungo US 9","t":"us","c":"Kakamega"}},{"type":"Feature","geometry":{"type":"Point","coordinates":[34.616658,0.326765]},"properties":{"id":"523308470","n":"Nyaporo PD 12","t":"pdw","c":"Kakamega"}},{"type":"Feature","geometry":{"type":"Point","coordinates":[34.629905,0.346955]},"properties":{"id":"523279518","n":"Eshikoti US 11","t":"us","c":"Kakamega"}},{"type":"Feature","geometry":{"type":"Point","coordinates":[34.614525,0.354635]},"properties":{"id":"523243717","n":"Mungakhagakha PD 9","t":"pdw","c":"Kakamega"}},{"type":"Feature","geometry":{"type":"Point","coordinates":[34.605925,0.365421]},"properties":{"id":"523211037","n":"Khabondi A PS 6","t":"ps","c":"Kakamega"}},{"type":"Feature","geometry":{"type":"Point","coordinates":[34.623983,0.287857]},"properties":{"id":"523265421","n":"Isango B PS 2","t":"ps","c":"Kakamega"}},{"type":"Feature","geometry":{"type":"Point","coordinates":[34.613826,0.367624]},"properties":{"id":"523207809","n":"Upper Khaunga PD 18","t":"pdw","c":"Kakamega"}},{"type":"Feature","geometry":{"type":"Point","coordinates":[34.619992,0.359398]},"properties":{"id":"523352455","n":"Township PD 29","t":"pdw","c":"Kakamega"}},{"type":"Feature","geometry":{"type":"Point","coordinates":[34.588432,0.282082]},"properties":{"id":"523329918","n":"Nambacha PD 15","t":"pdw","c":"Kakamega"}},{"type":"Feature","geometry":{"type":"Point","coordinates":[34.62206,0.348192]},"properties":{"id":"523262370","n":"Ebusia PD 7","t":"pdw","c":"Kakamega"}},{"type":"Feature","geometry":{"type":"Point","coordinates":[34.57579,0.290495]},"properties":{"id":"523344883","n":"Mulwanda PD 13","t":"pdw","c":"Kakamega"}},{"type":"Feature","geometry":{"type":"Point","coordinates":[34.600085,0.326445]},"properties":{"id":"711143986","n":"Ebutingo A  Community, Muruka spring - 420010","t":"ps","c":"Kakamega"}},{"type":"Feature","geometry":{"type":"Point","coordinates":[34.634119,0.332278]},"properties":{"id":"523255613","n":"Mushibi B PD 6","t":"pdw","c":"Kakamega"}},{"type":"Feature","geometry":{"type":"Point","coordinates":[34.587883,0.280807]},"properties":{"id":"523216630","n":"Nambacha PD 1","t":"pdw","c":"Kakamega"}},{"type":"Feature","geometry":{"type":"Point","coordinates":[34.616698,0.364511]},"properties":{"id":"523230384","n":"Upper Khaunga PD 16","t":"pdw","c":"Kakamega"}},{"type":"Feature","geometry":{"type":"Point","coordinates":[34.614511,0.294386]},"properties":{"id":"523220239","n":"Muitawa PD 24","t":"pdw","c":"Kakamega"}},{"type":"Feature","geometry":{"type":"Point","coordinates":[34.605668,0.336324]},"properties":{"id":"523317744","n":"Eshisari US 9","t":"us","c":"Kakamega"}},{"type":"Feature","geometry":{"type":"Point","coordinates":[34.62031,0.356285]},"properties":{"id":"523229207","n":"Township PD 2","t":"pdw","c":"Kakamega"}},{"type":"Feature","geometry":{"type":"Point","coordinates":[34.594873,0.281288]},"properties":{"id":"523235451","n":"Mumasaka PD 28","t":"pdw","c":"Kakamega"}},{"type":"Feature","geometry":{"type":"Point","coordinates":[34.599735,0.33492]},"properties":{"id":"523293468","n":"Emusiresire A PD5","t":"pdw","c":"Kakamega"}},{"type":"Feature","geometry":{"type":"Point","coordinates":[34.604247,0.28617]},"properties":{"id":"523265847","n":"Eshibembe PS 15","t":"ps","c":"Kakamega"}},{"type":"Feature","geometry":{"type":"Point","coordinates":[34.602287,0.287683]},"properties":{"id":"523275480","n":"Eshibembe PD 17","t":"pdw","c":"Kakamega"}},{"type":"Feature","geometry":{"type":"Point","coordinates":[34.639391,0.345268]},"properties":{"id":"523220727","n":"Eshisenye A PS 6","t":"ps","c":"Kakamega"}},{"type":"Feature","geometry":{"type":"Point","coordinates":[34.608205,0.362715]},"properties":{"id":"523300647","n":"Khainga, PS, 11","t":"ps","c":"Kakamega"}},{"type":"Feature","geometry":{"type":"Point","coordinates":[34.613538,0.359352]},"properties":{"id":"523264918","n":"Malaha, UD, 9","t":"udw","c":"Kakamega"}},{"type":"Feature","geometry":{"type":"Point","coordinates":[34.609036,0.299391]},"properties":{"id":"523291253","n":"Ikoli A PD 4","t":"pdw","c":"Kakamega"}},{"type":"Feature","geometry":{"type":"Point","coordinates":[34.588258,0.289012]},"properties":{"id":"523263704","n":"Mwitwa PS 2","t":"ps","c":"Kakamega"}},{"type":"Feature","geometry":{"type":"Point","coordinates":[34.624894,0.322266]},"properties":{"id":"523352699","n":"Mulwanda UD 5","t":"udw","c":"Kakamega"}},{"type":"Feature","geometry":{"type":"Point","coordinates":[34.606322,0.352788]},"properties":{"id":"523255730","n":"Muroni A, PS, 8","t":"ps","c":"Kakamega"}},{"type":"Feature","geometry":{"type":"Point","coordinates":[34.615491,0.300655]},"properties":{"id":"523303138","n":"Makunga A PD11","t":"pdw","c":"Kakamega"}},{"type":"Feature","geometry":{"type":"Point","coordinates":[34.61155,0.297329]},"properties":{"id":"523204363","n":"Emuyere PD 4","t":"ps","c":"Kakamega"}},{"type":"Feature","geometry":{"type":"Point","coordinates":[34.617393,0.34336]},"properties":{"id":"523204325","n":"Ekarungu PS 7","t":"us","c":"Kakamega"}},{"type":"Feature","geometry":{"type":"Point","coordinates":[34.629502,0.325828]},"properties":{"id":"523295910","n":"Emungabo B US 8","t":"us","c":"Kakamega"}},{"type":"Feature","geometry":{"type":"Point","coordinates":[34.634164,0.336038]},"properties":{"id":"523195034","n":"Mushibi A PS 6","t":"ps","c":"Kakamega"}},{"type":"Feature","geometry":{"type":"Point","coordinates":[34.62483,0.34353]},"properties":{"id":"523306739","n":"Emakale PS 6","t":"ps","c":"Kakamega"}},{"type":"Feature","geometry":{"type":"Point","coordinates":[34.594585,0.294677]},"properties":{"id":"523195302","n":"Ikoli B PD 2","t":"pdw","c":"Kakamega"}},{"type":"Feature","geometry":{"type":"Point","coordinates":[34.59056,0.311902]},"properties":{"id":"41047561","n":"Eshiakhulo, Asman Sumba Spring - 19182","t":"ps","c":"Kakamega"}},{"type":"Feature","geometry":{"type":"Point","coordinates":[34.58938,0.27888]},"properties":{"id":"3750047","n":"Mutono Pefa School And Church Group Borehole - 488","t":"bh","c":"Kakamega"}},{"type":"Feature","geometry":{"type":"Point","coordinates":[34.586033,0.289193]},"properties":{"id":"523349077","n":"Mwitwa PS 3","t":"ps","c":"Kakamega"}},{"type":"Feature","geometry":{"type":"Point","coordinates":[34.624084,0.328299]},"properties":{"id":"523289508","n":"Emungabo A US 4","t":"us","c":"Kakamega"}},{"type":"Feature","geometry":{"type":"Point","coordinates":[34.620483,0.356928]},"properties":{"id":"523316781","n":"Township PD 5","t":"pdw","c":"Kakamega"}},{"type":"Feature","geometry":{"type":"Point","coordinates":[34.607888,0.348298]},"properties":{"id":"523281816","n":"Elusuba PD 11","t":"pdw","c":"Kakamega"}},{"type":"Feature","geometry":{"type":"Point","coordinates":[34.630408,0.351803]},"properties":{"id":"523241935","n":"Eshikoti PD 17","t":"pdw","c":"Kakamega"}},{"type":"Feature","geometry":{"type":"Point","coordinates":[34.610846,0.295181]},"properties":{"id":"523259947","n":"Emuyere PD 15","t":"pdw","c":"Kakamega"}},{"type":"Feature","geometry":{"type":"Point","coordinates":[34.622055,0.303603]},"properties":{"id":"523221515","n":"Ebusokho PD 10","t":"pdw","c":"Kakamega"}},{"type":"Feature","geometry":{"type":"Point","coordinates":[34.591303,0.368599]},"properties":{"id":"523329303","n":"Butunyi PD 5","t":"pdw","c":"Kakamega"}},{"type":"Feature","geometry":{"type":"Point","coordinates":[34.605904,0.29284]},"properties":{"id":"523321635","n":"Emuyere PD 24","t":"pdw","c":"Kakamega"}},{"type":"Feature","geometry":{"type":"Point","coordinates":[34.615105,0.337172]},"properties":{"id":"523272085","n":"Mulukobha PS 3","t":"ps","c":"Kakamega"}},{"type":"Feature","geometry":{"type":"Point","coordinates":[34.619417,0.302502]},"properties":{"id":"523352259","n":"Ebusokho PD 13","t":"pdw","c":"Kakamega"}},{"type":"Feature","geometry":{"type":"Point","coordinates":[34.608684,0.291884]},"properties":{"id":"523316341","n":"Bwikhombero PD 2","t":"pdw","c":"Kakamega"}},{"type":"Feature","geometry":{"type":"Point","coordinates":[34.624334,0.287588]},"properties":{"id":"523312567","n":"Isango B PD 1","t":"pdw","c":"Kakamega"}},{"type":"Feature","geometry":{"type":"Point","coordinates":[34.580215,0.28224]},"properties":{"id":"8357810","n":"Musango, Jared Lukoko Spring - 18106","t":"ps","c":"Kakamega"}},{"type":"Feature","geometry":{"type":"Point","coordinates":[34.617188,0.35607]},"properties":{"id":"523208769","n":"Mungakhagakha PD 3","t":"pdw","c":"Kakamega"}},{"type":"Feature","geometry":{"type":"Point","coordinates":[34.604767,0.340281]},"properties":{"id":"523272810","n":"Esikura A PD12","t":"pdw","c":"Kakamega"}},{"type":"Feature","geometry":{"type":"Point","coordinates":[34.592676,0.370072]},"properties":{"id":"523343239","n":"Butunyi PD 4","t":"pdw","c":"Kakamega"}},{"type":"Feature","geometry":{"type":"Point","coordinates":[34.617555,0.293647]},"properties":{"id":"523213943","n":"Makunga A PD24","t":"pdw","c":"Kakamega"}},{"type":"Feature","geometry":{"type":"Point","coordinates":[34.627586,0.331702]},"properties":{"id":"523222619","n":"Nyaporo","t":"pdw","c":"Kakamega"}},{"type":"Feature","geometry":{"type":"Point","coordinates":[34.604916,0.357607]},"properties":{"id":"523274180","n":"Khainga, PD, 2","t":"pdw","c":"Kakamega"}},{"type":"Feature","geometry":{"type":"Point","coordinates":[34.56882,0.286025]},"properties":{"id":"523311346","n":"Emusaka PD 4","t":"pdw","c":"Kakamega"}},{"type":"Feature","geometry":{"type":"Point","coordinates":[34.612972,0.290908]},"properties":{"id":"523280042","n":"Mwitawa PD15","t":"pdw","c":"Kakamega"}},{"type":"Feature","geometry":{"type":"Point","coordinates":[34.580665,0.369396]},"properties":{"id":"523217569","n":"Mwichinga PD 5","t":"pdw","c":"Kakamega"}},{"type":"Feature","geometry":{"type":"Point","coordinates":[34.618247,0.362052]},"properties":{"id":"523339692","n":"Upper Khaunga PD 14","t":"pdw","c":"Kakamega"}},{"type":"Feature","geometry":{"type":"Point","coordinates":[34.622504,0.304606]},"properties":{"id":"523214748","n":"Ebusokho PD 14","t":"pdw","c":"Kakamega"}},{"type":"Feature","geometry":{"type":"Point","coordinates":[34.591286,0.312756]},"properties":{"id":"523320926","n":"Eshiakhulo B PD 6","t":"pdw","c":"Kakamega"}},{"type":"Feature","geometry":{"type":"Point","coordinates":[34.596535,0.372198]},"properties":{"id":"523322557","n":"Butunyi PD 8","t":"pdw","c":"Kakamega"}},{"type":"Feature","geometry":{"type":"Point","coordinates":[34.608446,0.334561]},"properties":{"id":"523233095","n":"Eshisari US 7","t":"us","c":"Kakamega"}},{"type":"Feature","geometry":{"type":"Point","coordinates":[34.625467,0.346033]},"properties":{"id":"523246909","n":"Emakale PD 3","t":"pdw","c":"Kakamega"}},{"type":"Feature","geometry":{"type":"Point","coordinates":[34.606805,0.300391]},"properties":{"id":"523292979","n":"Ikoli A PD 8","t":"pdw","c":"Kakamega"}},{"type":"Feature","geometry":{"type":"Point","coordinates":[34.607213,0.333835]},"properties":{"id":"523234986","n":"Eshisari PS 5","t":"ps","c":"Kakamega"}},{"type":"Feature","geometry":{"type":"Point","coordinates":[34.60557,0.368575]},"properties":{"id":"711143993","n":"Khabondi Primary School - 22414","t":"bh","c":"Kakamega","d":90.0}},{"type":"Feature","geometry":{"type":"Point","coordinates":[34.638667,0.334634]},"properties":{"id":"278902837","n":"Mushiibi Community, Ambani Spring - 21311","t":"ps","c":"Kakamega"}},{"type":"Feature","geometry":{"type":"Point","coordinates":[34.611168,0.314323]},"properties":{"id":"523216070","n":"Emusoma PD 14","t":"pdw","c":"Kakamega"}},{"type":"Feature","geometry":{"type":"Point","coordinates":[34.586747,0.28438]},"properties":{"id":"523211501","n":"Mwitwa PD 8","t":"pdw","c":"Kakamega"}},{"type":"Feature","geometry":{"type":"Point","coordinates":[34.598885,0.368984]},"properties":{"id":"523343291","n":"Khabondi A PS 1","t":"ps","c":"Kakamega"}},{"type":"Feature","geometry":{"type":"Point","coordinates":[34.59772,0.323448]},"properties":{"id":"523246710","n":"Ebutingo A PD 3","t":"pdw","c":"Kakamega"}},{"type":"Feature","geometry":{"type":"Point","coordinates":[34.576335,0.27542]},"properties":{"id":"523260213","n":"Eshiabaka PD 13","t":"pdw","c":"Kakamega"}},{"type":"Feature","geometry":{"type":"Point","coordinates":[34.617811,0.303205]},"properties":{"id":"523234182","n":"Emutetemo B US 15","t":"us","c":"Kakamega"}},{"type":"Feature","geometry":{"type":"Point","coordinates":[34.601838,0.29273]},"properties":{"id":"523350800","n":"Maraba PD 31","t":"pdw","c":"Kakamega"}},{"type":"Feature","geometry":{"type":"Point","coordinates":[34.591175,0.321455]},"properties":{"id":"523295776","n":"Musangaro A2 PD3","t":"pdw","c":"Kakamega"}},{"type":"Feature","geometry":{"type":"Point","coordinates":[34.609343,0.310221]},"properties":{"id":"736923095","n":"Mutemesi Community - 23319","t":"bh","c":"Kakamega","d":80.0}},{"type":"Feature","geometry":{"type":"Point","coordinates":[34.58066,0.368768]},"properties":{"id":"523349510","n":"Mwichinga UD 6","t":"udw","c":"Kakamega"}},{"type":"Feature","geometry":{"type":"Point","coordinates":[34.624183,0.349903]},"properties":{"id":"523195601","n":"Ebusia PS 8","t":"ps","c":"Kakamega"}},{"type":"Feature","geometry":{"type":"Point","coordinates":[34.621057,0.331317]},"properties":{"id":"523230092","n":"Nyaporo PD 10","t":"pdw","c":"Kakamega"}},{"type":"Feature","geometry":{"type":"Point","coordinates":[34.62346,0.30017]},"properties":{"id":"3749829","n":"Precious Academy Borehole - 44","t":"bh","c":"Kakamega"}},{"type":"Feature","geometry":{"type":"Point","coordinates":[34.595043,0.280412]},"properties":{"id":"523354828","n":"Mumasaka PD 29","t":"pdw","c":"Kakamega"}},{"type":"Feature","geometry":{"type":"Point","coordinates":[34.616053,0.361338]},"properties":{"id":"523206626","n":"717775349","t":"pdw","c":"Kakamega"}},{"type":"Feature","geometry":{"type":"Point","coordinates":[34.643414,0.344707]},"properties":{"id":"523238612","n":"Eshisenye B PS 4","t":"ps","c":"Kakamega"}},{"type":"Feature","geometry":{"type":"Point","coordinates":[34.603282,0.283983]},"properties":{"id":"523241629","n":"Eshibembe PD 5","t":"pdw","c":"Kakamega"}},{"type":"Feature","geometry":{"type":"Point","coordinates":[34.628582,0.340698]},"properties":{"id":"523332970","n":"Eshikoti US 1","t":"us","c":"Kakamega"}},{"type":"Feature","geometry":{"type":"Point","coordinates":[34.642444,0.340543]},"properties":{"id":"523310503","n":"Isongo PS 15","t":"ps","c":"Kakamega"}},{"type":"Feature","geometry":{"type":"Point","coordinates":[34.618967,0.350797]},"properties":{"id":"523314985","n":"Mungakhagakha PS 11","t":"ps","c":"Kakamega"}},{"type":"Feature","geometry":{"type":"Point","coordinates":[34.614945,0.291664]},"properties":{"id":"523270801","n":"Muitawa PD 7","t":"pdw","c":"Kakamega"}},{"type":"Feature","geometry":{"type":"Point","coordinates":[34.622458,0.360372]},"properties":{"id":"523326960","n":"Township PD 19","t":"pdw","c":"Kakamega"}},{"type":"Feature","geometry":{"type":"Point","coordinates":[34.621857,0.359598]},"properties":{"id":"523198532","n":"Township PD 17","t":"pdw","c":"Kakamega"}},{"type":"Feature","geometry":{"type":"Point","coordinates":[34.620142,0.35808]},"properties":{"id":"523195285","n":"Township PD 26","t":"pdw","c":"Kakamega"}},{"type":"Feature","geometry":{"type":"Point","coordinates":[34.574507,0.287673]},"properties":{"id":"523327150","n":"Mulwanda PD 3","t":"pdw","c":"Kakamega"}},{"type":"Feature","geometry":{"type":"Point","coordinates":[34.622693,0.291807]},"properties":{"id":"523247168","n":"Isango B PD 14","t":"pdw","c":"Kakamega"}},{"type":"Feature","geometry":{"type":"Point","coordinates":[34.582194,0.290633]},"properties":{"id":"523232692","n":"Shitoto B PD 7","t":"pdw","c":"Kakamega"}},{"type":"Feature","geometry":{"type":"Point","coordinates":[34.615198,0.299446]},"properties":{"id":"523290070","n":"Makunga A UD9","t":"us","c":"Kakamega"}},{"type":"Feature","geometry":{"type":"Point","coordinates":[34.592807,0.319407]},"properties":{"id":"523192598","n":"Musangaro A2 PS1","t":"ps","c":"Kakamega"}},{"type":"Feature","geometry":{"type":"Point","coordinates":[34.599178,0.304425]},"properties":{"id":"523276522","n":"Emutetemo A PD 4","t":"pdw","c":"Kakamega"}},{"type":"Feature","geometry":{"type":"Point","coordinates":[34.638705,0.328787]},"properties":{"id":"17388320","n":"Elukuto, Isa Spring - 18165","t":"ps","c":"Kakamega"}},{"type":"Feature","geometry":{"type":"Point","coordinates":[34.620547,0.313197]},"properties":{"id":"523324951","n":"Mutemesi A PD 15","t":"pdw","c":"Kakamega"}},{"type":"Feature","geometry":{"type":"Point","coordinates":[34.626118,0.350665]},"properties":{"id":"523248482","n":"Emukaniro PD 6","t":"pdw","c":"Kakamega"}},{"type":"Feature","geometry":{"type":"Point","coordinates":[34.611651,0.312245]},"properties":{"id":"523332200","n":"Mutemesi A PD 5","t":"pdw","c":"Kakamega"}},{"type":"Feature","geometry":{"type":"Point","coordinates":[34.616088,0.354813]},"properties":{"id":"523254052","n":"Mungakhagakha PD 4","t":"pdw","c":"Kakamega"}},{"type":"Feature","geometry":{"type":"Point","coordinates":[34.641815,0.329885]},"properties":{"id":"523208745","n":"Milimani A PD 1","t":"pdw","c":"Kakamega"}},{"type":"Feature","geometry":{"type":"Point","coordinates":[34.59978,0.300704]},"properties":{"id":"523226833","n":"Ikoli B PD 13","t":"pdw","c":"Kakamega"}},{"type":"Feature","geometry":{"type":"Point","coordinates":[34.589874,0.311578]},"properties":{"id":"523197328","n":"Eshiakhulo B PD 9","t":"pdw","c":"Kakamega"}},{"type":"Feature","geometry":{"type":"Point","coordinates":[34.596517,0.303707]},"properties":{"id":"523295501","n":"Eshiakhulo B US 1","t":"us","c":"Kakamega"}},{"type":"Feature","geometry":{"type":"Point","coordinates":[34.618555,0.358492]},"properties":{"id":"523276357","n":"Township PD 25","t":"pdw","c":"Kakamega"}},{"type":"Feature","geometry":{"type":"Point","coordinates":[34.61637,0.323428]},"properties":{"id":"523229221","n":"Emungabo A PD 1","t":"pdw","c":"Kakamega"}},{"type":"Feature","geometry":{"type":"Point","coordinates":[34.619316,0.342677]},"properties":{"id":"523249005","n":"Ekarungu PD 9","t":"pdw","c":"Kakamega"}},{"type":"Feature","geometry":{"type":"Point","coordinates":[34.612707,0.316649]},"properties":{"id":"523246129","n":"Emusoma PD 4","t":"pdw","c":"Kakamega"}},{"type":"Feature","geometry":{"type":"Point","coordinates":[34.591065,0.284768]},"properties":{"id":"523280327","n":"Maraba PD 10","t":"pdw","c":"Kakamega"}},{"type":"Feature","geometry":{"type":"Point","coordinates":[34.647335,0.338475]},"properties":{"id":"506970526","n":"Isongo Community, Absula Spring - 23302","t":"ps","c":"Kakamega"}},{"type":"Feature","geometry":{"type":"Point","coordinates":[34.620937,0.309235]},"properties":{"id":"523270722","n":"Mutemesi B PD 1","t":"pdw","c":"Kakamega"}},{"type":"Feature","geometry":{"type":"Point","coordinates":[34.614125,0.315551]},"properties":{"id":"523249270","n":"Emusoma US 13","t":"us","c":"Kakamega"}},{"type":"Feature","geometry":{"type":"Point","coordinates":[34.629452,0.350112]},"properties":{"id":"523313630","n":"Emukaniro PD 9","t":"pdw","c":"Kakamega"}},{"type":"Feature","geometry":{"type":"Point","coordinates":[34.610775,0.287346]},"properties":{"id":"523291679","n":"Bwikhombero PD 24","t":"pdw","c":"Kakamega"}},{"type":"Feature","geometry":{"type":"Point","coordinates":[34.619013,0.30386]},"properties":{"id":"523319296","n":"Ebusokho PD 7","t":"pdw","c":"Kakamega"}},{"type":"Feature","geometry":{"type":"Point","coordinates":[34.607755,0.347925]},"properties":{"id":"523347518","n":"Elusuba PD 13","t":"pdw","c":"Kakamega"}},{"type":"Feature","geometry":{"type":"Point","coordinates":[34.601734,0.327406]},"properties":{"id":"523263883","n":"Ebutingo A PD 9","t":"pdw","c":"Kakamega"}},{"type":"Feature","geometry":{"type":"Point","coordinates":[34.59882,0.333707]},"properties":{"id":"523245276","n":"Bumini A PD1","t":"pdw","c":"Kakamega"}},{"type":"Feature","geometry":{"type":"Point","coordinates":[34.62273,0.360122]},"properties":{"id":"523287166","n":"Township PD 18","t":"pdw","c":"Kakamega"}},{"type":"Feature","geometry":{"type":"Point","coordinates":[34.593913,0.288762]},"properties":{"id":"523240556","n":"Maraba PS 3","t":"ps","c":"Kakamega"}},{"type":"Feature","geometry":{"type":"Point","coordinates":[34.641188,0.329733]},"properties":{"id":"523259332","n":"Eshibale PS 8","t":"ps","c":"Kakamega"}},{"type":"Feature","geometry":{"type":"Point","coordinates":[34.627451,0.331298]},"properties":{"id":"523274630","n":"Nyaporo PD 8","t":"pdw","c":"Kakamega"}},{"type":"Feature","geometry":{"type":"Point","coordinates":[34.619272,0.356818]},"properties":{"id":"523219640","n":"Township PD 24","t":"pdw","c":"Kakamega"}},{"type":"Feature","geometry":{"type":"Point","coordinates":[34.61204,0.348788]},"properties":{"id":"523326984","n":"Munungo PD 4","t":"pdw","c":"Kakamega"}},{"type":"Feature","geometry":{"type":"Point","coordinates":[34.605953,0.352751]},"properties":{"id":"523336974","n":"Malaha, PD, 27","t":"pdw","c":"Kakamega"}},{"type":"Feature","geometry":{"type":"Point","coordinates":[34.593575,0.323067]},"properties":{"id":"523349950","n":"Musangaro A1 PD6","t":"pdw","c":"Kakamega"}},{"type":"Feature","geometry":{"type":"Point","coordinates":[34.600952,0.308567]},"properties":{"id":"523268785","n":"Eshiakhulo A PD 2","t":"pdw","c":"Kakamega"}},{"type":"Feature","geometry":{"type":"Point","coordinates":[34.59781,0.290093]},"properties":{"id":"523273574","n":"Maraba PD 23","t":"pdw","c":"Kakamega"}},{"type":"Feature","geometry":{"type":"Point","coordinates":[34.625952,0.290805]},"properties":{"id":"523221436","n":"Isango B PD 7","t":"pdw","c":"Kakamega"}},{"type":"Feature","geometry":{"type":"Point","coordinates":[34.61217,0.351968]},"properties":{"id":"523209162","n":"Mungakhagakha PD 19","t":"pdw","c":"Kakamega"}},{"type":"Feature","geometry":{"type":"Point","coordinates":[34.614642,0.358135]},"properties":{"id":"523228347","n":"Malaha, PD, 28","t":"pdw","c":"Kakamega"}},{"type":"Feature","geometry":{"type":"Point","coordinates":[34.589005,0.280995]},"properties":{"id":"523245104","n":"Nambacha PD 18","t":"pdw","c":"Kakamega"}},{"type":"Feature","geometry":{"type":"Point","coordinates":[34.618679,0.30142]},"properties":{"id":"523219657","n":"Emutetemo B PD 17","t":"pdw","c":"Kakamega"}},{"type":"Feature","geometry":{"type":"Point","coordinates":[34.617342,0.34804]},"properties":{"id":"523272092","n":"Mungakhagakha PS 13","t":"ps","c":"Kakamega"}},{"type":"Feature","geometry":{"type":"Point","coordinates":[34.625807,0.355108]},"properties":{"id":"523260567","n":"Bulukuyu PD 10","t":"pdw","c":"Kakamega"}},{"type":"Feature","geometry":{"type":"Point","coordinates":[34.614637,0.303393]},"properties":{"id":"523329657","n":"Emutetemo B PD 11","t":"pdw","c":"Kakamega"}},{"type":"Feature","geometry":{"type":"Point","coordinates":[34.622499,0.297058]},"properties":{"id":"523336857","n":"Makunga B PD 22","t":"pdw","c":"Kakamega"}},{"type":"Feature","geometry":{"type":"Point","coordinates":[34.629246,0.322559]},"properties":{"id":"523347525","n":"Elukhumbi US 3","t":"us","c":"Kakamega"}},{"type":"Feature","geometry":{"type":"Point","coordinates":[34.592708,0.321525]},"properties":{"id":"523222736","n":"Musangaro A2 PD1","t":"pdw","c":"Kakamega"}},{"type":"Feature","geometry":{"type":"Point","coordinates":[34.593767,0.287765]},"properties":{"id":"523314806","n":"Maraba PD 2","t":"pdw","c":"Kakamega"}},{"type":"Feature","geometry":{"type":"Point","coordinates":[34.60999,0.323234]},"properties":{"id":"523302429","n":"Musambatsa PD 18","t":"pdw","c":"Kakamega"}},{"type":"Feature","geometry":{"type":"Point","coordinates":[34.623181,0.298847]},"properties":{"id":"523276412","n":"Makunga Township PD 3","t":"pdw","c":"Kakamega"}},{"type":"Feature","geometry":{"type":"Point","coordinates":[34.591932,0.310562]},"properties":{"id":"8514499","n":"Eshiakhulo, Omar Sakwa Spring - 4714","t":"ps","c":"Kakamega"}},{"type":"Feature","geometry":{"type":"Point","coordinates":[34.610825,0.300326]},"properties":{"id":"523204947","n":"Emuyere PD 11","t":"pdw","c":"Kakamega"}},{"type":"Feature","geometry":{"type":"Point","coordinates":[34.577778,0.277795]},"properties":{"id":"523290135","n":"Musango PD 1","t":"pdw","c":"Kakamega"}},{"type":"Feature","geometry":{"type":"Point","coordinates":[34.596137,0.30324]},"properties":{"id":"41047640","n":"Eshiakhulo, Kweyu Spring - 19178","t":"ps","c":"Kakamega"}},{"type":"Feature","geometry":{"type":"Point","coordinates":[34.597987,0.286482]},"properties":{"id":"523216874","n":"Eshibembe PD 10","t":"pdw","c":"Kakamega"}},{"type":"Feature","geometry":{"type":"Point","coordinates":[34.607601,0.364977]},"properties":{"id":"523210074","n":"Khabondi A PS 7","t":"ps","c":"Kakamega"}},{"type":"Feature","geometry":{"type":"Point","coordinates":[34.63258,0.335524]},"properties":{"id":"523238368","n":"Ebusalisi US 4","t":"us","c":"Kakamega"}},{"type":"Feature","geometry":{"type":"Point","coordinates":[34.619957,0.350858]},"properties":{"id":"523220167","n":"Ebusia PS 2","t":"ps","c":"Kakamega"}},{"type":"Feature","geometry":{"type":"Point","coordinates":[34.5896,0.294812]},"properties":{"id":"523244268","n":"Mungakha PD","t":"pdw","c":"Kakamega"}},{"type":"Feature","geometry":{"type":"Point","coordinates":[34.617658,0.354965]},"properties":{"id":"523257608","n":"Mungakhagakha PD 1","t":"pdw","c":"Kakamega"}},{"type":"Feature","geometry":{"type":"Point","coordinates":[34.582717,0.371707]},"properties":{"id":"523283870","n":"Khaunga B PD 3","t":"pdw","c":"Kakamega"}},{"type":"Feature","geometry":{"type":"Point","coordinates":[34.585052,0.284503]},"properties":{"id":"523228938","n":"Nambacha PS 12","t":"ps","c":"Kakamega"}},{"type":"Feature","geometry":{"type":"Point","coordinates":[34.603916,0.323656]},"properties":{"id":"523336950","n":"Ematetie PS 3","t":"ps","c":"Kakamega"}},{"type":"Feature","geometry":{"type":"Point","coordinates":[34.601928,0.304911]},"properties":{"id":"523338567","n":"Emutetemo A PD 5","t":"pdw","c":"Kakamega"}},{"type":"Feature","geometry":{"type":"Point","coordinates":[34.619791,0.362161]},"properties":{"id":"523317366","n":"Upper Khaunga PD 2","t":"pdw","c":"Kakamega"}},{"type":"Feature","geometry":{"type":"Point","coordinates":[34.604916,0.357607]},"properties":{"id":"523302931","n":"Khainga, PS, 5","t":"ps","c":"Kakamega"}},{"type":"Feature","geometry":{"type":"Point","coordinates":[34.59625,0.332792]},"properties":{"id":"523279941","n":"Bumini A PD6","t":"pdw","c":"Kakamega"}},{"type":"Feature","geometry":{"type":"Point","coordinates":[34.59885,0.320336]},"properties":{"id":"523244897","n":"Ematetie PS 9","t":"ps","c":"Kakamega"}},{"type":"Feature","geometry":{"type":"Point","coordinates":[34.62696,0.322051]},"properties":{"id":"523339678","n":"Mabanga PD 2","t":"pdw","c":"Kakamega"}},{"type":"Feature","geometry":{"type":"Point","coordinates":[34.622745,0.352362]},"properties":{"id":"523337047","n":"Ebusia PD 5","t":"pdw","c":"Kakamega"}},{"type":"Feature","geometry":{"type":"Point","coordinates":[34.619647,0.359123]},"properties":{"id":"523251217","n":"Township PD 27","t":"pdw","c":"Kakamega"}},{"type":"Feature","geometry":{"type":"Point","coordinates":[34.632322,0.340308]},"properties":{"id":"523221560","n":"Eshisenye A PS 2","t":"ps","c":"Kakamega"}},{"type":"Feature","geometry":{"type":"Point","coordinates":[34.589643,0.289895]},"properties":{"id":"84830500","n":"Mwitwa Community, Matiang'i Spring - 21304","t":"ps","c":"Kakamega"}},{"type":"Feature","geometry":{"type":"Point","coordinates":[34.599135,0.317794]},"properties":{"id":"523270320","n":"Ematetie PS 6","t":"ps","c":"Kakamega"}},{"type":"Feature","geometry":{"type":"Point","coordinates":[34.614659,0.362451]},"properties":{"id":"523275349","n":"Malaha, PD, 18","t":"pdw","c":"Kakamega"}},{"type":"Feature","geometry":{"type":"Point","coordinates":[34.622217,0.303426]},"properties":{"id":"523263515","n":"Ebusokho UD 11","t":"udw","c":"Kakamega"}},{"type":"Feature","geometry":{"type":"Point","coordinates":[34.610108,0.325396]},"properties":{"id":"523210926","n":"Eshirulo PD 4","t":"pdw","c":"Kakamega"}},{"type":"Feature","geometry":{"type":"Point","coordinates":[34.627168,0.34271]},"properties":{"id":"523202787","n":"Emakale PD 7","t":"pdw","c":"Kakamega"}},{"type":"Feature","geometry":{"type":"Point","coordinates":[34.6133,0.335315]},"properties":{"id":"523346713","n":"Eshisari PS 18","t":"ps","c":"Kakamega"}},{"type":"Feature","geometry":{"type":"Point","coordinates":[34.604299,0.333331]},"properties":{"id":"523255242","n":"Ebutingo B PD 8","t":"pdw","c":"Kakamega"}},{"type":"Feature","geometry":{"type":"Point","coordinates":[34.57325,0.285083]},"properties":{"id":"523269841","n":"Mulwanda US 1","t":"us","c":"Kakamega"}},{"type":"Feature","geometry":{"type":"Point","coordinates":[34.614179,0.285966]},"properties":{"id":"523347020","n":"Mwitawa PD 13","t":"pdw","c":"Kakamega"}},{"type":"Feature","geometry":{"type":"Point","coordinates":[34.622233,0.292645]},"properties":{"id":"523346641","n":"Makunga B PD 9","t":"pdw","c":"Kakamega"}},{"type":"Feature","geometry":{"type":"Point","coordinates":[34.614549,0.36222]},"properties":{"id":"523198855","n":"Malaha, PD, 14","t":"pdw","c":"Kakamega"}},{"type":"Feature","geometry":{"type":"Point","coordinates":[34.611908,0.292709]},"properties":{"id":"523224659","n":"Muitawa UD 17","t":"udw","c":"Kakamega"}},{"type":"Feature","geometry":{"type":"Point","coordinates":[34.6171,0.357628]},"properties":{"id":"523227652","n":"Township BH 21","t":"bh","c":"Kakamega"}},{"type":"Feature","geometry":{"type":"Point","coordinates":[34.587367,0.282303]},"properties":{"id":"523354725","n":"Nambacha PD 14","t":"pdw","c":"Kakamega"}},{"type":"Feature","geometry":{"type":"Point","coordinates":[34.592759,0.313461]},"properties":{"id":"523205027","n":"Eshiakhulo B PS 3","t":"ps","c":"Kakamega"}},{"type":"Feature","geometry":{"type":"Point","coordinates":[34.625647,0.351853]},"properties":{"id":"523265751","n":"Emukaniro PD 1","t":"pdw","c":"Kakamega"}},{"type":"Feature","geometry":{"type":"Point","coordinates":[34.613321,0.338768]},"properties":{"id":"523310376","n":"Mulukobha US 5","t":"us","c":"Kakamega"}},{"type":"Feature","geometry":{"type":"Point","coordinates":[34.605452,0.368723]},"properties":{"id":"523213077","n":"Khabondi B BH 1","t":"bh","c":"Kakamega"}},{"type":"Feature","geometry":{"type":"Point","coordinates":[34.607811,0.332554]},"properties":{"id":"523295415","n":"Eshisari PS 3","t":"ps","c":"Kakamega"}},{"type":"Feature","geometry":{"type":"Point","coordinates":[34.620131,0.311554]},"properties":{"id":"523283227","n":"Mutemesi A PD 16","t":"pdw","c":"Kakamega"}},{"type":"Feature","geometry":{"type":"Point","coordinates":[34.623558,0.298748]},"properties":{"id":"523250223","n":"Makunga Township UD 4","t":"udw","c":"Kakamega"}},{"type":"Feature","geometry":{"type":"Point","coordinates":[34.625922,0.328469]},"properties":{"id":"523341990","n":"Emungabo B PD 4","t":"pdw","c":"Kakamega"}},{"type":"Feature","geometry":{"type":"Point","coordinates":[34.598414,0.308295]},"properties":{"id":"84828934","n":"Eshiakhulo B Community, Temesi Spring - 20016","t":"ps","c":"Kakamega"}},{"type":"Feature","geometry":{"type":"Point","coordinates":[34.617737,0.349275]},"properties":{"id":"523263553","n":"Mungakhagakha PS 12","t":"ps","c":"Kakamega"}},{"type":"Feature","geometry":{"type":"Point","coordinates":[34.596617,0.29085]},"properties":{"id":"523197548","n":"Maraba PD 21","t":"pdw","c":"Kakamega"}},{"type":"Feature","geometry":{"type":"Point","coordinates":[34.582115,0.292912]},"properties":{"id":"523296911","n":"Shitoto B PD 8","t":"pdw","c":"Kakamega"}},{"type":"Feature","geometry":{"type":"Point","coordinates":[34.59237,0.292547]},"properties":{"id":"523293327","n":"Maraba PD 15","t":"pdw","c":"Kakamega"}},{"type":"Feature","geometry":{"type":"Point","coordinates":[34.580115,0.276713]},"properties":{"id":"523260787","n":"Emukokongo PS 6","t":"ps","c":"Kakamega"}},{"type":"Feature","geometry":{"type":"Point","coordinates":[34.588902,0.298522]},"properties":{"id":"523264231","n":"Mungakha PD","t":"pdw","c":"Kakamega"}},{"type":"Feature","geometry":{"type":"Point","coordinates":[34.598265,0.31201]},"properties":{"id":"523216616","n":"Eshiakhulo A PD 8","t":"pdw","c":"Kakamega"}},{"type":"Feature","geometry":{"type":"Point","coordinates":[34.612622,0.344277]},"properties":{"id":"523203489","n":"Munungo PS 12","t":"pdw","c":"Kakamega"}},{"type":"Feature","geometry":{"type":"Point","coordinates":[34.60833,0.294424]},"properties":{"id":"523254193","n":"Emuyere PD 20","t":"pdw","c":"Kakamega"}},{"type":"Feature","geometry":{"type":"Point","coordinates":[34.61833,0.295782]},"properties":{"id":"523204332","n":"Makunga A PD22","t":"pdw","c":"Kakamega"}},{"type":"Feature","geometry":{"type":"Point","coordinates":[34.604446,0.369126]},"properties":{"id":"523194284","n":"Khabondi B PD 3","t":"pdw","c":"Kakamega"}},{"type":"Feature","geometry":{"type":"Point","coordinates":[34.610594,0.340034]},"properties":{"id":"523347288","n":"Eshisari PD 15","t":"pdw","c":"Kakamega"}},{"type":"Feature","geometry":{"type":"Point","coordinates":[34.606156,0.335953]},"properties":{"id":"523195371","n":"Eshisari PD 8","t":"pdw","c":"Kakamega"}},{"type":"Feature","geometry":{"type":"Point","coordinates":[34.618964,0.318501]},"properties":{"id":"523252562","n":"Emusoma PS 5","t":"ps","c":"Kakamega"}},{"type":"Feature","geometry":{"type":"Point","coordinates":[34.614498,0.290428]},"properties":{"id":"523214755","n":"Muitawa PD 4","t":"pdw","c":"Kakamega"}},{"type":"Feature","geometry":{"type":"Point","coordinates":[34.638712,0.328876]},"properties":{"id":"523264839","n":"Elukuto PS 1","t":"ps","c":"Kakamega"}},{"type":"Feature","geometry":{"type":"Point","coordinates":[34.62342,0.358202]},"properties":{"id":"523319148","n":"Township PS 12","t":"ps","c":"Kakamega"}},{"type":"Feature","geometry":{"type":"Point","coordinates":[34.585462,0.28836]},"properties":{"id":"523277547","n":"Mwitwa PD5","t":"pdw","c":"Kakamega"}},{"type":"Feature","geometry":{"type":"Point","coordinates":[34.597881,0.300921]},"properties":{"id":"523341536","n":"Ikoli B PS 15","t":"ps","c":"Kakamega"}},{"type":"Feature","geometry":{"type":"Point","coordinates":[34.59077,0.298442]},"properties":{"id":"523343514","n":"Mungakha PS","t":"ps","c":"Kakamega"}},{"type":"Feature","geometry":{"type":"Point","coordinates":[34.623563,0.295753]},"properties":{"id":"523298559","n":"Makunga B PD 7","t":"pdw","c":"Kakamega"}},{"type":"Feature","geometry":{"type":"Point","coordinates":[34.625337,0.328393]},"properties":{"id":"523318996","n":"Emungabo A PD 8","t":"pdw","c":"Kakamega"}},{"type":"Feature","geometry":{"type":"Point","coordinates":[34.615007,0.359689]},"properties":{"id":"523346737","n":"Malaha, PD, 25","t":"pdw","c":"Kakamega"}},{"type":"Feature","geometry":{"type":"Point","coordinates":[34.61637,0.297033]},"properties":{"id":"523293781","n":"Makunga A PD39","t":"pdw","c":"Kakamega"}},{"type":"Feature","geometry":{"type":"Point","coordinates":[34.620396,0.330136]},"properties":{"id":"523324535","n":"Nyaporo PD 11","t":"udw","c":"Kakamega"}},{"type":"Feature","geometry":{"type":"Point","coordinates":[34.632689,0.330997]},"properties":{"id":"523257134","n":"Ebusalisi PD 7","t":"pdw","c":"Kakamega"}},{"type":"Feature","geometry":{"type":"Point","coordinates":[34.598035,0.299724]},"properties":{"id":"523263797","n":"Ikoli B PD 18","t":"pdw","c":"Kakamega"}},{"type":"Feature","geometry":{"type":"Point","coordinates":[34.613493,0.323431]},"properties":{"id":"523242077","n":"Emusoma PS 10","t":"ps","c":"Kakamega"}},{"type":"Feature","geometry":{"type":"Point","coordinates":[34.610507,0.329686]},"properties":{"id":"523298078","n":"Eshirulo PD 8","t":"pdw","c":"Kakamega"}},{"type":"Feature","geometry":{"type":"Point","coordinates":[34.615322,0.355565]},"properties":{"id":"523320249","n":"Mungakhagakha PD 6","t":"pdw","c":"Kakamega"}},{"type":"Feature","geometry":{"type":"Point","coordinates":[34.634539,0.326639]},"properties":{"id":"523312213","n":"Elukuto PS 4","t":"ps","c":"Kakamega"}},{"type":"Feature","geometry":{"type":"Point","coordinates":[34.604916,0.357607]},"properties":{"id":"523218481","n":"Khainga, PD, 6","t":"pdw","c":"Kakamega"}},{"type":"Feature","geometry":{"type":"Point","coordinates":[34.612026,0.301282]},"properties":{"id":"523318192","n":"Makunga A PD16","t":"pdw","c":"Kakamega"}},{"type":"Feature","geometry":{"type":"Point","coordinates":[34.618791,0.343992]},"properties":{"id":"523260835","n":"Ekarungu US 8","t":"us","c":"Kakamega"}},{"type":"Feature","geometry":{"type":"Point","coordinates":[34.580782,0.371964]},"properties":{"id":"523303640","n":"Mwichinga PD 11","t":"pdw","c":"Kakamega"}},{"type":"Feature","geometry":{"type":"Point","coordinates":[34.612023,0.344015]},"properties":{"id":"523242534","n":"Munungo US 10","t":"us","c":"Kakamega"}},{"type":"Feature","geometry":{"type":"Point","coordinates":[34.608432,0.371335]},"properties":{"id":"523284967","n":"Khabondi B PD 16","t":"pdw","c":"Kakamega"}},{"type":"Feature","geometry":{"type":"Point","coordinates":[34.590163,0.283328]},"properties":{"id":"523192990","n":"Mwitwa PD 12","t":"pdw","c":"Kakamega"}},{"type":"Feature","geometry":{"type":"Point","coordinates":[34.617334,0.310171]},"properties":{"id":"523263395","n":"Mutemesi A PD 13","t":"pdw","c":"Kakamega"}},{"type":"Feature","geometry":{"type":"Point","coordinates":[34.611204,0.352381]},"properties":{"id":"523227597","n":"Talamuti, PD, 6","t":"pdw","c":"Kakamega"}},{"type":"Feature","geometry":{"type":"Point","coordinates":[34.585783,0.287052]},"properties":{"id":"523208549","n":"Mwitwa US 6","t":"us","c":"Kakamega"}},{"type":"Feature","geometry":{"type":"Point","coordinates":[34.585988,0.293258]},"properties":{"id":"523304304","n":"Shitoto B PS 4","t":"ps","c":"Kakamega"}},{"type":"Feature","geometry":{"type":"Point","coordinates":[34.592273,0.291495]},"properties":{"id":"523253635","n":"Maraba PD 16","t":"pdw","c":"Kakamega"}},{"type":"Feature","geometry":{"type":"Point","coordinates":[34.622175,0.293196]},"properties":{"id":"523247498","n":"Makunga B PD 8","t":"pdw","c":"Kakamega"}},{"type":"Feature","geometry":{"type":"Point","coordinates":[34.599564,0.316577]},"properties":{"id":"523343428","n":"Emukhalari B PD 10","t":"pdw","c":"Kakamega"}},{"type":"Feature","geometry":{"type":"Point","coordinates":[34.586123,0.288213]},"properties":{"id":"15007638","n":"Mwituwa, Shikunyi Spring - 18108","t":"ps","c":"Kakamega"}},{"type":"Feature","geometry":{"type":"Point","coordinates":[34.60997,0.330179]},"properties":{"id":"523305697","n":"Eshisari PD 1","t":"pdw","c":"Kakamega"}},{"type":"Feature","geometry":{"type":"Point","coordinates":[34.603806,0.311622]},"properties":{"id":"523222657","n":"Emukhalari A PD 4","t":"pdw","c":"Kakamega"}},{"type":"Feature","geometry":{"type":"Point","coordinates":[34.626414,0.337709]},"properties":{"id":"523287795","n":"Nyaporo PS 4","t":"ps","c":"Kakamega"}},{"type":"Feature","geometry":{"type":"Point","coordinates":[34.601583,0.285055]},"properties":{"id":"523285614","n":"Eshibembe PD 13","t":"pdw","c":"Kakamega"}},{"type":"Feature","geometry":{"type":"Point","coordinates":[34.610771,0.291048]},"properties":{"id":"523334439","n":"Muitawa PS 18","t":"ps","c":"Kakamega"}},{"type":"Feature","geometry":{"type":"Point","coordinates":[34.597785,0.326967]},"properties":{"id":"523225519","n":"Ebutingo A US 6","t":"us","c":"Kakamega"}},{"type":"Feature","geometry":{"type":"Point","coordinates":[34.611525,0.341258]},"properties":{"id":"523291143","n":"Mulukobha US 7","t":"us","c":"Kakamega"}},{"type":"Feature","geometry":{"type":"Point","coordinates":[34.604877,0.292506]},"properties":{"id":"523254423","n":"Emuyere PD 26","t":"pdw","c":"Kakamega"}},{"type":"Feature","geometry":{"type":"Point","coordinates":[34.604929,0.293683]},"properties":{"id":"523327569","n":"Emuyere PD 29","t":"pdw","c":"Kakamega"}},{"type":"Feature","geometry":{"type":"Point","coordinates":[34.597593,0.332513]},"properties":{"id":"523345781","n":"Bumini A PD3","t":"pdw","c":"Kakamega"}},{"type":"Feature","geometry":{"type":"Point","coordinates":[34.585493,0.27686]},"properties":{"id":"523206176","n":"Emukokongo PD 1","t":"pdw","c":"Kakamega"}},{"type":"Feature","geometry":{"type":"Point","coordinates":[34.624799,0.289251]},"properties":{"id":"523288143","n":"Isango B PD 4","t":"pdw","c":"Kakamega"}},{"type":"Feature","geometry":{"type":"Point","coordinates":[34.601646,0.337146]},"properties":{"id":"523219781","n":"Emusiresire A PS3","t":"ps","c":"Kakamega"}},{"type":"Feature","geometry":{"type":"Point","coordinates":[34.584867,0.286047]},"properties":{"id":"523331625","n":"Nambacha PD 11","t":"pdw","c":"Kakamega"}},{"type":"Feature","geometry":{"type":"Point","coordinates":[34.594045,0.304923]},"properties":{"id":"523339324","n":"Eshiakhulo B PD 6","t":"pdw","c":"Kakamega"}},{"type":"Feature","geometry":{"type":"Point","coordinates":[34.626913,0.35506]},"properties":{"id":"523211343","n":"Bulukuyu PD 8","t":"pdw","c":"Kakamega"}},{"type":"Feature","geometry":{"type":"Point","coordinates":[34.61207,0.350518]},"properties":{"id":"523279570","n":"Munungo PD 16","t":"pdw","c":"Kakamega"}},{"type":"Feature","geometry":{"type":"Point","coordinates":[34.624758,0.28646]},"properties":{"id":"523200541","n":"isango A PD 17","t":"pdw","c":"Kakamega"}},{"type":"Feature","geometry":{"type":"Point","coordinates":[34.599415,0.333939]},"properties":{"id":"523349826","n":"Bumini A PD2","t":"pdw","c":"Kakamega"}},{"type":"Feature","geometry":{"type":"Point","coordinates":[34.632582,0.332141]},"properties":{"id":"523212272","n":"Ebusalisi PD 8","t":"pdw","c":"Kakamega"}},{"type":"Feature","geometry":{"type":"Point","coordinates":[34.579328,0.371239]},"properties":{"id":"523251846","n":"Mwichinga PD 2","t":"pdw","c":"Kakamega"}},{"type":"Feature","geometry":{"type":"Point","coordinates":[34.620853,0.359905]},"properties":{"id":"523327851","n":"Township PD 31","t":"pdw","c":"Kakamega"}},{"type":"Feature","geometry":{"type":"Point","coordinates":[34.591557,0.294073]},"properties":{"id":"523249658","n":"Mungakha PS'1","t":"ps","c":"Kakamega"}},{"type":"Feature","geometry":{"type":"Point","coordinates":[34.627067,0.349203]},"properties":{"id":"523213273","n":"Emukaniro PD 7","t":"pdw","c":"Kakamega"}},{"type":"Feature","geometry":{"type":"Point","coordinates":[34.607601,0.334875]},"properties":{"id":"523262095","n":"Eshisari US 6","t":"us","c":"Kakamega"}},{"type":"Feature","geometry":{"type":"Point","coordinates":[34.645133,0.335014]},"properties":{"id":"523284888","n":"Isongo PS 8","t":"ps","c":"Kakamega"}}]}