{"type":"FeatureCollection","features":[{"type":"Feature","geometry":{"type":"Point","coordinates":[34.563485,0.275032]},"properties":{"id":"523248121","n":"Mwichinga B PD 8","t":"pdw","c":"Kakamega"}},{"type":"Feature","geometry":{"type":"Point","coordinates":[34.603333,0.280787]},"properties":{"id":"523221113","n":"Eshibembe PD 3","t":"pdw","c":"Kakamega"}},{"type":"Feature","geometry":{"type":"Point","coordinates":[34.55887,0.226361]},"properties":{"id":"3750566","n":"Wazee Hukumbuka Self Help Group - 490","t":"bh","c":"Kakamega"}},{"type":"Feature","geometry":{"type":"Point","coordinates":[34.59735,0.24239]},"properties":{"id":"3750432","n":"Iranda Primary School Borehole - 4247","t":"bh","c":"Kakamega"}},{"type":"Feature","geometry":{"type":"Point","coordinates":[34.588885,0.27594]},"properties":{"id":"523268163","n":"Mutono PS 11","t":"ps","c":"Kakamega"}},{"type":"Feature","geometry":{"type":"Point","coordinates":[34.569828,0.274552]},"properties":{"id":"523218467","n":"Mwichinga B PD 10","t":"pdw","c":"Kakamega"}},{"type":"Feature","geometry":{"type":"Point","coordinates":[34.608715,0.281039]},"properties":{"id":"523312897","n":"Bwikhombero PD 20","t":"pdw","c":"Kakamega"}},{"type":"Feature","geometry":{"type":"Point","coordinates":[34.576868,0.270843]},"properties":{"id":"523222286","n":"Eshiabaka PD 6","t":"pdw","c":"Kakamega"}},{"type":"Feature","geometry":{"type":"Point","coordinates":[34.596268,0.278867]},"properties":{"id":"523354811","n":"Mumasaka PD 22","t":"pdw","c":"Kakamega"}},{"type":"Feature","geometry":{"type":"Point","coordinates":[34.603905,0.28006]},"properties":{"id":"523271046","n":"Eshibembe PD 2","t":"pdw","c":"Kakamega"}},{"type":"Feature","geometry":{"type":"Point","coordinates":[34.565212,0.27174]},"properties":{"id":"523219846","n":"Mwichinga A US 4","t":"us","c":"Kakamega"}},{"type":"Feature","geometry":{"type":"Point","coordinates":[34.575957,0.273385]},"properties":{"id":"523233631","n":"Eshiabaka PD 10","t":"pdw","c":"Kakamega"}},{"type":"Feature","geometry":{"type":"Point","coordinates":[34.575245,0.272563]},"properties":{"id":"523344175","n":"Mwichinga A PD 16","t":"pdw","c":"Kakamega"}},{"type":"Feature","geometry":{"type":"Point","coordinates":[34.59674,0.278273]},"properties":{"id":"523305367","n":"Mumasaka PD 20","t":"pdw","c":"Kakamega"}},{"type":"Feature","geometry":{"type":"Point","coordinates":[34.597192,0.277427]},"properties":{"id":"523325567","n":"Mumasaka PD 15","t":"pdw","c":"Kakamega"}},{"type":"Feature","geometry":{"type":"Point","coordinates":[34.577935,0.270357]},"properties":{"id":"523293200","n":"Eshiabaka PS 3","t":"ps","c":"Kakamega"}},{"type":"Feature","geometry":{"type":"Point","coordinates":[34.568012,0.275182]},"properties":{"id":"523270533","n":"Munjomi PD 12","t":"pdw","c":"Kakamega"}},{"type":"Feature","geometry":{"type":"Point","coordinates":[34.609937,0.281486]},"properties":{"id":"523326764","n":"Muitawa US 9","t":"us","c":"Kakamega"}},{"type":"Feature","geometry":{"type":"Point","coordinates":[34.588213,0.273057]},"properties":{"id":"523204442","n":"Mutono PD 7","t":"pdw","c":"Kakamega"}},{"type":"Feature","geometry":{"type":"Point","coordinates":[34.591568,0.278895]},"properties":{"id":"523354770","n":"Mumasaka PD 5","t":"pdw","c":"Kakamega"}},{"type":"Feature","geometry":{"type":"Point","coordinates":[34.571763,0.27011]},"properties":{"id":"523349338","n":"Mwichinga A PD 8","t":"pdw","c":"Kakamega"}},{"type":"Feature","geometry":{"type":"Point","coordinates":[34.575245,0.273222]},"properties":{"id":"523194899","n":"Mwichinga A PD 17","t":"pdw","c":"Kakamega"}},{"type":"Feature","geometry":{"type":"Point","coordinates":[34.59419,0.275215]},"properties":{"id":"523218900","n":"Mumasaka PS 9","t":"ps","c":"Kakamega"}},{"type":"Feature","geometry":{"type":"Point","coordinates":[34.565425,0.275708]},"properties":{"id":"523320304","n":"Mwichinga B PD 9","t":"pdw","c":"Kakamega"}},{"type":"Feature","geometry":{"type":"Point","coordinates":[34.572028,0.270993]},"properties":{"id":"523258276","n":"Mwichinga A PS 9","t":"ps","c":"Kakamega"}},{"type":"Feature","geometry":{"type":"Point","coordinates":[34.596165,0.278662]},"properties":{"id":"523354804","n":"Mumasaka PD 21","t":"pdw","c":"Kakamega"}},{"type":"Feature","geometry":{"type":"Point","coordinates":[34.557772,0.282011]},"properties":{"id":"523307589","n":"Elwakana B PD 5","t":"pdw","c":"Kakamega"}},{"type":"Feature","geometry":{"type":"Point","coordinates":[34.612376,0.279112]},"properties":{"id":"523294665","n":"Eshiaka PD 19","t":"pdw","c":"Kakamega"}},{"type":"Feature","geometry":{"type":"Point","coordinates":[34.558212,0.27818]},"properties":{"id":"523196107","n":"Elwakana B PD 8","t":"pdw","c":"Kakamega"}},{"type":"Feature","geometry":{"type":"Point","coordinates":[34.562081,0.279003]},"properties":{"id":"523268503","n":"Elwakana A PD 5","t":"pdw","c":"Kakamega"}},{"type":"Feature","geometry":{"type":"Point","coordinates":[34.557972,0.281135]},"properties":{"id":"523298339","n":"Elwakana B PD 6","t":"pdw","c":"Kakamega"}},{"type":"Feature","geometry":{"type":"Point","coordinates":[34.557199,0.279774]},"properties":{"id":"523269607","n":"Elwakana B PD 9","t":"pdw","c":"Kakamega"}},{"type":"Feature","geometry":{"type":"Point","coordinates":[34.572865,0.270058]},"properties":{"id":"523288703","n":"Mwichinga A PD 10","t":"pdw","c":"Kakamega"}},{"type":"Feature","geometry":{"type":"Point","coordinates":[34.576203,0.272847]},"properties":{"id":"523354684","n":"Eshiabaka PD 7","t":"pdw","c":"Kakamega"}},{"type":"Feature","geometry":{"type":"Point","coordinates":[34.575033,0.270992]},"properties":{"id":"523354835","n":"Mwichinga A PD 14","t":"pdw","c":"Kakamega"}},{"type":"Feature","geometry":{"type":"Point","coordinates":[34.586685,0.26816]},"properties":{"id":"523227126","n":"Mutono PS 3","t":"ps","c":"Kakamega"}},{"type":"Feature","geometry":{"type":"Point","coordinates":[34.57501,0.273682]},"properties":{"id":"493192587","n":"Musango Health Center - 23315","t":"bh","c":"Kakamega","d":60.0}},{"type":"Feature","geometry":{"type":"Point","coordinates":[34.594382,0.276262]},"properties":{"id":"523354787","n":"Mumasaka PD 11","t":"pdw","c":"Kakamega"}},{"type":"Feature","geometry":{"type":"Point","coordinates":[34.574415,0.26857]},"properties":{"id":"523204820","n":"Mwichinga A PS 13","t":"ps","c":"Kakamega"}},{"type":"Feature","geometry":{"type":"Point","coordinates":[34.575815,0.269048]},"properties":{"id":"523255895","n":"Eshiabaka PD 5","t":"pdw","c":"Kakamega"}},{"type":"Feature","geometry":{"type":"Point","coordinates":[34.555641,0.276387]},"properties":{"id":"523211848","n":"Elwakana B PD 14","t":"pdw","c":"Kakamega"}},{"type":"Feature","geometry":{"type":"Point","coordinates":[34.597948,0.276293]},"properties":{"id":"523279408","n":"Mumasaka PD 16","t":"pdw","c":"Kakamega"}},{"type":"Feature","geometry":{"type":"Point","coordinates":[34.613428,0.27504]},"properties":{"id":"523327215","n":"Esokone PD2","t":"pdw","c":"Kakamega"}},{"type":"Feature","geometry":{"type":"Point","coordinates":[34.562135,0.275435]},"properties":{"id":"523294256","n":"Mwichinga B 6","t":"udw","c":"Kakamega"}},{"type":"Feature","geometry":{"type":"Point","coordinates":[34.54982,0.279862]},"properties":{"id":"523196750","n":"Shiandaingo US 3","t":"us","c":"Kakamega"}},{"type":"Feature","geometry":{"type":"Point","coordinates":[34.603168,0.283167]},"properties":{"id":"523246583","n":"Eshibembe PD 4","t":"pdw","c":"Kakamega"}},{"type":"Feature","geometry":{"type":"Point","coordinates":[34.550666,0.277622]},"properties":{"id":"523345334","n":"Shiandaingo US 1","t":"us","c":"Kakamega"}},{"type":"Feature","geometry":{"type":"Point","coordinates":[34.580023,0.26867]},"properties":{"id":"17388337","n":"Musango, M'muse Spring - 18115","t":"ps","c":"Kakamega"}},{"type":"Feature","geometry":{"type":"Point","coordinates":[34.547263,0.27665]},"properties":{"id":"523243872","n":"Shiandaingo PS 1","t":"ps","c":"Kakamega"}},{"type":"Feature","geometry":{"type":"Point","coordinates":[34.555961,0.275916]},"properties":{"id":"523334185","n":"Elwakana B PD 16","t":"pdw","c":"Kakamega"}},{"type":"Feature","geometry":{"type":"Point","coordinates":[34.568783,0.275092]},"properties":{"id":"523270272","n":"Munjomi PD 13","t":"pdw","c":"Kakamega"}},{"type":"Feature","geometry":{"type":"Point","coordinates":[34.610778,0.281549]},"properties":{"id":"523312464","n":"Muitawa PD 8","t":"pdw","c":"Kakamega"}},{"type":"Feature","geometry":{"type":"Point","coordinates":[34.59838,0.276485]},"properties":{"id":"523306935","n":"Mumasaka PD 18","t":"pdw","c":"Kakamega"}},{"type":"Feature","geometry":{"type":"Point","coordinates":[34.607293,0.282993]},"properties":{"id":"523348973","n":"Bwikhombero PD 21","t":"pdw","c":"Kakamega"}},{"type":"Feature","geometry":{"type":"Point","coordinates":[34.545668,0.236874]},"properties":{"id":"3750494","n":"Eshisaba Residents Self-Help Group Borehole Well - 415","t":"bh","c":"Kakamega"}},{"type":"Feature","geometry":{"type":"Point","coordinates":[34.556717,0.275864]},"properties":{"id":"523317658","n":"Elwakana B PD 17","t":"pdw","c":"Kakamega"}},{"type":"Feature","geometry":{"type":"Point","coordinates":[34.592987,0.278453]},"properties":{"id":"523269638","n":"Mumasaka PS 2","t":"ps","c":"Kakamega"}},{"type":"Feature","geometry":{"type":"Point","coordinates":[34.574522,0.273638]},"properties":{"id":"523253628","n":"Mwichinga A PD 18","t":"pdw","c":"Kakamega"}},{"type":"Feature","geometry":{"type":"Point","coordinates":[34.606289,0.283939]},"properties":{"id":"523247522","n":"Bwikhombero PD 16","t":"pdw","c":"Kakamega"}},{"type":"Feature","geometry":{"type":"Point","coordinates":[34.545755,0.272758]},"properties":{"id":"523215897","n":"Mwitibira US 1","t":"us","c":"Kakamega"}},{"type":"Feature","geometry":{"type":"Point","coordinates":[34.553999,0.274257]},"properties":{"id":"523197373","n":"Elwakana B PD 18","t":"pdw","c":"Kakamega"}},{"type":"Feature","geometry":{"type":"Point","coordinates":[34.568335,0.273142]},"properties":{"id":"523276993","n":"Mwichinga A PS 6","t":"ps","c":"Kakamega"}},{"type":"Feature","geometry":{"type":"Point","coordinates":[34.554942,0.276754]},"properties":{"id":"523323149","n":"Elwakana B PD 12","t":"pdw","c":"Kakamega"}},{"type":"Feature","geometry":{"type":"Point","coordinates":[34.486181,0.160504]},"properties":{"id":"22358833","n":"Emutao WATER SPRING","t":"ps","c":"Kakamega"}},{"type":"Feature","geometry":{"type":"Point","coordinates":[34.528329,0.192639]},"properties":{"id":"3750669","n":"Ebubayi Community Well - 43","t":"bh","c":"Kakamega"}},{"type":"Feature","geometry":{"type":"Point","coordinates":[34.652038,0.198018]},"properties":{"id":"211690476","n":"Masimba Water Spring No 1307","t":"ps","c":"Kakamega"}},{"type":"Feature","geometry":{"type":"Point","coordinates":[34.70706,0.191505]},"properties":{"id":"211691707","n":"Manyonyi Water Spring No 1416","t":"ps","c":"Kakamega"}},{"type":"Feature","geometry":{"type":"Point","coordinates":[34.707392,0.182258]},"properties":{"id":"211690847","n":"Muganda Water Spring No 1339","t":"ps","c":"Kakamega"}},{"type":"Feature","geometry":{"type":"Point","coordinates":[34.675098,0.194367]},"properties":{"id":"226508982","n":"Mwikhongotsa Water Spring No 1458","t":"ps","c":"Kakamega"}},{"type":"Feature","geometry":{"type":"Point","coordinates":[34.642,0.201563]},"properties":{"id":"523344931","n":"Mwiyenga PS2","t":"ps","c":"Kakamega"}},{"type":"Feature","geometry":{"type":"Point","coordinates":[34.640037,0.205412]},"properties":{"id":"523302474","n":"Mwiyenga B PD2","t":"pdw","c":"Kakamega"}},{"type":"Feature","geometry":{"type":"Point","coordinates":[34.672347,0.175982]},"properties":{"id":"211691862","n":"Wamanyonyi Water Spring No 1426","t":"ps","c":"Kakamega"}},{"type":"Feature","geometry":{"type":"Point","coordinates":[34.667938,0.189665]},"properties":{"id":"211690672","n":"Lunyeri Water Spring No 1337","t":"ps","c":"Kakamega"}},{"type":"Feature","geometry":{"type":"Point","coordinates":[34.670092,0.179643]},"properties":{"id":"211690421","n":"Shiakhasila Water Spring No 1309","t":"ps","c":"Kakamega"}},{"type":"Feature","geometry":{"type":"Point","coordinates":[34.660267,0.182462]},"properties":{"id":"211690665","n":"Selinah Water Spring No 1336","t":"ps","c":"Kakamega"}},{"type":"Feature","geometry":{"type":"Point","coordinates":[34.695692,0.1805]},"properties":{"id":"224399995","n":"Luvembe Water Spring No 1452","t":"ps","c":"Kakamega"}},{"type":"Feature","geometry":{"type":"Point","coordinates":[34.708287,0.176275]},"properties":{"id":"211690823","n":"Makhango Water Spring No 1340","t":"ps","c":"Kakamega"}},{"type":"Feature","geometry":{"type":"Point","coordinates":[34.708312,0.185075]},"properties":{"id":"211691745","n":"Khalifwa Water Spring No 1418","t":"ps","c":"Kakamega"}},{"type":"Feature","geometry":{"type":"Point","coordinates":[34.660568,0.1932]},"properties":{"id":"211691006","n":"Imulando Water Spring No 1356","t":"ps","c":"Kakamega"}},{"type":"Feature","geometry":{"type":"Point","coordinates":[34.642748,0.206063]},"properties":{"id":"523298384","n":"Mwiyenga PS1","t":"ps","c":"Kakamega"}},{"type":"Feature","geometry":{"type":"Point","coordinates":[34.692473,0.185973]},"properties":{"id":"211691769","n":"Lukwa's Water Spring No 1410","t":"ps","c":"Kakamega"}},{"type":"Feature","geometry":{"type":"Point","coordinates":[34.68216,0.18678]},"properties":{"id":"3750700","n":"UCC 2018 - Bushiangale Technical Institute","t":"bh","c":"Kakamega"}},{"type":"Feature","geometry":{"type":"Point","coordinates":[34.710237,0.189947]},"properties":{"id":"211691714","n":"Luyeku Water Spring No 1415","t":"ps","c":"Kakamega"}},{"type":"Feature","geometry":{"type":"Point","coordinates":[34.65201,0.203683]},"properties":{"id":"237147150","n":"William Water Spring No","t":"ps","c":"Kakamega"}},{"type":"Feature","geometry":{"type":"Point","coordinates":[34.663422,0.177457]},"properties":{"id":"211690854","n":"Amunga Water Spring No","t":"ps","c":"Kakamega"}},{"type":"Feature","geometry":{"type":"Point","coordinates":[34.658457,0.174005]},"properties":{"id":"211691271","n":"Ndula Water Spring NO 1365","t":"ps","c":"Kakamega"}},{"type":"Feature","geometry":{"type":"Point","coordinates":[34.726855,0.209339]},"properties":{"id":"483977","n":"Charles Lodi Spring - Pilot - 4996","t":"ps","c":"Kakamega"}},{"type":"Feature","geometry":{"type":"Point","coordinates":[34.670337,0.176795]},"properties":{"id":"211691202","n":"Ahinda Water Spring NO 1364","t":"ps","c":"Kakamega"}},{"type":"Feature","geometry":{"type":"Point","coordinates":[34.672868,0.172837]},"properties":{"id":"211690366","n":"Shikalu Water Spring No 1303","t":"ps","c":"Kakamega"}},{"type":"Feature","geometry":{"type":"Point","coordinates":[34.655032,0.187663]},"properties":{"id":"211691192","n":"Ebutanyi Water Spring NO 1363","t":"ps","c":"Kakamega"}},{"type":"Feature","geometry":{"type":"Point","coordinates":[34.67407,0.178392]},"properties":{"id":"211691099","n":"LUYEKU WATER SPRING No 1358","t":"ps","c":"Kakamega"}},{"type":"Feature","geometry":{"type":"Point","coordinates":[34.643545,0.20366]},"properties":{"id":"523287805","n":"MwiyengaB PS1","t":"ps","c":"Kakamega"}},{"type":"Feature","geometry":{"type":"Point","coordinates":[34.65119,0.20822]},"properties":{"id":"3750638","n":"UCC 2019 - Erechero Womens Group Borehole Well","t":"bh","c":"Kakamega"}},{"type":"Feature","geometry":{"type":"Point","coordinates":[34.67265,0.194117]},"properties":{"id":"226467818","n":"Mwitubwi Water Spring No 1456","t":"ps","c":"Kakamega"}},{"type":"Feature","geometry":{"type":"Point","coordinates":[34.69217,0.185903]},"properties":{"id":"221854839","n":"Vitolo Water Spring No 1453","t":"ps","c":"Kakamega"}},{"type":"Feature","geometry":{"type":"Point","coordinates":[34.663488,0.182583]},"properties":{"id":"211691855","n":"Ambai Water Spring No 1425","t":"ps","c":"Kakamega"}},{"type":"Feature","geometry":{"type":"Point","coordinates":[34.708758,0.188365]},"properties":{"id":"211690830","n":"Kanali Water Spring No 1338","t":"ps","c":"Kakamega"}},{"type":"Feature","geometry":{"type":"Point","coordinates":[34.657247,0.214123]},"properties":{"id":"25786428","n":"Mutao, Kenya Spring - 19130","t":"ps","c":"Kakamega"}},{"type":"Feature","geometry":{"type":"Point","coordinates":[34.66543,0.194942]},"properties":{"id":"211691013","n":"Ivanga Water Spring No 1355","t":"ps","c":"Kakamega"}},{"type":"Feature","geometry":{"type":"Point","coordinates":[34.70482,0.193837]},"properties":{"id":"211691697","n":"Litumbu Water Spring No 1414","t":"ps","c":"Kakamega"}},{"type":"Feature","geometry":{"type":"Point","coordinates":[34.694613,0.179783]},"properties":{"id":"224393937","n":"Miheso Water Spring No 1451","t":"ps","c":"Kakamega"}},{"type":"Feature","geometry":{"type":"Point","coordinates":[34.697574,0.219085]},"properties":{"id":"702617555","n":"Shisimba Water Spring No 2038","t":"ps","c":"Kakamega"}},{"type":"Feature","geometry":{"type":"Point","coordinates":[34.691828,0.187018]},"properties":{"id":"211691570","n":"Muyeshi Water Spring No 1405","t":"ps","c":"Kakamega"}},{"type":"Feature","geometry":{"type":"Point","coordinates":[34.68692,0.181597]},"properties":{"id":"211691587","n":"Selebwa Water Spring No 1402","t":"ps","c":"Kakamega"}},{"type":"Feature","geometry":{"type":"Point","coordinates":[34.675942,0.174247]},"properties":{"id":"211691226","n":"Hungulu Water Spring NO 1359","t":"ps","c":"Kakamega"}},{"type":"Feature","geometry":{"type":"Point","coordinates":[34.708103,0.178172]},"properties":{"id":"226467801","n":"Andove Water Spring No 1461","t":"ps","c":"Kakamega"}},{"type":"Feature","geometry":{"type":"Point","coordinates":[34.69375,0.177295]},"properties":{"id":"211691563","n":"Lwango Water Spring No 1404","t":"ps","c":"Kakamega"}},{"type":"Feature","geometry":{"type":"Point","coordinates":[34.707905,0.181822]},"properties":{"id":"211691738","n":"Mukaisi Water Spring No 1420","t":"ps","c":"Kakamega"}},{"type":"Feature","geometry":{"type":"Point","coordinates":[34.67572,0.187797]},"properties":{"id":"211691233","n":"Makobi Water Spring NO 1362","t":"ps","c":"Kakamega"}},{"type":"Feature","geometry":{"type":"Point","coordinates":[34.657653,0.179992]},"properties":{"id":"211691020","n":"Cathy Water Spring No1357","t":"ps","c":"Kakamega"}},{"type":"Feature","geometry":{"type":"Point","coordinates":[34.710713,0.188548]},"properties":{"id":"211691721","n":"Shikhubari Water Spring No 1419","t":"ps","c":"Kakamega"}},{"type":"Feature","geometry":{"type":"Point","coordinates":[34.675548,0.18775]},"properties":{"id":"237151876","n":"Makobi Water Spring No","t":"ps","c":"Kakamega"}},{"type":"Feature","geometry":{"type":"Point","coordinates":[34.678873,0.202597]},"properties":{"id":"41048919","n":"Shitsuvio, Shihevi Spring - 19091","t":"ps","c":"Kakamega"}},{"type":"Feature","geometry":{"type":"Point","coordinates":[34.64355,0.204153]},"properties":{"id":"523252940","n":"Mwiyenga B US1","t":"us","c":"Kakamega"}},{"type":"Feature","geometry":{"type":"Point","coordinates":[34.669602,0.175688]},"properties":{"id":"211690414","n":"Mwele Water Spring No 1308","t":"ps","c":"Kakamega"}},{"type":"Feature","geometry":{"type":"Point","coordinates":[34.707832,0.177518]},"properties":{"id":"211690627","n":"Shihali Water Spring No 1322","t":"ps","c":"Kakamega"}},{"type":"Feature","geometry":{"type":"Point","coordinates":[34.641223,0.200445]},"properties":{"id":"523325457","n":"Mulwanda B US1","t":"us","c":"Kakamega"}},{"type":"Feature","geometry":{"type":"Point","coordinates":[34.708147,0.184778]},"properties":{"id":"211691752","n":"Masheti Water Spring No 1417","t":"ps","c":"Kakamega"}},{"type":"Feature","geometry":{"type":"Point","coordinates":[34.737418,0.186787]},"properties":{"id":"211691381","n":"Ingoi Water Spring No 1380","t":"ps","c":"Kakamega"}},{"type":"Feature","geometry":{"type":"Point","coordinates":[34.783238,0.17369]},"properties":{"id":"374775863","n":"Matikano Water Spring No 1691","t":"ps","c":"Kakamega"}},{"type":"Feature","geometry":{"type":"Point","coordinates":[34.73828,0.189072]},"properties":{"id":"211691398","n":"Bikhure Water Spring No 1376","t":"ps","c":"Kakamega"}},{"type":"Feature","geometry":{"type":"Point","coordinates":[34.761473,0.147205]},"properties":{"id":"232291212","n":"Etambo Water Spring No 1481","t":"ps","c":"Kakamega"}},{"type":"Feature","geometry":{"type":"Point","coordinates":[34.781267,0.159568]},"properties":{"id":"285800331","n":"Mbayaji Water Spring No 1579","t":"ps","c":"Kakamega"}},{"type":"Feature","geometry":{"type":"Point","coordinates":[34.73572,0.175038]},"properties":{"id":"211691312","n":"Khayega Water Spring No 1386","t":"ps","c":"Kakamega"}},{"type":"Feature","geometry":{"type":"Point","coordinates":[34.736927,0.164899]},"properties":{"id":"730430108","n":"Iluyah Church of Christ","t":"bh","c":"Kakamega"}},{"type":"Feature","geometry":{"type":"Point","coordinates":[34.738338,0.149307]},"properties":{"id":"226455479","n":"Lilongo Water Spring No 1459","t":"ps","c":"Kakamega"}},{"type":"Feature","geometry":{"type":"Point","coordinates":[34.727902,0.179577]},"properties":{"id":"211691439","n":"Rogan Water Spring No 1389","t":"ps","c":"Kakamega"}},{"type":"Feature","geometry":{"type":"Point","coordinates":[34.791617,0.167767]},"properties":{"id":"374552262","n":"Makunga Water Spring No 1690","t":"ps","c":"Kakamega"}},{"type":"Feature","geometry":{"type":"Point","coordinates":[34.782663,0.170977]},"properties":{"id":"392709334","n":"Mudanga Water Spring No 1710","t":"ps","c":"Kakamega"}},{"type":"Feature","geometry":{"type":"Point","coordinates":[34.738628,0.14779]},"properties":{"id":"279666189","n":"Domtila Water Spring No 1565","t":"ps","c":"Kakamega"}},{"type":"Feature","geometry":{"type":"Point","coordinates":[34.730688,0.185513]},"properties":{"id":"211691415","n":"Bukhala Water Spring No 1375","t":"ps","c":"Kakamega"}},{"type":"Feature","geometry":{"type":"Point","coordinates":[34.735192,0.165027]},"properties":{"id":"211691288","n":"Shisindoboli Water Spring No 1388","t":"ps","c":"Kakamega"}},{"type":"Feature","geometry":{"type":"Point","coordinates":[34.802033,0.175058]},"properties":{"id":"285790616","n":"Musasa A Water Spring No","t":"ps","c":"Kakamega"}},{"type":"Feature","geometry":{"type":"Point","coordinates":[34.785808,0.167683]},"properties":{"id":"398284099","n":"Mukango Water Spring No 1726","t":"ps","c":"Kakamega"}},{"type":"Feature","geometry":{"type":"Point","coordinates":[34.739657,0.16689]},"properties":{"id":"211691295","n":"Ingwebo Water Spring No 1378","t":"ps","c":"Kakamega"}},{"type":"Feature","geometry":{"type":"Point","coordinates":[34.762972,0.15438]},"properties":{"id":"226455462","n":"Likhomo Water Spring No 1455","t":"ps","c":"Kakamega"}},{"type":"Feature","geometry":{"type":"Point","coordinates":[34.759938,0.161363]},"properties":{"id":"230403765","n":"Kilonyo Water Spring No 1478","t":"ps","c":"Kakamega"}},{"type":"Feature","geometry":{"type":"Point","coordinates":[34.761563,0.152302]},"properties":{"id":"230380961","n":"Asalikha Water Spring No","t":"ps","c":"Kakamega"}},{"type":"Feature","geometry":{"type":"Point","coordinates":[34.797437,0.171252]},"properties":{"id":"264401005","n":"Makunga B Water Spring No 1547","t":"ps","c":"Kakamega"}},{"type":"Feature","geometry":{"type":"Point","coordinates":[34.814877,0.177125]},"properties":{"id":"374765323","n":"Watendwa Water Spring No 1692","t":"ps","c":"Kakamega"}},{"type":"Feature","geometry":{"type":"Point","coordinates":[34.809603,0.168138]},"properties":{"id":"285788576","n":"Icheti Water Spring No 1580","t":"ps","c":"Kakamega"}},{"type":"Feature","geometry":{"type":"Point","coordinates":[34.731393,0.182595]},"properties":{"id":"211691408","n":"Mwiyeli Water Spring No 1385","t":"ps","c":"Kakamega"}},{"type":"Feature","geometry":{"type":"Point","coordinates":[34.802037,0.174993]},"properties":{"id":"304807781","n":"Shitombole Water Spring No 1579","t":"ps","c":"Kakamega"}},{"type":"Feature","geometry":{"type":"Point","coordinates":[34.795937,0.167565]},"properties":{"id":"264401012","n":"Itecheti Water Spring No 1546","t":"ps","c":"Kakamega"}},{"type":"Feature","geometry":{"type":"Point","coordinates":[34.75112,0.168175]},"properties":{"id":"211691453","n":"Khaingoi Water Spring No 1374","t":"ps","c":"Kakamega"}},{"type":"Feature","geometry":{"type":"Point","coordinates":[34.75419,0.185052]},"properties":{"id":"4819633","n":"Shiseso, Lawrence Induli Spring - 4428","t":"ps","c":"Kakamega"}},{"type":"Feature","geometry":{"type":"Point","coordinates":[34.758898,0.149907]},"properties":{"id":"237931584","n":"Taphroza Water Spring No 1491","t":"ps","c":"Kakamega"}},{"type":"Feature","geometry":{"type":"Point","coordinates":[34.78666,0.16963]},"properties":{"id":"393194878","n":"Sabane Water Spring No 1709","t":"ps","c":"Kakamega"}},{"type":"Feature","geometry":{"type":"Point","coordinates":[34.743057,0.144982]},"properties":{"id":"224425050","n":"Alulu Water Spring No","t":"ps","c":"Kakamega"}},{"type":"Feature","geometry":{"type":"Point","coordinates":[34.744468,0.144683]},"properties":{"id":"230427206","n":"Shitsukane Water Spring No SYMPHASIS FOUNDATION","t":"ps","c":"Kakamega"}},{"type":"Feature","geometry":{"type":"Point","coordinates":[34.755533,0.159697]},"properties":{"id":"230424904","n":"Khatenje Water Spring No 1477","t":"ps","c":"Kakamega"}},{"type":"Feature","geometry":{"type":"Point","coordinates":[34.77643,0.16377]},"properties":{"id":"400341732","n":"Wikomba Water Spring No 1725","t":"ps","c":"Kakamega"}},{"type":"Feature","geometry":{"type":"Point","coordinates":[34.803883,0.171815]},"properties":{"id":"314785277","n":"Shiraho Water Spring No 1594","t":"ps","c":"Kakamega"}},{"type":"Feature","geometry":{"type":"Point","coordinates":[34.778793,0.155803]},"properties":{"id":"237940937","n":"Mukomari Water Spring No 1492","t":"ps","c":"Kakamega"}},{"type":"Feature","geometry":{"type":"Point","coordinates":[34.801803,0.178232]},"properties":{"id":"264025300","n":"Sonko Water Spring No 1548","t":"ps","c":"Kakamega"}},{"type":"Feature","geometry":{"type":"Point","coordinates":[34.809595,0.171313]},"properties":{"id":"307582164","n":"Luvuka Water Spring No 1581","t":"ps","c":"Kakamega"}},{"type":"Feature","geometry":{"type":"Point","coordinates":[34.659302,0.230987]},"properties":{"id":"41049226","n":"Mutao, Shimenga Spring - 19114","t":"ps","c":"Kakamega"}},{"type":"Feature","geometry":{"type":"Point","coordinates":[34.701952,0.246108]},"properties":{"id":"702617562","n":"Sika Water Spring No","t":"ps","c":"Kakamega"}},{"type":"Feature","geometry":{"type":"Point","coordinates":[34.694083,0.260065]},"properties":{"id":"523274252","n":"Emusioma PS1","t":"ps","c":"Kakamega"}},{"type":"Feature","geometry":{"type":"Point","coordinates":[34.672597,0.239184]},"properties":{"id":"702617452","n":"Likambula Water Spring No 2041","t":"ps","c":"Kakamega"}},{"type":"Feature","geometry":{"type":"Point","coordinates":[34.632188,0.233553]},"properties":{"id":"523257718","n":"Eshirumba PD3","t":"pdw","c":"Kakamega"}},{"type":"Feature","geometry":{"type":"Point","coordinates":[34.678798,0.250272]},"properties":{"id":"523193568","n":"Emulomonye US6","t":"us","c":"Kakamega"}},{"type":"Feature","geometry":{"type":"Point","coordinates":[34.71126,0.24001]},"properties":{"id":"9601163","n":"Shikhombero, Atondola Spring - 19181","t":"ps","c":"Kakamega"}},{"type":"Feature","geometry":{"type":"Point","coordinates":[34.700425,0.26522]},"properties":{"id":"523229939","n":"Emurumba B PD 19","t":"pdw","c":"Kakamega"}},{"type":"Feature","geometry":{"type":"Point","coordinates":[34.666947,0.246393]},"properties":{"id":"20943693","n":"Ematetie, Weku Spring - 18154","t":"ps","c":"Kakamega"}},{"type":"Feature","geometry":{"type":"Point","coordinates":[34.639652,0.242107]},"properties":{"id":"523332286","n":"Emakhongoyo BH1","t":"bh","c":"Kakamega"}},{"type":"Feature","geometry":{"type":"Point","coordinates":[34.668195,0.237403]},"properties":{"id":"1027693","n":"Imulama, Mukhomba Spring - 4370","t":"ps","c":"Kakamega"}},{"type":"Feature","geometry":{"type":"Point","coordinates":[34.709174,0.253936]},"properties":{"id":"523348382","n":"Itumbu PD 8","t":"pdw","c":"Kakamega"}},{"type":"Feature","geometry":{"type":"Point","coordinates":[34.655854,0.239061]},"properties":{"id":"523292577","n":"Shitoto B US2","t":"us","c":"Kakamega"}},{"type":"Feature","geometry":{"type":"Point","coordinates":[34.690627,0.259987]},"properties":{"id":"523342733","n":"Ibinzo B US6","t":"us","c":"Kakamega"}},{"type":"Feature","geometry":{"type":"Point","coordinates":[34.657463,0.245746]},"properties":{"id":"523213589","n":"Ematetie B PD1","t":"pdw","c":"Kakamega"}},{"type":"Feature","geometry":{"type":"Point","coordinates":[34.666127,0.249222]},"properties":{"id":"523325976","n":"Ematetie A BH1","t":"bh","c":"Kakamega"}},{"type":"Feature","geometry":{"type":"Point","coordinates":[34.703156,0.243863]},"properties":{"id":"702617476","n":"Mukokho Water Spring No 2047","t":"ps","c":"Kakamega"}},{"type":"Feature","geometry":{"type":"Point","coordinates":[34.682406,0.245507]},"properties":{"id":"702616176","n":"Kwaenos Water Spring No 2044","t":"ps","c":"Kakamega"}},{"type":"Feature","geometry":{"type":"Point","coordinates":[34.70221,0.228655]},"properties":{"id":"702617586","n":"Mumbukho Water Spring No","t":"ps","c":"Kakamega"}},{"type":"Feature","geometry":{"type":"Point","coordinates":[34.687523,0.256992]},"properties":{"id":"523314992","n":"Ibinzo B PD1","t":"pdw","c":"Kakamega"}},{"type":"Feature","geometry":{"type":"Point","coordinates":[34.679664,0.254119]},"properties":{"id":"403751930","n":"Emulomonye Community, Andati Musungu Spring - 22087","t":"ps","c":"Kakamega"}},{"type":"Feature","geometry":{"type":"Point","coordinates":[34.63191,0.235768]},"properties":{"id":"523278108","n":"Eshirumba US2","t":"us","c":"Kakamega"}},{"type":"Feature","geometry":{"type":"Point","coordinates":[34.657237,0.24531]},"properties":{"id":"523313032","n":"Ematetie B PD2","t":"pdw","c":"Kakamega"}},{"type":"Feature","geometry":{"type":"Point","coordinates":[34.690142,0.209395]},"properties":{"id":"25798465","n":"Sichinji, Kubai Spring - 19183","t":"ps","c":"Kakamega"}},{"type":"Feature","geometry":{"type":"Point","coordinates":[34.63189,0.227937]},"properties":{"id":"523342977","n":"Emuyinda PD1","t":"pdw","c":"Kakamega"}},{"type":"Feature","geometry":{"type":"Point","coordinates":[34.638617,0.241428]},"properties":{"id":"523306715","n":"Emakhongoyo PD2","t":"pdw","c":"Kakamega"}},{"type":"Feature","geometry":{"type":"Point","coordinates":[34.691566,0.22664]},"properties":{"id":"702617524","n":"Bukhase Water Spring No 2035","t":"ps","c":"Kakamega"}},{"type":"Feature","geometry":{"type":"Point","coordinates":[34.666937,0.239056]},"properties":{"id":"702617438","n":"Madegwa Water Spring No  2039","t":"ps","c":"Kakamega"}},{"type":"Feature","geometry":{"type":"Point","coordinates":[34.65353,0.244302]},"properties":{"id":"523310156","n":"Shitoto B US2","t":"us","c":"Kakamega"}},{"type":"Feature","geometry":{"type":"Point","coordinates":[34.681313,0.237064]},"properties":{"id":"84829605","n":"Bukalama Community, Wanzetse Spring - 20025","t":"ps","c":"Kakamega"}},{"type":"Feature","geometry":{"type":"Point","coordinates":[34.690673,0.219013]},"properties":{"id":"702617531","n":"Maniani Water Spring No 2036","t":"ps","c":"Kakamega"}},{"type":"Feature","geometry":{"type":"Point","coordinates":[34.661898,0.242593]},"properties":{"id":"523244244","n":"Shitoto B PD 1","t":"pdw","c":"Kakamega"}},{"type":"Feature","geometry":{"type":"Point","coordinates":[34.67811,0.24454]},"properties":{"id":"3750401","n":"Mumbetsa Primary School Borehole - 4207","t":"bh","c":"Kakamega"}},{"type":"Feature","geometry":{"type":"Point","coordinates":[34.69294,0.263445]},"properties":{"id":"523279130","n":"Emusioma PS2","t":"ps","c":"Kakamega"}},{"type":"Feature","geometry":{"type":"Point","coordinates":[34.633588,0.232158]},"properties":{"id":"523247845","n":"Eshirumba US1","t":"us","c":"Kakamega"}},{"type":"Feature","geometry":{"type":"Point","coordinates":[34.681813,0.257233]},"properties":{"id":"523229104","n":"Emulomonye US5","t":"us","c":"Kakamega"}},{"type":"Feature","geometry":{"type":"Point","coordinates":[34.652457,0.232935]},"properties":{"id":"702617579","n":"Shianda Water Spring No 2034","t":"ps","c":"Kakamega"}},{"type":"Feature","geometry":{"type":"Point","coordinates":[34.635672,0.238768]},"properties":{"id":"523215237","n":"Ebukhang'a US1","t":"us","c":"Kakamega"}},{"type":"Feature","geometry":{"type":"Point","coordinates":[34.677477,0.23001]},"properties":{"id":"77940623","n":"Emulembo, Gideon Spring - 19180","t":"ps","c":"Kakamega"}},{"type":"Feature","geometry":{"type":"Point","coordinates":[34.636492,0.235712]},"properties":{"id":"523285360","n":"Eshirumba PD2","t":"pdw","c":"Kakamega"}},{"type":"Feature","geometry":{"type":"Point","coordinates":[34.700591,0.267374]},"properties":{"id":"523225368","n":"Emurumba B PD 18","t":"pdw","c":"Kakamega"}},{"type":"Feature","geometry":{"type":"Point","coordinates":[34.68185,0.22445]},"properties":{"id":"16871069","n":"Mtao, Tifina Odari Spring - 4855","t":"ps","c":"Kakamega"}},{"type":"Feature","geometry":{"type":"Point","coordinates":[34.666575,0.245027]},"properties":{"id":"523261812","n":"Shitoto A PD 3","t":"pdw","c":"Kakamega"}},{"type":"Feature","geometry":{"type":"Point","coordinates":[34.63674,0.233068]},"properties":{"id":"523282154","n":"Eshirumba PS2","t":"ps","c":"Kakamega"}},{"type":"Feature","geometry":{"type":"Point","coordinates":[34.650036,0.226792]},"properties":{"id":"702617469","n":"Miima Water Spring No 2033","t":"ps","c":"Kakamega"}},{"type":"Feature","geometry":{"type":"Point","coordinates":[34.680647,0.254173]},"properties":{"id":"523285717","n":"Emulomonye BH2","t":"bh","c":"Kakamega"}},{"type":"Feature","geometry":{"type":"Point","coordinates":[34.693788,0.21698]},"properties":{"id":"702617593","n":"Lubia Water Spring No 2037","t":"ps","c":"Kakamega"}},{"type":"Feature","geometry":{"type":"Point","coordinates":[34.685881,0.254391]},"properties":{"id":"416580848","n":"Shimanyiro Community, Akola Spring - 22041","t":"ps","c":"Kakamega"}},{"type":"Feature","geometry":{"type":"Point","coordinates":[34.640118,0.244948]},"properties":{"id":"523302821","n":"Elwabembe PS1","t":"ps","c":"Kakamega"}},{"type":"Feature","geometry":{"type":"Point","coordinates":[34.662078,0.235044]},"properties":{"id":"702616152","n":"Kusimba Water Spring No 2042","t":"ps","c":"Kakamega"}},{"type":"Feature","geometry":{"type":"Point","coordinates":[34.686127,0.248985]},"properties":{"id":"702617517","n":"Shimichini Water Spring No 2048","t":"ps","c":"Kakamega"}},{"type":"Feature","geometry":{"type":"Point","coordinates":[34.634595,0.23532]},"properties":{"id":"523246356","n":"Ebukhang'a PD1","t":"pdw","c":"Kakamega"}},{"type":"Feature","geometry":{"type":"Point","coordinates":[34.672445,0.236315]},"properties":{"id":"702617500","n":"Mabusiene Water Spring No 2046","t":"ps","c":"Kakamega"}},{"type":"Feature","geometry":{"type":"Point","coordinates":[34.638212,0.239875]},"properties":{"id":"523229702","n":"Ebukhang'a PD5","t":"pdw","c":"Kakamega"}},{"type":"Feature","geometry":{"type":"Point","coordinates":[34.684748,0.253243]},"properties":{"id":"523206619","n":"Emulomonye BH 3","t":"bh","c":"Kakamega"}},{"type":"Feature","geometry":{"type":"Point","coordinates":[34.66866,0.245567]},"properties":{"id":"523352297","n":"Eshitoto A PD2","t":"pdw","c":"Kakamega"}},{"type":"Feature","geometry":{"type":"Point","coordinates":[34.705811,0.263647]},"properties":{"id":"523206767","n":"Emakaka A PS 1","t":"ps","c":"Kakamega"}},{"type":"Feature","geometry":{"type":"Point","coordinates":[34.638308,0.24021]},"properties":{"id":"523279439","n":"Ebukhang'a PD6","t":"pdw","c":"Kakamega"}},{"type":"Feature","geometry":{"type":"Point","coordinates":[34.636353,0.23558]},"properties":{"id":"523299402","n":"Eshirumba PD1","t":"pdw","c":"Kakamega"}},{"type":"Feature","geometry":{"type":"Point","coordinates":[34.674617,0.254952]},"properties":{"id":"523350855","n":"Emulomonye BH1","t":"bh","c":"Kakamega"}},{"type":"Feature","geometry":{"type":"Point","coordinates":[34.632118,0.238263]},"properties":{"id":"523283863","n":"Ebukhang'a PD2","t":"pdw","c":"Kakamega"}},{"type":"Feature","geometry":{"type":"Point","coordinates":[34.70333,0.24738]},"properties":{"id":"25801279","n":"Busichula, Marko Spring - 19184","t":"ps","c":"Kakamega"}},{"type":"Feature","geometry":{"type":"Point","coordinates":[34.648592,0.247897]},"properties":{"id":"523233325","n":"Elusolokho US1","t":"us","c":"Kakamega"}},{"type":"Feature","geometry":{"type":"Point","coordinates":[34.644343,0.246255]},"properties":{"id":"523244347","n":"Elwabembe US3","t":"us","c":"Kakamega"}},{"type":"Feature","geometry":{"type":"Point","coordinates":[34.634018,0.238072]},"properties":{"id":"523349541","n":"Ebukhang'a PD4","t":"pdw","c":"Kakamega"}},{"type":"Feature","geometry":{"type":"Point","coordinates":[34.691557,0.258225]},"properties":{"id":"523348423","n":"Emusioma BH1","t":"bh","c":"Kakamega"}},{"type":"Feature","geometry":{"type":"Point","coordinates":[34.679765,0.25757]},"properties":{"id":"523349792","n":"Emulomonye US 2","t":"us","c":"Kakamega"}},{"type":"Feature","geometry":{"type":"Point","coordinates":[34.671283,0.232643]},"properties":{"id":"702617483","n":"Mutsivi Water Spring No 2045","t":"ps","c":"Kakamega"}},{"type":"Feature","geometry":{"type":"Point","coordinates":[34.653617,0.240518]},"properties":{"id":"523326513","n":"Shitoto B PD1","t":"pdw","c":"Kakamega"}},{"type":"Feature","geometry":{"type":"Point","coordinates":[34.668349,0.245543]},"properties":{"id":"523330356","n":"Shitoto A PD 1","t":"pdw","c":"Kakamega"}},{"type":"Feature","geometry":{"type":"Point","coordinates":[34.641951,0.240687]},"properties":{"id":"35469250","n":"Munungo Community - 18286","t":"bh","c":"Kakamega"}},{"type":"Feature","geometry":{"type":"Point","coordinates":[34.657712,0.218505]},"properties":{"id":"77940616","n":"Shisere, Richard Okanga Spring - 19149","t":"ps","c":"Kakamega"}},{"type":"Feature","geometry":{"type":"Point","coordinates":[34.659395,0.239997]},"properties":{"id":"523193283","n":"Shitoto B US1","t":"us","c":"Kakamega"}},{"type":"Feature","geometry":{"type":"Point","coordinates":[34.670067,0.23986]},"properties":{"id":"3750360","n":"Imulama Dispensary - 4281","t":"bh","c":"Kakamega"}},{"type":"Feature","geometry":{"type":"Point","coordinates":[34.683733,0.245854]},"properties":{"id":"702616183","n":"Shing'oda Water Spring No 2043","t":"ps","c":"Kakamega"}},{"type":"Feature","geometry":{"type":"Point","coordinates":[34.667328,0.243383]},"properties":{"id":"523303121","n":"Shitoto A US 1","t":"us","c":"Kakamega"}},{"type":"Feature","geometry":{"type":"Point","coordinates":[34.666377,0.233781]},"properties":{"id":"702617445","n":"Mwendo Water Spring No 2040","t":"ps","c":"Kakamega"}},{"type":"Feature","geometry":{"type":"Point","coordinates":[34.671085,0.226977]},"properties":{"id":"41048926","n":"Shisere, Francis Atema Spring - 19118","t":"ps","c":"Kakamega"}},{"type":"Feature","geometry":{"type":"Point","coordinates":[34.71346,0.23198]},"properties":{"id":"17388227","n":"Shilakaya, Shanamwevo Spring - 18090","t":"ps","c":"Kakamega"}},{"type":"Feature","geometry":{"type":"Point","coordinates":[34.668185,0.247362]},"properties":{"id":"25632000","n":"Ematetie, Chebusia Spring - 18155","t":"ps","c":"Kakamega"}},{"type":"Feature","geometry":{"type":"Point","coordinates":[34.707707,0.161673]},"properties":{"id":"211690191","n":"Martin Water Spring No 1290","t":"ps","c":"Kakamega"}},{"type":"Feature","geometry":{"type":"Point","coordinates":[34.733133,0.159625]},"properties":{"id":"212400818","n":"Protus Water Spring No 1449","t":"ps","c":"Kakamega"}},{"type":"Feature","geometry":{"type":"Point","coordinates":[34.727825,0.169883]},"properties":{"id":"211691329","n":"Shikunzi Water Spring No 1377","t":"ps","c":"Kakamega"}},{"type":"Feature","geometry":{"type":"Point","coordinates":[34.72828,0.158845]},"properties":{"id":"226461537","n":"Singah Water Spring No","t":"ps","c":"Kakamega"}},{"type":"Feature","geometry":{"type":"Point","coordinates":[34.684707,0.170848]},"properties":{"id":"211691264","n":"Kom Water Spring NO 1360","t":"ps","c":"Kakamega"}},{"type":"Feature","geometry":{"type":"Point","coordinates":[34.68739,0.1755]},"properties":{"id":"211691532","n":"Shikhoyi Water Spring No 1400","t":"ps","c":"Kakamega"}},{"type":"Feature","geometry":{"type":"Point","coordinates":[34.690963,0.173878]},"properties":{"id":"211691556","n":"Shibeka Water Spring No 1403","t":"ps","c":"Kakamega"}},{"type":"Feature","geometry":{"type":"Point","coordinates":[34.718578,0.16121]},"properties":{"id":"211691642","n":"Shibungululi Water Spring No 1408","t":"ps","c":"Kakamega"}},{"type":"Feature","geometry":{"type":"Point","coordinates":[34.704218,0.168465]},"properties":{"id":"213621944","n":"Imbali Water Spring No 1433","t":"ps","c":"Kakamega"}},{"type":"Feature","geometry":{"type":"Point","coordinates":[34.690088,0.157137]},"properties":{"id":"211690160","n":"Asolola Water Spring No 1280","t":"ps","c":"Kakamega"}},{"type":"Feature","geometry":{"type":"Point","coordinates":[34.69274,0.162202]},"properties":{"id":"211721347","n":"Syprian Water Spring No 1432","t":"ps","c":"Kakamega"}},{"type":"Feature","geometry":{"type":"Point","coordinates":[34.728365,0.154397]},"properties":{"id":"237144119","n":"Arthur Water Spring No 1485","t":"ps","c":"Kakamega"}},{"type":"Feature","geometry":{"type":"Point","coordinates":[34.684885,0.157615]},"properties":{"id":"211691800","n":"Nzaka Water Spring No 1429","t":"ps","c":"Kakamega"}},{"type":"Feature","geometry":{"type":"Point","coordinates":[34.705908,0.146063]},"properties":{"id":"211690517","n":"Shibuyanga Water Spring No 1314","t":"ps","c":"Kakamega"}},{"type":"Feature","geometry":{"type":"Point","coordinates":[34.695978,0.139858]},"properties":{"id":"211691178","n":"Makong'o Water Spring NO 1372","t":"ps","c":"Kakamega"}},{"type":"Feature","geometry":{"type":"Point","coordinates":[34.708373,0.152878]},"properties":{"id":"279661665","n":"Atnas Water Spring No 1564","t":"ps","c":"Kakamega"}},{"type":"Feature","geometry":{"type":"Point","coordinates":[34.680797,0.132427]},"properties":{"id":"13921624","n":"Sandalwenyi water spring","t":"ps","c":"Kakamega"}},{"type":"Feature","geometry":{"type":"Point","coordinates":[34.677158,0.166072]},"properties":{"id":"211691817","n":"Kizito Water Spring No 1435","t":"ps","c":"Kakamega"}},{"type":"Feature","geometry":{"type":"Point","coordinates":[34.712503,0.16336]},"properties":{"id":"211690177","n":"Muyakale Water Spring No 1288","t":"ps","c":"Kakamega"}},{"type":"Feature","geometry":{"type":"Point","coordinates":[34.693575,0.16465]},"properties":{"id":"211690311","n":"Mushibochi Water Spring No 1296","t":"ps","c":"Kakamega"}},{"type":"Feature","geometry":{"type":"Point","coordinates":[34.687212,0.134735]},"properties":{"id":"224404419","n":"Chasindura Water Spring No 1443","t":"ps","c":"Kakamega"}},{"type":"Feature","geometry":{"type":"Point","coordinates":[34.734057,0.165688]},"properties":{"id":"211691305","n":"Mwibafu Water Spring No 1387","t":"ps","c":"Kakamega"}},{"type":"Feature","geometry":{"type":"Point","coordinates":[34.721037,0.151097]},"properties":{"id":"237940920","n":"Litabalia Water Spring No  1489","t":"ps","c":"Kakamega"}},{"type":"Feature","geometry":{"type":"Point","coordinates":[34.701072,0.145197]},"properties":{"id":"211690926","n":"Wamwebi Water Spring No 1347","t":"ps","c":"Kakamega"}},{"type":"Feature","geometry":{"type":"Point","coordinates":[34.681372,0.145163]},"properties":{"id":"7813805","n":"Waututira Water Spring","t":"ps","c":"Kakamega"}},{"type":"Feature","geometry":{"type":"Point","coordinates":[34.695477,0.140987]},"properties":{"id":"211690593","n":"Martine Water Spring No 1319","t":"ps","c":"Kakamega"}},{"type":"Feature","geometry":{"type":"Point","coordinates":[34.680345,0.157897]},"properties":{"id":"224411815","n":"Machisu Water Spring No 1462","t":"ps","c":"Kakamega"}},{"type":"Feature","geometry":{"type":"Point","coordinates":[34.705373,0.146938]},"properties":{"id":"211690940","n":"Walunale Water Spring No","t":"ps","c":"Kakamega"}},{"type":"Feature","geometry":{"type":"Point","coordinates":[34.69089,0.154678]},"properties":{"id":"211690438","n":"Murundu Water Spring No 1298","t":"ps","c":"Kakamega"}},{"type":"Feature","geometry":{"type":"Point","coordinates":[34.685342,0.132835]},"properties":{"id":"211691116","n":"Shasundira Water Spring NO 1370","t":"ps","c":"Kakamega"}},{"type":"Feature","geometry":{"type":"Point","coordinates":[34.682328,0.1367]},"properties":{"id":"211691123","n":"Wateiya Water Spring NO 1369","t":"ps","c":"Kakamega"}},{"type":"Feature","geometry":{"type":"Point","coordinates":[34.686795,0.177782]},"properties":{"id":"211691549","n":"Inzuka Water Spring No 1401","t":"ps","c":"Kakamega"}},{"type":"Feature","geometry":{"type":"Point","coordinates":[34.711685,0.151968]},"properties":{"id":"211690995","n":"Walihu Water Spring No 1348","t":"ps","c":"Kakamega"}},{"type":"Feature","geometry":{"type":"Point","coordinates":[34.686868,0.132537]},"properties":{"id":"211691477","n":"Ing'alwa Water Spring No 1395","t":"ps","c":"Kakamega"}},{"type":"Feature","geometry":{"type":"Point","coordinates":[34.727845,0.161727]},"properties":{"id":"211691666","n":"Kwarula Water Spring No 1410","t":"ps","c":"Kakamega"}},{"type":"Feature","geometry":{"type":"Point","coordinates":[34.709097,0.145562]},"properties":{"id":"211690490","n":"Mashikanwa Water Spring No 1312","t":"ps","c":"Kakamega"}},{"type":"Feature","geometry":{"type":"Point","coordinates":[34.694457,0.15038]},"properties":{"id":"211690964","n":"Ndeta Water Spring No","t":"ps","c":"Kakamega"}},{"type":"Feature","geometry":{"type":"Point","coordinates":[34.707613,0.164128]},"properties":{"id":"211690201","n":"Wommela Water Spring No 1281","t":"ps","c":"Kakamega"}},{"type":"Feature","geometry":{"type":"Point","coordinates":[34.70508,0.168445]},"properties":{"id":"211690218","n":"Mutambo Water Spring No 1286","t":"ps","c":"Kakamega"}},{"type":"Feature","geometry":{"type":"Point","coordinates":[34.72442,0.169893]},"properties":{"id":"211691336","n":"Akustini Water Spring No 1382","t":"ps","c":"Kakamega"}},{"type":"Feature","geometry":{"type":"Point","coordinates":[34.724542,0.153503]},"properties":{"id":"211691783","n":"Ilabusa Water Spring No 1409","t":"ps","c":"Kakamega"}},{"type":"Feature","geometry":{"type":"Point","coordinates":[34.692393,0.167887]},"properties":{"id":"211700081","n":"Shipakuli Water Spring No 1431","t":"ps","c":"Kakamega"}},{"type":"Feature","geometry":{"type":"Point","coordinates":[34.693933,0.154732]},"properties":{"id":"211690782","n":"Lisamula Water Spring No 1327","t":"ps","c":"Kakamega"}},{"type":"Feature","geometry":{"type":"Point","coordinates":[34.715538,0.154975]},"properties":{"id":"264001807","n":"Wangoli Water Spring No 1545","t":"ps","c":"Kakamega"}},{"type":"Feature","geometry":{"type":"Point","coordinates":[34.6878,0.157025]},"properties":{"id":"211690483","n":"Makumba Water Spring No1299","t":"ps","c":"Kakamega"}},{"type":"Feature","geometry":{"type":"Point","coordinates":[34.681332,0.167957]},"properties":{"id":"211690359","n":"Sisiko Water Spring No 1302","t":"ps","c":"Kakamega"}},{"type":"Feature","geometry":{"type":"Point","coordinates":[34.699473,0.16186]},"properties":{"id":"211690469","n":"Mushiheri Water Spring No 1297","t":"ps","c":"Kakamega"}},{"type":"Feature","geometry":{"type":"Point","coordinates":[34.697775,0.155037]},"properties":{"id":"211690139","n":"Malaya Water Spring No 1282","t":"ps","c":"Kakamega"}},{"type":"Feature","geometry":{"type":"Point","coordinates":[34.693342,0.165768]},"properties":{"id":"211716259","n":"Sang'ale Water Spring No 1430","t":"ps","c":"Kakamega"}},{"type":"Feature","geometry":{"type":"Point","coordinates":[34.734697,0.158575]},"properties":{"id":"211690373","n":"Ling'alwa Water Spring No1295","t":"ps","c":"Kakamega"}},{"type":"Feature","geometry":{"type":"Point","coordinates":[34.681495,0.139117]},"properties":{"id":"211691147","n":"Mugangu Water Spring NO 1366","t":"ps","c":"Kakamega"}},{"type":"Feature","geometry":{"type":"Point","coordinates":[34.696522,0.173533]},"properties":{"id":"221868249","n":"Kwomukami Water Spring No 1450","t":"ps","c":"Kakamega"}},{"type":"Feature","geometry":{"type":"Point","coordinates":[34.703782,0.14512]},"properties":{"id":"211690531","n":"Sambaya Water Spring No 1318","t":"ps","c":"Kakamega"}},{"type":"Feature","geometry":{"type":"Point","coordinates":[34.70133,0.166355]},"properties":{"id":"211690713","n":"Kisude Water Spring No 1331","t":"ps","c":"Kakamega"}},{"type":"Feature","geometry":{"type":"Point","coordinates":[34.711362,0.171287]},"properties":{"id":"211690816","n":"Ebuka Water Spring No 1341","t":"ps","c":"Kakamega"}},{"type":"Feature","geometry":{"type":"Point","coordinates":[34.728388,0.156887]},"properties":{"id":"211691673","n":"Yatila Water Spring No 1411","t":"ps","c":"Kakamega"}},{"type":"Feature","geometry":{"type":"Point","coordinates":[34.7134,0.146585]},"properties":{"id":"211690878","n":"Washivairo Water Spring No 1350","t":"ps","c":"Kakamega"}},{"type":"Feature","geometry":{"type":"Point","coordinates":[34.716675,0.152708]},"properties":{"id":"237938732","n":"Lidoro Water Spring No 1488","t":"ps","c":"Kakamega"}},{"type":"Feature","geometry":{"type":"Point","coordinates":[34.703025,0.145297]},"properties":{"id":"211690548","n":"Mukuheli Water Spring No 1311","t":"ps","c":"Kakamega"}},{"type":"Feature","geometry":{"type":"Point","coordinates":[34.711757,0.166855]},"properties":{"id":"211690184","n":"Welikondi Water Spring No 1289","t":"ps","c":"Kakamega"}},{"type":"Feature","geometry":{"type":"Point","coordinates":[34.700913,0.172833]},"properties":{"id":"211690634","n":"Mukoli Water Spring No 1324","t":"ps","c":"Kakamega"}},{"type":"Feature","geometry":{"type":"Point","coordinates":[34.681221,0.143916]},"properties":{"id":"19046419","n":"Mukangu Water Spring No 1039","t":"ps","c":"Kakamega"}},{"type":"Feature","geometry":{"type":"Point","coordinates":[34.70249,0.167668]},"properties":{"id":"211690225","n":"Shamikoko Water Spring No 1287","t":"ps","c":"Kakamega"}},{"type":"Feature","geometry":{"type":"Point","coordinates":[34.694987,0.141308]},"properties":{"id":"17388179","n":"Itukhula, Lipala Spring - 18086","t":"ps","c":"Kakamega"}},{"type":"Feature","geometry":{"type":"Point","coordinates":[34.701487,0.17613]},"properties":{"id":"211691776","n":"Obushuru Water Spring No 1413","t":"ps","c":"Kakamega"}},{"type":"Feature","geometry":{"type":"Point","coordinates":[34.677977,0.167217]},"properties":{"id":"211690799","n":"Atsango Water Spring No 1332","t":"ps","c":"Kakamega"}},{"type":"Feature","geometry":{"type":"Point","coordinates":[34.691012,0.148825]},"properties":{"id":"211690775","n":"Mushibuhu Water Spring No 1333","t":"ps","c":"Kakamega"}},{"type":"Feature","geometry":{"type":"Point","coordinates":[34.687977,0.146917]},"properties":{"id":"211690768","n":"Isilimboko Water Spring No 1328","t":"ps","c":"Kakamega"}},{"type":"Feature","geometry":{"type":"Point","coordinates":[34.6972,0.144348]},"properties":{"id":"211690919","n":"Lupalasa B Water Spring No 1349","t":"ps","c":"Kakamega"}},{"type":"Feature","geometry":{"type":"Point","coordinates":[34.723783,0.152778]},"properties":{"id":"226467595","n":"Betty Water Spring No 1463","t":"ps","c":"Kakamega"}},{"type":"Feature","geometry":{"type":"Point","coordinates":[34.687195,0.176288]},"properties":{"id":"211691240","n":"Asimukha Water Spring NO 1361","t":"ps","c":"Kakamega"}},{"type":"Feature","geometry":{"type":"Point","coordinates":[34.7308,0.159755]},"properties":{"id":"212400801","n":"Namwene Water Spring No 1448","t":"ps","c":"Kakamega"}},{"type":"Feature","geometry":{"type":"Point","coordinates":[34.681665,0.1442]},"properties":{"id":"211691161","n":"Chisanya Water Spring NO 1368","t":"ps","c":"Kakamega"}},{"type":"Feature","geometry":{"type":"Point","coordinates":[34.707848,0.160097]},"properties":{"id":"211690115","n":"Madalina Water Spring No 1279","t":"ps","c":"Kakamega"}},{"type":"Feature","geometry":{"type":"Point","coordinates":[34.695673,0.14458]},"properties":{"id":"211690562","n":"Muteshi Water Spring No 1316","t":"ps","c":"Kakamega"}},{"type":"Feature","geometry":{"type":"Point","coordinates":[34.712713,0.153227]},"properties":{"id":"263990025","n":"Kwalimwa Water Spring No 1544","t":"ps","c":"Kakamega"}},{"type":"Feature","geometry":{"type":"Point","coordinates":[34.720042,0.16726]},"properties":{"id":"211691343","n":"Museve Water Spring No 1379","t":"ps","c":"Kakamega"}},{"type":"Feature","geometry":{"type":"Point","coordinates":[34.69679,0.157138]},"properties":{"id":"211691848","n":"Khamati Water Spring No 1437","t":"ps","c":"Kakamega"}},{"type":"Feature","geometry":{"type":"Point","coordinates":[34.726703,0.157782]},"properties":{"id":"211690586","n":"Tamala Water Spring No 1320","t":"ps","c":"Kakamega"}},{"type":"Feature","geometry":{"type":"Point","coordinates":[34.707212,0.173928]},"properties":{"id":"211690641","n":"Munganyi Water Spring No 1323","t":"ps","c":"Kakamega"}},{"type":"Feature","geometry":{"type":"Point","coordinates":[34.703697,0.14581]},"properties":{"id":"211690153","n":"Khayeka Water Spring No 1283","t":"ps","c":"Kakamega"}},{"type":"Feature","geometry":{"type":"Point","coordinates":[34.703418,0.150513]},"properties":{"id":"211690304","n":"Itabakha Water Spring No 1294","t":"ps","c":"Kakamega"}},{"type":"Feature","geometry":{"type":"Point","coordinates":[34.693652,0.14057]},"properties":{"id":"212389047","n":"Midenyo Water Spring No 1444","t":"ps","c":"Kakamega"}},{"type":"Feature","geometry":{"type":"Point","coordinates":[34.68301,0.157948]},"properties":{"id":"211691594","n":"Lisantha Water Spring No 1397","t":"ps","c":"Kakamega"}},{"type":"Feature","geometry":{"type":"Point","coordinates":[34.67828,0.161737]},"properties":{"id":"211691824","n":"Lukonyi Water Spring No 1436","t":"ps","c":"Kakamega"}},{"type":"Feature","geometry":{"type":"Point","coordinates":[34.706995,0.162378]},"properties":{"id":"211690122","n":"Shitsomero Water Spring No 1278","t":"ps","c":"Kakamega"}},{"type":"Feature","geometry":{"type":"Point","coordinates":[34.694442,0.1448]},"properties":{"id":"211690988","n":"Wamang'ong'Water Spring No","t":"ps","c":"Kakamega"}},{"type":"Feature","geometry":{"type":"Point","coordinates":[34.69977,0.144385]},"properties":{"id":"211690555","n":"Gabriel Water Spring No 1310","t":"ps","c":"Kakamega"}},{"type":"Feature","geometry":{"type":"Point","coordinates":[34.722007,0.163918]},"properties":{"id":"211691659","n":"Mupapale Water Spring No 1407","t":"ps","c":"Kakamega"}},{"type":"Feature","geometry":{"type":"Point","coordinates":[34.677605,0.159597]},"properties":{"id":"400362531","n":"Okata Water Spring No 1724","t":"ps","c":"Kakamega"}},{"type":"Feature","geometry":{"type":"Point","coordinates":[34.681215,0.149412]},"properties":{"id":"211690744","n":"Luyayi Water Spring No 1329","t":"ps","c":"Kakamega"}},{"type":"Feature","geometry":{"type":"Point","coordinates":[34.702467,0.149523]},"properties":{"id":"211690957","n":"Khaimba Water Spring No 1344","t":"ps","c":"Kakamega"}},{"type":"Feature","geometry":{"type":"Point","coordinates":[34.685777,0.163462]},"properties":{"id":"211691831","n":"Libubi Water Spring No 1434","t":"ps","c":"Kakamega"}},{"type":"Feature","geometry":{"type":"Point","coordinates":[34.69637,0.157982]},"properties":{"id":"211690328","n":"Wajumba Water Spring No 1300","t":"ps","c":"Kakamega"}},{"type":"Feature","geometry":{"type":"Point","coordinates":[34.694392,0.144793]},"properties":{"id":"211691068","n":"Mang'ong'o Water Spring No 1345","t":"ps","c":"Kakamega"}},{"type":"Feature","geometry":{"type":"Point","coordinates":[34.700598,0.164762]},"properties":{"id":"211690720","n":"Achukuyos Water Spring No 1330","t":"ps","c":"Kakamega"}},{"type":"Feature","geometry":{"type":"Point","coordinates":[34.681927,0.158108]},"properties":{"id":"211691604","n":"Khayeka B Water Spring No 1398","t":"ps","c":"Kakamega"}},{"type":"Feature","geometry":{"type":"Point","coordinates":[34.719348,0.170432]},"properties":{"id":"211691350","n":"Lucheho Water Spring No 1383","t":"ps","c":"Kakamega"}},{"type":"Feature","geometry":{"type":"Point","coordinates":[34.692315,0.136605]},"properties":{"id":"211691893","n":"Kamehelo Water Spring No 1427","t":"ps","c":"Kakamega"}},{"type":"Feature","geometry":{"type":"Point","coordinates":[34.677678,0.15984]},"properties":{"id":"212735301","n":"Lidoro Water Spring No 1447","t":"ps","c":"Kakamega"}},{"type":"Feature","geometry":{"type":"Point","coordinates":[34.686395,0.157468]},"properties":{"id":"211690335","n":"Mwilitsa Water Spring No 1301","t":"ps","c":"Kakamega"}},{"type":"Feature","geometry":{"type":"Point","coordinates":[34.714382,0.170567]},"properties":{"id":"211691422","n":"Lusenji Water Spring No 1384","t":"ps","c":"Kakamega"}},{"type":"Feature","geometry":{"type":"Point","coordinates":[34.707765,0.147318]},"properties":{"id":"211690500","n":"Lupalasa Water Spring No 1317","t":"ps","c":"Kakamega"}},{"type":"Feature","geometry":{"type":"Point","coordinates":[34.676962,0.17174]},"properties":{"id":"211691525","n":"Alubale Water Spring No 1399","t":"ps","c":"Kakamega"}},{"type":"Feature","geometry":{"type":"Point","coordinates":[34.687802,0.157087]},"properties":{"id":"211690342","n":"Mangubiba Water Spring No","t":"ps","c":"Kakamega"}},{"type":"Feature","geometry":{"type":"Point","coordinates":[34.690277,0.138048]},"properties":{"id":"211690067","n":"Lisioli Water Spring No 1266","t":"ps","c":"Kakamega"}},{"type":"Feature","geometry":{"type":"Point","coordinates":[34.682655,0.142397]},"properties":{"id":"211691154","n":"Magaga Water Spring NO 1365","t":"ps","c":"Kakamega"}},{"type":"Feature","geometry":{"type":"Point","coordinates":[34.601343,0.178863]},"properties":{"id":"24135564","n":"Alela Water Spring No 705","t":"ps","c":"Kakamega"}},{"type":"Feature","geometry":{"type":"Point","coordinates":[34.527275,0.15504]},"properties":{"id":"22358462","n":"Mushitoyi Water Spring","t":"ps","c":"Kakamega"}},{"type":"Feature","geometry":{"type":"Point","coordinates":[34.575482,0.132793]},"properties":{"id":"23081231","n":"Andayi Water Spring","t":"ps","c":"Kakamega"}},{"type":"Feature","geometry":{"type":"Point","coordinates":[34.569009,0.165563]},"properties":{"id":"26457066","n":"Mare B Water Spring","t":"ps","c":"Kakamega"}},{"type":"Feature","geometry":{"type":"Point","coordinates":[34.568127,0.186187]},"properties":{"id":"6439462","n":"Mukhwana water spring","t":"ps","c":"Kakamega"}},{"type":"Feature","geometry":{"type":"Point","coordinates":[34.562588,0.16794]},"properties":{"id":"6997711","n":"Ominde Water Spring No 540","t":"ps","c":"Kakamega"}},{"type":"Feature","geometry":{"type":"Point","coordinates":[34.56915,0.121652]},"properties":{"id":"7253245","n":"Ebukusi water spring","t":"ps","c":"Kakamega"}},{"type":"Feature","geometry":{"type":"Point","coordinates":[34.551692,0.161348]},"properties":{"id":"6439400","n":"Wetibini water spring","t":"ps","c":"Kakamega"}},{"type":"Feature","geometry":{"type":"Point","coordinates":[34.571312,0.186697]},"properties":{"id":"9659018","n":"Shitandi water spring","t":"ps","c":"Kakamega"}},{"type":"Feature","geometry":{"type":"Point","coordinates":[34.526087,0.171172]},"properties":{"id":"27182978","n":"Womutama Water Spring No 583","t":"ps","c":"Kakamega"}},{"type":"Feature","geometry":{"type":"Point","coordinates":[34.578285,0.181732]},"properties":{"id":"25703986","n":"Jordan Water Spring No 580","t":"ps","c":"Kakamega"}},{"type":"Feature","geometry":{"type":"Point","coordinates":[34.581258,0.144383]},"properties":{"id":"8223324","n":"Angulu water spring","t":"ps","c":"Kakamega"}},{"type":"Feature","geometry":{"type":"Point","coordinates":[34.57507,0.111203]},"properties":{"id":"9370478","n":"Andete Water Spring No 411","t":"ps","c":"Kakamega"}},{"type":"Feature","geometry":{"type":"Point","coordinates":[34.556705,0.153498]},"properties":{"id":"3511563","n":"Waagoya Water Spring","t":"ps","c":"Kakamega"}},{"type":"Feature","geometry":{"type":"Point","coordinates":[34.523778,0.167163]},"properties":{"id":"27182985","n":"Emisiko Water Spring No 657","t":"ps","c":"Kakamega"}},{"type":"Feature","geometry":{"type":"Point","coordinates":[34.597227,0.176045]},"properties":{"id":"24135533","n":"Emema Water Spring No 655","t":"ps","c":"Kakamega"}},{"type":"Feature","geometry":{"type":"Point","coordinates":[34.536753,0.150332]},"properties":{"id":"22358400","n":"Safina WATER SPRING","t":"ps","c":"Kakamega"}},{"type":"Feature","geometry":{"type":"Point","coordinates":[34.574942,0.113455]},"properties":{"id":"7253276","n":"Mutwasi water spring","t":"ps","c":"Kakamega"}},{"type":"Feature","geometry":{"type":"Point","coordinates":[34.563914,0.134444]},"properties":{"id":"46921336","n":"Omuka Water Spring No","t":"ps","c":"Kakamega"}},{"type":"Feature","geometry":{"type":"Point","coordinates":[34.523475,0.164968]},"properties":{"id":"27183003","n":"Ebukhabala Water Spring No 554","t":"ps","c":"Kakamega"}},{"type":"Feature","geometry":{"type":"Point","coordinates":[34.542903,0.164353]},"properties":{"id":"27182947","n":"Mwiholia A Water Spring No 578","t":"ps","c":"Kakamega"}},{"type":"Feature","geometry":{"type":"Point","coordinates":[34.53485,0.159178]},"properties":{"id":"11674085","n":"Mwikhubukhubu Water Spring No 517","t":"ps","c":"Kakamega"}},{"type":"Feature","geometry":{"type":"Point","coordinates":[34.54871,0.168047]},"properties":{"id":"27182916","n":"Nyawanga Water Spring No 525","t":"ps","c":"Kakamega"}},{"type":"Feature","geometry":{"type":"Point","coordinates":[34.586015,0.10886]},"properties":{"id":"9370526","n":"Eyama Water Spring No 389","t":"ps","c":"Kakamega"}},{"type":"Feature","geometry":{"type":"Point","coordinates":[34.557518,0.15692]},"properties":{"id":"3511556","n":"Opuka water spring","t":"ps","c":"Kakamega"}},{"type":"Feature","geometry":{"type":"Point","coordinates":[34.579628,0.17887]},"properties":{"id":"25703948","n":"Muchula Water Spring No 637","t":"ps","c":"Kakamega"}},{"type":"Feature","geometry":{"type":"Point","coordinates":[34.550353,0.141405]},"properties":{"id":"6439376","n":"Ayeita water spring","t":"ps","c":"Kakamega"}},{"type":"Feature","geometry":{"type":"Point","coordinates":[34.555902,0.179147]},"properties":{"id":"25703993","n":"Namukhula Water Spring No 658","t":"ps","c":"Kakamega"}},{"type":"Feature","geometry":{"type":"Point","coordinates":[34.564988,0.125378]},"properties":{"id":"5478774","n":"Emahanga water spring","t":"ps","c":"Kakamega"}},{"type":"Feature","geometry":{"type":"Point","coordinates":[34.564767,0.134252]},"properties":{"id":"5413117","n":"Mufisi Water Spring No 952","t":"ps","c":"Kakamega"}},{"type":"Feature","geometry":{"type":"Point","coordinates":[34.565763,0.148815]},"properties":{"id":"3511587","n":"Mwirulo Water Spring","t":"ps","c":"Kakamega"}},{"type":"Feature","geometry":{"type":"Point","coordinates":[34.571977,0.117963]},"properties":{"id":"7253269","n":"Mumosi Water Spring","t":"ps","c":"Kakamega"}},{"type":"Feature","geometry":{"type":"Point","coordinates":[34.547132,0.165232]},"properties":{"id":"40537946","n":"Mudaraja Water Spring No","t":"ps","c":"Kakamega"}},{"type":"Feature","geometry":{"type":"Point","coordinates":[34.5635,0.116983]},"properties":{"id":"5478743","n":"Ombaso water spring","t":"ps","c":"Kakamega"}},{"type":"Feature","geometry":{"type":"Point","coordinates":[34.561447,0.13706]},"properties":{"id":"25703876","n":"Eshirula Water Spring No 460","t":"ps","c":"Kakamega"}},{"type":"Feature","geometry":{"type":"Point","coordinates":[34.554368,0.145717]},"properties":{"id":"3511491","n":"Masinya Water Spring","t":"ps","c":"Kakamega"}},{"type":"Feature","geometry":{"type":"Point","coordinates":[34.560015,0.161974]},"properties":{"id":"26457080","n":"Esimango Water Spring","t":"ps","c":"Kakamega"}},{"type":"Feature","geometry":{"type":"Point","coordinates":[34.582127,0.17046]},"properties":{"id":"25703962","n":"Omatera Water Spring No 659","t":"ps","c":"Kakamega"}},{"type":"Feature","geometry":{"type":"Point","coordinates":[34.575582,0.113877]},"properties":{"id":"7253283","n":"Wamukhoye Water Spring","t":"ps","c":"Kakamega"}},{"type":"Feature","geometry":{"type":"Point","coordinates":[34.54057,0.159493]},"properties":{"id":"22358431","n":"Waodundo Water Spring","t":"ps","c":"Kakamega"}},{"type":"Feature","geometry":{"type":"Point","coordinates":[34.522955,0.159972]},"properties":{"id":"27182992","n":"Lubale Water Spring No 638","t":"ps","c":"Kakamega"}},{"type":"Feature","geometry":{"type":"Point","coordinates":[34.573572,0.147492]},"properties":{"id":"34155118","n":"Mushirula Water Spring","t":"ps","c":"Kakamega"}},{"type":"Feature","geometry":{"type":"Point","coordinates":[34.531613,0.153355]},"properties":{"id":"22358455","n":"Emululu Water Spring","t":"ps","c":"Kakamega"}},{"type":"Feature","geometry":{"type":"Point","coordinates":[34.569778,0.164974]},"properties":{"id":"26457059","n":"Ematayia Water Spring","t":"ps","c":"Kakamega"}},{"type":"Feature","geometry":{"type":"Point","coordinates":[34.577792,0.164843]},"properties":{"id":"25703924","n":"Kwaesau Water Spring No 673","t":"ps","c":"Kakamega"}},{"type":"Feature","geometry":{"type":"Point","coordinates":[34.534455,0.169522]},"properties":{"id":"22358510","n":"Mulutali Water Spring","t":"ps","c":"Kakamega"}},{"type":"Feature","geometry":{"type":"Point","coordinates":[34.564723,0.138314]},"properties":{"id":"34155211","n":"Etemesi Water Spring 907","t":"ps","c":"Kakamega"}},{"type":"Feature","geometry":{"type":"Point","coordinates":[34.575748,0.138627]},"properties":{"id":"111214","n":"Mwithai water spring","t":"ps","c":"Kakamega"}},{"type":"Feature","geometry":{"type":"Point","coordinates":[34.583552,0.1148]},"properties":{"id":"13062107","n":"Mundoli Water Spring","t":"ps","c":"Kakamega"}},{"type":"Feature","geometry":{"type":"Point","coordinates":[34.576375,0.13375]},"properties":{"id":"23081224","n":"Emitekwa Water Spring","t":"ps","c":"Kakamega"}},{"type":"Feature","geometry":{"type":"Point","coordinates":[34.573562,0.128425]},"properties":{"id":"111197","n":"Mwibafu water spring","t":"ps","c":"Kakamega"}},{"type":"Feature","geometry":{"type":"Point","coordinates":[34.568417,0.12298]},"properties":{"id":"5478781","n":"Eshirembe water spring","t":"ps","c":"Kakamega"}},{"type":"Feature","geometry":{"type":"Point","coordinates":[34.598802,0.177697]},"properties":{"id":"24135540","n":"Womutayi Water Spring No 683","t":"ps","c":"Kakamega"}},{"type":"Feature","geometry":{"type":"Point","coordinates":[34.562646,0.167871]},"properties":{"id":"26457097","n":"Nominee Water Spring","t":"ps","c":"Kakamega"}},{"type":"Feature","geometry":{"type":"Point","coordinates":[34.604185,0.184382]},"properties":{"id":"6439390","n":"Elwanyengo B water spring","t":"ps","c":"Kakamega"}},{"type":"Feature","geometry":{"type":"Point","coordinates":[34.580807,0.147402]},"properties":{"id":"8223317","n":"Onditi water spring","t":"ps","c":"Kakamega"}},{"type":"Feature","geometry":{"type":"Point","coordinates":[34.522884,0.159941]},"properties":{"id":"22358479","n":"Liable Water Spring","t":"ps","c":"Kakamega"}},{"type":"Feature","geometry":{"type":"Point","coordinates":[34.531737,0.169167]},"properties":{"id":"22358486","n":"Oluchiri Water Spring","t":"ps","c":"Kakamega"}},{"type":"Feature","geometry":{"type":"Point","coordinates":[34.567457,0.128348]},"properties":{"id":"447643","n":"Munyoli Water Spring No 463","t":"ps","c":"Kakamega"}},{"type":"Feature","geometry":{"type":"Point","coordinates":[34.556598,0.113801]},"properties":{"id":"4110152","n":"Ebushisoka, Naman Kulundu Spring - 4431","t":"ps","c":"Kakamega"}},{"type":"Feature","geometry":{"type":"Point","coordinates":[34.555157,0.112962]},"properties":{"id":"1021178","n":"Emunga'bo Primary School Spring - 4415","t":"ps","c":"Kakamega"}},{"type":"Feature","geometry":{"type":"Point","coordinates":[34.578998,0.166927]},"properties":{"id":"111032","n":"Walube Water Spring No 771","t":"ps","c":"Kakamega"}},{"type":"Feature","geometry":{"type":"Point","coordinates":[34.580147,0.168828]},"properties":{"id":"15998880","n":"Mukhula Water Spring No 543","t":"ps","c":"Kakamega"}},{"type":"Feature","geometry":{"type":"Point","coordinates":[34.57473,0.131657]},"properties":{"id":"6661203","n":"Namungu Water Spring No 699","t":"ps","c":"Kakamega"}},{"type":"Feature","geometry":{"type":"Point","coordinates":[34.570873,0.164252]},"properties":{"id":"26457042","n":"Ndakala Water Spring","t":"ps","c":"Kakamega"}},{"type":"Feature","geometry":{"type":"Point","coordinates":[34.558387,0.157857]},"properties":{"id":"6439417","n":"Oyondi water spring","t":"ps","c":"Kakamega"}},{"type":"Feature","geometry":{"type":"Point","coordinates":[34.545555,0.154537]},"properties":{"id":"3511549","n":"Amulabu water spring","t":"ps","c":"Kakamega"}},{"type":"Feature","geometry":{"type":"Point","coordinates":[34.541517,0.155753]},"properties":{"id":"22358424","n":"Muchibiri WATER SPRING","t":"ps","c":"Kakamega"}},{"type":"Feature","geometry":{"type":"Point","coordinates":[34.582468,0.119713]},"properties":{"id":"9370564","n":"Icheshe Water Spring No 385","t":"ps","c":"Kakamega"}},{"type":"Feature","geometry":{"type":"Point","coordinates":[34.535348,0.167367]},"properties":{"id":"27182954","n":"Musitundu Water Spring No 640","t":"ps","c":"Kakamega"}},{"type":"Feature","geometry":{"type":"Point","coordinates":[34.553548,0.133892]},"properties":{"id":"23511086","n":"Amboka Water Spring No 506","t":"ps","c":"Kakamega"}},{"type":"Feature","geometry":{"type":"Point","coordinates":[34.572023,0.165437]},"properties":{"id":"26457011","n":"Waotiende Water Spring","t":"ps","c":"Kakamega"}},{"type":"Feature","geometry":{"type":"Point","coordinates":[34.569727,0.119275]},"properties":{"id":"7253252","n":"Khumulundu Water Spring","t":"ps","c":"Kakamega"}},{"type":"Feature","geometry":{"type":"Point","coordinates":[34.597755,0.182315]},"properties":{"id":"24135502","n":"Nandwa Water Spring No 515","t":"ps","c":"Kakamega"}},{"type":"Feature","geometry":{"type":"Point","coordinates":[34.553037,0.141972]},"properties":{"id":"25703838","n":"Amukobe Water Spring No 461","t":"ps","c":"Kakamega"}},{"type":"Feature","geometry":{"type":"Point","coordinates":[34.564562,0.116147]},"properties":{"id":"5478736","n":"Mushaebo Water Spring","t":"ps","c":"Kakamega"}},{"type":"Feature","geometry":{"type":"Point","coordinates":[34.58484,0.170657]},"properties":{"id":"25703979","n":"Omulando Water Spring No 542","t":"ps","c":"Kakamega"}},{"type":"Feature","geometry":{"type":"Point","coordinates":[34.577183,0.165157]},"properties":{"id":"25703931","n":"Kwachimongo Water Spring No 660","t":"ps","c":"Kakamega"}},{"type":"Feature","geometry":{"type":"Point","coordinates":[34.56412,0.134945]},"properties":{"id":"15055088","n":"Orao Water Spring","t":"ps","c":"Kakamega"}},{"type":"Feature","geometry":{"type":"Point","coordinates":[34.527352,0.149973]},"properties":{"id":"3511525","n":"Ebulwani Water Spring","t":"ps","c":"Kakamega"}},{"type":"Feature","geometry":{"type":"Point","coordinates":[34.598333,0.179237]},"properties":{"id":"24135492","n":"Omumia Water Spring No 514","t":"ps","c":"Kakamega"}},{"type":"Feature","geometry":{"type":"Point","coordinates":[34.545835,0.153435]},"properties":{"id":"3511532","n":"Ochami water spring","t":"ps","c":"Kakamega"}},{"type":"Feature","geometry":{"type":"Point","coordinates":[34.552137,0.172292]},"properties":{"id":"6779603","n":"Ikhonga water spring","t":"ps","c":"Kakamega"}},{"type":"Feature","geometry":{"type":"Point","coordinates":[34.559695,0.163359]},"properties":{"id":"26457073","n":"Mulunzalanza Water Spring","t":"ps","c":"Kakamega"}},{"type":"Feature","geometry":{"type":"Point","coordinates":[34.596858,0.18332]},"properties":{"id":"24135519","n":"Ayako Water Spring No 520","t":"ps","c":"Kakamega"}},{"type":"Feature","geometry":{"type":"Point","coordinates":[34.583318,0.124503]},"properties":{"id":"3511594","n":"Icheshe Water Spring","t":"ps","c":"Kakamega"}},{"type":"Feature","geometry":{"type":"Point","coordinates":[34.538798,0.163111]},"properties":{"id":"22358527","n":"Nairobo WATER SPRING","t":"ps","c":"Kakamega"}},{"type":"Feature","geometry":{"type":"Point","coordinates":[34.56449,0.13628]},"properties":{"id":"15055095","n":"Amukhuma Water Spring","t":"ps","c":"Kakamega"}},{"type":"Feature","geometry":{"type":"Point","coordinates":[34.557945,0.132389]},"properties":{"id":"46921343","n":"Katiechi Water Spring No","t":"ps","c":"Kakamega"}},{"type":"Feature","geometry":{"type":"Point","coordinates":[34.554985,0.123258]},"properties":{"id":"5478750","n":"Ewakepha Water Spring","t":"ps","c":"Kakamega"}},{"type":"Feature","geometry":{"type":"Point","coordinates":[34.556882,0.127165]},"properties":{"id":"5478767","n":"Ebuluma water spring","t":"ps","c":"Kakamega"}},{"type":"Feature","geometry":{"type":"Point","coordinates":[34.532083,0.169057]},"properties":{"id":"22358493","n":"Nasitsi Water Spring","t":"ps","c":"Kakamega"}},{"type":"Feature","geometry":{"type":"Point","coordinates":[34.559285,0.105603]},"properties":{"id":"27315167","n":"Imbusi Water Spring No 643","t":"ps","c":"Kakamega"}},{"type":"Feature","geometry":{"type":"Point","coordinates":[34.581409,0.11961]},"properties":{"id":"9370557","n":"Kitina Water Spring No 387","t":"ps","c":"Kakamega"}},{"type":"Feature","geometry":{"type":"Point","coordinates":[34.567378,0.166453]},"properties":{"id":"27963694","n":"Mare Water Spring","t":"ps","c":"Kakamega"}},{"type":"Feature","geometry":{"type":"Point","coordinates":[34.600495,0.179367]},"properties":{"id":"24135571","n":"Mungabila Water Spring No 697","t":"ps","c":"Kakamega"}},{"type":"Feature","geometry":{"type":"Point","coordinates":[34.556947,0.181813]},"properties":{"id":"25704004","n":"Mulusenu Water Spring No 698","t":"ps","c":"Kakamega"}},{"type":"Feature","geometry":{"type":"Point","coordinates":[34.56001,0.13239]},"properties":{"id":"5413021","n":"Mushitinji Water Spring No 953","t":"ps","c":"Kakamega"}},{"type":"Feature","geometry":{"type":"Point","coordinates":[34.55302,0.141972]},"properties":{"id":"8224923","n":"Amukobe water spring","t":"ps","c":"Kakamega"}},{"type":"Feature","geometry":{"type":"Point","coordinates":[34.540365,0.160358]},"properties":{"id":"22358448","n":"Waindiashi WATER SPRING","t":"ps","c":"Kakamega"}},{"type":"Feature","geometry":{"type":"Point","coordinates":[34.579552,0.166535]},"properties":{"id":"25703900","n":"Omutayi Water Spring No 652","t":"ps","c":"Kakamega"}},{"type":"Feature","geometry":{"type":"Point","coordinates":[34.570699,0.166205]},"properties":{"id":"26457028","n":"Libole Water Spring","t":"ps","c":"Kakamega"}},{"type":"Feature","geometry":{"type":"Point","coordinates":[34.542227,0.163645]},"properties":{"id":"27182930","n":"Mwiholia Water Spring No 558","t":"ps","c":"Kakamega"}},{"type":"Feature","geometry":{"type":"Point","coordinates":[34.57109,0.127928]},"properties":{"id":"27183027","n":"Namayi Water Spring No 915","t":"ps","c":"Kakamega"}},{"type":"Feature","geometry":{"type":"Point","coordinates":[34.573423,0.116388]},"properties":{"id":"9369906","n":"Okanga Water Spring No 410","t":"ps","c":"Kakamega"}},{"type":"Feature","geometry":{"type":"Point","coordinates":[34.580578,0.142125]},"properties":{"id":"8223300","n":"Wafesto water spring","t":"ps","c":"Kakamega"}},{"type":"Feature","geometry":{"type":"Point","coordinates":[34.578008,0.153865]},"properties":{"id":"26167844","n":"Elijah Water Spring No 1003","t":"ps","c":"Kakamega"}},{"type":"Feature","geometry":{"type":"Point","coordinates":[34.541444,0.154881]},"properties":{"id":"22358417","n":"Waokoti  WATER SPRING","t":"ps","c":"Kakamega"}},{"type":"Feature","geometry":{"type":"Point","coordinates":[34.532768,0.169457]},"properties":{"id":"22358503","n":"Eluleche Water Spring","t":"ps","c":"Kakamega"}},{"type":"Feature","geometry":{"type":"Point","coordinates":[34.610672,0.139847]},"properties":{"id":"6661746","n":"Omuka Water Spring No 331","t":"ps","c":"Kakamega"}},{"type":"Feature","geometry":{"type":"Point","coordinates":[34.60947,0.148903]},"properties":{"id":"543343","n":"Msoto water spring","t":"ps","c":"Kakamega"}},{"type":"Feature","geometry":{"type":"Point","coordinates":[34.645625,0.142757]},"properties":{"id":"402533106","n":"Machengo Water Spring No 1723","t":"ps","c":"Kakamega"}},{"type":"Feature","geometry":{"type":"Point","coordinates":[34.62393,0.15159]},"properties":{"id":"9590698","n":"Owango Water Spring No 299","t":"ps","c":"Kakamega"}},{"type":"Feature","geometry":{"type":"Point","coordinates":[34.647713,0.15007]},"properties":{"id":"25703694","n":"Ebukhulunya Water Spring No 145","t":"ps","c":"Kakamega"}},{"type":"Feature","geometry":{"type":"Point","coordinates":[34.656839,0.143485]},"properties":{"id":"22358558","n":"Emulunya Water Spring","t":"ps","c":"Kakamega"}},{"type":"Feature","geometry":{"type":"Point","coordinates":[34.59447,0.134334]},"properties":{"id":"3749881","n":"Hambane Women Group - 4334","t":"bh","c":"Kakamega"}},{"type":"Feature","geometry":{"type":"Point","coordinates":[34.611187,0.134528]},"properties":{"id":"6661265","n":"Mungutu Water Spring No 305","t":"ps","c":"Kakamega"}},{"type":"Feature","geometry":{"type":"Point","coordinates":[34.610683,0.13756]},"properties":{"id":"6661739","n":"Woluleka Water Spring No 306","t":"ps","c":"Kakamega"}},{"type":"Feature","geometry":{"type":"Point","coordinates":[34.594161,0.138972]},"properties":{"id":"27182909","n":"Okanga Water Spring No 912","t":"ps","c":"Kakamega"}},{"type":"Feature","geometry":{"type":"Point","coordinates":[34.610838,0.140787]},"properties":{"id":"211690029","n":"Wondondo Water Spring No1263","t":"ps","c":"Kakamega"}},{"type":"Feature","geometry":{"type":"Point","coordinates":[34.638052,0.161475]},"properties":{"id":"26492478","n":"Matika Water Spring No 276","t":"ps","c":"Kakamega"}},{"type":"Feature","geometry":{"type":"Point","coordinates":[34.667618,0.156962]},"properties":{"id":"3511776","n":"Munyangaka Water Spring 417","t":"ps","c":"Kakamega"}},{"type":"Feature","geometry":{"type":"Point","coordinates":[34.625911,0.13618]},"properties":{"id":"34155187","n":"Wasophia Water Spring 906","t":"ps","c":"Kakamega"}},{"type":"Feature","geometry":{"type":"Point","coordinates":[34.674828,0.165458]},"properties":{"id":"211691790","n":"Wanacholi Water Spring No 1421","t":"ps","c":"Kakamega"}},{"type":"Feature","geometry":{"type":"Point","coordinates":[34.606343,0.150658]},"properties":{"id":"543350","n":"Mulwale water spring","t":"ps","c":"Kakamega"}},{"type":"Feature","geometry":{"type":"Point","coordinates":[34.590198,0.132473]},"properties":{"id":"5478729","n":"Emulalwa Water Spring","t":"ps","c":"Kakamega"}},{"type":"Feature","geometry":{"type":"Point","coordinates":[34.605543,0.14982]},"properties":{"id":"543367","n":"Wamolwa  water spring","t":"ps","c":"Kakamega"}},{"type":"Feature","geometry":{"type":"Point","coordinates":[34.649218,0.139442]},"properties":{"id":"26492461","n":"Owamusasia Water Spring No 114","t":"ps","c":"Kakamega"}},{"type":"Feature","geometry":{"type":"Point","coordinates":[34.668643,0.146872]},"properties":{"id":"12216792","n":"Musitinyi Water Spring No 649","t":"ps","c":"Kakamega"}},{"type":"Feature","geometry":{"type":"Point","coordinates":[34.660897,0.151832]},"properties":{"id":"3511817","n":"Eshikwata Water Spring","t":"ps","c":"Kakamega"}},{"type":"Feature","geometry":{"type":"Point","coordinates":[34.649463,0.136684]},"properties":{"id":"22358589","n":"Wamusa WATER SPRING","t":"ps","c":"Kakamega"}},{"type":"Feature","geometry":{"type":"Point","coordinates":[34.644292,0.160262]},"properties":{"id":"25703728","n":"Luvembe Water Spring No 329","t":"ps","c":"Kakamega"}},{"type":"Feature","geometry":{"type":"Point","coordinates":[34.625602,0.140622]},"properties":{"id":"29168439","n":"Wajairus Water Spring No 386","t":"ps","c":"Kakamega"}},{"type":"Feature","geometry":{"type":"Point","coordinates":[34.581372,0.137045]},"properties":{"id":"8223283","n":"Atulo water spring","t":"ps","c":"Kakamega"}},{"type":"Feature","geometry":{"type":"Point","coordinates":[34.648557,0.140355]},"properties":{"id":"26492454","n":"Ebutuku Water Spring No 118","t":"ps","c":"Kakamega"}},{"type":"Feature","geometry":{"type":"Point","coordinates":[34.646817,0.14726]},"properties":{"id":"15054812","n":"Shibubu Water Spring","t":"ps","c":"Kakamega"}},{"type":"Feature","geometry":{"type":"Point","coordinates":[34.648643,0.151895]},"properties":{"id":"25703704","n":"Ebutindi Water Spring No 280","t":"ps","c":"Kakamega"}},{"type":"Feature","geometry":{"type":"Point","coordinates":[34.642858,0.159095]},"properties":{"id":"489100","n":"Olunayo Water Spring No 345","t":"ps","c":"Kakamega"}},{"type":"Feature","geometry":{"type":"Point","coordinates":[34.639283,0.156667]},"properties":{"id":"39983","n":"Mukubi Water Spring No 357","t":"ps","c":"Kakamega"}},{"type":"Feature","geometry":{"type":"Point","coordinates":[34.663948,0.131773]},"properties":{"id":"12216266","n":"Mushilongo Water Spring No 279","t":"ps","c":"Kakamega"}},{"type":"Feature","geometry":{"type":"Point","coordinates":[34.636055,0.152527]},"properties":{"id":"39976","n":"Alukokhwe Water Spring No 366","t":"ps","c":"Kakamega"}},{"type":"Feature","geometry":{"type":"Point","coordinates":[34.61206,0.143757]},"properties":{"id":"543226","n":"Mudura Water Spring","t":"ps","c":"Kakamega"}},{"type":"Feature","geometry":{"type":"Point","coordinates":[34.649788,0.154853]},"properties":{"id":"25703711","n":"Wamakonjio Water Spring No 119","t":"ps","c":"Kakamega"}},{"type":"Feature","geometry":{"type":"Point","coordinates":[34.670385,0.14492]},"properties":{"id":"5431164","n":"Wasimiti Water Spring No 1016","t":"ps","c":"Kakamega"}},{"type":"Feature","geometry":{"type":"Point","coordinates":[34.612762,0.15078]},"properties":{"id":"6661777","n":"Imbundu Water Spring No 182","t":"ps","c":"Kakamega"}},{"type":"Feature","geometry":{"type":"Point","coordinates":[34.669357,0.141352]},"properties":{"id":"12216819","n":"Wapamo Water Spring No 258","t":"ps","c":"Kakamega"}},{"type":"Feature","geometry":{"type":"Point","coordinates":[34.635635,0.144917]},"properties":{"id":"31896861","n":"Oure Water Spring No","t":"ps","c":"Kakamega"}},{"type":"Feature","geometry":{"type":"Point","coordinates":[34.64685,0.140837]},"properties":{"id":"15054881","n":"Weliseba  Water Spring","t":"ps","c":"Kakamega"}},{"type":"Feature","geometry":{"type":"Point","coordinates":[34.672187,0.143617]},"properties":{"id":"24704986","n":"Matendechere Water Spring No 1002","t":"ps","c":"Kakamega"}},{"type":"Feature","geometry":{"type":"Point","coordinates":[34.67341,0.14582]},"properties":{"id":"24704979","n":"Ebushibungo Water Spring No 1001","t":"ps","c":"Kakamega"}},{"type":"Feature","geometry":{"type":"Point","coordinates":[34.661693,0.153962]},"properties":{"id":"3511824","n":"East Water Spring","t":"ps","c":"Kakamega"}},{"type":"Feature","geometry":{"type":"Point","coordinates":[34.579577,0.139672]},"properties":{"id":"34155194","n":"Oloko Water Spring","t":"ps","c":"Kakamega"}},{"type":"Feature","geometry":{"type":"Point","coordinates":[34.64389,0.143433]},"properties":{"id":"15054867","n":"Emakunda Water Spring","t":"ps","c":"Kakamega"}},{"type":"Feature","geometry":{"type":"Point","coordinates":[34.644543,0.14643]},"properties":{"id":"15054836","n":"Mushibubu Water Spring","t":"ps","c":"Kakamega"}},{"type":"Feature","geometry":{"type":"Point","coordinates":[34.649936,0.136842]},"properties":{"id":"22358572","n":"Walukhachi Water Spring","t":"ps","c":"Kakamega"}},{"type":"Feature","geometry":{"type":"Point","coordinates":[34.604745,0.139213]},"properties":{"id":"211690036","n":"Oyolo Water Spring No 1264","t":"ps","c":"Kakamega"}},{"type":"Feature","geometry":{"type":"Point","coordinates":[34.625753,0.13901]},"properties":{"id":"34155101","n":"Wakhamasi Water Sring","t":"ps","c":"Kakamega"}},{"type":"Feature","geometry":{"type":"Point","coordinates":[34.582115,0.139567]},"properties":{"id":"8223290","n":"Mwinami water spring","t":"ps","c":"Kakamega"}},{"type":"Feature","geometry":{"type":"Point","coordinates":[34.613582,0.145143]},"properties":{"id":"543219","n":"Obuchere Water Spring","t":"ps","c":"Kakamega"}},{"type":"Feature","geometry":{"type":"Point","coordinates":[34.647627,0.148672]},"properties":{"id":"15054829","n":"Ebudindi Water Spring","t":"ps","c":"Kakamega"}},{"type":"Feature","geometry":{"type":"Point","coordinates":[34.62587,0.13224]},"properties":{"id":"211690074","n":"Walusiukha Water Spring No 1266","t":"ps","c":"Kakamega"}},{"type":"Feature","geometry":{"type":"Point","coordinates":[34.656072,0.13932]},"properties":{"id":"111094","n":"Eshiambutsi water spring","t":"ps","c":"Kakamega"}},{"type":"Feature","geometry":{"type":"Point","coordinates":[34.637752,0.137082]},"properties":{"id":"25703687","n":"Wajerusa Water Spring No t7","t":"ps","c":"Kakamega"}},{"type":"Feature","geometry":{"type":"Point","coordinates":[34.672353,0.161367]},"properties":{"id":"12216280","n":"Khamati Water Spring No 149","t":"ps","c":"Kakamega"}},{"type":"Feature","geometry":{"type":"Point","coordinates":[34.617817,0.134958]},"properties":{"id":"3750779","n":"UCC 2020 - Emalindi Girls Secondary School Borehole Well","t":"bh","c":"Kakamega"}},{"type":"Feature","geometry":{"type":"Point","coordinates":[34.576587,0.136465]},"properties":{"id":"13248325","n":"Buliba Water Spring","t":"ps","c":"Kakamega"}},{"type":"Feature","geometry":{"type":"Point","coordinates":[34.615155,0.150925]},"properties":{"id":"9590722","n":"Bwala Water Spring No 406","t":"ps","c":"Kakamega"}},{"type":"Feature","geometry":{"type":"Point","coordinates":[34.639657,0.143722]},"properties":{"id":"13629393","n":"Okech Water Spring No 59","t":"ps","c":"Kakamega"}},{"type":"Feature","geometry":{"type":"Point","coordinates":[34.660252,0.131148]},"properties":{"id":"28670078","n":"Inzolio Water Spring No 947","t":"ps","c":"Kakamega"}},{"type":"Feature","geometry":{"type":"Point","coordinates":[34.678888,0.154692]},"properties":{"id":"211691611","n":"Aliero Water Spring No 1396","t":"ps","c":"Kakamega"}},{"type":"Feature","geometry":{"type":"Point","coordinates":[34.60381,0.126048]},"properties":{"id":"489124","n":"Akatu Water Spring No 684","t":"ps","c":"Kakamega"}},{"type":"Feature","geometry":{"type":"Point","coordinates":[34.674763,0.143367]},"properties":{"id":"13921655","n":"Wakalepu Water Spring","t":"ps","c":"Kakamega"}},{"type":"Feature","geometry":{"type":"Point","coordinates":[34.667822,0.134715]},"properties":{"id":"3511752","n":"Ndori Water Spring","t":"ps","c":"Kakamega"}},{"type":"Feature","geometry":{"type":"Point","coordinates":[34.672982,0.13454]},"properties":{"id":"13921648","n":"Wamoto Water Spring","t":"ps","c":"Kakamega"}},{"type":"Feature","geometry":{"type":"Point","coordinates":[34.618413,0.145718]},"properties":{"id":"543202","n":"Bakhoya Water Spring","t":"ps","c":"Kakamega"}},{"type":"Feature","geometry":{"type":"Point","coordinates":[34.633525,0.146848]},"properties":{"id":"9660762","n":"Wetenyi water spring","t":"ps","c":"Kakamega"}},{"type":"Feature","geometry":{"type":"Point","coordinates":[34.610616,0.141746]},"properties":{"id":"6661753","n":"Ayuku Water Spring No 321","t":"ps","c":"Kakamega"}},{"type":"Feature","geometry":{"type":"Point","coordinates":[34.677507,0.153092]},"properties":{"id":"15998440","n":"Womungaya Water Spring No 122","t":"ps","c":"Kakamega"}},{"type":"Feature","geometry":{"type":"Point","coordinates":[34.678722,0.1523]},"properties":{"id":"211690737","n":"Andalo Water Spring No 1326","t":"ps","c":"Kakamega"}},{"type":"Feature","geometry":{"type":"Point","coordinates":[34.635242,0.133105]},"properties":{"id":"25703632","n":"Wazadock Water Spring No 72","t":"ps","c":"Kakamega"}},{"type":"Feature","geometry":{"type":"Point","coordinates":[34.611957,0.131518]},"properties":{"id":"211690012","n":"Mushirula Water Spring No 1262","t":"ps","c":"Kakamega"}},{"type":"Feature","geometry":{"type":"Point","coordinates":[34.655068,0.132477]},"properties":{"id":"15998464","n":"Wokalo Water Spring No 127","t":"ps","c":"Kakamega"}},{"type":"Feature","geometry":{"type":"Point","coordinates":[34.662218,0.155183]},"properties":{"id":"3511831","n":"Ebukhonya Water Spring","t":"ps","c":"Kakamega"}},{"type":"Feature","geometry":{"type":"Point","coordinates":[34.644545,0.142862]},"properties":{"id":"15054874","n":"Esipichi WATER SPRING","t":"ps","c":"Kakamega"}},{"type":"Feature","geometry":{"type":"Point","coordinates":[34.640157,0.162873]},"properties":{"id":"26492485","n":"Machengo Water Spring No 255","t":"ps","c":"Kakamega"}},{"type":"Feature","geometry":{"type":"Point","coordinates":[34.640555,0.158542]},"properties":{"id":"39990","n":"Kwaochami Water Spring No 349","t":"ps","c":"Kakamega"}},{"type":"Feature","geometry":{"type":"Point","coordinates":[34.608417,0.131077]},"properties":{"id":"3750762","n":"UCC 2018 - Eshibinga Community Water Supply Project","t":"bh","c":"Kakamega"}},{"type":"Feature","geometry":{"type":"Point","coordinates":[34.648973,0.138558]},"properties":{"id":"15054898","n":"Walukachi Water Spring","t":"ps","c":"Kakamega"}},{"type":"Feature","geometry":{"type":"Point","coordinates":[34.637253,0.136355]},"properties":{"id":"25703670","n":"Watobias Water Spring No 53","t":"ps","c":"Kakamega"}},{"type":"Feature","geometry":{"type":"Point","coordinates":[34.622473,0.147023]},"properties":{"id":"11831200","n":"Waomolo Water Spring","t":"ps","c":"Kakamega"}},{"type":"Feature","geometry":{"type":"Point","coordinates":[34.674938,0.14944]},"properties":{"id":"7813795","n":"Ebushinini water spring","t":"ps","c":"Kakamega"}},{"type":"Feature","geometry":{"type":"Point","coordinates":[34.640352,0.144618]},"properties":{"id":"15054843","n":"Hotihoti Water Spring","t":"ps","c":"Kakamega"}},{"type":"Feature","geometry":{"type":"Point","coordinates":[34.637952,0.138816]},"properties":{"id":"31896878","n":"Wacaleb Water Spring No 75","t":"ps","c":"Kakamega"}},{"type":"Feature","geometry":{"type":"Point","coordinates":[34.678838,0.140378]},"properties":{"id":"13921662","n":"Mushiora Water Spring","t":"ps","c":"Kakamega"}},{"type":"Feature","geometry":{"type":"Point","coordinates":[34.653584,0.138464]},"properties":{"id":"22358565","n":"Kwaamunga  Water Spring 144","t":"ps","c":"Kakamega"}},{"type":"Feature","geometry":{"type":"Point","coordinates":[34.66581,0.135864]},"properties":{"id":"15998457","n":"Mulepa Water Spring No 161","t":"ps","c":"Kakamega"}},{"type":"Feature","geometry":{"type":"Point","coordinates":[34.670892,0.142788]},"properties":{"id":"24704993","n":"Indiabana Water Spring No 1000","t":"ps","c":"Kakamega"}},{"type":"Feature","geometry":{"type":"Point","coordinates":[34.625552,0.140564]},"properties":{"id":"34155170","n":"Wajairus Water Spring","t":"ps","c":"Kakamega"}},{"type":"Feature","geometry":{"type":"Point","coordinates":[34.665595,0.137797]},"properties":{"id":"18914058","n":"Ogola Water Spring No 969","t":"ps","c":"Kakamega"}},{"type":"Feature","geometry":{"type":"Point","coordinates":[34.63208,0.154263]},"properties":{"id":"9764329","n":"Emalere Water Spring No 174","t":"ps","c":"Kakamega"}},{"type":"Feature","geometry":{"type":"Point","coordinates":[34.618798,0.150862]},"properties":{"id":"6661818","n":"Limera  Water Spring No 211","t":"ps","c":"Kakamega"}},{"type":"Feature","geometry":{"type":"Point","coordinates":[34.67192,0.149427]},"properties":{"id":"3511769","n":"Wambani Water Spring","t":"ps","c":"Kakamega"}},{"type":"Feature","geometry":{"type":"Point","coordinates":[34.603183,0.130122]},"properties":{"id":"24135461","n":"Munjiti Water Spring No 439","t":"ps","c":"Kakamega"}},{"type":"Feature","geometry":{"type":"Point","coordinates":[34.638337,0.14157]},"properties":{"id":"27963670","n":"Wakopulo Water Spring","t":"ps","c":"Kakamega"}},{"type":"Feature","geometry":{"type":"Point","coordinates":[34.669777,0.146138]},"properties":{"id":"13797740","n":"Matsukhu water spring","t":"ps","c":"Kakamega"}},{"type":"Feature","geometry":{"type":"Point","coordinates":[34.63493,0.152043]},"properties":{"id":"39969","n":"Eshilongo Water Spring No 360","t":"ps","c":"Kakamega"}},{"type":"Feature","geometry":{"type":"Point","coordinates":[34.650247,0.157447]},"properties":{"id":"25703780","n":"Evuthemba Water Spring No 124","t":"ps","c":"Kakamega"}},{"type":"Feature","geometry":{"type":"Point","coordinates":[34.639607,0.14374]},"properties":{"id":"15054850","n":"Okech Water Spring","t":"ps","c":"Kakamega"}},{"type":"Feature","geometry":{"type":"Point","coordinates":[34.649293,0.159777]},"properties":{"id":"25703735","n":"Wamoyo Water Spring No 115","t":"ps","c":"Kakamega"}},{"type":"Feature","geometry":{"type":"Point","coordinates":[34.622548,0.147075]},"properties":{"id":"6997687","n":"Waomolo Water Spring No 359","t":"ps","c":"Kakamega"}},{"type":"Feature","geometry":{"type":"Point","coordinates":[34.57662,0.13744]},"properties":{"id":"27963687","n":"Ameso Water Spring","t":"ps","c":"Kakamega"}},{"type":"Feature","geometry":{"type":"Point","coordinates":[34.626738,0.133243]},"properties":{"id":"25703649","n":"Obonyo Water Spring No 96","t":"ps","c":"Kakamega"}},{"type":"Feature","geometry":{"type":"Point","coordinates":[34.638135,0.141022]},"properties":{"id":"110938","n":"Amang'ula water spring","t":"ps","c":"Kakamega"}},{"type":"Feature","geometry":{"type":"Point","coordinates":[34.630382,0.188677]},"properties":{"id":"25704183","n":"Abakalwa Water Spring No 186","t":"ps","c":"Kakamega"}},{"type":"Feature","geometry":{"type":"Point","coordinates":[34.635567,0.196732]},"properties":{"id":"25704121","n":"Wabiba Water Spring No 197","t":"ps","c":"Kakamega"}},{"type":"Feature","geometry":{"type":"Point","coordinates":[34.624445,0.184353]},"properties":{"id":"523227700","n":"Eshilibo A US1","t":"us","c":"Kakamega"}},{"type":"Feature","geometry":{"type":"Point","coordinates":[34.625303,0.190943]},"properties":{"id":"523291576","n":"Eshilibo PS1","t":"ps","c":"Kakamega"}},{"type":"Feature","geometry":{"type":"Point","coordinates":[34.629765,0.204268]},"properties":{"id":"523298951","n":"Mulwanda A PD8","t":"pdw","c":"Kakamega"}},{"type":"Feature","geometry":{"type":"Point","coordinates":[34.603425,0.172308]},"properties":{"id":"9590746","n":"Bukachi Water Spring No 391","t":"ps","c":"Kakamega"}},{"type":"Feature","geometry":{"type":"Point","coordinates":[34.649062,0.169402]},"properties":{"id":"26491439","n":"Libuku Water Spring No 297","t":"ps","c":"Kakamega"}},{"type":"Feature","geometry":{"type":"Point","coordinates":[34.63522,0.2019]},"properties":{"id":"523289247","n":"Mulwanda PD3","t":"pdw","c":"Kakamega"}},{"type":"Feature","geometry":{"type":"Point","coordinates":[34.6153,0.17305]},"properties":{"id":"9592944","n":"Kwaimbumi Water Spring No 433","t":"ps","c":"Kakamega"}},{"type":"Feature","geometry":{"type":"Point","coordinates":[34.62892,0.18767]},"properties":{"id":"25704176","n":"Kutwa Water Spring No 195","t":"ps","c":"Kakamega"}},{"type":"Feature","geometry":{"type":"Point","coordinates":[34.659292,0.16619]},"properties":{"id":"211690380","n":"Kufubu Water Spring No 1306","t":"ps","c":"Kakamega"}},{"type":"Feature","geometry":{"type":"Point","coordinates":[34.642475,0.185723]},"properties":{"id":"26491381","n":"Eshibukho Water Spring No 232","t":"ps","c":"Kakamega"}},{"type":"Feature","geometry":{"type":"Point","coordinates":[34.624911,0.163686]},"properties":{"id":"17388368","n":"Elukani, Ongari Spring - 18099","t":"ps","c":"Kakamega"}},{"type":"Feature","geometry":{"type":"Point","coordinates":[34.628735,0.172072]},"properties":{"id":"26495419","n":"Wamukoma Water Spring No 227","t":"ps","c":"Kakamega"}},{"type":"Feature","geometry":{"type":"Point","coordinates":[34.640407,0.199448]},"properties":{"id":"523229393","n":"Mulwanda US2","t":"us","c":"Kakamega"}},{"type":"Feature","geometry":{"type":"Point","coordinates":[34.657143,0.164487]},"properties":{"id":"25703773","n":"Welilondo Water Spring No 108","t":"ps","c":"Kakamega"}},{"type":"Feature","geometry":{"type":"Point","coordinates":[34.63818,0.185067]},"properties":{"id":"26102586","n":"Opwaka Water Spring No 304","t":"ps","c":"Kakamega"}},{"type":"Feature","geometry":{"type":"Point","coordinates":[34.642092,0.166198]},"properties":{"id":"26491831","n":"Ebukwiri Water Spring No 257","t":"ps","c":"Kakamega"}},{"type":"Feature","geometry":{"type":"Point","coordinates":[34.62836,0.20496]},"properties":{"id":"523341794","n":"Mulwanda A PD7","t":"pdw","c":"Kakamega"}},{"type":"Feature","geometry":{"type":"Point","coordinates":[34.644842,0.183815]},"properties":{"id":"26492382","n":"Ambetsa Water Spring No 153","t":"ps","c":"Kakamega"}},{"type":"Feature","geometry":{"type":"Point","coordinates":[34.603864,0.181261]},"properties":{"id":"6616904","n":"Mungabira Water Spring No 672","t":"ps","c":"Kakamega"}},{"type":"Feature","geometry":{"type":"Point","coordinates":[34.611255,0.189186]},"properties":{"id":"679035480","n":"Shisango Primary School - 22291","t":"bh","c":"Kakamega","d":90.0}},{"type":"Feature","geometry":{"type":"Point","coordinates":[34.650242,0.160083]},"properties":{"id":"25703742","n":"Eshitoyi Water Spring No 121","t":"ps","c":"Kakamega"}},{"type":"Feature","geometry":{"type":"Point","coordinates":[34.628407,0.197867]},"properties":{"id":"523307936","n":"Eshiekomola PD4","t":"pdw","c":"Kakamega"}},{"type":"Feature","geometry":{"type":"Point","coordinates":[34.608607,0.15927]},"properties":{"id":"6661791","n":"Olenge Water Spring No 229","t":"ps","c":"Kakamega"}},{"type":"Feature","geometry":{"type":"Point","coordinates":[34.650895,0.163025]},"properties":{"id":"26491855","n":"Wamakale Water Spring No 120","t":"ps","c":"Kakamega"}},{"type":"Feature","geometry":{"type":"Point","coordinates":[34.597305,0.154178]},"properties":{"id":"24135485","n":"Andoyi Water Spring No 123","t":"ps","c":"Kakamega"}},{"type":"Feature","geometry":{"type":"Point","coordinates":[34.588273,0.14562]},"properties":{"id":"25703883","n":"Eshirali Water Spring No 520","t":"ps","c":"Kakamega"}},{"type":"Feature","geometry":{"type":"Point","coordinates":[34.631422,0.205732]},"properties":{"id":"523248578","n":"Mulwanda A PD1","t":"pdw","c":"Kakamega"}},{"type":"Feature","geometry":{"type":"Point","coordinates":[34.641077,0.172103]},"properties":{"id":"26492492","n":"Andayi Water Spring No 228","t":"ps","c":"Kakamega"}},{"type":"Feature","geometry":{"type":"Point","coordinates":[34.644957,0.187377]},"properties":{"id":"26491398","n":"Kwaanyanje Water Spring No 303","t":"ps","c":"Kakamega"}},{"type":"Feature","geometry":{"type":"Point","coordinates":[34.604598,0.17177]},"properties":{"id":"9590753","n":"Kwanaman Water Spring No 392","t":"ps","c":"Kakamega"}},{"type":"Feature","geometry":{"type":"Point","coordinates":[34.614612,0.172037]},"properties":{"id":"25704080","n":"Kwambinji Water Spring No 437","t":"ps","c":"Kakamega"}},{"type":"Feature","geometry":{"type":"Point","coordinates":[34.642705,0.172567]},"properties":{"id":"26491879","n":"Kwaanalo Water Spring No 281","t":"ps","c":"Kakamega"}},{"type":"Feature","geometry":{"type":"Point","coordinates":[34.588862,0.14767]},"properties":{"id":"25703890","n":"Ebutondo Water Spring No 518","t":"ps","c":"Kakamega"}},{"type":"Feature","geometry":{"type":"Point","coordinates":[34.635423,0.201978]},"properties":{"id":"523295525","n":"Mulwanda PD2","t":"pdw","c":"Kakamega"}},{"type":"Feature","geometry":{"type":"Point","coordinates":[34.61204,0.18968]},"properties":{"id":"3750690","n":"A.C.K. Saint Lukes Shisango Church Well - 4187","t":"pdw","c":"Kakamega"}},{"type":"Feature","geometry":{"type":"Point","coordinates":[34.60982,0.190212]},"properties":{"id":"523285810","n":"Ebutenje PD1","t":"pdw","c":"Kakamega"}},{"type":"Feature","geometry":{"type":"Point","coordinates":[34.629922,0.187183]},"properties":{"id":"25704190","n":"Kwamusambayi Water Spring No 196","t":"ps","c":"Kakamega"}},{"type":"Feature","geometry":{"type":"Point","coordinates":[34.59574,0.152085]},"properties":{"id":"24135478","n":"Oruko Water Spring No 199","t":"ps","c":"Kakamega"}},{"type":"Feature","geometry":{"type":"Point","coordinates":[34.635915,0.184978]},"properties":{"id":"9590849","n":"Eshifindi Water Spring No 208","t":"ps","c":"Kakamega"}},{"type":"Feature","geometry":{"type":"Point","coordinates":[34.629102,0.198333]},"properties":{"id":"523301796","n":"Mulwanda A PD17","t":"pdw","c":"Kakamega"}},{"type":"Feature","geometry":{"type":"Point","coordinates":[34.633212,0.160943]},"properties":{"id":"9764312","n":"Boaz Water Spring No 158","t":"ps","c":"Kakamega"}},{"type":"Feature","geometry":{"type":"Point","coordinates":[34.61722,0.1564]},"properties":{"id":"9590715","n":"Mukhabushi Water Spring No 209","t":"ps","c":"Kakamega"}},{"type":"Feature","geometry":{"type":"Point","coordinates":[34.660442,0.164653]},"properties":{"id":"211690397","n":"Shiolela Water Spring No 1305","t":"ps","c":"Kakamega"}},{"type":"Feature","geometry":{"type":"Point","coordinates":[34.631177,0.205487]},"properties":{"id":"523300733","n":"Mulwanda A PD2","t":"pdw","c":"Kakamega"}},{"type":"Feature","geometry":{"type":"Point","coordinates":[34.625982,0.199022]},"properties":{"id":"523285308","n":"Eshiekomola PD3","t":"pdw","c":"Kakamega"}},{"type":"Feature","geometry":{"type":"Point","coordinates":[34.643965,0.164418]},"properties":{"id":"26491824","n":"Kwawere Water Spring No 259","t":"ps","c":"Kakamega"}},{"type":"Feature","geometry":{"type":"Point","coordinates":[34.637933,0.189792]},"properties":{"id":"25704217","n":"Techera Water Spring No 226","t":"ps","c":"Kakamega"}},{"type":"Feature","geometry":{"type":"Point","coordinates":[34.62534,0.18258]},"properties":{"id":"25704114","n":"Eshikhomero Water Spring No 256","t":"ps","c":"Kakamega"}},{"type":"Feature","geometry":{"type":"Point","coordinates":[34.621547,0.18882]},"properties":{"id":"523310046","n":"Eshilibo PD2","t":"pdw","c":"Kakamega"}},{"type":"Feature","geometry":{"type":"Point","coordinates":[34.615828,0.185202]},"properties":{"id":"523195278","n":"Eshibembe PS2","t":"ps","c":"Kakamega"}},{"type":"Feature","geometry":{"type":"Point","coordinates":[34.649563,0.17736]},"properties":{"id":"26491817","n":"Oluiko Water Spring No 250","t":"ps","c":"Kakamega"}},{"type":"Feature","geometry":{"type":"Point","coordinates":[34.664742,0.161832]},"properties":{"id":"211690407","n":"Nyakoche Water Spring No 1304","t":"ps","c":"Kakamega"}},{"type":"Feature","geometry":{"type":"Point","coordinates":[34.63628,0.186895]},"properties":{"id":"9590784","n":"Maimba Water Spring No 231","t":"ps","c":"Kakamega"}},{"type":"Feature","geometry":{"type":"Point","coordinates":[34.666353,0.159662]},"properties":{"id":"3511783","n":"Shiarakoma Water Spring","t":"ps","c":"Kakamega"}},{"type":"Feature","geometry":{"type":"Point","coordinates":[34.638305,0.189188]},"properties":{"id":"25704224","n":"Apuya Water Spring No 409","t":"ps","c":"Kakamega"}},{"type":"Feature","geometry":{"type":"Point","coordinates":[34.610647,0.18546]},"properties":{"id":"523246064","n":"EshibembePD1","t":"pdw","c":"Kakamega"}},{"type":"Feature","geometry":{"type":"Point","coordinates":[34.61788,0.157985]},"properties":{"id":"17388351","n":"Ivulugulu, Ishangwela Spring - 18094","t":"ps","c":"Kakamega"}},{"type":"Feature","geometry":{"type":"Point","coordinates":[34.62676,0.17793]},"properties":{"id":"25704097","n":"Walukale  Water Spring No 254","t":"ps","c":"Kakamega"}},{"type":"Feature","geometry":{"type":"Point","coordinates":[34.65618,0.152151]},"properties":{"id":"22358541","n":"Mwifulungu Water Spring","t":"ps","c":"Kakamega"}},{"type":"Feature","geometry":{"type":"Point","coordinates":[34.621578,0.188407]},"properties":{"id":"523278373","n":"Eshilibo PD1","t":"pdw","c":"Kakamega"}},{"type":"Feature","geometry":{"type":"Point","coordinates":[34.626918,0.202823]},"properties":{"id":"523320146","n":"Mulwanda A PD10","t":"pdw","c":"Kakamega"}},{"type":"Feature","geometry":{"type":"Point","coordinates":[34.609155,0.185192]},"properties":{"id":"3750676","n":"Lwanyengo Community - 4335","t":"bh","c":"Kakamega"}},{"type":"Feature","geometry":{"type":"Point","coordinates":[34.6216,0.185293]},"properties":{"id":"523327088","n":"Eshilibo A PD1","t":"pdw","c":"Kakamega"}},{"type":"Feature","geometry":{"type":"Point","coordinates":[34.629258,0.201358]},"properties":{"id":"523286529","n":"Mulwanda A PD14","t":"pdw","c":"Kakamega"}},{"type":"Feature","geometry":{"type":"Point","coordinates":[34.6358,0.20308]},"properties":{"id":"523275222","n":"Mulwanda B PD1","t":"pdw","c":"Kakamega"}},{"type":"Feature","geometry":{"type":"Point","coordinates":[34.641038,0.182073]},"properties":{"id":"26492416","n":"Mamboleo Water Spring No 207","t":"ps","c":"Kakamega"}},{"type":"Feature","geometry":{"type":"Point","coordinates":[34.634873,0.200123]},"properties":{"id":"523293059","n":"Mulwanda B PD5","t":"pdw","c":"Kakamega"}},{"type":"Feature","geometry":{"type":"Point","coordinates":[34.608645,0.160827]},"properties":{"id":"6661784","n":"Kisienya Water Spring No 185","t":"ps","c":"Kakamega"}},{"type":"Feature","geometry":{"type":"Point","coordinates":[34.610332,0.164038]},"properties":{"id":"6617620","n":"Mwituha Water Spring No 235","t":"ps","c":"Kakamega"}},{"type":"Feature","geometry":{"type":"Point","coordinates":[34.633123,0.186787]},"properties":{"id":"9590777","n":"Kwaokuyu Water Spring No 324","t":"ps","c":"Kakamega"}},{"type":"Feature","geometry":{"type":"Point","coordinates":[34.626867,0.186763]},"properties":{"id":"523330727","n":"Eshilibo US1","t":"us","c":"Kakamega"}},{"type":"Feature","geometry":{"type":"Point","coordinates":[34.623138,0.189155]},"properties":{"id":"523248341","n":"Eshilibo PD3","t":"pdw","c":"Kakamega"}},{"type":"Feature","geometry":{"type":"Point","coordinates":[34.615945,0.183333]},"properties":{"id":"523260017","n":"Eshibembe PS1","t":"ps","c":"Kakamega"}},{"type":"Feature","geometry":{"type":"Point","coordinates":[34.649932,0.18295]},"properties":{"id":"26491415","n":"Ndugu Water Spring No 251","t":"ps","c":"Kakamega"}},{"type":"Feature","geometry":{"type":"Point","coordinates":[34.645792,0.187303]},"properties":{"id":"26491408","n":"Kweinyama Water Spring No 143","t":"ps","c":"Kakamega"}},{"type":"Feature","geometry":{"type":"Point","coordinates":[34.634677,0.185628]},"properties":{"id":"9590832","n":"Okwaro Water Spring No 225","t":"ps","c":"Kakamega"}},{"type":"Feature","geometry":{"type":"Point","coordinates":[34.618712,0.187208]},"properties":{"id":"523245520","n":"Eshilibo a UD1","t":"udw","c":"Kakamega"}},{"type":"Feature","geometry":{"type":"Point","coordinates":[34.641675,0.169163]},"properties":{"id":"26491848","n":"Kwaamenya Water Spring No 275","t":"ps","c":"Kakamega"}},{"type":"Feature","geometry":{"type":"Point","coordinates":[34.64905,0.170788]},"properties":{"id":"26491453","n":"Amwayi  Water Spring No 273","t":"ps","c":"Kakamega"}},{"type":"Feature","geometry":{"type":"Point","coordinates":[34.662888,0.161633]},"properties":{"id":"561114387","n":"Riverside Water Spring No 1806","t":"ps","c":"Kakamega"}},{"type":"Feature","geometry":{"type":"Point","coordinates":[34.611607,0.160473]},"properties":{"id":"6661801","n":"Mundobelwa Water Spring No 260","t":"ps","c":"Kakamega"}},{"type":"Feature","geometry":{"type":"Point","coordinates":[34.64924,0.172048]},"properties":{"id":"26491783","n":"Kwaambani Water Spring No 283","t":"ps","c":"Kakamega"}},{"type":"Feature","geometry":{"type":"Point","coordinates":[34.614793,0.165142]},"properties":{"id":"9590739","n":"Kwaashioya Water Spring No 459","t":"ps","c":"Kakamega"}},{"type":"Feature","geometry":{"type":"Point","coordinates":[34.640565,0.185515]},"properties":{"id":"26102593","n":"Wamayokah Water Spring No 200","t":"ps","c":"Kakamega"}},{"type":"Feature","geometry":{"type":"Point","coordinates":[34.627642,0.201758]},"properties":{"id":"523305680","n":"Mulwanda A PD13","t":"pdw","c":"Kakamega"}},{"type":"Feature","geometry":{"type":"Point","coordinates":[34.628463,0.173398]},"properties":{"id":"26492526","n":"Mwibafu Water Spring No 233","t":"ps","c":"Kakamega"}},{"type":"Feature","geometry":{"type":"Point","coordinates":[34.62687,0.186948]},"properties":{"id":"523209117","n":"Eshilibo PS2","t":"ps","c":"Kakamega"}},{"type":"Feature","geometry":{"type":"Point","coordinates":[34.604545,0.18033]},"properties":{"id":"6616894","n":"Elwanyengo B Water Spring No 653","t":"ps","c":"Kakamega"}},{"type":"Feature","geometry":{"type":"Point","coordinates":[34.65512,0.164437]},"properties":{"id":"25703766","n":"Mwiserero Water Spring No 152","t":"ps","c":"Kakamega"}},{"type":"Feature","geometry":{"type":"Point","coordinates":[34.632362,0.191597]},"properties":{"id":"25704248","n":"Kwamurengo Water Spring No 173","t":"ps","c":"Kakamega"}},{"type":"Feature","geometry":{"type":"Point","coordinates":[34.61129,0.1902]},"properties":{"id":"3750683","n":"Shisango Secondary School Borehole - 4333","t":"bh","c":"Kakamega"}},{"type":"Feature","geometry":{"type":"Point","coordinates":[34.632782,0.201048]},"properties":{"id":"523291387","n":"Mulwanda B PD4","t":"pdw","c":"Kakamega"}},{"type":"Feature","geometry":{"type":"Point","coordinates":[34.631553,0.199803]},"properties":{"id":"523298456","n":"Mulwanda A PD 16","t":"pdw","c":"Kakamega"}},{"type":"Feature","geometry":{"type":"Point","coordinates":[34.62789,0.17952]},"properties":{"id":"25704107","n":"Watema Water Spring No 253","t":"ps","c":"Kakamega"}},{"type":"Feature","geometry":{"type":"Point","coordinates":[34.604818,0.154798]},"properties":{"id":"6661760","n":"Imbuye Water Spring No 326","t":"ps","c":"Kakamega"}},{"type":"Feature","geometry":{"type":"Point","coordinates":[34.622728,0.189727]},"properties":{"id":"523330844","n":"Eshilibo PD4","t":"pdw","c":"Kakamega"}},{"type":"Feature","geometry":{"type":"Point","coordinates":[34.662697,0.159865]},"properties":{"id":"3511800","n":"Mwibafu water spring","t":"ps","c":"Kakamega"}},{"type":"Feature","geometry":{"type":"Point","coordinates":[34.6286,0.167823]},"properties":{"id":"9764295","n":"Kokoyo Water Spring No 274","t":"ps","c":"Kakamega"}},{"type":"Feature","geometry":{"type":"Point","coordinates":[34.632958,0.187718]},"properties":{"id":"9590760","n":"Nandwa Water Spring No 236","t":"ps","c":"Kakamega"}},{"type":"Feature","geometry":{"type":"Point","coordinates":[34.611948,0.189743]},"properties":{"id":"523239077","n":"Etono BH2","t":"bh","c":"Kakamega"}},{"type":"Feature","geometry":{"type":"Point","coordinates":[34.632938,0.190003]},"properties":{"id":"25704231","n":"Kwaenocka Water Spring No 159","t":"ps","c":"Kakamega"}},{"type":"Feature","geometry":{"type":"Point","coordinates":[34.630548,0.204458]},"properties":{"id":"523195113","n":"Mulwanda A PD9","t":"pdw","c":"Kakamega"}},{"type":"Feature","geometry":{"type":"Point","coordinates":[34.604505,0.167508]},"properties":{"id":"6997694","n":"Onyango Water Spring No 184","t":"ps","c":"Kakamega"}},{"type":"Feature","geometry":{"type":"Point","coordinates":[34.617977,0.155092]},"properties":{"id":"9590708","n":"Womutiag'a Water Spring No 390","t":"ps","c":"Kakamega"}},{"type":"Feature","geometry":{"type":"Point","coordinates":[34.633427,0.204205]},"properties":{"id":"523265397","n":"Mulwanda APD15","t":"pdw","c":"Kakamega"}},{"type":"Feature","geometry":{"type":"Point","coordinates":[34.66198,0.156472]},"properties":{"id":"3511848","n":"Mulwoma Water Spring","t":"ps","c":"Kakamega"}},{"type":"Feature","geometry":{"type":"Point","coordinates":[34.658192,0.171772]},"properties":{"id":"211690689","n":"Lidoro Water Spring No 1334","t":"ps","c":"Kakamega"}},{"type":"Feature","geometry":{"type":"Point","coordinates":[34.626605,0.199268]},"properties":{"id":"523325158","n":"Eshiekomola PD2","t":"pdw","c":"Kakamega"}},{"type":"Feature","geometry":{"type":"Point","coordinates":[34.610488,0.190597]},"properties":{"id":"523319791","n":"Ebutenje PD2","t":"pdw","c":"Kakamega"}},{"type":"Feature","geometry":{"type":"Point","coordinates":[34.655787,0.154764]},"properties":{"id":"22358534","n":"Emabuya Water Spring","t":"ps","c":"Kakamega"}},{"type":"Feature","geometry":{"type":"Point","coordinates":[34.627898,0.169507]},"properties":{"id":"9764288","n":"Kwakepha Water Spring No 284","t":"ps","c":"Kakamega"}},{"type":"Feature","geometry":{"type":"Point","coordinates":[34.628012,0.203195]},"properties":{"id":"523258850","n":"Mulwanda A PD12","t":"pdw","c":"Kakamega"}},{"type":"Feature","geometry":{"type":"Point","coordinates":[34.621068,0.184367]},"properties":{"id":"523267973","n":"Eshilibo A PD2","t":"pdw","c":"Kakamega"}},{"type":"Feature","geometry":{"type":"Point","coordinates":[34.655415,0.169278]},"properties":{"id":"26491422","n":"Majimbo Water Spring No 277","t":"ps","c":"Kakamega"}},{"type":"Feature","geometry":{"type":"Point","coordinates":[34.650648,0.180238]},"properties":{"id":"26491800","n":"Kwaamunga Water Spring No 436","t":"ps","c":"Kakamega"}},{"type":"Feature","geometry":{"type":"Point","coordinates":[34.62592,0.196488]},"properties":{"id":"25704152","n":"Shiakomola Water Spring No 212","t":"ps","c":"Kakamega"}},{"type":"Feature","geometry":{"type":"Point","coordinates":[34.630488,0.164668]},"properties":{"id":"9764305","n":"Kwaalice Water Spring No 278","t":"ps","c":"Kakamega"}},{"type":"Feature","geometry":{"type":"Point","coordinates":[34.612923,0.167962]},"properties":{"id":"6616911","n":"Chutuyi Water Spring No 230","t":"ps","c":"Kakamega"}},{"type":"Feature","geometry":{"type":"Point","coordinates":[34.615183,0.172391]},"properties":{"id":"25704066","n":"Kutswa  Water Spring No 438","t":"ps","c":"Kakamega"}},{"type":"Feature","geometry":{"type":"Point","coordinates":[34.637817,0.197097]},"properties":{"id":"523349008","n":"Mulwanda B PS1","t":"ps","c":"Kakamega"}},{"type":"Feature","geometry":{"type":"Point","coordinates":[34.62656,0.184828]},"properties":{"id":"25704200","n":"Mulule Water Spring No 323","t":"ps","c":"Kakamega"}},{"type":"Feature","geometry":{"type":"Point","coordinates":[34.635188,0.193945]},"properties":{"id":"25704138","n":"Nyaluhona Water Spring No 198","t":"ps","c":"Kakamega"}},{"type":"Feature","geometry":{"type":"Point","coordinates":[34.600847,0.176673]},"properties":{"id":"6616887","n":"Emako Water Spring No 654","t":"ps","c":"Kakamega"}},{"type":"Feature","geometry":{"type":"Point","coordinates":[34.635658,0.193143]},"properties":{"id":"25704145","n":"Nyapola Water Spring No 249","t":"ps","c":"Kakamega"}},{"type":"Feature","geometry":{"type":"Point","coordinates":[34.640717,0.176397]},"properties":{"id":"26492519","n":"Kwamunyiri Water Spring No 430","t":"ps","c":"Kakamega"}},{"type":"Feature","geometry":{"type":"Point","coordinates":[34.665223,0.16025]},"properties":{"id":"3511790","n":"Eshialaruma Water Spring","t":"ps","c":"Kakamega"}},{"type":"Feature","geometry":{"type":"Point","coordinates":[34.623658,0.183725]},"properties":{"id":"523254021","n":"Eshilibo US2","t":"us","c":"Kakamega"}},{"type":"Feature","geometry":{"type":"Point","coordinates":[34.507605,0.140222]},"properties":{"id":"28416502","n":"Andunga Water Spring No 936","t":"ps","c":"Kakamega"}},{"type":"Feature","geometry":{"type":"Point","coordinates":[34.510504,0.136508]},"properties":{"id":"33974767","n":"Olongo Water Spring No","t":"ps","c":"Kakamega"}},{"type":"Feature","geometry":{"type":"Point","coordinates":[34.509278,0.147733]},"properties":{"id":"5413100","n":"Akhonya Water Spring No 951","t":"ps","c":"Kakamega"}},{"type":"Feature","geometry":{"type":"Point","coordinates":[34.5106,0.134582]},"properties":{"id":"33974774","n":"Mwanza Water Spring No 961","t":"ps","c":"Kakamega"}},{"type":"Feature","geometry":{"type":"Point","coordinates":[34.512035,0.14054]},"properties":{"id":"28670030","n":"Muliro Water Spring No 948","t":"ps","c":"Kakamega"}},{"type":"Feature","geometry":{"type":"Point","coordinates":[34.511633,0.12572]},"properties":{"id":"21211803","n":"Owino Water Spring No 980","t":"ps","c":"Kakamega"}},{"type":"Feature","geometry":{"type":"Point","coordinates":[34.487813,0.149063]},"properties":{"id":"18502617","n":"Oteng'o Water Spring","t":"ps","c":"Kakamega"}},{"type":"Feature","geometry":{"type":"Point","coordinates":[34.51361,0.150432]},"properties":{"id":"28177692","n":"Khasamba Water Spring No 933","t":"ps","c":"Kakamega"}},{"type":"Feature","geometry":{"type":"Point","coordinates":[34.508712,0.139062]},"properties":{"id":"28670047","n":"Alwang'a Water Spring No 945","t":"ps","c":"Kakamega"}},{"type":"Feature","geometry":{"type":"Point","coordinates":[34.520393,0.13054]},"properties":{"id":"3511501","n":"Oungu Water Spring","t":"ps","c":"Kakamega"}},{"type":"Feature","geometry":{"type":"Point","coordinates":[34.509195,0.144863]},"properties":{"id":"28416492","n":"Mushilongo Water Spring No 935","t":"ps","c":"Kakamega"}},{"type":"Feature","geometry":{"type":"Point","coordinates":[34.489044,0.149082]},"properties":{"id":"22358637","n":"Inyangala WATER SPRING","t":"ps","c":"Kakamega"}},{"type":"Feature","geometry":{"type":"Point","coordinates":[34.503752,0.147447]},"properties":{"id":"111111","n":"Alekanah water spring","t":"ps","c":"Kakamega"}},{"type":"Feature","geometry":{"type":"Point","coordinates":[34.517196,0.13992]},"properties":{"id":"14884445","n":"Mushimalabandu Water Spring No 962","t":"ps","c":"Kakamega"}},{"type":"Feature","geometry":{"type":"Point","coordinates":[34.523107,0.137678]},"properties":{"id":"6769912","n":"Eshikholobe water spring","t":"ps","c":"Kakamega"}},{"type":"Feature","geometry":{"type":"Point","coordinates":[34.464461,0.12756]},"properties":{"id":"40537915","n":"Koracha Water Spring No 956","t":"ps","c":"Kakamega"}},{"type":"Feature","geometry":{"type":"Point","coordinates":[34.493462,0.136948]},"properties":{"id":"6439424","n":"Wandere water spring","t":"ps","c":"Kakamega"}},{"type":"Feature","geometry":{"type":"Point","coordinates":[34.522282,0.138002]},"properties":{"id":"6769929","n":"Riziki water spring","t":"ps","c":"Kakamega"}},{"type":"Feature","geometry":{"type":"Point","coordinates":[34.494561,0.135598]},"properties":{"id":"22358314","n":"Emashene Water Spring","t":"ps","c":"Kakamega"}},{"type":"Feature","geometry":{"type":"Point","coordinates":[34.483887,0.149133]},"properties":{"id":"22358840","n":"Alukhabe WATER SPRING","t":"ps","c":"Kakamega"}},{"type":"Feature","geometry":{"type":"Point","coordinates":[34.509128,0.131922]},"properties":{"id":"21211827","n":"Emanyonyi Water Spring No 982","t":"ps","c":"Kakamega"}},{"type":"Feature","geometry":{"type":"Point","coordinates":[34.512115,0.139918]},"properties":{"id":"28670023","n":"Olongo Water Spring No 949","t":"ps","c":"Kakamega"}},{"type":"Feature","geometry":{"type":"Point","coordinates":[34.510087,0.1329]},"properties":{"id":"28670054","n":"Aswani Water Spring No 946","t":"ps","c":"Kakamega"}},{"type":"Feature","geometry":{"type":"Point","coordinates":[34.521782,0.131122]},"properties":{"id":"3511518","n":"Mwiungu water spring","t":"ps","c":"Kakamega"}},{"type":"Feature","geometry":{"type":"Point","coordinates":[34.511853,0.129673]},"properties":{"id":"33974781","n":"Etangale Water Spring No","t":"ps","c":"Kakamega"}},{"type":"Feature","geometry":{"type":"Point","coordinates":[34.514973,0.151732]},"properties":{"id":"27005886","n":"Wanandwa Water Spring No 910","t":"ps","c":"Kakamega"}},{"type":"Feature","geometry":{"type":"Point","coordinates":[34.514078,0.15195]},"properties":{"id":"27315002","n":"Shirakhuli Water Spring No 920","t":"ps","c":"Kakamega"}},{"type":"Feature","geometry":{"type":"Point","coordinates":[34.512927,0.14914]},"properties":{"id":"27946260","n":"Mushikomari Water Spring No 934","t":"ps","c":"Kakamega"}},{"type":"Feature","geometry":{"type":"Point","coordinates":[34.51014,0.136177]},"properties":{"id":"43093698","n":"Sino Water Spring No","t":"ps","c":"Kakamega"}},{"type":"Feature","geometry":{"type":"Point","coordinates":[34.49496,0.140253]},"properties":{"id":"15055040","n":"Olwombo Water Spring","t":"ps","c":"Kakamega"}},{"type":"Feature","geometry":{"type":"Point","coordinates":[34.503614,0.140887]},"properties":{"id":"21211786","n":"Ashioya Water Spring No 981","t":"ps","c":"Kakamega"}},{"type":"Feature","geometry":{"type":"Point","coordinates":[34.468102,0.127675]},"properties":{"id":"28669915","n":"Kotiende Water Spring No 938","t":"ps","c":"Kakamega"}},{"type":"Feature","geometry":{"type":"Point","coordinates":[34.524931,0.137115]},"properties":{"id":"27314991","n":"Wapaulo Water Spring No 923","t":"ps","c":"Kakamega"}},{"type":"Feature","geometry":{"type":"Point","coordinates":[34.505372,0.140902]},"properties":{"id":"39503826","n":"Okhanya Water Spring No","t":"ps","c":"Kakamega"}},{"type":"Feature","geometry":{"type":"Point","coordinates":[34.47707,0.126652]},"properties":{"id":"18502600","n":"OgomaWater Spring","t":"ps","c":"Kakamega"}},{"type":"Feature","geometry":{"type":"Point","coordinates":[34.493562,0.138618]},"properties":{"id":"4492685","n":"Namiba WATER SPRING","t":"ps","c":"Kakamega"}},{"type":"Feature","geometry":{"type":"Point","coordinates":[34.50731,0.129975]},"properties":{"id":"39503819","n":"Eshikhasimbwe Water Spring No","t":"ps","c":"Kakamega"}},{"type":"Feature","geometry":{"type":"Point","coordinates":[34.506353,0.146637]},"properties":{"id":"111104","n":"Andika water spring","t":"ps","c":"Kakamega"}},{"type":"Feature","geometry":{"type":"Point","coordinates":[34.495965,0.145803]},"properties":{"id":"4492678","n":"Ogweno Water Spring","t":"ps","c":"Kakamega"}},{"type":"Feature","geometry":{"type":"Point","coordinates":[34.513917,0.153358]},"properties":{"id":"27183010","n":"Munjiti Water Spring No 911","t":"ps","c":"Kakamega"}},{"type":"Feature","geometry":{"type":"Point","coordinates":[34.492728,0.134147]},"properties":{"id":"15055071","n":"Reuben Water Spring","t":"ps","c":"Kakamega"}},{"type":"Feature","geometry":{"type":"Point","coordinates":[34.512135,0.148178]},"properties":{"id":"6776655","n":"Itikwa Water Spring No 932","t":"ps","c":"Kakamega"}},{"type":"Feature","geometry":{"type":"Point","coordinates":[34.510127,0.136156]},"properties":{"id":"40537939","n":"Sino Water Spring No 963","t":"ps","c":"Kakamega"}},{"type":"Feature","geometry":{"type":"Point","coordinates":[34.48386,0.141267]},"properties":{"id":"18502590","n":"Kondiere  WATER SPRING","t":"ps","c":"Kakamega"}},{"type":"Feature","geometry":{"type":"Point","coordinates":[34.524603,0.13759]},"properties":{"id":"6765901","n":"Otsole Water Spring","t":"ps","c":"Kakamega"}},{"type":"Feature","geometry":{"type":"Point","coordinates":[34.475175,0.130468]},"properties":{"id":"28670009","n":"Mudima Water Spring No 941","t":"ps","c":"Kakamega"}},{"type":"Feature","geometry":{"type":"Point","coordinates":[34.510462,0.136469]},"properties":{"id":"40537922","n":"Odongo Water Spring No 958","t":"ps","c":"Kakamega"}},{"type":"Feature","geometry":{"type":"Point","coordinates":[34.477578,0.123927]},"properties":{"id":"28669991","n":"Kajenjo Water Spring No 942","t":"ps","c":"Kakamega"}},{"type":"Feature","geometry":{"type":"Point","coordinates":[34.494187,0.139183]},"properties":{"id":"15055033","n":"Mutembe Water Spring","t":"ps","c":"Kakamega"}},{"type":"Feature","geometry":{"type":"Point","coordinates":[34.511677,0.128015]},"properties":{"id":"6439455","n":"Olalo water spring","t":"ps","c":"Kakamega"}},{"type":"Feature","geometry":{"type":"Point","coordinates":[34.508117,0.147663]},"properties":{"id":"110921","n":"Emasinde water spring","t":"ps","c":"Kakamega"}},{"type":"Feature","geometry":{"type":"Point","coordinates":[34.493563,0.147824]},"properties":{"id":"4492661","n":"Omungo Water Spring","t":"ps","c":"Kakamega"}},{"type":"Feature","geometry":{"type":"Point","coordinates":[34.521805,0.137922]},"properties":{"id":"6769936","n":"Itubaniro water spring","t":"ps","c":"Kakamega"}},{"type":"Feature","geometry":{"type":"Point","coordinates":[34.761152,0.544673]},"properties":{"id":"51545987","n":"Sambaka, Sambaka Spring - 19124","t":"ps","c":"Kakamega"}},{"type":"Feature","geometry":{"type":"Point","coordinates":[34.80404,0.54853]},"properties":{"id":"15007700","n":"Mbande, Handa Spring - 18125","t":"ps","c":"Kakamega"}},{"type":"Feature","geometry":{"type":"Point","coordinates":[34.802959,0.547624]},"properties":{"id":"51545970","n":"Namarambi, Iddi Spring - 19115","t":"ps","c":"Kakamega"}},{"type":"Feature","geometry":{"type":"Point","coordinates":[34.792047,0.560804]},"properties":{"id":"6996411","n":"Kitali Community - 18285","t":"pdw","c":"Kakamega"}},{"type":"Feature","geometry":{"type":"Point","coordinates":[34.749089,0.499082]},"properties":{"id":"84828831","n":"Shitavita Community, Patrick Burudi Spring - 20212","t":"ps","c":"Kakamega"}},{"type":"Feature","geometry":{"type":"Point","coordinates":[34.763121,0.540017]},"properties":{"id":"41048902","n":"Lukova, Wasike Spring - 19092","t":"ps","c":"Kakamega"}},{"type":"Feature","geometry":{"type":"Point","coordinates":[34.765425,0.535863]},"properties":{"id":"41047994","n":"Mukhuyu, Kwakhalakayi Spring - 19108","t":"ps","c":"Kakamega"}},{"type":"Feature","geometry":{"type":"Point","coordinates":[34.764857,0.537133]},"properties":{"id":"41049202","n":"Mukhuyu, Kwawanzala Spring - 19107","t":"ps","c":"Kakamega"}},{"type":"Feature","geometry":{"type":"Point","coordinates":[34.876125,0.595473]},"properties":{"id":"523230418","n":"Silungai B UD3","t":"udw","c":"Kakamega"}},{"type":"Feature","geometry":{"type":"Point","coordinates":[34.690892,0.278106]},"properties":{"id":"523313324","n":"Emahondo PD 2","t":"pdw","c":"Kakamega"}},{"type":"Feature","geometry":{"type":"Point","coordinates":[34.68802,0.27287]},"properties":{"id":"41047705","n":"Ibinzo, Lucia Spring - 19110","t":"ps","c":"Kakamega"}},{"type":"Feature","geometry":{"type":"Point","coordinates":[34.669274,0.296396]},"properties":{"id":"523311841","n":"Iyala B PS 1","t":"ps","c":"Kakamega"}},{"type":"Feature","geometry":{"type":"Point","coordinates":[34.657018,0.264758]},"properties":{"id":"523199265","n":"Eshikhuyu BH1","t":"bh","c":"Kakamega"}},{"type":"Feature","geometry":{"type":"Point","coordinates":[34.66647,0.278655]},"properties":{"id":"523221333","n":"Emasindikha PD1","t":"pdw","c":"Kakamega"}},{"type":"Feature","geometry":{"type":"Point","coordinates":[34.682392,0.261013]},"properties":{"id":"523317627","n":"Elunyu B US1","t":"us","c":"Kakamega"}},{"type":"Feature","geometry":{"type":"Point","coordinates":[34.656303,0.302228]},"properties":{"id":"523239242","n":"Ebuhayi C PD 16","t":"pdw","c":"Kakamega"}},{"type":"Feature","geometry":{"type":"Point","coordinates":[34.664193,0.28431]},"properties":{"id":"523342623","n":"Eshiambula B PD 2","t":"pdw","c":"Kakamega"}},{"type":"Feature","geometry":{"type":"Point","coordinates":[34.654262,0.260477]},"properties":{"id":"3952485","n":"Shibuli, Robert Chemase Spring - 4562","t":"ps","c":"Kakamega"}},{"type":"Feature","geometry":{"type":"Point","coordinates":[34.675338,0.290258]},"properties":{"id":"41049257","n":"Eshiasuli, Eshiasuli Spring - 19120","t":"ps","c":"Kakamega"}},{"type":"Feature","geometry":{"type":"Point","coordinates":[34.666002,0.283513]},"properties":{"id":"523346081","n":"Eshiambula B PD 1","t":"pdw","c":"Kakamega"}},{"type":"Feature","geometry":{"type":"Point","coordinates":[34.664447,0.278277]},"properties":{"id":"523351021","n":"Emasindikha PD2","t":"pdw","c":"Kakamega"}},{"type":"Feature","geometry":{"type":"Point","coordinates":[34.645987,0.292346]},"properties":{"id":"523198460","n":"Eshinabatende PD 2","t":"pdw","c":"Kakamega"}},{"type":"Feature","geometry":{"type":"Point","coordinates":[34.708202,0.300161]},"properties":{"id":"523327600","n":"Wetai B, UD, 4","t":"udw","c":"Kakamega"}},{"type":"Feature","geometry":{"type":"Point","coordinates":[34.697021,0.281939]},"properties":{"id":"523335887","n":"Emahondo PS 9","t":"ps","c":"Kakamega"}},{"type":"Feature","geometry":{"type":"Point","coordinates":[34.714286,0.276353]},"properties":{"id":"523338000","n":"Munzeywe C PD1","t":"pdw","c":"Kakamega"}},{"type":"Feature","geometry":{"type":"Point","coordinates":[34.685392,0.273705]},"properties":{"id":"47024618","n":"Ivinzo, Mushianda Spring - 18148","t":"ps","c":"Kakamega"}},{"type":"Feature","geometry":{"type":"Point","coordinates":[34.700376,0.27784]},"properties":{"id":"653116","n":"Ejinja, Mark Ashikuku Spring - 4565","t":"ps","c":"Kakamega"}},{"type":"Feature","geometry":{"type":"Point","coordinates":[34.723077,0.29243]},"properties":{"id":"4161574","n":"Shitungu, Makale Spring - 4850","t":"ps","c":"Kakamega"}},{"type":"Feature","geometry":{"type":"Point","coordinates":[34.659971,0.297912]},"properties":{"id":"523316640","n":"Ebuhayi D PD 1","t":"pdw","c":"Kakamega"}},{"type":"Feature","geometry":{"type":"Point","coordinates":[34.707256,0.297322]},"properties":{"id":"523260763","n":"Wetai B, PD, 1","t":"pdw","c":"Kakamega"}},{"type":"Feature","geometry":{"type":"Point","coordinates":[34.702842,0.283738]},"properties":{"id":"523287331","n":"Mundoli Lower C PD1","t":"pdw","c":"Kakamega"}},{"type":"Feature","geometry":{"type":"Point","coordinates":[34.666656,0.277339]},"properties":{"id":"523340511","n":"Emukangu A US1","t":"us","c":"Kakamega"}},{"type":"Feature","geometry":{"type":"Point","coordinates":[34.655845,0.288551]},"properties":{"id":"523254351","n":"Ebusang'ang'a A PD 1","t":"pdw","c":"Kakamega"}},{"type":"Feature","geometry":{"type":"Point","coordinates":[34.66473,0.284823]},"properties":{"id":"523279154","n":"Eshiambula B PD 3","t":"pdw","c":"Kakamega"}},{"type":"Feature","geometry":{"type":"Point","coordinates":[34.718645,0.29551]},"properties":{"id":"17388193","n":"Shitungu, Omar Rashid Spring - 18087","t":"ps","c":"Kakamega"}},{"type":"Feature","geometry":{"type":"Point","coordinates":[34.638378,0.284118]},"properties":{"id":"523333816","n":"Eshiamboko US 2","t":"us","c":"Kakamega"}},{"type":"Feature","geometry":{"type":"Point","coordinates":[34.678712,0.288854]},"properties":{"id":"523288978","n":"Emabanga B PS 1","t":"ps","c":"Kakamega"}},{"type":"Feature","geometry":{"type":"Point","coordinates":[34.672933,0.27624]},"properties":{"id":"523351069","n":"Mwibubi PD 1","t":"pdw","c":"Kakamega"}},{"type":"Feature","geometry":{"type":"Point","coordinates":[34.708607,0.28021]},"properties":{"id":"523226060","n":"Ejinja B PD6","t":"pdw","c":"Kakamega"}},{"type":"Feature","geometry":{"type":"Point","coordinates":[34.726274,0.29449]},"properties":{"id":"523318161","n":"Shitungu A, PD, 9","t":"pdw","c":"Kakamega"}},{"type":"Feature","geometry":{"type":"Point","coordinates":[34.68964,0.28126]},"properties":{"id":"272020094","n":"Mahondo Community, Henry Shisoko Spring - 21001","t":"ps","c":"Kakamega"}},{"type":"Feature","geometry":{"type":"Point","coordinates":[34.710377,0.296851]},"properties":{"id":"523195663","n":"Wetai A, US, 10","t":"us","c":"Kakamega"}},{"type":"Feature","geometry":{"type":"Point","coordinates":[34.661955,0.285513]},"properties":{"id":"523337652","n":"Eshiambula B PD 6","t":"pdw","c":"Kakamega"}},{"type":"Feature","geometry":{"type":"Point","coordinates":[34.662978,0.29837]},"properties":{"id":"523300001","n":"Ebuhayi A PD 2","t":"pdw","c":"Kakamega"}},{"type":"Feature","geometry":{"type":"Point","coordinates":[34.660131,0.280995]},"properties":{"id":"523198910","n":"Emasindikha US2","t":"us","c":"Kakamega"}},{"type":"Feature","geometry":{"type":"Point","coordinates":[34.659547,0.298801]},"properties":{"id":"3749843","n":"Ebuhayi Community Hand-Dug Well - 53","t":"pdw","c":"Kakamega"}},{"type":"Feature","geometry":{"type":"Point","coordinates":[34.65135,0.274502]},"properties":{"id":"523348636","n":"Elwaminyi US 5","t":"us","c":"Kakamega"}},{"type":"Feature","geometry":{"type":"Point","coordinates":[34.667539,0.285819]},"properties":{"id":"523341062","n":"Eshiambula A PD 12","t":"pdw","c":"Kakamega"}},{"type":"Feature","geometry":{"type":"Point","coordinates":[34.660264,0.303374]},"properties":{"id":"523241904","n":"Ebuhayi C PD 12","t":"udw","c":"Kakamega"}},{"type":"Feature","geometry":{"type":"Point","coordinates":[34.65642,0.283168]},"properties":{"id":"523207940","n":"Elwaminyi BH2","t":"bh","c":"Kakamega"}},{"type":"Feature","geometry":{"type":"Point","coordinates":[34.645235,0.258423]},"properties":{"id":"523266013","n":"Ebukhube PD3","t":"pdw","c":"Kakamega"}},{"type":"Feature","geometry":{"type":"Point","coordinates":[34.666647,0.274182]},"properties":{"id":"523260897","n":"Emukangu A PD9","t":"pdw","c":"Kakamega"}},{"type":"Feature","geometry":{"type":"Point","coordinates":[34.676651,0.278976]},"properties":{"id":"523232788","n":"Eshitinji US1","t":"us","c":"Kakamega"}},{"type":"Feature","geometry":{"type":"Point","coordinates":[34.720905,0.289305]},"properties":{"id":"16871045","n":"Shitungu, Mmbone Spring - 4853","t":"ps","c":"Kakamega"}},{"type":"Feature","geometry":{"type":"Point","coordinates":[34.661388,0.293147]},"properties":{"id":"523266628","n":"Ebuhayi D PD 4","t":"pdw","c":"Kakamega"}},{"type":"Feature","geometry":{"type":"Point","coordinates":[34.707979,0.288609]},"properties":{"id":"523232276","n":"Mumbinga B US 2","t":"us","c":"Kakamega"}},{"type":"Feature","geometry":{"type":"Point","coordinates":[34.663185,0.280342]},"properties":{"id":"523291820","n":"Emasindikha US6","t":"us","c":"Kakamega"}},{"type":"Feature","geometry":{"type":"Point","coordinates":[34.65257,0.26053]},"properties":{"id":"432093472","n":"Eshikhuyu Primary School - 22262","t":"bh","c":"Kakamega","d":70.0}},{"type":"Feature","geometry":{"type":"Point","coordinates":[34.70982,0.30151]},"properties":{"id":"523355087","n":"Wetai A, PD, 13","t":"pdw","c":"Kakamega"}},{"type":"Feature","geometry":{"type":"Point","coordinates":[34.652898,0.265782]},"properties":{"id":"523200424","n":"Emayungu PS2","t":"ps","c":"Kakamega"}},{"type":"Feature","geometry":{"type":"Point","coordinates":[34.700265,0.275641]},"properties":{"id":"523310589","n":"Emurumba B PS 5","t":"ps","c":"Kakamega"}},{"type":"Feature","geometry":{"type":"Point","coordinates":[34.715552,0.30479]},"properties":{"id":"523348935","n":"Nyangwira A, PD, 12","t":"pdw","c":"Kakamega"}},{"type":"Feature","geometry":{"type":"Point","coordinates":[34.718202,0.299987]},"properties":{"id":"523305202","n":"Nyangwira A, US, 2","t":"us","c":"Kakamega"}},{"type":"Feature","geometry":{"type":"Point","coordinates":[34.685605,0.294203]},"properties":{"id":"523259277","n":"Eshivembe B US 1","t":"us","c":"Kakamega"}},{"type":"Feature","geometry":{"type":"Point","coordinates":[34.687341,0.282912]},"properties":{"id":"523326403","n":"Ebuchira A PD 4","t":"pdw","c":"Kakamega"}},{"type":"Feature","geometry":{"type":"Point","coordinates":[34.707842,0.29447]},"properties":{"id":"523192543","n":"Shiyuli A US 1","t":"us","c":"Kakamega"}},{"type":"Feature","geometry":{"type":"Point","coordinates":[34.652651,0.282507]},"properties":{"id":"523285559","n":"Emulele PD5","t":"pdw","c":"Kakamega"}},{"type":"Feature","geometry":{"type":"Point","coordinates":[34.702367,0.272815]},"properties":{"id":"523264743","n":"Emurumba B PD 11","t":"pdw","c":"Kakamega"}},{"type":"Feature","geometry":{"type":"Point","coordinates":[34.698557,0.267646]},"properties":{"id":"523258348","n":"Emurumba A US 1","t":"us","c":"Kakamega"}},{"type":"Feature","geometry":{"type":"Point","coordinates":[34.71259,0.297176]},"properties":{"id":"523235671","n":"Wetai A, PS, 6","t":"ps","c":"Kakamega"}},{"type":"Feature","geometry":{"type":"Point","coordinates":[34.660118,0.252828]},"properties":{"id":"403751947","n":"Mudutsu Community, Atsangalala Spring - 22073","t":"ps","c":"Kakamega"}},{"type":"Feature","geometry":{"type":"Point","coordinates":[34.705366,0.277716]},"properties":{"id":"523289041","n":"Munzeywe A PD 1","t":"pdw","c":"Kakamega"}},{"type":"Feature","geometry":{"type":"Point","coordinates":[34.626714,0.286396]},"properties":{"id":"523331694","n":"Isango A PD 15","t":"pdw","c":"Kakamega"}},{"type":"Feature","geometry":{"type":"Point","coordinates":[34.664353,0.278269]},"properties":{"id":"523351038","n":"Emasindikha PD3","t":"pdw","c":"Kakamega"}},{"type":"Feature","geometry":{"type":"Point","coordinates":[34.652484,0.296971]},"properties":{"id":"523264217","n":"Emusanda B PD 5","t":"pdw","c":"Kakamega"}},{"type":"Feature","geometry":{"type":"Point","coordinates":[34.65771,0.267381]},"properties":{"id":"523200833","n":"Emayungu BH2","t":"bh","c":"Kakamega"}},{"type":"Feature","geometry":{"type":"Point","coordinates":[34.65814,0.302602]},"properties":{"id":"523206640","n":"Ebuhayi C PD 14","t":"pdw","c":"Kakamega"}},{"type":"Feature","geometry":{"type":"Point","coordinates":[34.662712,0.287419]},"properties":{"id":"523307242","n":"Eshiambula B US 9","t":"us","c":"Kakamega"}},{"type":"Feature","geometry":{"type":"Point","coordinates":[34.66432,0.290603]},"properties":{"id":"523209265","n":"Ebuhayi D PD 5","t":"pdw","c":"Kakamega"}},{"type":"Feature","geometry":{"type":"Point","coordinates":[34.635335,0.273686]},"properties":{"id":"523338385","n":"Isembe PS2","t":"ps","c":"Kakamega"}},{"type":"Feature","geometry":{"type":"Point","coordinates":[34.650422,0.28356]},"properties":{"id":"523313726","n":"Emulele US2","t":"us","c":"Kakamega"}},{"type":"Feature","geometry":{"type":"Point","coordinates":[34.664397,0.280878]},"properties":{"id":"523261915","n":"Emasindikha PD8","t":"pdw","c":"Kakamega"}},{"type":"Feature","geometry":{"type":"Point","coordinates":[34.645737,0.27662]},"properties":{"id":"523311669","n":"Emulele PD 14","t":"us","c":"Kakamega"}},{"type":"Feature","geometry":{"type":"Point","coordinates":[34.66538,0.28222]},"properties":{"id":"523351052","n":"Emasindikha PD16","t":"pdw","c":"Kakamega"}},{"type":"Feature","geometry":{"type":"Point","coordinates":[34.661305,0.287929]},"properties":{"id":"403752034","n":"Ebusang'Ang'A Community, Laurence Matati Spring - 22104","t":"ps","c":"Kakamega"}},{"type":"Feature","geometry":{"type":"Point","coordinates":[34.703901,0.272045]},"properties":{"id":"523315852","n":"Emurumba B US 13","t":"us","c":"Kakamega"}},{"type":"Feature","geometry":{"type":"Point","coordinates":[34.666247,0.295403]},"properties":{"id":"523234058","n":"Iyala A US 2","t":"us","c":"Kakamega"}},{"type":"Feature","geometry":{"type":"Point","coordinates":[34.655737,0.282843]},"properties":{"id":"523218711","n":"Elwaminyi PD7","t":"pdw","c":"Kakamega"}},{"type":"Feature","geometry":{"type":"Point","coordinates":[34.644113,0.277398]},"properties":{"id":"523196358","n":"Emulele PD 17","t":"pdw","c":"Kakamega"}},{"type":"Feature","geometry":{"type":"Point","coordinates":[34.711535,0.290226]},"properties":{"id":"523239651","n":"Elukala US 4","t":"us","c":"Kakamega"}},{"type":"Feature","geometry":{"type":"Point","coordinates":[34.69282,0.272863]},"properties":{"id":"523299316","n":"Emurumba A PD 11","t":"pdw","c":"Kakamega"}},{"type":"Feature","geometry":{"type":"Point","coordinates":[34.701131,0.271638]},"properties":{"id":"523312354","n":"Emurumba B US 10","t":"us","c":"Kakamega"}},{"type":"Feature","geometry":{"type":"Point","coordinates":[34.713467,0.293247]},"properties":{"id":"930871","n":"Emasera, Wetai Spring - 4569","t":"ps","c":"Kakamega"}},{"type":"Feature","geometry":{"type":"Point","coordinates":[34.70356,0.282245]},"properties":{"id":"523246837","n":"Mundoli Lower PS1","t":"ps","c":"Kakamega"}},{"type":"Feature","geometry":{"type":"Point","coordinates":[34.641723,0.281148]},"properties":{"id":"47024601","n":"Isembe, Amwayi Spring - 18147","t":"ps","c":"Kakamega"}},{"type":"Feature","geometry":{"type":"Point","coordinates":[34.65456,0.285095]},"properties":{"id":"523267409","n":"Emulele US1","t":"us","c":"Kakamega"}},{"type":"Feature","geometry":{"type":"Point","coordinates":[34.644875,0.274276]},"properties":{"id":"523255857","n":"Emulele PD 19","t":"pdw","c":"Kakamega"}},{"type":"Feature","geometry":{"type":"Point","coordinates":[34.63591,0.28158]},"properties":{"id":"3750016","n":"Decommissioned 2016 - Eshiamboko Primary School Borehole","t":"bh","c":"Kakamega"}},{"type":"Feature","geometry":{"type":"Point","coordinates":[34.675031,0.279952]},"properties":{"id":"3750023","n":"Mwibubi Church Of God - 4186","t":"pdw","c":"Kakamega"}},{"type":"Feature","geometry":{"type":"Point","coordinates":[34.666837,0.275769]},"properties":{"id":"523207517","n":"Emukangu A PD10","t":"pdw","c":"Kakamega"}},{"type":"Feature","geometry":{"type":"Point","coordinates":[34.638212,0.289723]},"properties":{"id":"523226314","n":"Eshiehembela PD 6","t":"pdw","c":"Kakamega"}},{"type":"Feature","geometry":{"type":"Point","coordinates":[34.691003,0.286583]},"properties":{"id":"523300692","n":"Eshivembe A US 1","t":"us","c":"Kakamega"}},{"type":"Feature","geometry":{"type":"Point","coordinates":[34.660203,0.273402]},"properties":{"id":"523246521","n":"Emayungu PD3","t":"pdw","c":"Kakamega"}},{"type":"Feature","geometry":{"type":"Point","coordinates":[34.712917,0.293321]},"properties":{"id":"523318415","n":"Wetai A, PD, 3","t":"pdw","c":"Kakamega"}},{"type":"Feature","geometry":{"type":"Point","coordinates":[34.716098,0.282052]},"properties":{"id":"523347408","n":"Mundoli Upper C BH1","t":"bh","c":"Kakamega"}},{"type":"Feature","geometry":{"type":"Point","coordinates":[34.641229,0.285907]},"properties":{"id":"523260299","n":"Eshiehembela PD 2","t":"pdw","c":"Kakamega"}},{"type":"Feature","geometry":{"type":"Point","coordinates":[34.667839,0.286925]},"properties":{"id":"523305965","n":"Eshiambula A PS 3","t":"ps","c":"Kakamega"}},{"type":"Feature","geometry":{"type":"Point","coordinates":[34.677281,0.26594]},"properties":{"id":"523290960","n":"Elunyu A US 1","t":"us","c":"Kakamega"}},{"type":"Feature","geometry":{"type":"Point","coordinates":[34.692988,0.280119]},"properties":{"id":"523244763","n":"Emahondo US 6","t":"us","c":"Kakamega"}},{"type":"Feature","geometry":{"type":"Point","coordinates":[34.690372,0.275267]},"properties":{"id":"523238117","n":"Emurumba A US 14","t":"us","c":"Kakamega"}},{"type":"Feature","geometry":{"type":"Point","coordinates":[34.651457,0.272178]},"properties":{"id":"523326245","n":"Elwaminyi US 8","t":"us","c":"Kakamega"}},{"type":"Feature","geometry":{"type":"Point","coordinates":[34.698986,0.298581]},"properties":{"id":"523206475","n":"Eshifumbi B US 3","t":"us","c":"Kakamega"}},{"type":"Feature","geometry":{"type":"Point","coordinates":[34.650652,0.274785]},"properties":{"id":"523338402","n":"Elwaminyi PS1","t":"ps","c":"Kakamega"}},{"type":"Feature","geometry":{"type":"Point","coordinates":[34.693908,0.29331]},"properties":{"id":"523332688","n":"Eshivembe B PS 4","t":"ps","c":"Kakamega"}},{"type":"Feature","geometry":{"type":"Point","coordinates":[34.710395,0.296831]},"properties":{"id":"523355070","n":"Wetai A, PD, 9","t":"pdw","c":"Kakamega"}},{"type":"Feature","geometry":{"type":"Point","coordinates":[34.648098,0.277705]},"properties":{"id":"523302711","n":"Emulele PD 12","t":"pdw","c":"Kakamega"}},{"type":"Feature","geometry":{"type":"Point","coordinates":[34.705653,0.276423]},"properties":{"id":"523316516","n":"Munzeywe A PD 2","t":"pdw","c":"Kakamega"}},{"type":"Feature","geometry":{"type":"Point","coordinates":[34.650168,0.254375]},"properties":{"id":"523311212","n":"Elusolokho PS 2","t":"ps","c":"Kakamega"}},{"type":"Feature","geometry":{"type":"Point","coordinates":[34.661355,0.27475]},"properties":{"id":"523220600","n":"Emukangu A US 2","t":"us","c":"Kakamega"}},{"type":"Feature","geometry":{"type":"Point","coordinates":[34.715512,0.272232]},"properties":{"id":"523341433","n":"Munzeywe PD 4","t":"pdw","c":"Kakamega"}},{"type":"Feature","geometry":{"type":"Point","coordinates":[34.716313,0.282123]},"properties":{"id":"523261908","n":"Mundoli Upper C PD1","t":"pdw","c":"Kakamega"}},{"type":"Feature","geometry":{"type":"Point","coordinates":[34.689953,0.266537]},"properties":{"id":"523315807","n":"Ibinzo B US1","t":"us","c":"Kakamega"}},{"type":"Feature","geometry":{"type":"Point","coordinates":[34.671916,0.282796]},"properties":{"id":"523332633","n":"Eshiambula A PD 13","t":"pdw","c":"Kakamega"}},{"type":"Feature","geometry":{"type":"Point","coordinates":[34.662253,0.298761]},"properties":{"id":"523236658","n":"Ebuhayi C PD 3","t":"pdw","c":"Kakamega"}},{"type":"Feature","geometry":{"type":"Point","coordinates":[34.690585,0.291045]},"properties":{"id":"523318518","n":"Eshivembe C US 2","t":"us","c":"Kakamega"}},{"type":"Feature","geometry":{"type":"Point","coordinates":[34.63905,0.283853]},"properties":{"id":"523278421","n":"Eshiamboko US 1","t":"us","c":"Kakamega"}},{"type":"Feature","geometry":{"type":"Point","coordinates":[34.653459,0.289036]},"properties":{"id":"523246576","n":"Ebusang'ang'a B PD 1","t":"pdw","c":"Kakamega"}},{"type":"Feature","geometry":{"type":"Point","coordinates":[34.644245,0.27673]},"properties":{"id":"523236067","n":"Emulele PD 16","t":"pdw","c":"Kakamega"}},{"type":"Feature","geometry":{"type":"Point","coordinates":[34.663921,0.286665]},"properties":{"id":"523223380","n":"Eshiambula B PS 4","t":"ps","c":"Kakamega"}},{"type":"Feature","geometry":{"type":"Point","coordinates":[34.653389,0.285392]},"properties":{"id":"523309488","n":"Shibuli Us1","t":"us","c":"Kakamega"}},{"type":"Feature","geometry":{"type":"Point","coordinates":[34.67139,0.289356]},"properties":{"id":"523300128","n":"Iyala B US 6","t":"us","c":"Kakamega"}},{"type":"Feature","geometry":{"type":"Point","coordinates":[34.706607,0.270528]},"properties":{"id":"523229362","n":"Emukoko PD 4","t":"pdw","c":"Kakamega"}},{"type":"Feature","geometry":{"type":"Point","coordinates":[34.670471,0.286603]},"properties":{"id":"523340906","n":"Eshiambula A PD 8","t":"pdw","c":"Kakamega"}},{"type":"Feature","geometry":{"type":"Point","coordinates":[34.712166,0.282688]},"properties":{"id":"523213905","n":"Mundoli lower A US1","t":"us","c":"Kakamega"}},{"type":"Feature","geometry":{"type":"Point","coordinates":[34.709254,0.276101]},"properties":{"id":"523206509","n":"Munzeywe PS 2","t":"ps","c":"Kakamega"}},{"type":"Feature","geometry":{"type":"Point","coordinates":[34.660865,0.27278]},"properties":{"id":"523309426","n":"Emayungu US6","t":"us","c":"Kakamega"}},{"type":"Feature","geometry":{"type":"Point","coordinates":[34.67443,0.280453]},"properties":{"id":"523213510","n":"Eshitinji BH2","t":"bh","c":"Kakamega"}},{"type":"Feature","geometry":{"type":"Point","coordinates":[34.663898,0.282106]},"properties":{"id":"523337982","n":"Emasindikha PD9","t":"pdw","c":"Kakamega"}},{"type":"Feature","geometry":{"type":"Point","coordinates":[34.677543,0.274788]},"properties":{"id":"523264853","n":"Mwibubi US 1","t":"us","c":"Kakamega"}},{"type":"Feature","geometry":{"type":"Point","coordinates":[34.662074,0.28671]},"properties":{"id":"523220521","n":"Eshiambula B PD 10","t":"pdw","c":"Kakamega"}},{"type":"Feature","geometry":{"type":"Point","coordinates":[34.681033,0.259442]},"properties":{"id":"523344058","n":"Emulomonye US 4","t":"us","c":"Kakamega"}},{"type":"Feature","geometry":{"type":"Point","coordinates":[34.711242,0.312476]},"properties":{"id":"523273392","n":"Nyangwira B, PS, 12","t":"ps","c":"Kakamega"}},{"type":"Feature","geometry":{"type":"Point","coordinates":[34.704151,0.288994]},"properties":{"id":"523278768","n":"Mumbinga B PS 4","t":"ps","c":"Kakamega"}},{"type":"Feature","geometry":{"type":"Point","coordinates":[34.647602,0.257413]},"properties":{"id":"523307943","n":"Ebukhube US1","t":"us","c":"Kakamega"}},{"type":"Feature","geometry":{"type":"Point","coordinates":[34.687582,0.290672]},"properties":{"id":"523234931","n":"Eshivembe C US 5","t":"us","c":"Kakamega"}},{"type":"Feature","geometry":{"type":"Point","coordinates":[34.658424,0.285064]},"properties":{"id":"523203582","n":"Emulele PD1","t":"pdw","c":"Kakamega"}},{"type":"Feature","geometry":{"type":"Point","coordinates":[34.703885,0.299219]},"properties":{"id":"523355104","n":"Wetai B, PD, 9","t":"pdw","c":"Kakamega"}},{"type":"Feature","geometry":{"type":"Point","coordinates":[34.692015,0.287329]},"properties":{"id":"523224642","n":"Eshivembe A PD 2","t":"pdw","c":"Kakamega"}},{"type":"Feature","geometry":{"type":"Point","coordinates":[34.699188,0.276919]},"properties":{"id":"523313001","n":"Emurumba B US 3","t":"us","c":"Kakamega"}},{"type":"Feature","geometry":{"type":"Point","coordinates":[34.702175,0.271669]},"properties":{"id":"523329884","n":"Emurumba B PD 12","t":"pdw","c":"Kakamega"}},{"type":"Feature","geometry":{"type":"Point","coordinates":[34.66031,0.268832]},"properties":{"id":"523268156","n":"Emukangu C PS1","t":"ps","c":"Kakamega"}},{"type":"Feature","geometry":{"type":"Point","coordinates":[34.715454,0.304795]},"properties":{"id":"523285841","n":"Nyangwira A, PD, 13","t":"pdw","c":"Kakamega"}},{"type":"Feature","geometry":{"type":"Point","coordinates":[34.703909,0.292908]},"properties":{"id":"523337085","n":"Mumbinga A PD 6","t":"pdw","c":"Kakamega"}},{"type":"Feature","geometry":{"type":"Point","coordinates":[34.662373,0.280853]},"properties":{"id":"523228220","n":"Emasindikha US4","t":"us","c":"Kakamega"}},{"type":"Feature","geometry":{"type":"Point","coordinates":[34.652875,0.296897]},"properties":{"id":"523230690","n":"Ebusang'ang'a B PS 2","t":"ps","c":"Kakamega"}},{"type":"Feature","geometry":{"type":"Point","coordinates":[34.674908,0.271813]},"properties":{"id":"523292247","n":"Elunyu A US 2","t":"us","c":"Kakamega"}},{"type":"Feature","geometry":{"type":"Point","coordinates":[34.705291,0.28066]},"properties":{"id":"523250522","n":"Ejinja B PS1","t":"ps","c":"Kakamega"}},{"type":"Feature","geometry":{"type":"Point","coordinates":[34.69077,0.2765]},"properties":{"id":"3750119","n":"UCC 2020 - Emusanda Community Well - 36","t":"bh","c":"Kakamega"}},{"type":"Feature","geometry":{"type":"Point","coordinates":[34.651871,0.291082]},"properties":{"id":"523218577","n":"Emusanda B US 1","t":"us","c":"Kakamega"}},{"type":"Feature","geometry":{"type":"Point","coordinates":[34.69726,0.271992]},"properties":{"id":"523350075","n":"Emurumba B US 9","t":"us","c":"Kakamega"}},{"type":"Feature","geometry":{"type":"Point","coordinates":[34.670251,0.291966]},"properties":{"id":"523268895","n":"Iyala B PS 5","t":"pdw","c":"Kakamega"}},{"type":"Feature","geometry":{"type":"Point","coordinates":[34.672454,0.292074]},"properties":{"id":"523350343","n":"Iyala B PD 3","t":"pdw","c":"Kakamega"}}]}