{"type":"FeatureCollection","features":[{"type":"Feature","geometry":{"type":"Point","coordinates":[34.637113,0.025798]},"properties":{"id":"35014014","n":"Emutondo Water spring","t":"ps","c":"Vihiga"}},{"type":"Feature","geometry":{"type":"Point","coordinates":[34.606198,0.016175]},"properties":{"id":"9549726","n":"Berita spring","t":"ps","c":"Vihiga"}},{"type":"Feature","geometry":{"type":"Point","coordinates":[34.604412,0.020869]},"properties":{"id":"3615711","n":"Elwanga, Johnston Mmeri Spring - 4433","t":"ps","c":"Vihiga"}},{"type":"Feature","geometry":{"type":"Point","coordinates":[34.616703,0.015998]},"properties":{"id":"35013941","n":"Mwiyenga Water Spring","t":"ps","c":"Vihiga"}},{"type":"Feature","geometry":{"type":"Point","coordinates":[34.605213,0.0156]},"properties":{"id":"9549719","n":"Musilongo spring","t":"ps","c":"Vihiga"}},{"type":"Feature","geometry":{"type":"Point","coordinates":[34.610215,0.019033]},"properties":{"id":"17719678","n":"Apwoka Water Spring","t":"ps","c":"Vihiga"}},{"type":"Feature","geometry":{"type":"Point","coordinates":[34.621211,0.040343]},"properties":{"id":"22358383","n":"Mwinywelo Water Spring","t":"ps","c":"Vihiga"}},{"type":"Feature","geometry":{"type":"Point","coordinates":[34.61746,0.021813]},"properties":{"id":"17719692","n":"Ngopia Water Spring","t":"ps","c":"Vihiga"}},{"type":"Feature","geometry":{"type":"Point","coordinates":[34.642223,0.041137]},"properties":{"id":"23507566","n":"Wotwoko Water Spring","t":"ps","c":"Vihiga"}},{"type":"Feature","geometry":{"type":"Point","coordinates":[34.620528,0.030438]},"properties":{"id":"35013903","n":"Mwaburo Water Spring","t":"ps","c":"Vihiga"}},{"type":"Feature","geometry":{"type":"Point","coordinates":[34.61925,0.031433]},"properties":{"id":"5413045","n":"Jamwel Water Spring No 955","t":"ps","c":"Vihiga"}},{"type":"Feature","geometry":{"type":"Point","coordinates":[34.622568,0.021988]},"properties":{"id":"35013958","n":"Omulama Water Spring","t":"ps","c":"Vihiga"}},{"type":"Feature","geometry":{"type":"Point","coordinates":[34.6,0.02]},"properties":{"id":"3615704","n":"Mwirombi, Melicsadeck Spring - 4432","t":"ps","c":"Vihiga"}},{"type":"Feature","geometry":{"type":"Point","coordinates":[34.63999,0.02527]},"properties":{"id":"11674061","n":"Kwaham Water Spring No 914","t":"ps","c":"Vihiga"}},{"type":"Feature","geometry":{"type":"Point","coordinates":[34.631913,0.042672]},"properties":{"id":"23507597","n":"Waomwayo Water Spring","t":"ps","c":"Vihiga"}},{"type":"Feature","geometry":{"type":"Point","coordinates":[34.638423,0.036898]},"properties":{"id":"34155297","n":"Opati Water Spring","t":"ps","c":"Vihiga"}},{"type":"Feature","geometry":{"type":"Point","coordinates":[34.602332,0.018595]},"properties":{"id":"11604574","n":"Thomas water spring","t":"ps","c":"Vihiga"}},{"type":"Feature","geometry":{"type":"Point","coordinates":[34.653128,0.044963]},"properties":{"id":"35014234","n":"Wambati Water Spring","t":"ps","c":"Vihiga"}},{"type":"Feature","geometry":{"type":"Point","coordinates":[34.630032,0.035603]},"properties":{"id":"23507607","n":"Mulwobe Water Spring","t":"ps","c":"Vihiga"}},{"type":"Feature","geometry":{"type":"Point","coordinates":[34.606418,0.018177]},"properties":{"id":"9549733","n":"Musilongo","t":"ps","c":"Vihiga"}},{"type":"Feature","geometry":{"type":"Point","coordinates":[34.610173,0.01901]},"properties":{"id":"9549702","n":"Apwoka spring","t":"ps","c":"Vihiga"}},{"type":"Feature","geometry":{"type":"Point","coordinates":[34.620748,0.02839]},"properties":{"id":"35013910","n":"Mwikunga Water Spring","t":"ps","c":"Vihiga"}},{"type":"Feature","geometry":{"type":"Point","coordinates":[34.640212,0.025712]},"properties":{"id":"35014210","n":"Namwene Water Spring","t":"ps","c":"Vihiga"}},{"type":"Feature","geometry":{"type":"Point","coordinates":[34.649403,0.037552]},"properties":{"id":"35014272","n":"Mwitundu Water Spring 445","t":"ps","c":"Vihiga"}},{"type":"Feature","geometry":{"type":"Point","coordinates":[34.650142,0.043533]},"properties":{"id":"13629427","n":"Opanda Water Spring No 370","t":"ps","c":"Vihiga"}},{"type":"Feature","geometry":{"type":"Point","coordinates":[34.62853,0.025663]},"properties":{"id":"22358967","n":"Munungo Water Spring","t":"ps","c":"Vihiga"}},{"type":"Feature","geometry":{"type":"Point","coordinates":[34.621174,0.013197]},"properties":{"id":"27946253","n":"Emmachika Water Spring No 648","t":"ps","c":"Vihiga"}},{"type":"Feature","geometry":{"type":"Point","coordinates":[34.63165,0.036125]},"properties":{"id":"34155307","n":"Anjokha Water Spring","t":"ps","c":"Vihiga"}},{"type":"Feature","geometry":{"type":"Point","coordinates":[34.646485,0.037868]},"properties":{"id":"35014289","n":"Amboka Water Spring","t":"ps","c":"Vihiga"}},{"type":"Feature","geometry":{"type":"Point","coordinates":[34.623338,0.033588]},"properties":{"id":"23507690","n":"Apungu Water Spring","t":"ps","c":"Vihiga"}},{"type":"Feature","geometry":{"type":"Point","coordinates":[34.631322,0.046073]},"properties":{"id":"3511958","n":"Imbili Water Spring","t":"ps","c":"Vihiga"}},{"type":"Feature","geometry":{"type":"Point","coordinates":[34.621617,0.017267]},"properties":{"id":"4747158","n":"Emmunwa, Elkana Mahonga Spring - 4559","t":"ps","c":"Vihiga"}},{"type":"Feature","geometry":{"type":"Point","coordinates":[34.600143,0.022712]},"properties":{"id":"11604646","n":"Shem spring","t":"ps","c":"Vihiga"}},{"type":"Feature","geometry":{"type":"Point","coordinates":[34.630603,0.026166]},"properties":{"id":"22358950","n":"Luchina Water Spring","t":"ps","c":"Vihiga"}},{"type":"Feature","geometry":{"type":"Point","coordinates":[34.603437,0.020617]},"properties":{"id":"11604581","n":"Muyera spring","t":"ps","c":"Vihiga"}},{"type":"Feature","geometry":{"type":"Point","coordinates":[34.620657,0.033417]},"properties":{"id":"35013848","n":"Esiolasi Water Spring","t":"ps","c":"Vihiga"}},{"type":"Feature","geometry":{"type":"Point","coordinates":[34.604223,0.021605]},"properties":{"id":"11604608","n":"Samwel Agayi spring","t":"ps","c":"Vihiga"}},{"type":"Feature","geometry":{"type":"Point","coordinates":[34.615658,0.02522]},"properties":{"id":"46921501","n":"Eluanga Water Spring No 625","t":"ps","c":"Vihiga"}},{"type":"Feature","geometry":{"type":"Point","coordinates":[34.63135,0.0207]},"properties":{"id":"35013996","n":"Amola Water Spring 613","t":"ps","c":"Vihiga"}},{"type":"Feature","geometry":{"type":"Point","coordinates":[34.619403,0.028615]},"properties":{"id":"35013879","n":"Robdina Water Spring","t":"ps","c":"Vihiga"}},{"type":"Feature","geometry":{"type":"Point","coordinates":[34.639475,0.020243]},"properties":{"id":"35014117","n":"Omubwa Water Spring","t":"ps","c":"Vihiga"}},{"type":"Feature","geometry":{"type":"Point","coordinates":[34.615683,0.02532]},"properties":{"id":"17719702","n":"Emmachika Water Spring","t":"ps","c":"Vihiga"}},{"type":"Feature","geometry":{"type":"Point","coordinates":[34.616585,0.020413]},"properties":{"id":"17719685","n":"Lonah Water Spring","t":"ps","c":"Vihiga"}},{"type":"Feature","geometry":{"type":"Point","coordinates":[34.650258,0.038128]},"properties":{"id":"13629458","n":"Khamonyi Water Spring No 418","t":"ps","c":"Vihiga"}},{"type":"Feature","geometry":{"type":"Point","coordinates":[34.643363,0.034726]},"properties":{"id":"13629472","n":"Anziya Water Spring No 403","t":"ps","c":"Vihiga"}},{"type":"Feature","geometry":{"type":"Point","coordinates":[34.653286,0.038865]},"properties":{"id":"21217294","n":"Mulusembe Water Spring No 991","t":"ps","c":"Vihiga"}},{"type":"Feature","geometry":{"type":"Point","coordinates":[34.626709,0.037903]},"properties":{"id":"679035291","n":"Emuhaya Subcounty Hospital - 410022","t":"bh","c":"Vihiga","d":80.0}},{"type":"Feature","geometry":{"type":"Point","coordinates":[34.61966,0.02991]},"properties":{"id":"35013893","n":"Mwikunga Water Spring","t":"ps","c":"Vihiga"}},{"type":"Feature","geometry":{"type":"Point","coordinates":[34.644267,0.034537]},"properties":{"id":"12216242","n":"Chimoto Water Spring No 379","t":"ps","c":"Vihiga"}},{"type":"Feature","geometry":{"type":"Point","coordinates":[34.60314,0.02207]},"properties":{"id":"11604622","n":"Moses Owala spring","t":"ps","c":"Vihiga"}},{"type":"Feature","geometry":{"type":"Point","coordinates":[34.620985,0.034039]},"properties":{"id":"35013831","n":"Ayuma Water Spring","t":"ps","c":"Vihiga"}},{"type":"Feature","geometry":{"type":"Point","coordinates":[34.65183,0.042578]},"properties":{"id":"22358864","n":"Musilongo Water Spring","t":"ps","c":"Vihiga"}},{"type":"Feature","geometry":{"type":"Point","coordinates":[34.62335,0.033599]},"properties":{"id":"23507700","n":"Apungu Water Spring","t":"ps","c":"Vihiga"}},{"type":"Feature","geometry":{"type":"Point","coordinates":[34.636882,0.0185]},"properties":{"id":"35014038","n":"Muluboni Water Spring","t":"ps","c":"Vihiga"}},{"type":"Feature","geometry":{"type":"Point","coordinates":[34.632812,0.030995]},"properties":{"id":"34155345","n":"Emulundu Water Spring","t":"ps","c":"Vihiga"}},{"type":"Feature","geometry":{"type":"Point","coordinates":[34.652045,0.043432]},"properties":{"id":"6439479","n":"Jotham water spring","t":"ps","c":"Vihiga"}},{"type":"Feature","geometry":{"type":"Point","coordinates":[34.633124,0.022956]},"properties":{"id":"35014007","n":"Suywa Water Spring","t":"ps","c":"Vihiga"}},{"type":"Feature","geometry":{"type":"Point","coordinates":[34.642978,0.03039]},"properties":{"id":"22358929","n":"Efedha WATER Spring","t":"ps","c":"Vihiga"}},{"type":"Feature","geometry":{"type":"Point","coordinates":[34.617118,0.008287]},"properties":{"id":"27946215","n":"Mwilongo Water Spring No 576","t":"ps","c":"Vihiga"}},{"type":"Feature","geometry":{"type":"Point","coordinates":[34.615153,0.011647]},"properties":{"id":"9549654","n":"Opati spring","t":"ps","c":"Vihiga"}},{"type":"Feature","geometry":{"type":"Point","coordinates":[34.631018,0.03868]},"properties":{"id":"34155321","n":"Eimanda Water Spring","t":"ps","c":"Vihiga"}},{"type":"Feature","geometry":{"type":"Point","coordinates":[34.604147,0.022467]},"properties":{"id":"11604615","n":"Rebecca water spring","t":"ps","c":"Vihiga"}},{"type":"Feature","geometry":{"type":"Point","coordinates":[34.621257,0.040352]},"properties":{"id":"4430667","n":"Mwinywelo Water Spring","t":"ps","c":"Vihiga"}},{"type":"Feature","geometry":{"type":"Point","coordinates":[34.641377,0.030562]},"properties":{"id":"22358943","n":"Anjika Water Spring","t":"ps","c":"Vihiga"}},{"type":"Feature","geometry":{"type":"Point","coordinates":[34.647518,0.030967]},"properties":{"id":"22358912","n":"AndatsoWater Spring","t":"ps","c":"Vihiga"}},{"type":"Feature","geometry":{"type":"Point","coordinates":[34.620373,0.024803]},"properties":{"id":"17719719","n":"Mmbungo Water Spring","t":"ps","c":"Vihiga"}},{"type":"Feature","geometry":{"type":"Point","coordinates":[34.639073,0.041707]},"properties":{"id":"13629403","n":"Omuyundi Water Spring No 267","t":"ps","c":"Vihiga"}},{"type":"Feature","geometry":{"type":"Point","coordinates":[34.621735,0.040183]},"properties":{"id":"18362998","n":"Mwinywelo Water Spring","t":"ps","c":"Vihiga"}},{"type":"Feature","geometry":{"type":"Point","coordinates":[34.631633,0.03372]},"properties":{"id":"34155338","n":"Mwilongo Water Spring","t":"ps","c":"Vihiga"}},{"type":"Feature","geometry":{"type":"Point","coordinates":[34.622613,0.015658]},"properties":{"id":"35013965","n":"Achaya Water Spring","t":"ps","c":"Vihiga"}},{"type":"Feature","geometry":{"type":"Point","coordinates":[34.60524,0.015615]},"properties":{"id":"17719661","n":"Musilongo Water Spring","t":"ps","c":"Vihiga"}},{"type":"Feature","geometry":{"type":"Point","coordinates":[34.610602,0.019337]},"properties":{"id":"9549692","n":"Opiyo spring","t":"ps","c":"Vihiga"}},{"type":"Feature","geometry":{"type":"Point","coordinates":[34.621443,0.037313]},"properties":{"id":"23507669","n":"Hagerishom Water Spring","t":"ps","c":"Vihiga"}},{"type":"Feature","geometry":{"type":"Point","coordinates":[34.644782,0.033712]},"properties":{"id":"35014265","n":"Ilulu Water Spring","t":"ps","c":"Vihiga"}},{"type":"Feature","geometry":{"type":"Point","coordinates":[34.642799,0.032172]},"properties":{"id":"22358936","n":"Opaka Water Spring","t":"ps","c":"Vihiga"}},{"type":"Feature","geometry":{"type":"Point","coordinates":[34.642328,0.038265]},"properties":{"id":"13629489","n":"Elunyama Water Spring No 419","t":"ps","c":"Vihiga"}},{"type":"Feature","geometry":{"type":"Point","coordinates":[34.64447,0.027833]},"properties":{"id":"35014021","n":"Wambeba Water Spring","t":"ps","c":"Vihiga"}},{"type":"Feature","geometry":{"type":"Point","coordinates":[34.63242,0.038048]},"properties":{"id":"34155314","n":"Wotiang'a Water Spring","t":"ps","c":"Vihiga"}},{"type":"Feature","geometry":{"type":"Point","coordinates":[34.638777,0.022508]},"properties":{"id":"35014193","n":"Amakonze Water Spring","t":"ps","c":"Vihiga"}},{"type":"Feature","geometry":{"type":"Point","coordinates":[34.653873,0.03808]},"properties":{"id":"35014227","n":"Sikwa  Water Spring","t":"ps","c":"Vihiga"}},{"type":"Feature","geometry":{"type":"Point","coordinates":[34.622498,0.035048]},"properties":{"id":"23507652","n":"Musiolas Water Spring","t":"ps","c":"Vihiga"}},{"type":"Feature","geometry":{"type":"Point","coordinates":[34.628688,0.016685]},"properties":{"id":"27946208","n":"Ojwok Water Spring No 565","t":"ps","c":"Vihiga"}},{"type":"Feature","geometry":{"type":"Point","coordinates":[34.616988,0.028707]},"properties":{"id":"35013934","n":"Nyanza Water Spring","t":"ps","c":"Vihiga"}},{"type":"Feature","geometry":{"type":"Point","coordinates":[34.62461,0.020912]},"properties":{"id":"35013989","n":"Wamungoni Water Spring","t":"ps","c":"Vihiga"}},{"type":"Feature","geometry":{"type":"Point","coordinates":[34.579493,0.004012]},"properties":{"id":"482990","n":"Bishop Olang","t":"bh","c":"Vihiga"}},{"type":"Feature","geometry":{"type":"Point","coordinates":[34.583144,0.012044]},"properties":{"id":"4334754","n":"Ebukuya Samaria, Nuru Okumbe Spring - 4422","t":"ps","c":"Vihiga"}},{"type":"Feature","geometry":{"type":"Point","coordinates":[34.580567,0.002548]},"properties":{"id":"472687","n":"Esabalu spring","t":"us","c":"Vihiga"}},{"type":"Feature","geometry":{"type":"Point","coordinates":[34.594202,0.021665]},"properties":{"id":"3615694","n":"Ebusachi, Benson Andeso Spring - 4429","t":"ps","c":"Vihiga"}},{"type":"Feature","geometry":{"type":"Point","coordinates":[34.588188,0.007278]},"properties":{"id":"17300979","n":"Mulucheyo Water Spring","t":"ps","c":"Vihiga"}},{"type":"Feature","geometry":{"type":"Point","coordinates":[34.593973,0.029555]},"properties":{"id":"8021364","n":"Nasibi Water Spring","t":"ps","c":"Vihiga"}},{"type":"Feature","geometry":{"type":"Point","coordinates":[34.594615,0.03294]},"properties":{"id":"8021333","n":"Wadinah Water Spring","t":"ps","c":"Vihiga"}},{"type":"Feature","geometry":{"type":"Point","coordinates":[34.605438,0.026392]},"properties":{"id":"35014186","n":"Jared Water Spring","t":"ps","c":"Vihiga"}},{"type":"Feature","geometry":{"type":"Point","coordinates":[34.592687,0.041088]},"properties":{"id":"6661258","n":"Mulukuyi Water Spring No 547","t":"ps","c":"Vihiga"}},{"type":"Feature","geometry":{"type":"Point","coordinates":[34.596128,0.026132]},"properties":{"id":"8021388","n":"Nasibi Water Spring","t":"ps","c":"Vihiga"}},{"type":"Feature","geometry":{"type":"Point","coordinates":[34.597517,0.02493]},"properties":{"id":"8021371","n":"Mbati Water Spring","t":"ps","c":"Vihiga"}},{"type":"Feature","geometry":{"type":"Point","coordinates":[34.600113,0.045188]},"properties":{"id":"11845067","n":"Olukokha Water Spring No 244","t":"ps","c":"Vihiga"}},{"type":"Feature","geometry":{"type":"Point","coordinates":[34.586135,0.036553]},"properties":{"id":"11532790","n":"Emakhwenje Water Spring No 687","t":"ps","c":"Vihiga"}},{"type":"Feature","geometry":{"type":"Point","coordinates":[34.605665,0.033142]},"properties":{"id":"9752650","n":"Okemo water spring","t":"ps","c":"Vihiga"}},{"type":"Feature","geometry":{"type":"Point","coordinates":[34.590455,0.040902]},"properties":{"id":"6661241","n":"Mulwakhi Water Spring No 566","t":"ps","c":"Vihiga"}},{"type":"Feature","geometry":{"type":"Point","coordinates":[34.604105,0.030035]},"properties":{"id":"15832346","n":"Oluko Water Spring","t":"ps","c":"Vihiga"}},{"type":"Feature","geometry":{"type":"Point","coordinates":[34.603943,0.035192]},"properties":{"id":"22358785","n":"Warhode Water Spring","t":"ps","c":"Vihiga"}},{"type":"Feature","geometry":{"type":"Point","coordinates":[34.597387,0.042823]},"properties":{"id":"11842538","n":"Musinaumbu Water Spring No 246","t":"ps","c":"Vihiga"}},{"type":"Feature","geometry":{"type":"Point","coordinates":[34.601857,0.038401]},"properties":{"id":"22358802","n":"Mbukume Water Spring","t":"ps","c":"Vihiga"}},{"type":"Feature","geometry":{"type":"Point","coordinates":[34.609783,0.029857]},"properties":{"id":"35013862","n":"Ayola Water Spring","t":"ps","c":"Vihiga"}},{"type":"Feature","geometry":{"type":"Point","coordinates":[34.6017,0.042887]},"properties":{"id":"11842545","n":"Maina Water Spring No 265","t":"ps","c":"Vihiga"}},{"type":"Feature","geometry":{"type":"Point","coordinates":[34.592536,0.048096]},"properties":{"id":"22359016","n":"Mukangu Water Spring","t":"ps","c":"Vihiga"}},{"type":"Feature","geometry":{"type":"Point","coordinates":[34.59476,0.037265]},"properties":{"id":"6661234","n":"Ngolobe Water Spring No 573","t":"ps","c":"Vihiga"}},{"type":"Feature","geometry":{"type":"Point","coordinates":[34.608288,0.031127]},"properties":{"id":"22358778","n":"Mudesert WATER SPRING","t":"ps","c":"Vihiga"}},{"type":"Feature","geometry":{"type":"Point","coordinates":[34.595092,0.035148]},"properties":{"id":"15832353","n":"Okonji Water Spring","t":"ps","c":"Vihiga"}},{"type":"Feature","geometry":{"type":"Point","coordinates":[34.586755,0.047862]},"properties":{"id":"11533241","n":"Emunyenyi Water Spring No 669","t":"ps","c":"Vihiga"}},{"type":"Feature","geometry":{"type":"Point","coordinates":[34.551706,0.012245]},"properties":{"id":"3750889","n":"Busyubi Primary School - 445","t":"bh","c":"Vihiga"}},{"type":"Feature","geometry":{"type":"Point","coordinates":[34.56425,0.031781]},"properties":{"id":"12558629","n":"Naika Water Spring","t":"ps","c":"Vihiga"}},{"type":"Feature","geometry":{"type":"Point","coordinates":[34.557295,0.029322]},"properties":{"id":"11532783","n":"Mwana Water Spring No 629","t":"ps","c":"Vihiga"}},{"type":"Feature","geometry":{"type":"Point","coordinates":[34.57811,0.0101]},"properties":{"id":"38243","n":"Emusoli, Opwole Spring - 4413","t":"ps","c":"Vihiga"}},{"type":"Feature","geometry":{"type":"Point","coordinates":[34.580793,0.011635]},"properties":{"id":"3909494","n":"Emakunda, Esilaba Spring - 4560","t":"ps","c":"Vihiga"}},{"type":"Feature","geometry":{"type":"Point","coordinates":[34.569023,0.040467]},"properties":{"id":"22358974","n":"Mundabala Water Spring","t":"ps","c":"Vihiga"}},{"type":"Feature","geometry":{"type":"Point","coordinates":[34.573765,0.006566]},"properties":{"id":"1021192","n":"Decommissioned 2023 -Otwato Spring - 4412","t":"ps","c":"Vihiga"}},{"type":"Feature","geometry":{"type":"Point","coordinates":[34.569105,0.038984]},"properties":{"id":"23081248","n":"Obure Water Spring","t":"ps","c":"Vihiga"}},{"type":"Feature","geometry":{"type":"Point","coordinates":[34.550292,0.011633]},"properties":{"id":"12558643","n":"Mwai Water Spring","t":"ps","c":"Vihiga"}},{"type":"Feature","geometry":{"type":"Point","coordinates":[34.561043,0.023308]},"properties":{"id":"4747189","n":"Emmumbia, Staus Amayuku Spring - 4561","t":"ps","c":"Vihiga"}},{"type":"Feature","geometry":{"type":"Point","coordinates":[34.561448,0.019571]},"properties":{"id":"3615687","n":"Emumbia, Simon Otundo Spring - 4414","t":"ps","c":"Vihiga"}},{"type":"Feature","geometry":{"type":"Point","coordinates":[34.570802,0.039513]},"properties":{"id":"6661210","n":"Nicholas Water Spring No 694","t":"ps","c":"Vihiga"}},{"type":"Feature","geometry":{"type":"Point","coordinates":[34.565385,0.027925]},"properties":{"id":"8021429","n":"Areka Water Spring","t":"ps","c":"Vihiga"}},{"type":"Feature","geometry":{"type":"Point","coordinates":[34.562773,0.00782]},"properties":{"id":"3513486","n":"Ebwiranyi, Kabole Spring - 4420","t":"ps","c":"Vihiga"}},{"type":"Feature","geometry":{"type":"Point","coordinates":[34.56,0.01]},"properties":{"id":"3615780","n":"Khumikoche, Angango Spring - 4427","t":"ps","c":"Vihiga"}},{"type":"Feature","geometry":{"type":"Point","coordinates":[34.562707,0.039128]},"properties":{"id":"930857","n":"Emmuli Ebutuku, John Maganga Spring - 4567","t":"ps","c":"Vihiga"}},{"type":"Feature","geometry":{"type":"Point","coordinates":[34.554319,0.010973]},"properties":{"id":"3513998","n":"Khumikoche, Wabukhi Spring - 4410","t":"ps","c":"Vihiga"}},{"type":"Feature","geometry":{"type":"Point","coordinates":[34.576003,0.02046]},"properties":{"id":"8021395","n":"AKHATAKA Water Spring","t":"ps","c":"Vihiga"}},{"type":"Feature","geometry":{"type":"Point","coordinates":[34.568232,0.012667]},"properties":{"id":"4109958","n":"Esitundu, Amboye Spring - 4411","t":"ps","c":"Vihiga"}},{"type":"Feature","geometry":{"type":"Point","coordinates":[34.566243,0.028622]},"properties":{"id":"8021405","n":"Tete Water Spring","t":"ps","c":"Vihiga"}},{"type":"Feature","geometry":{"type":"Point","coordinates":[34.553373,0.009136]},"properties":{"id":"4299686","n":"Esihututo, Robert Abu Spring - 4426","t":"ps","c":"Vihiga"}},{"type":"Feature","geometry":{"type":"Point","coordinates":[34.572166,0.004319]},"properties":{"id":"4334761","n":"Mukhuyu, Mukwambo Spring - 4438","t":"ps","c":"Vihiga"}},{"type":"Feature","geometry":{"type":"Point","coordinates":[34.554375,0.039527]},"properties":{"id":"11532769","n":"Matala Water Spring No 644","t":"ps","c":"Vihiga"}},{"type":"Feature","geometry":{"type":"Point","coordinates":[34.56,0.01]},"properties":{"id":"3615773","n":"Mulianda, Janepher Opanda Spring - 4424","t":"ps","c":"Vihiga"}},{"type":"Feature","geometry":{"type":"Point","coordinates":[34.560972,0.042085]},"properties":{"id":"11532776","n":"Mwano Water Spring No 646","t":"ps","c":"Vihiga"}},{"type":"Feature","geometry":{"type":"Point","coordinates":[34.573742,0.006532]},"properties":{"id":"1027710","n":"Muraka, Aliuba Spring - 4372","t":"ps","c":"Vihiga"}},{"type":"Feature","geometry":{"type":"Point","coordinates":[34.569177,0.010907]},"properties":{"id":"472216","n":"Joshua's Spring","t":"us","c":"Vihiga"}},{"type":"Feature","geometry":{"type":"Point","coordinates":[34.550277,0.008115]},"properties":{"id":"12558636","n":"Emako Water Spring","t":"ps","c":"Vihiga"}},{"type":"Feature","geometry":{"type":"Point","coordinates":[34.56517,0.028793]},"properties":{"id":"8021436","n":"Agong'a Water Spring","t":"ps","c":"Vihiga"}},{"type":"Feature","geometry":{"type":"Point","coordinates":[34.673003,0.083768]},"properties":{"id":"13629568","n":"Musikhune Water Spring","t":"ps","c":"Vihiga"}},{"type":"Feature","geometry":{"type":"Point","coordinates":[34.644821,0.056643]},"properties":{"id":"12216163","n":"Otondo Water Spring No 447","t":"ps","c":"Vihiga"}},{"type":"Feature","geometry":{"type":"Point","coordinates":[34.658062,0.078241]},"properties":{"id":"15831998","n":"3 Water Spring","t":"ps","c":"Vihiga"}},{"type":"Feature","geometry":{"type":"Point","coordinates":[34.621628,0.043408]},"properties":{"id":"9764343","n":"Munyanda Water Spring No 913","t":"ps","c":"Vihiga"}},{"type":"Feature","geometry":{"type":"Point","coordinates":[34.642561,0.058674]},"properties":{"id":"8337768","n":"Hasah water spring","t":"ps","c":"Vihiga"}},{"type":"Feature","geometry":{"type":"Point","coordinates":[34.651113,0.051212]},"properties":{"id":"9752636","n":"Imbeyi water spring","t":"ps","c":"Vihiga"}},{"type":"Feature","geometry":{"type":"Point","coordinates":[34.66466,0.068262]},"properties":{"id":"22358747","n":"Weskote Water Spring","t":"ps","c":"Vihiga"}},{"type":"Feature","geometry":{"type":"Point","coordinates":[34.61266,0.051065]},"properties":{"id":"23507762","n":"Etole Water Spring","t":"ps","c":"Vihiga"}},{"type":"Feature","geometry":{"type":"Point","coordinates":[34.666867,0.079277]},"properties":{"id":"27184107","n":"Waangatia Water Spring No","t":"ps","c":"Vihiga"}},{"type":"Feature","geometry":{"type":"Point","coordinates":[34.657575,0.04769]},"properties":{"id":"12216187","n":"Waamwayi Water Spring No 443","t":"ps","c":"Vihiga"}},{"type":"Feature","geometry":{"type":"Point","coordinates":[34.613593,0.045508]},"properties":{"id":"11842521","n":"Okaka Water Spring No 205","t":"ps","c":"Vihiga"}},{"type":"Feature","geometry":{"type":"Point","coordinates":[34.670007,0.073695]},"properties":{"id":"561114985","n":"Wopala Water Spring No 1858","t":"ps","c":"Vihiga"}},{"type":"Feature","geometry":{"type":"Point","coordinates":[34.631197,0.057677]},"properties":{"id":"111159","n":"Otinga water spring","t":"ps","c":"Vihiga"}},{"type":"Feature","geometry":{"type":"Point","coordinates":[34.648352,0.062948]},"properties":{"id":"15054939","n":"Owele Water Spring No 545","t":"ps","c":"Vihiga"}},{"type":"Feature","geometry":{"type":"Point","coordinates":[34.639943,0.058047]},"properties":{"id":"15054977","n":"Ndeta Water Spring","t":"ps","c":"Vihiga"}},{"type":"Feature","geometry":{"type":"Point","coordinates":[34.63809,0.06338]},"properties":{"id":"15054953","n":"Mukangu Water Spring","t":"ps","c":"Vihiga"}},{"type":"Feature","geometry":{"type":"Point","coordinates":[34.656028,0.05341]},"properties":{"id":"27183058","n":"Waandeso Water Spring No 444","t":"ps","c":"Vihiga"}},{"type":"Feature","geometry":{"type":"Point","coordinates":[34.648558,0.0646]},"properties":{"id":"15054946","n":"Anyoso Water Spring No 569","t":"ps","c":"Vihiga"}},{"type":"Feature","geometry":{"type":"Point","coordinates":[34.659388,0.078228]},"properties":{"id":"15831981","n":"Inyangala Water Spring","t":"ps","c":"Vihiga"}},{"type":"Feature","geometry":{"type":"Point","coordinates":[34.64029,0.052653]},"properties":{"id":"12216132","n":"Olukuna Water Spring No 312","t":"ps","c":"Vihiga"}},{"type":"Feature","geometry":{"type":"Point","coordinates":[34.664051,0.080045]},"properties":{"id":"13629537","n":"Mulukoti Water Spring","t":"ps","c":"Vihiga"}},{"type":"Feature","geometry":{"type":"Point","coordinates":[34.634805,0.058451]},"properties":{"id":"5413124","n":"Maalala Water Spring No 284","t":"ps","c":"Vihiga"}},{"type":"Feature","geometry":{"type":"Point","coordinates":[34.670528,0.072977]},"properties":{"id":"561114992","n":"Inzukhi Water Spring No 1857","t":"ps","c":"Vihiga"}},{"type":"Feature","geometry":{"type":"Point","coordinates":[34.615973,0.038467]},"properties":{"id":"18363009","n":"Wasimon Water Spring","t":"ps","c":"Vihiga"}},{"type":"Feature","geometry":{"type":"Point","coordinates":[34.638295,0.059312]},"properties":{"id":"15054960","n":"Khusiabuchele Water Spring","t":"ps","c":"Vihiga"}},{"type":"Feature","geometry":{"type":"Point","coordinates":[34.650327,0.070625]},"properties":{"id":"617703","n":"Wachatili water spring","t":"ps","c":"Vihiga"}},{"type":"Feature","geometry":{"type":"Point","coordinates":[34.658507,0.052732]},"properties":{"id":"27183072","n":"Wajoasi Water Spring No 664","t":"ps","c":"Vihiga"}},{"type":"Feature","geometry":{"type":"Point","coordinates":[34.623588,0.047282]},"properties":{"id":"23507717","n":"HanjecheWater Spring","t":"ps","c":"Vihiga"}},{"type":"Feature","geometry":{"type":"Point","coordinates":[34.654762,0.057877]},"properties":{"id":"12216170","n":"Hamurula Water Spring No 286","t":"ps","c":"Vihiga"}},{"type":"Feature","geometry":{"type":"Point","coordinates":[34.642907,0.045577]},"properties":{"id":"23507573","n":"Lwobela Water Spring","t":"ps","c":"Vihiga"}},{"type":"Feature","geometry":{"type":"Point","coordinates":[34.624133,0.070532]},"properties":{"id":"9911822","n":"Mare Water Spring","t":"ps","c":"Vihiga"}},{"type":"Feature","geometry":{"type":"Point","coordinates":[34.655498,0.070137]},"properties":{"id":"15832016","n":"Emunyenyi Water Spring","t":"ps","c":"Vihiga"}},{"type":"Feature","geometry":{"type":"Point","coordinates":[34.643788,0.05696]},"properties":{"id":"12216156","n":"Homusali Water Spring No 311","t":"ps","c":"Vihiga"}},{"type":"Feature","geometry":{"type":"Point","coordinates":[34.673629,0.081307]},"properties":{"id":"13629544","n":"Mmboko Water Spring","t":"ps","c":"Vihiga"}},{"type":"Feature","geometry":{"type":"Point","coordinates":[34.642555,0.058727]},"properties":{"id":"6442046","n":"Hasan water spring","t":"ps","c":"Vihiga"}},{"type":"Feature","geometry":{"type":"Point","coordinates":[34.622,0.04472]},"properties":{"id":"6661179","n":"Emboli Water Spring No 372","t":"ps","c":"Vihiga"}},{"type":"Feature","geometry":{"type":"Point","coordinates":[34.657087,0.067282]},"properties":{"id":"33974743","n":"Akoli Water Spring No 238","t":"ps","c":"Vihiga"}},{"type":"Feature","geometry":{"type":"Point","coordinates":[34.631937,0.071908]},"properties":{"id":"561115553","n":"Amukhonjela Water Spring No 1891","t":"ps","c":"Vihiga"}},{"type":"Feature","geometry":{"type":"Point","coordinates":[34.624215,0.070602]},"properties":{"id":"46921484","n":"Mare Water Spring No","t":"ps","c":"Vihiga"}},{"type":"Feature","geometry":{"type":"Point","coordinates":[34.62507,0.04627]},"properties":{"id":"23507724","n":"Ebukato Water Spring","t":"ps","c":"Vihiga"}},{"type":"Feature","geometry":{"type":"Point","coordinates":[34.64797,0.060743]},"properties":{"id":"15054922","n":"Etubakwa Water Spring No 568","t":"ps","c":"Vihiga"}},{"type":"Feature","geometry":{"type":"Point","coordinates":[34.609792,0.049127]},"properties":{"id":"15055019","n":"Mmulusi Water Spring","t":"ps","c":"Vihiga"}},{"type":"Feature","geometry":{"type":"Point","coordinates":[34.639627,0.072257]},"properties":{"id":"15054984","n":"Onyino Water Spring","t":"ps","c":"Vihiga"}},{"type":"Feature","geometry":{"type":"Point","coordinates":[34.639453,0.045895]},"properties":{"id":"23507580","n":"Siena Water Spring","t":"ps","c":"Vihiga"}},{"type":"Feature","geometry":{"type":"Point","coordinates":[34.620885,0.050782]},"properties":{"id":"23507748","n":"Itale Water Spring","t":"ps","c":"Vihiga"}},{"type":"Feature","geometry":{"type":"Point","coordinates":[34.653623,0.074957]},"properties":{"id":"15831974","n":"MusitunduWater Sprrimg","t":"ps","c":"Vihiga"}},{"type":"Feature","geometry":{"type":"Point","coordinates":[34.651497,0.049921]},"properties":{"id":"13629410","n":"Keng'wa Water Spring No 292","t":"ps","c":"Vihiga"}},{"type":"Feature","geometry":{"type":"Point","coordinates":[34.63744,0.04835]},"properties":{"id":"12216149","n":"Injilinya Water Spring No 334","t":"ps","c":"Vihiga"}},{"type":"Feature","geometry":{"type":"Point","coordinates":[34.654543,0.050658]},"properties":{"id":"9752629","n":"Osieka Water Spring","t":"ps","c":"Vihiga"}},{"type":"Feature","geometry":{"type":"Point","coordinates":[34.658227,0.078798]},"properties":{"id":"15832009","n":"Bwoto Water Spring No 66","t":"ps","c":"Vihiga"}},{"type":"Feature","geometry":{"type":"Point","coordinates":[34.657813,0.078302]},"properties":{"id":"27183034","n":"Ebusiloli Water Spring","t":"ps","c":"Vihiga"}},{"type":"Feature","geometry":{"type":"Point","coordinates":[34.666868,0.079199]},"properties":{"id":"15575764","n":"Wangatia Water Spring No","t":"ps","c":"Vihiga"}},{"type":"Feature","geometry":{"type":"Point","coordinates":[34.66103,0.067365]},"properties":{"id":"15055105","n":"Wambiya Water Spring","t":"ps","c":"Vihiga"}},{"type":"Feature","geometry":{"type":"Point","coordinates":[34.659118,0.05611]},"properties":{"id":"243454321","n":"Watonyi Water Spring No 1486","t":"ps","c":"Vihiga"}},{"type":"Feature","geometry":{"type":"Point","coordinates":[34.611877,0.048305]},"properties":{"id":"11842514","n":"Omukaya Water Spring No 206","t":"ps","c":"Vihiga"}},{"type":"Feature","geometry":{"type":"Point","coordinates":[34.653375,0.059338]},"properties":{"id":"9743915","n":"Mulunyu water spring","t":"ps","c":"Vihiga"}},{"type":"Feature","geometry":{"type":"Point","coordinates":[34.657775,0.065227]},"properties":{"id":"27183041","n":"Wamahindu Water Spring No 52","t":"ps","c":"Vihiga"}},{"type":"Feature","geometry":{"type":"Point","coordinates":[34.619331,0.053339]},"properties":{"id":"23507731","n":"Silunya Water Spring","t":"ps","c":"Vihiga"}},{"type":"Feature","geometry":{"type":"Point","coordinates":[34.63729,0.068667]},"properties":{"id":"233250850","n":"Mwitabaka Water Spring No 1472","t":"ps","c":"Vihiga"}},{"type":"Feature","geometry":{"type":"Point","coordinates":[34.646918,0.059527]},"properties":{"id":"13062066","n":"Watai water spring","t":"ps","c":"Vihiga"}},{"type":"Feature","geometry":{"type":"Point","coordinates":[34.66388,0.060783]},"properties":{"id":"9743654","n":"Ahoko Water Spring","t":"ps","c":"Vihiga"}},{"type":"Feature","geometry":{"type":"Point","coordinates":[34.620308,0.051302]},"properties":{"id":"23507755","n":"Omuhinda Water Spring","t":"ps","c":"Vihiga"}},{"type":"Feature","geometry":{"type":"Point","coordinates":[34.63335,0.0622]},"properties":{"id":"561115560","n":"Hobutakhwa Water Spring No 1889","t":"ps","c":"Vihiga"}},{"type":"Feature","geometry":{"type":"Point","coordinates":[34.663598,0.062878]},"properties":{"id":"9743647","n":"Alukwe water spring","t":"ps","c":"Vihiga"}},{"type":"Feature","geometry":{"type":"Point","coordinates":[34.659243,0.06201]},"properties":{"id":"27183065","n":"Owaakunda Water Spring No 134","t":"ps","c":"Vihiga"}},{"type":"Feature","geometry":{"type":"Point","coordinates":[34.637965,0.05826]},"properties":{"id":"5413131","n":"Okwemba Water Spring No 285","t":"ps","c":"Vihiga"}},{"type":"Feature","geometry":{"type":"Point","coordinates":[34.608167,0.044889]},"properties":{"id":"22358761","n":"Mwitoko WATER SPRING","t":"ps","c":"Vihiga"}},{"type":"Feature","geometry":{"type":"Point","coordinates":[34.641051,0.055465]},"properties":{"id":"5413148","n":"Asiachi Water Spring No 294","t":"ps","c":"Vihiga"}},{"type":"Feature","geometry":{"type":"Point","coordinates":[34.630618,0.074333]},"properties":{"id":"561115546","n":"Otsowa Water Spring No 1892","t":"ps","c":"Vihiga"}},{"type":"Feature","geometry":{"type":"Point","coordinates":[34.625633,0.064927]},"properties":{"id":"561115577","n":"Akhaukwa Water Spring No 1890","t":"ps","c":"Vihiga"}},{"type":"Feature","geometry":{"type":"Point","coordinates":[34.768607,0.151135]},"properties":{"id":"230424911","n":"Isiao Water Spring No 1479","t":"ps","c":"Vihiga"}},{"type":"Feature","geometry":{"type":"Point","coordinates":[34.819614,0.162626]},"properties":{"id":"523347680","n":"Shenjero, US, 2","t":"us","c":"Vihiga"}},{"type":"Feature","geometry":{"type":"Point","coordinates":[34.81941,0.146985]},"properties":{"id":"523318020","n":"Makanyi A, US, 1","t":"us","c":"Vihiga"}},{"type":"Feature","geometry":{"type":"Point","coordinates":[34.818729,0.137717]},"properties":{"id":"19047661","n":"Waadagala Water Spring No 1058","t":"ps","c":"Vihiga"}},{"type":"Feature","geometry":{"type":"Point","coordinates":[34.78594,0.142128]},"properties":{"id":"19047623","n":"Wagwedeya Water Spring No 1045","t":"ps","c":"Vihiga"}},{"type":"Feature","geometry":{"type":"Point","coordinates":[34.805987,0.134567]},"properties":{"id":"48271693","n":"Ingavira Water Spring no 1095","t":"ps","c":"Vihiga"}},{"type":"Feature","geometry":{"type":"Point","coordinates":[34.76958,0.14642]},"properties":{"id":"71143365","n":"Wamahanganya Water Spring No 1098","t":"ps","c":"Vihiga"}},{"type":"Feature","geometry":{"type":"Point","coordinates":[34.804364,0.150311]},"properties":{"id":"12627929","n":"Wimbuguyi Water Spring No1096","t":"ps","c":"Vihiga"}},{"type":"Feature","geometry":{"type":"Point","coordinates":[34.79109,0.146133]},"properties":{"id":"19047647","n":"Wajoram Water Spring No 1046","t":"ps","c":"Vihiga"}},{"type":"Feature","geometry":{"type":"Point","coordinates":[34.785215,0.140997]},"properties":{"id":"211689966","n":"Wagimoi Water Spring No 1272","t":"ps","c":"Vihiga"}},{"type":"Feature","geometry":{"type":"Point","coordinates":[34.79055,0.134798]},"properties":{"id":"72542879","n":"Waluvi Water Spring No 1093","t":"ps","c":"Vihiga"}},{"type":"Feature","geometry":{"type":"Point","coordinates":[34.787822,0.13743]},"properties":{"id":"211690098","n":"Wakivutze Water Spring No 1270","t":"ps","c":"Vihiga"}},{"type":"Feature","geometry":{"type":"Point","coordinates":[34.76411,0.140948]},"properties":{"id":"224438373","n":"Shitakisa Water Spring No 1460","t":"ps","c":"Vihiga"}},{"type":"Feature","geometry":{"type":"Point","coordinates":[34.788775,0.130072]},"properties":{"id":"19047616","n":"Kivuye Water Spring No 1047","t":"ps","c":"Vihiga"}},{"type":"Feature","geometry":{"type":"Point","coordinates":[34.818392,0.161678]},"properties":{"id":"523254911","n":"Shenjero, PS, 3","t":"ps","c":"Vihiga"}},{"type":"Feature","geometry":{"type":"Point","coordinates":[34.822867,0.135493]},"properties":{"id":"26506362","n":"Ikobero Water Spring No 1023","t":"ps","c":"Vihiga"}},{"type":"Feature","geometry":{"type":"Point","coordinates":[34.774468,0.141392]},"properties":{"id":"24704900","n":"Wasinzole Water Spring No 998","t":"ps","c":"Vihiga"}},{"type":"Feature","geometry":{"type":"Point","coordinates":[34.807795,0.136301]},"properties":{"id":"48271583","n":"Zome Water Spring No 1083","t":"ps","c":"Vihiga"}},{"type":"Feature","geometry":{"type":"Point","coordinates":[34.788153,0.138667]},"properties":{"id":"21212536","n":"Waajusa Water Spring No 983","t":"ps","c":"Vihiga"}},{"type":"Feature","geometry":{"type":"Point","coordinates":[34.772085,0.146675]},"properties":{"id":"26506324","n":"Wadema Water Spring No","t":"ps","c":"Vihiga"}},{"type":"Feature","geometry":{"type":"Point","coordinates":[34.815718,0.134975]},"properties":{"id":"5431133","n":"Waluvinzu Water Spring No 1021","t":"ps","c":"Vihiga"}},{"type":"Feature","geometry":{"type":"Point","coordinates":[34.816884,0.136297]},"properties":{"id":"39942519","n":"Waswegenye Water Spring No 1032","t":"ps","c":"Vihiga"}},{"type":"Feature","geometry":{"type":"Point","coordinates":[34.818097,0.160078]},"properties":{"id":"523347116","n":"Shenjero, US, 4","t":"us","c":"Vihiga"}},{"type":"Feature","geometry":{"type":"Point","coordinates":[34.81248,0.127697]},"properties":{"id":"39942533","n":"Womusalia Water Spring No 1035","t":"ps","c":"Vihiga"}},{"type":"Feature","geometry":{"type":"Point","coordinates":[34.780343,0.138207]},"properties":{"id":"12627895","n":"Wamagomere Water Spring No 1084","t":"ps","c":"Vihiga"}},{"type":"Feature","geometry":{"type":"Point","coordinates":[34.814627,0.156573]},"properties":{"id":"3750748","n":"Bugondi/Lwenyam, Bugondi Spring - 4293","t":"ps","c":"Vihiga"}},{"type":"Feature","geometry":{"type":"Point","coordinates":[34.790865,0.143465]},"properties":{"id":"4675697","n":"Wichafwa Water Spring No 992","t":"ps","c":"Vihiga"}},{"type":"Feature","geometry":{"type":"Point","coordinates":[34.81566,0.142172]},"properties":{"id":"211690270","n":"Wamusungu Water Spring No 1293","t":"ps","c":"Vihiga"}},{"type":"Feature","geometry":{"type":"Point","coordinates":[34.780165,0.149274]},"properties":{"id":"26506355","n":"Waadalo Water Spring No","t":"ps","c":"Vihiga"}},{"type":"Feature","geometry":{"type":"Point","coordinates":[34.80812,0.133793]},"properties":{"id":"72542989","n":"Otingu Water Spring No1107","t":"ps","c":"Vihiga"}},{"type":"Feature","geometry":{"type":"Point","coordinates":[34.814182,0.131522]},"properties":{"id":"19047654","n":"Wajumba Water Spring No1048","t":"ps","c":"Vihiga"}},{"type":"Feature","geometry":{"type":"Point","coordinates":[34.784812,0.14082]},"properties":{"id":"211689997","n":"Waoyigo Water Spring No1268","t":"ps","c":"Vihiga"}},{"type":"Feature","geometry":{"type":"Point","coordinates":[34.77812,0.147492]},"properties":{"id":"211690005","n":"Wamitume Water Spring No 1267","t":"ps","c":"Vihiga"}},{"type":"Feature","geometry":{"type":"Point","coordinates":[34.812807,0.15374]},"properties":{"id":"211689973","n":"Wikibalu Water Spring No 1273","t":"ps","c":"Vihiga"}},{"type":"Feature","geometry":{"type":"Point","coordinates":[34.80797,0.127918]},"properties":{"id":"19047609","n":"Wainzayi Water Spring No 1051","t":"ps","c":"Vihiga"}},{"type":"Feature","geometry":{"type":"Point","coordinates":[34.81519,0.131783]},"properties":{"id":"5431157","n":"Waliero Water Spring No 1022","t":"ps","c":"Vihiga"}},{"type":"Feature","geometry":{"type":"Point","coordinates":[34.817779,0.158968]},"properties":{"id":"523331955","n":"Shenjero, US, 5","t":"us","c":"Vihiga"}},{"type":"Feature","geometry":{"type":"Point","coordinates":[34.813122,0.134673]},"properties":{"id":"39942540","n":"Wilibama Water Spring No 1038","t":"ps","c":"Vihiga"}},{"type":"Feature","geometry":{"type":"Point","coordinates":[34.770418,0.138192]},"properties":{"id":"72542958","n":"Kwandorobo Water Spring No 1110","t":"ps","c":"Vihiga"}},{"type":"Feature","geometry":{"type":"Point","coordinates":[34.769794,0.137498]},"properties":{"id":"72542941","n":"Mayenge WaterSpring No1111","t":"ps","c":"Vihiga"}},{"type":"Feature","geometry":{"type":"Point","coordinates":[34.77067,0.148112]},"properties":{"id":"21217249","n":"Wakasava Water Spring No 986","t":"ps","c":"Vihiga"}},{"type":"Feature","geometry":{"type":"Point","coordinates":[34.81691,0.136318]},"properties":{"id":"7352869","n":"Sweeney Water Spring No","t":"ps","c":"Vihiga"}},{"type":"Feature","geometry":{"type":"Point","coordinates":[34.797667,0.138102]},"properties":{"id":"211690108","n":"Wadembede Water Spring No 1269","t":"ps","c":"Vihiga"}},{"type":"Feature","geometry":{"type":"Point","coordinates":[34.820127,0.139273]},"properties":{"id":"21684670","n":"Wamboyi Water Spring No 1060","t":"ps","c":"Vihiga"}},{"type":"Feature","geometry":{"type":"Point","coordinates":[34.788327,0.130978]},"properties":{"id":"211690081","n":"Wagunyali Water Spring No 1271","t":"ps","c":"Vihiga"}},{"type":"Feature","geometry":{"type":"Point","coordinates":[34.782318,0.152855]},"properties":{"id":"24705774","n":"Wakivuya Water Spring No 1005","t":"ps","c":"Vihiga"}},{"type":"Feature","geometry":{"type":"Point","coordinates":[34.805118,0.16164]},"properties":{"id":"264031413","n":"Mbira Water Spring No 1549","t":"ps","c":"Vihiga"}},{"type":"Feature","geometry":{"type":"Point","coordinates":[34.799575,0.14836]},"properties":{"id":"64776693","n":"Waabuto Water Spring No1071","t":"ps","c":"Vihiga"}},{"type":"Feature","geometry":{"type":"Point","coordinates":[34.813965,0.138687]},"properties":{"id":"211690294","n":"Wamudasia Water Spring No 1292","t":"ps","c":"Vihiga"}},{"type":"Feature","geometry":{"type":"Point","coordinates":[34.818103,0.160521]},"properties":{"id":"702612990","n":"Liboywa Water Spring No 1919","t":"ps","c":"Vihiga"}},{"type":"Feature","geometry":{"type":"Point","coordinates":[34.78356,0.137255]},"properties":{"id":"64776741","n":"Waandambi Water Spring No 1074","t":"ps","c":"Vihiga"}},{"type":"Feature","geometry":{"type":"Point","coordinates":[34.819007,0.137197]},"properties":{"id":"39942502","n":"Wambogani Water Spring No 1037","t":"ps","c":"Vihiga"}},{"type":"Feature","geometry":{"type":"Point","coordinates":[34.814617,0.132937]},"properties":{"id":"39942526","n":"Wamatanyie Water Spring No 1034","t":"ps","c":"Vihiga"}},{"type":"Feature","geometry":{"type":"Point","coordinates":[34.815198,0.131288]},"properties":{"id":"7353190","n":"Wekivitu Water Spring No 1030","t":"ps","c":"Vihiga"}},{"type":"Feature","geometry":{"type":"Point","coordinates":[34.766215,0.143262]},"properties":{"id":"226455383","n":"Likhule Water Spring No 1467","t":"ps","c":"Vihiga"}},{"type":"Feature","geometry":{"type":"Point","coordinates":[34.774508,0.13999]},"properties":{"id":"26506348","n":"Wendobo Water Spring No 1020","t":"ps","c":"Vihiga"}},{"type":"Feature","geometry":{"type":"Point","coordinates":[34.821282,0.141763]},"properties":{"id":"19047685","n":"Wamajumbe Water Spring No1049","t":"ps","c":"Vihiga"}},{"type":"Feature","geometry":{"type":"Point","coordinates":[34.817798,0.158865]},"properties":{"id":"523231639","n":"Shenjero, US, 6","t":"us","c":"Vihiga"}},{"type":"Feature","geometry":{"type":"Point","coordinates":[34.813995,0.1302]},"properties":{"id":"13034373","n":"Elunyu, Saina Spring - 4751","t":"ps","c":"Vihiga"}},{"type":"Feature","geometry":{"type":"Point","coordinates":[34.806953,0.157702]},"properties":{"id":"72542893","n":"Imbali Water Spring No 1097","t":"ps","c":"Vihiga"}},{"type":"Feature","geometry":{"type":"Point","coordinates":[34.809906,0.139144]},"properties":{"id":"21684704","n":"Wamaliachi Water Spring No 1072","t":"ps","c":"Vihiga"}},{"type":"Feature","geometry":{"type":"Point","coordinates":[34.782561,0.154453]},"properties":{"id":"47331398","n":"Wamengesa Water Spring No 1075","t":"ps","c":"Vihiga"}},{"type":"Feature","geometry":{"type":"Point","coordinates":[34.784757,0.146408]},"properties":{"id":"64776703","n":"Walumanye Water Spring No","t":"ps","c":"Vihiga"}},{"type":"Feature","geometry":{"type":"Point","coordinates":[34.826055,0.156031]},"properties":{"id":"523192945","n":"Shivembe, PS, 1","t":"ps","c":"Vihiga"}},{"type":"Feature","geometry":{"type":"Point","coordinates":[34.82472,0.157753]},"properties":{"id":"523239084","n":"Shenjero, PS, 7","t":"ps","c":"Vihiga"}},{"type":"Feature","geometry":{"type":"Point","coordinates":[34.781924,0.150515]},"properties":{"id":"4675707","n":"Wamugodo Water Spring No 994","t":"ps","c":"Vihiga"}},{"type":"Feature","geometry":{"type":"Point","coordinates":[34.791128,0.143697]},"properties":{"id":"24705004","n":"Waasigo Water Spring No 1004","t":"ps","c":"Vihiga"}},{"type":"Feature","geometry":{"type":"Point","coordinates":[34.820577,0.136381]},"properties":{"id":"3750755","n":"UCC 2018 - Ikobero School Borehole Well","t":"bh","c":"Vihiga"}},{"type":"Feature","geometry":{"type":"Point","coordinates":[34.783967,0.141882]},"properties":{"id":"19048363","n":"Wasululu Water Spring No 1063","t":"ps","c":"Vihiga"}},{"type":"Feature","geometry":{"type":"Point","coordinates":[34.8235,0.14352]},"properties":{"id":"19047678","n":"Wamuliango Water Spring No 1050","t":"ps","c":"Vihiga"}},{"type":"Feature","geometry":{"type":"Point","coordinates":[34.761382,0.139735]},"properties":{"id":"226515429","n":"Murula Water Spring No 1482","t":"ps","c":"Vihiga"}},{"type":"Feature","geometry":{"type":"Point","coordinates":[34.820275,0.144823]},"properties":{"id":"211689935","n":"Walumadede Water Spring No 1274","t":"ps","c":"Vihiga"}},{"type":"Feature","geometry":{"type":"Point","coordinates":[34.790292,0.141442]},"properties":{"id":"19048394","n":"Wamuswahili Water Spring No1062","t":"ps","c":"Vihiga"}},{"type":"Feature","geometry":{"type":"Point","coordinates":[34.784782,0.146421]},"properties":{"id":"47331408","n":"Walimanye Water Spring No 1073","t":"ps","c":"Vihiga"}},{"type":"Feature","geometry":{"type":"Point","coordinates":[34.723285,0.114995]},"properties":{"id":"6769998","n":"Ogola water spring","t":"ps","c":"Vihiga"}},{"type":"Feature","geometry":{"type":"Point","coordinates":[34.684765,0.110185]},"properties":{"id":"3511680","n":"Chifudura water spring","t":"ps","c":"Vihiga"}},{"type":"Feature","geometry":{"type":"Point","coordinates":[34.720137,0.121743]},"properties":{"id":"110983","n":"Ijaika water spring","t":"ps","c":"Vihiga"}},{"type":"Feature","geometry":{"type":"Point","coordinates":[34.718574,0.116374]},"properties":{"id":"22358668","n":"Wasimidi WATER SPRING","t":"ps","c":"Vihiga"}},{"type":"Feature","geometry":{"type":"Point","coordinates":[34.735232,0.124062]},"properties":{"id":"8874823","n":"Luhayi water spring","t":"ps","c":"Vihiga"}},{"type":"Feature","geometry":{"type":"Point","coordinates":[34.724475,0.113435]},"properties":{"id":"1063817","n":"Vidigia water spring","t":"ps","c":"Vihiga"}},{"type":"Feature","geometry":{"type":"Point","coordinates":[34.701354,0.119741]},"properties":{"id":"3999459","n":"Wasaulo Water Spring","t":"ps","c":"Vihiga"}},{"type":"Feature","geometry":{"type":"Point","coordinates":[34.744785,0.122577]},"properties":{"id":"27015687","n":"Nderengera Water Spring No 692","t":"ps","c":"Vihiga"}},{"type":"Feature","geometry":{"type":"Point","coordinates":[34.682208,0.102682]},"properties":{"id":"3511673","n":"Osayo water spring","t":"ps","c":"Vihiga"}},{"type":"Feature","geometry":{"type":"Point","coordinates":[34.716457,0.123053]},"properties":{"id":"14884483","n":"Vozoli Water Spring No 677","t":"ps","c":"Vihiga"}},{"type":"Feature","geometry":{"type":"Point","coordinates":[34.746535,0.126933]},"properties":{"id":"8890421","n":"Wavwalika water spring","t":"ps","c":"Vihiga"}},{"type":"Feature","geometry":{"type":"Point","coordinates":[34.757792,0.123097]},"properties":{"id":"886769","n":"Watozo Water Spring","t":"ps","c":"Vihiga"}},{"type":"Feature","geometry":{"type":"Point","coordinates":[34.720992,0.121622]},"properties":{"id":"13797764","n":"Chatamilu water spring","t":"ps","c":"Vihiga"}},{"type":"Feature","geometry":{"type":"Point","coordinates":[34.753863,0.126078]},"properties":{"id":"8890438","n":"Waluvuyi water spring","t":"ps","c":"Vihiga"}},{"type":"Feature","geometry":{"type":"Point","coordinates":[34.741123,0.123357]},"properties":{"id":"3511893","n":"Mugingili Water Spring","t":"ps","c":"Vihiga"}},{"type":"Feature","geometry":{"type":"Point","coordinates":[34.713953,0.11933]},"properties":{"id":"13921576","n":"Wamatia water spring","t":"ps","c":"Vihiga"}},{"type":"Feature","geometry":{"type":"Point","coordinates":[34.711282,0.115958]},"properties":{"id":"13062073","n":"Welivendi water spring","t":"ps","c":"Vihiga"}},{"type":"Feature","geometry":{"type":"Point","coordinates":[34.720461,0.111024]},"properties":{"id":"3750793","n":"UCC 2018 - Igunga Girls Secondary School","t":"bh","c":"Vihiga"}},{"type":"Feature","geometry":{"type":"Point","coordinates":[34.6828,0.117472]},"properties":{"id":"9752698","n":"Wabrogosi water spring","t":"ps","c":"Vihiga"}},{"type":"Feature","geometry":{"type":"Point","coordinates":[34.733422,0.124298]},"properties":{"id":"3976782","n":"Kezengwa water spring","t":"ps","c":"Vihiga"}},{"type":"Feature","geometry":{"type":"Point","coordinates":[34.706998,0.115773]},"properties":{"id":"3511965","n":"Ligeve Water Spring","t":"ps","c":"Vihiga"}},{"type":"Feature","geometry":{"type":"Point","coordinates":[34.711267,0.120473]},"properties":{"id":"27102329","n":"Evozoli Water Spring","t":"ps","c":"Vihiga"}},{"type":"Feature","geometry":{"type":"Point","coordinates":[34.700388,0.109023]},"properties":{"id":"27102367","n":"Wamalande Water Spring","t":"ps","c":"Vihiga"}},{"type":"Feature","geometry":{"type":"Point","coordinates":[34.688195,0.112672]},"properties":{"id":"1063855","n":"Ivona water spring","t":"ps","c":"Vihiga"}},{"type":"Feature","geometry":{"type":"Point","coordinates":[34.682568,0.10377]},"properties":{"id":"3511666","n":"Vigege Water Spring","t":"ps","c":"Vihiga"}},{"type":"Feature","geometry":{"type":"Point","coordinates":[34.705313,0.11391]},"properties":{"id":"13062097","n":"Wambaza water spring","t":"ps","c":"Vihiga"}},{"type":"Feature","geometry":{"type":"Point","coordinates":[34.708528,0.110988]},"properties":{"id":"13797771","n":"Woyamu water spring","t":"ps","c":"Vihiga"}},{"type":"Feature","geometry":{"type":"Point","coordinates":[34.757341,0.128865]},"properties":{"id":"27102350","n":"Welihiga Water Spring","t":"ps","c":"Vihiga"}},{"type":"Feature","geometry":{"type":"Point","coordinates":[34.743813,0.122892]},"properties":{"id":"3511886","n":"Wobiero Water Spring","t":"ps","c":"Vihiga"}},{"type":"Feature","geometry":{"type":"Point","coordinates":[34.710798,0.113347]},"properties":{"id":"3511862","n":"Wejusa Water Spring","t":"ps","c":"Vihiga"}},{"type":"Feature","geometry":{"type":"Point","coordinates":[34.73538,0.124032]},"properties":{"id":"8874830","n":"Imonyero water spring","t":"ps","c":"Vihiga"}},{"type":"Feature","geometry":{"type":"Point","coordinates":[34.679771,0.111627]},"properties":{"id":"25704035","n":"Emara Water Spring No 82","t":"ps","c":"Vihiga"}},{"type":"Feature","geometry":{"type":"Point","coordinates":[34.723948,0.111809]},"properties":{"id":"46921240","n":"Shikanga water spring","t":"ps","c":"Vihiga"}},{"type":"Feature","geometry":{"type":"Point","coordinates":[34.757628,0.116062]},"properties":{"id":"16871090","n":"Mudete, Wadimbu Spring - 4858","t":"ps","c":"Vihiga"}},{"type":"Feature","geometry":{"type":"Point","coordinates":[34.707897,0.122047]},"properties":{"id":"22358819","n":"Weligale Water Spring","t":"ps","c":"Vihiga"}},{"type":"Feature","geometry":{"type":"Point","coordinates":[34.721637,0.122928]},"properties":{"id":"374552152","n":"Wamariga Water Spring No 1693","t":"ps","c":"Vihiga"}},{"type":"Feature","geometry":{"type":"Point","coordinates":[34.711053,0.12641]},"properties":{"id":"34155280","n":"Wamadegwa Water Spring 902","t":"ps","c":"Vihiga"}},{"type":"Feature","geometry":{"type":"Point","coordinates":[34.719302,0.11403]},"properties":{"id":"13797726","n":"Wabere water spring","t":"ps","c":"Vihiga"}},{"type":"Feature","geometry":{"type":"Point","coordinates":[34.697848,0.119057]},"properties":{"id":"7253331","n":"Wamutange Water Spring","t":"ps","c":"Vihiga"}},{"type":"Feature","geometry":{"type":"Point","coordinates":[34.70995,0.120127]},"properties":{"id":"28670092","n":"Kasigane Water Spring No 903","t":"ps","c":"Vihiga"}},{"type":"Feature","geometry":{"type":"Point","coordinates":[34.695321,0.110292]},"properties":{"id":"3750803","n":"UCC 2018 - Viyalo Secondary School","t":"bh","c":"Vihiga"}},{"type":"Feature","geometry":{"type":"Point","coordinates":[34.705968,0.11495]},"properties":{"id":"7253324","n":"Charusi water spring","t":"ps","c":"Vihiga"}},{"type":"Feature","geometry":{"type":"Point","coordinates":[34.680927,0.11647]},"properties":{"id":"25704028","n":"Eshambuye Water Spring No 83","t":"ps","c":"Vihiga"}},{"type":"Feature","geometry":{"type":"Point","coordinates":[34.756475,0.123985]},"properties":{"id":"27102381","n":"Sagara Water Spring","t":"ps","c":"Vihiga"}},{"type":"Feature","geometry":{"type":"Point","coordinates":[34.709696,0.096401]},"properties":{"id":"714198556","n":"VIHIGA.SABATIA.ELWUNZA PRIMARY.OUTSIDE PP1 CLASS ROOM.DELIVERED WATER","t":"ps","c":"Vihiga"}},{"type":"Feature","geometry":{"type":"Point","coordinates":[34.740021,0.110714]},"properties":{"id":"9934582","n":"Kagesi Water Spring","t":"ps","c":"Vihiga"}},{"type":"Feature","geometry":{"type":"Point","coordinates":[34.714062,0.108243]},"properties":{"id":"13921600","n":"Welilego water spring","t":"ps","c":"Vihiga"}},{"type":"Feature","geometry":{"type":"Point","coordinates":[34.72704,0.105167]},"properties":{"id":"10294172","n":"Muyere Water Spring","t":"ps","c":"Vihiga"}},{"type":"Feature","geometry":{"type":"Point","coordinates":[34.745002,0.106717]},"properties":{"id":"9934575","n":"Amukono Water Spring","t":"ps","c":"Vihiga"}},{"type":"Feature","geometry":{"type":"Point","coordinates":[34.689172,0.09843]},"properties":{"id":"3511642","n":"Wodeni water spring","t":"ps","c":"Vihiga"}},{"type":"Feature","geometry":{"type":"Point","coordinates":[34.72501,0.099644]},"properties":{"id":"10295283","n":"Muhindi Water Spring","t":"us","c":"Vihiga"}},{"type":"Feature","geometry":{"type":"Point","coordinates":[34.726806,0.100223]},"properties":{"id":"10380019","n":"Peter lugani Water Spring","t":"ps","c":"Vihiga"}},{"type":"Feature","geometry":{"type":"Point","coordinates":[34.746313,0.108718]},"properties":{"id":"9934568","n":"Wama Yeveyo Water Spring","t":"ps","c":"Vihiga"}},{"type":"Feature","geometry":{"type":"Point","coordinates":[34.737806,0.111544]},"properties":{"id":"9934609","n":"Lugoi Water Spring","t":"ps","c":"Vihiga"}},{"type":"Feature","geometry":{"type":"Point","coordinates":[34.701843,0.109135]},"properties":{"id":"22358730","n":"Wobatsa WATER SPRING","t":"ps","c":"Vihiga"}},{"type":"Feature","geometry":{"type":"Point","coordinates":[34.730706,0.093917]},"properties":{"id":"9934702","n":"Jordan Water Spring","t":"ps","c":"Vihiga"}},{"type":"Feature","geometry":{"type":"Point","coordinates":[34.70465,0.10297]},"properties":{"id":"13797719","n":"Wolosengeli Water Spring","t":"ps","c":"Vihiga"}},{"type":"Feature","geometry":{"type":"Point","coordinates":[34.736571,0.110134]},"properties":{"id":"9934616","n":"Waigadi Water Spring","t":"ps","c":"Vihiga"}},{"type":"Feature","geometry":{"type":"Point","coordinates":[34.7327,0.093631]},"properties":{"id":"10296851","n":"Wa-romedi Water Spring","t":"ps","c":"Vihiga"}},{"type":"Feature","geometry":{"type":"Point","coordinates":[34.7525,0.111045]},"properties":{"id":"9934441","n":"Wakidamane  water spring","t":"ps","c":"Vihiga"}},{"type":"Feature","geometry":{"type":"Point","coordinates":[34.7245,0.100573]},"properties":{"id":"373866498","n":"Wamudanya Water Spring No 1694","t":"ps","c":"Vihiga"}},{"type":"Feature","geometry":{"type":"Point","coordinates":[34.709975,0.107592]},"properties":{"id":"13797788","n":"Wapaulo water spring","t":"ps","c":"Vihiga"}},{"type":"Feature","geometry":{"type":"Point","coordinates":[34.739015,0.100326]},"properties":{"id":"9934733","n":"Fudumi Water Spring","t":"ps","c":"Vihiga"}},{"type":"Feature","geometry":{"type":"Point","coordinates":[34.692127,0.099308]},"properties":{"id":"3511659","n":"Wamarinda water spring","t":"ps","c":"Vihiga"}},{"type":"Feature","geometry":{"type":"Point","coordinates":[34.734417,0.093369]},"properties":{"id":"10296868","n":"Wasongo-ka","t":"ps","c":"Vihiga"}},{"type":"Feature","geometry":{"type":"Point","coordinates":[34.752515,0.100634]},"properties":{"id":"9934661","n":"Wamulinda","t":"ps","c":"Vihiga"}},{"type":"Feature","geometry":{"type":"Point","coordinates":[34.752797,0.111563]},"properties":{"id":"9934458","n":"Imbuyi Water Spring","t":"ps","c":"Vihiga"}},{"type":"Feature","geometry":{"type":"Point","coordinates":[34.72297,0.100158]},"properties":{"id":"10295238","n":"Muragai Water Spring","t":"ps","c":"Vihiga"}},{"type":"Feature","geometry":{"type":"Point","coordinates":[34.680442,0.101237]},"properties":{"id":"3511611","n":"Ochanda Water Spring","t":"ps","c":"Vihiga"}},{"type":"Feature","geometry":{"type":"Point","coordinates":[34.731529,0.093953]},"properties":{"id":"8113458","n":"Sena Water Spring","t":"us","c":"Vihiga"}},{"type":"Feature","geometry":{"type":"Point","coordinates":[34.71809,0.09635]},"properties":{"id":"714198642","n":"VIHIGA.SABATIA.ONDEYO PRIMARY SCHOOL.NEAR KITCHEN. SPRING WATER DELIVERED IN JERRICANS","t":"ps","c":"Vihiga"}},{"type":"Feature","geometry":{"type":"Point","coordinates":[34.709699,0.096604]},"properties":{"id":"714198570","n":"VIHIGA.SABATIA.ELWUNZA PRIMARY. BEHIND GRADE 5 CLASSROOM.BOREHOLE WATER TANK","t":"bh","c":"Vihiga"}},{"type":"Feature","geometry":{"type":"Point","coordinates":[34.717502,0.105213]},"properties":{"id":"22358369","n":"Wamusakulu WATER SPRING","t":"ps","c":"Vihiga"}},{"type":"Feature","geometry":{"type":"Point","coordinates":[34.71571,0.104165]},"properties":{"id":"384105485","n":"Erondi Water Spring No 1695","t":"ps","c":"Vihiga"}},{"type":"Feature","geometry":{"type":"Point","coordinates":[34.720816,0.106155]},"properties":{"id":"22358675","n":"Wamadede WATER SPRING","t":"ps","c":"Vihiga"}},{"type":"Feature","geometry":{"type":"Point","coordinates":[34.728749,0.098583]},"properties":{"id":"10296844","n":"Wamboga Water Spring","t":"ps","c":"Vihiga"}},{"type":"Feature","geometry":{"type":"Point","coordinates":[34.693832,0.10339]},"properties":{"id":"237152334","n":"Waluduga Water Spring No 1487","t":"ps","c":"Vihiga"}},{"type":"Feature","geometry":{"type":"Point","coordinates":[34.733023,0.107877]},"properties":{"id":"19048291","n":"Olwamba Water Spring No 1040","t":"ps","c":"Vihiga"}},{"type":"Feature","geometry":{"type":"Point","coordinates":[34.737377,0.108565]},"properties":{"id":"9934623","n":"Tsimbururi Water Spring","t":"ps","c":"Vihiga"}},{"type":"Feature","geometry":{"type":"Point","coordinates":[34.709933,0.109964]},"properties":{"id":"22358826","n":"Wambiya WATER SPRING","t":"ps","c":"Vihiga"}},{"type":"Feature","geometry":{"type":"Point","coordinates":[34.726872,0.106828]},"properties":{"id":"3511879","n":"Walunzing'a water spring","t":"ps","c":"Vihiga"}},{"type":"Feature","geometry":{"type":"Point","coordinates":[34.73092,0.097683]},"properties":{"id":"10380002","n":"Wasara Water Spring","t":"ps","c":"Vihiga"}},{"type":"Feature","geometry":{"type":"Point","coordinates":[34.726925,0.106816]},"properties":{"id":"10294189","n":"Walunzing'a Spring","t":"ps","c":"Vihiga"}},{"type":"Feature","geometry":{"type":"Point","coordinates":[34.724527,0.10051]},"properties":{"id":"10295221","n":"Boyusuf Water Spring","t":"us","c":"Vihiga"}},{"type":"Feature","geometry":{"type":"Point","coordinates":[34.732957,0.107877]},"properties":{"id":"19047290","n":"Olwamba Water Spring No","t":"ps","c":"Vihiga"}},{"type":"Feature","geometry":{"type":"Point","coordinates":[34.718835,0.103935]},"properties":{"id":"364271180","n":"Wamutange Water Spring No 1664","t":"ps","c":"Vihiga"}},{"type":"Feature","geometry":{"type":"Point","coordinates":[34.691355,0.096638]},"properties":{"id":"3511635","n":"Walugalia Water Spring","t":"ps","c":"Vihiga"}},{"type":"Feature","geometry":{"type":"Point","coordinates":[34.750897,0.106528]},"properties":{"id":"9934647","n":"Isakira Water Spring","t":"ps","c":"Vihiga"}},{"type":"Feature","geometry":{"type":"Point","coordinates":[34.739166,0.111249]},"properties":{"id":"9934599","n":"Wanamema Water Spring","t":"ps","c":"Vihiga"}},{"type":"Feature","geometry":{"type":"Point","coordinates":[34.729375,0.096436]},"properties":{"id":"9934726","n":"Mayenge Water Spring","t":"ps","c":"Vihiga"}},{"type":"Feature","geometry":{"type":"Point","coordinates":[34.714668,0.110165]},"properties":{"id":"13797733","n":"Wababu  Water Spring","t":"ps","c":"Vihiga"}},{"type":"Feature","geometry":{"type":"Point","coordinates":[34.754887,0.104273]},"properties":{"id":"9934654","n":"Kibaala Water Spring","t":"ps","c":"Vihiga"}},{"type":"Feature","geometry":{"type":"Point","coordinates":[34.735506,0.108626]},"properties":{"id":"9934630","n":"Wamsave Water Spring","t":"us","c":"Vihiga"}},{"type":"Feature","geometry":{"type":"Point","coordinates":[34.722842,0.108848]},"properties":{"id":"39503840","n":"Obukumbaya Water Spring No 688","t":"ps","c":"Vihiga"}},{"type":"Feature","geometry":{"type":"Point","coordinates":[34.70153,0.106073]},"properties":{"id":"22358709","n":"Wovwiru WATER SPRING","t":"ps","c":"Vihiga"}},{"type":"Feature","geometry":{"type":"Point","coordinates":[34.755469,0.109031]},"properties":{"id":"9934465","n":"Wakunava Water Spring","t":"ps","c":"Vihiga"}},{"type":"Feature","geometry":{"type":"Point","coordinates":[34.725675,0.089772]},"properties":{"id":"9934719","n":"Ogero Water Spring","t":"ps","c":"Vihiga"}},{"type":"Feature","geometry":{"type":"Point","coordinates":[34.687355,0.096088]},"properties":{"id":"3511628","n":"Wakinaga Water Spring","t":"ps","c":"Vihiga"}},{"type":"Feature","geometry":{"type":"Point","coordinates":[34.717967,0.106919]},"properties":{"id":"22358376","n":"Waminade WATER SPRING","t":"ps","c":"Vihiga"}},{"type":"Feature","geometry":{"type":"Point","coordinates":[34.75755,0.08885]},"properties":{"id":"12627912","n":"Washem Water Spring No 1076","t":"ps","c":"Vihiga"}},{"type":"Feature","geometry":{"type":"Point","coordinates":[34.771491,0.119943]},"properties":{"id":"10231531","n":"Wavawasi Water Spring","t":"ps","c":"Vihiga"}},{"type":"Feature","geometry":{"type":"Point","coordinates":[34.775684,0.091717]},"properties":{"id":"10134036","n":"Mukunya Water Spring","t":"ps","c":"Vihiga"}},{"type":"Feature","geometry":{"type":"Point","coordinates":[34.7582,0.07996]},"properties":{"id":"930888","n":"Givunji, Kavehere Spring - 4571","t":"ps","c":"Vihiga"}},{"type":"Feature","geometry":{"type":"Point","coordinates":[34.770615,0.10526]},"properties":{"id":"72542972","n":"Kibwoni Water Spring No 1104","t":"ps","c":"Vihiga"}},{"type":"Feature","geometry":{"type":"Point","coordinates":[34.75911,0.10761]},"properties":{"id":"48271679","n":"Wekemogole Water Spring No 1081","t":"ps","c":"Vihiga"}},{"type":"Feature","geometry":{"type":"Point","coordinates":[34.752777,0.074857]},"properties":{"id":"10231720","n":"Migunga Water Spring","t":"ps","c":"Vihiga"}},{"type":"Feature","geometry":{"type":"Point","coordinates":[34.77394,0.124273]},"properties":{"id":"28670016","n":"Wasogoni Water Spring No 930","t":"ps","c":"Vihiga"}},{"type":"Feature","geometry":{"type":"Point","coordinates":[34.766164,0.076565]},"properties":{"id":"12844627","n":"Wamugagwa Water Spring No 1008","t":"ps","c":"Vihiga"}},{"type":"Feature","geometry":{"type":"Point","coordinates":[34.774056,0.121054]},"properties":{"id":"10231548","n":"Musanga Water Spring","t":"ps","c":"Vihiga"}},{"type":"Feature","geometry":{"type":"Point","coordinates":[34.766069,0.076558]},"properties":{"id":"24705767","n":"Mugagwa Water Spring No","t":"ps","c":"Vihiga"}},{"type":"Feature","geometry":{"type":"Point","coordinates":[34.76684,0.123908]},"properties":{"id":"10231483","n":"Idia Water Spring","t":"ps","c":"Vihiga"}},{"type":"Feature","geometry":{"type":"Point","coordinates":[34.769683,0.079797]},"properties":{"id":"10134005","n":"Muunguwe Water Spring","t":"ps","c":"Vihiga"}},{"type":"Feature","geometry":{"type":"Point","coordinates":[34.762803,0.088145]},"properties":{"id":"7990959","n":"Wakinama Water Spring","t":"ps","c":"Vihiga"}},{"type":"Feature","geometry":{"type":"Point","coordinates":[34.758481,0.10828]},"properties":{"id":"9934472","n":"Monyero Water Spring","t":"ps","c":"Vihiga"}},{"type":"Feature","geometry":{"type":"Point","coordinates":[34.769661,0.093951]},"properties":{"id":"9934740","n":"Wanyonge Water Spring","t":"ps","c":"Vihiga"}},{"type":"Feature","geometry":{"type":"Point","coordinates":[34.762144,0.077569]},"properties":{"id":"10133970","n":"Kindango Spring Protection","t":"ps","c":"Vihiga"}},{"type":"Feature","geometry":{"type":"Point","coordinates":[34.76502,0.120352]},"properties":{"id":"10231500","n":"Chavulimu Water Spring","t":"ps","c":"Vihiga"}},{"type":"Feature","geometry":{"type":"Point","coordinates":[34.758612,0.0767]},"properties":{"id":"21211755","n":"Kedemi Water Spring No 978","t":"ps","c":"Vihiga"}},{"type":"Feature","geometry":{"type":"Point","coordinates":[34.764158,0.108882]},"properties":{"id":"9934506","n":"Kikuma Water Spring","t":"ps","c":"Vihiga"}},{"type":"Feature","geometry":{"type":"Point","coordinates":[34.755049,0.081778]},"properties":{"id":"53930336","n":"Wamwanzi Water Spring No 1017","t":"ps","c":"Vihiga"}},{"type":"Feature","geometry":{"type":"Point","coordinates":[34.769484,0.110005]},"properties":{"id":"3546198","n":"Aguya Spring","t":"us","c":"Vihiga"}},{"type":"Feature","geometry":{"type":"Point","coordinates":[34.743217,0.092617]},"properties":{"id":"48271662","n":"Watito Water Spring No 1087","t":"ps","c":"Vihiga"}},{"type":"Feature","geometry":{"type":"Point","coordinates":[34.744307,0.088849]},"properties":{"id":"63250879","n":"Wagibendi Water Spring No 1066","t":"ps","c":"Vihiga"}},{"type":"Feature","geometry":{"type":"Point","coordinates":[34.774733,0.081517]},"properties":{"id":"21684687","n":"Wammbo Water Spring No1065","t":"ps","c":"Vihiga"}},{"type":"Feature","geometry":{"type":"Point","coordinates":[34.757799,0.103545]},"properties":{"id":"4329075","n":"Mukomba Primary School","t":"bh","c":"Vihiga"}},{"type":"Feature","geometry":{"type":"Point","coordinates":[34.774822,0.082797]},"properties":{"id":"8032544","n":"Wakamasi Water Spring","t":"ps","c":"Vihiga"}},{"type":"Feature","geometry":{"type":"Point","coordinates":[34.769753,0.079752]},"properties":{"id":"71543","n":"Emunguve Water Spring No 1055","t":"ps","c":"Vihiga"}},{"type":"Feature","geometry":{"type":"Point","coordinates":[34.759842,0.088103]},"properties":{"id":"7990973","n":"Ayumba  Water Spring","t":"ps","c":"Vihiga"}},{"type":"Feature","geometry":{"type":"Point","coordinates":[34.774015,0.128543]},"properties":{"id":"72542903","n":"Wamugangasia Water Spring No 1099","t":"ps","c":"Vihiga"}},{"type":"Feature","geometry":{"type":"Point","coordinates":[34.75774,0.07627]},"properties":{"id":"530996","n":"Minyika, Wuluvai Spring - 4580","t":"ps","c":"Vihiga"}},{"type":"Feature","geometry":{"type":"Point","coordinates":[34.76318,0.091673]},"properties":{"id":"71639","n":"Ikovero Water Spring No 1057","t":"ps","c":"Vihiga"}},{"type":"Feature","geometry":{"type":"Point","coordinates":[34.774971,0.082513]},"properties":{"id":"21684694","n":"Kamasi Water Spring No1064","t":"ps","c":"Vihiga"}},{"type":"Feature","geometry":{"type":"Point","coordinates":[34.753682,0.07449]},"properties":{"id":"3860030","n":"Decommissioned 2021 - Minyika, Mido Spring - 4555","t":"ps","c":"Vihiga"}},{"type":"Feature","geometry":{"type":"Point","coordinates":[34.773797,0.125526]},"properties":{"id":"10231476","n":"Chogo Water Spring","t":"ps","c":"Vihiga"}},{"type":"Feature","geometry":{"type":"Point","coordinates":[34.763095,0.08147]},"properties":{"id":"19048325","n":"Wadidi Water Spring No 1042","t":"ps","c":"Vihiga"}},{"type":"Feature","geometry":{"type":"Point","coordinates":[34.770399,0.101852]},"properties":{"id":"48271648","n":"Waayodi Water Spring No 1080","t":"ps","c":"Vihiga"}},{"type":"Feature","geometry":{"type":"Point","coordinates":[34.775005,0.088819]},"properties":{"id":"8032582","n":"Wahave Water Spring","t":"ps","c":"Vihiga"}},{"type":"Feature","geometry":{"type":"Point","coordinates":[34.74968,0.088915]},"properties":{"id":"48271624","n":"Waseto Water Spring No 1077","t":"ps","c":"Vihiga"}},{"type":"Feature","geometry":{"type":"Point","coordinates":[34.755179,0.083122]},"properties":{"id":"7352845","n":"Wamarambati Water Spring No","t":"ps","c":"Vihiga"}},{"type":"Feature","geometry":{"type":"Point","coordinates":[34.774089,0.084609]},"properties":{"id":"8032568","n":"Wivusa Water Spring","t":"ps","c":"Vihiga"}},{"type":"Feature","geometry":{"type":"Point","coordinates":[34.753609,0.079244]},"properties":{"id":"10231768","n":"Wamudembe Water Spring","t":"ps","c":"Vihiga"}},{"type":"Feature","geometry":{"type":"Point","coordinates":[34.758987,0.101645]},"properties":{"id":"7990935","n":"Wakadamba Water Spring","t":"ps","c":"Vihiga"}},{"type":"Feature","geometry":{"type":"Point","coordinates":[34.756889,0.090209]},"properties":{"id":"300401","n":"Wakavala","t":"ps","c":"Vihiga"}},{"type":"Feature","geometry":{"type":"Point","coordinates":[34.748934,0.081731]},"properties":{"id":"10231816","n":"Mulundu Friends Secondary Borehole","t":"bh","c":"Vihiga"}},{"type":"Feature","geometry":{"type":"Point","coordinates":[34.748681,0.090265]},"properties":{"id":"10231610","n":"Mpaka Road Water Spring","t":"ps","c":"Vihiga"}},{"type":"Feature","geometry":{"type":"Point","coordinates":[34.76312,0.09176]},"properties":{"id":"7990942","n":"Ikovero Water Spring","t":"ps","c":"Vihiga"}},{"type":"Feature","geometry":{"type":"Point","coordinates":[34.750655,0.087438]},"properties":{"id":"71495","n":"Wamukuma Water Spring No1053","t":"ps","c":"Vihiga"}},{"type":"Feature","geometry":{"type":"Point","coordinates":[34.769694,0.081666]},"properties":{"id":"8032609","n":"Liheri Water Spring","t":"ps","c":"Vihiga"}},{"type":"Feature","geometry":{"type":"Point","coordinates":[34.748591,0.091508]},"properties":{"id":"8022853","n":"Chiluka Water Spring","t":"ps","c":"Vihiga"}},{"type":"Feature","geometry":{"type":"Point","coordinates":[34.754086,0.082936]},"properties":{"id":"10231799","n":"Webwoyere Water Spring","t":"ps","c":"Vihiga"}},{"type":"Feature","geometry":{"type":"Point","coordinates":[34.752196,0.076493]},"properties":{"id":"10231744","n":"Lugaderu Water Spring","t":"ps","c":"Vihiga"}},{"type":"Feature","geometry":{"type":"Point","coordinates":[34.762524,0.097522]},"properties":{"id":"9934757","n":"Ivona Water Spring","t":"ps","c":"Vihiga"}},{"type":"Feature","geometry":{"type":"Point","coordinates":[34.753161,0.096471]},"properties":{"id":"9934678","n":"Givonde Water Spring","t":"ps","c":"Vihiga"}},{"type":"Feature","geometry":{"type":"Point","coordinates":[34.745023,0.093825]},"properties":{"id":"64776758","n":"Wabani Water Spring No 1069","t":"ps","c":"Vihiga"}},{"type":"Feature","geometry":{"type":"Point","coordinates":[34.7567,0.0808]},"properties":{"id":"930895","n":"Minyika, Hedwe Spring - 4572","t":"ps","c":"Vihiga"}},{"type":"Feature","geometry":{"type":"Point","coordinates":[34.767396,0.077043]},"properties":{"id":"10133987","n":"Wasamya Water Spring","t":"ps","c":"Vihiga"}},{"type":"Feature","geometry":{"type":"Point","coordinates":[34.762679,0.088542]},"properties":{"id":"7990966","n":"Vungari Water Spring","t":"ps","c":"Vihiga"}},{"type":"Feature","geometry":{"type":"Point","coordinates":[34.764827,0.101046]},"properties":{"id":"9934764","n":"Digula Secondary Borehole","t":"bh","c":"Vihiga"}},{"type":"Feature","geometry":{"type":"Point","coordinates":[34.76448,0.076295]},"properties":{"id":"21211676","n":"Madigo Water Spring No 972","t":"ps","c":"Vihiga"}},{"type":"Feature","geometry":{"type":"Point","coordinates":[34.759049,0.107582]},"properties":{"id":"9934537","n":"Wakamogore Water Spring","t":"ps","c":"Vihiga"}},{"type":"Feature","geometry":{"type":"Point","coordinates":[34.746318,0.08887]},"properties":{"id":"10231634","n":"Chugi Primary School Borehole","t":"bh","c":"Vihiga"}},{"type":"Feature","geometry":{"type":"Point","coordinates":[34.768251,0.120067]},"properties":{"id":"10231517","n":"Kizu Water Spring","t":"ps","c":"Vihiga"}},{"type":"Feature","geometry":{"type":"Point","coordinates":[34.765885,0.08575]},"properties":{"id":"8032520","n":"Chavufunya Water Spring","t":"ps","c":"Vihiga"}},{"type":"Feature","geometry":{"type":"Point","coordinates":[34.763085,0.081451]},"properties":{"id":"8032513","n":"Wadede Water Spring","t":"ps","c":"Vihiga"}},{"type":"Feature","geometry":{"type":"Point","coordinates":[34.762,0.08138]},"properties":{"id":"7458459","n":"Simboyi, Imbiru Spring - 4591","t":"ps","c":"Vihiga"}},{"type":"Feature","geometry":{"type":"Point","coordinates":[34.752589,0.085712]},"properties":{"id":"10231579","n":"Mugogo Water Spring","t":"ps","c":"Vihiga"}},{"type":"Feature","geometry":{"type":"Point","coordinates":[34.757526,0.088733]},"properties":{"id":"7990997","n":"Washem Water Spring","t":"ps","c":"Vihiga"}},{"type":"Feature","geometry":{"type":"Point","coordinates":[34.76276,0.088245]},"properties":{"id":"71143341","n":"Wakinama Water Spring No1089","t":"ps","c":"Vihiga"}},{"type":"Feature","geometry":{"type":"Point","coordinates":[34.759837,0.08812]},"properties":{"id":"21684663","n":"Wageha Water Spring No 1054","t":"ps","c":"Vihiga"}},{"type":"Feature","geometry":{"type":"Point","coordinates":[34.768075,0.078284]},"properties":{"id":"10133994","n":"Waioyenze Water Spring","t":"ps","c":"Vihiga"}},{"type":"Feature","geometry":{"type":"Point","coordinates":[34.757991,0.084882]},"properties":{"id":"8022884","n":"Inyali Friends Primary School Borehole","t":"bh","c":"Vihiga"}},{"type":"Feature","geometry":{"type":"Point","coordinates":[34.754087,0.080595]},"properties":{"id":"10231775","n":"Steven Water Spring","t":"ps","c":"Vihiga"}},{"type":"Feature","geometry":{"type":"Point","coordinates":[34.761518,0.074638]},"properties":{"id":"21211683","n":"Oscar Water Spring No 974","t":"ps","c":"Vihiga"}},{"type":"Feature","geometry":{"type":"Point","coordinates":[34.747273,0.083928]},"properties":{"id":"10231809","n":"Asst Chief Mulundu Office Borehole","t":"bh","c":"Vihiga"}},{"type":"Feature","geometry":{"type":"Point","coordinates":[34.743228,0.096114]},"properties":{"id":"9934685","n":"Chandodole Water Spring","t":"ps","c":"Vihiga"}},{"type":"Feature","geometry":{"type":"Point","coordinates":[34.75965,0.087472]},"properties":{"id":"7990980","n":"Barassa Water Spring","t":"ps","c":"Vihiga"}},{"type":"Feature","geometry":{"type":"Point","coordinates":[34.759472,0.084489]},"properties":{"id":"8022918","n":"Inyali Dispensary","t":"bh","c":"Vihiga"}},{"type":"Feature","geometry":{"type":"Point","coordinates":[34.765696,0.085626]},"properties":{"id":"19048318","n":"Chavufunya Water Spring No 1041","t":"ps","c":"Vihiga"}},{"type":"Feature","geometry":{"type":"Point","coordinates":[34.765627,0.108869]},"properties":{"id":"9934513","n":"Warenga Water Spring","t":"ps","c":"Vihiga"}},{"type":"Feature","geometry":{"type":"Point","coordinates":[34.774676,0.081288]},"properties":{"id":"8032551","n":"Muhaliawambo Water Spring","t":"ps","c":"Vihiga"}},{"type":"Feature","geometry":{"type":"Point","coordinates":[34.767465,0.107998]},"properties":{"id":"9934520","n":"Kikuyu Water Spring","t":"ps","c":"Vihiga"}},{"type":"Feature","geometry":{"type":"Point","coordinates":[34.753908,0.100762]},"properties":{"id":"714199186","n":"VIHIGA.SABATIA.KIBAALA PRIMARY SCHOOL.INSIDE THE COMPUTER ROOM.DELIVERED WATER","t":"ps","c":"Vihiga"}},{"type":"Feature","geometry":{"type":"Point","coordinates":[34.775091,0.129977]},"properties":{"id":"48271703","n":"Waagoi Water Spring No 1086","t":"ps","c":"Vihiga"}},{"type":"Feature","geometry":{"type":"Point","coordinates":[34.749673,0.088879]},"properties":{"id":"10231593","n":"Seto Water Spring","t":"us","c":"Vihiga"}},{"type":"Feature","geometry":{"type":"Point","coordinates":[34.768215,0.119942]},"properties":{"id":"6776112","n":"Kizu Water Spring No 917","t":"ps","c":"Vihiga"}},{"type":"Feature","geometry":{"type":"Point","coordinates":[34.773823,0.125583]},"properties":{"id":"6776617","n":"Wachogo Water Spring No 924","t":"ps","c":"Vihiga"}},{"type":"Feature","geometry":{"type":"Point","coordinates":[34.755501,0.09006]},"properties":{"id":"8022822","n":"Imbalo Water Spring","t":"ps","c":"Vihiga"}},{"type":"Feature","geometry":{"type":"Point","coordinates":[34.769724,0.104237]},"properties":{"id":"9934836","n":"Wiisambia Water Spring","t":"ps","c":"Vihiga"}},{"type":"Feature","geometry":{"type":"Point","coordinates":[34.769961,0.120095]},"properties":{"id":"10231524","n":"Aradi Water Spring","t":"ps","c":"Vihiga"}},{"type":"Feature","geometry":{"type":"Point","coordinates":[34.7704,0.101858]},"properties":{"id":"9934829","n":"Liani Water Spring","t":"us","c":"Vihiga"}},{"type":"Feature","geometry":{"type":"Point","coordinates":[34.755257,0.083022]},"properties":{"id":"8022860","n":"Waramambai Water Spring","t":"ps","c":"Vihiga"}},{"type":"Feature","geometry":{"type":"Point","coordinates":[34.765597,0.108888]},"properties":{"id":"34155273","n":"Warenga Water Spring No 904","t":"ps","c":"Vihiga"}},{"type":"Feature","geometry":{"type":"Point","coordinates":[34.749113,0.089506]},"properties":{"id":"10231603","n":"Chamoi Water Spring","t":"ps","c":"Vihiga"}},{"type":"Feature","geometry":{"type":"Point","coordinates":[34.753572,0.074476]},"properties":{"id":"24704890","n":"Mido Water Spring No 993","t":"ps","c":"Vihiga"}},{"type":"Feature","geometry":{"type":"Point","coordinates":[34.752849,0.077484]},"properties":{"id":"10231751","n":"Wakidera Water Spring","t":"ps","c":"Vihiga"}},{"type":"Feature","geometry":{"type":"Point","coordinates":[34.765912,0.121744]},"properties":{"id":"10231490","n":"Ambwere Water Spring","t":"ps","c":"Vihiga"}},{"type":"Feature","geometry":{"type":"Point","coordinates":[34.761373,0.076188]},"properties":{"id":"21211690","n":"Wamusizu Water Spring No 975","t":"ps","c":"Vihiga"}},{"type":"Feature","geometry":{"type":"Point","coordinates":[34.769628,0.100348]},"properties":{"id":"9934812","n":"Musalammbi Water Spring","t":"ps","c":"Vihiga"}},{"type":"Feature","geometry":{"type":"Point","coordinates":[34.76413,0.108915]},"properties":{"id":"9934496","n":"Liangengi","t":"ps","c":"Vihiga"}},{"type":"Feature","geometry":{"type":"Point","coordinates":[34.768605,0.084123]},"properties":{"id":"8032537","n":"Wagavulima Water Spring","t":"ps","c":"Vihiga"}},{"type":"Feature","geometry":{"type":"Point","coordinates":[34.75321,0.09386]},"properties":{"id":"8022846","n":"Wagwehoma Water Spring","t":"ps","c":"Vihiga"}},{"type":"Feature","geometry":{"type":"Point","coordinates":[34.75403,0.081232]},"properties":{"id":"10231782","n":"Graiso Spring","t":"ps","c":"Vihiga"}},{"type":"Feature","geometry":{"type":"Point","coordinates":[34.755272,0.092254]},"properties":{"id":"8022839","n":"Oveha Water Spring","t":"ps","c":"Vihiga"}},{"type":"Feature","geometry":{"type":"Point","coordinates":[34.761788,0.078861]},"properties":{"id":"9934386","n":"Simboyi Primary School","t":"bh","c":"Vihiga"}},{"type":"Feature","geometry":{"type":"Point","coordinates":[34.775473,0.088026]},"properties":{"id":"8032575","n":"Chavugogo Water Spring","t":"ps","c":"Vihiga"}},{"type":"Feature","geometry":{"type":"Point","coordinates":[34.755428,0.090057]},"properties":{"id":"71143334","n":"Wimbaro Water Spring No 1088","t":"ps","c":"Vihiga"}},{"type":"Feature","geometry":{"type":"Point","coordinates":[34.768949,0.088551]},"properties":{"id":"4321376","n":"Gavuleva","t":"bh","c":"Vihiga"}},{"type":"Feature","geometry":{"type":"Point","coordinates":[34.772775,0.089519]},"properties":{"id":"8032599","n":"Wangeri Water Spring","t":"ps","c":"Vihiga"}},{"type":"Feature","geometry":{"type":"Point","coordinates":[34.748091,0.081257]},"properties":{"id":"10231830","n":"Mulundu Friends Primary School Borehole","t":"bh","c":"Vihiga"}},{"type":"Feature","geometry":{"type":"Point","coordinates":[34.748661,0.091475]},"properties":{"id":"19048370","n":"Chamoli Water Spring No 1056","t":"ps","c":"Vihiga"}},{"type":"Feature","geometry":{"type":"Point","coordinates":[34.754179,0.080452]},"properties":{"id":"19048301","n":"Wamutange Water Spring No 1044","t":"ps","c":"Vihiga"}},{"type":"Feature","geometry":{"type":"Point","coordinates":[34.744448,0.088858]},"properties":{"id":"10231641","n":"Agabendi Water Spring","t":"ps","c":"Vihiga"}},{"type":"Feature","geometry":{"type":"Point","coordinates":[34.776223,0.081584]},"properties":{"id":"48271600","n":"Ibao Water Spring No 1078","t":"ps","c":"Vihiga"}},{"type":"Feature","geometry":{"type":"Point","coordinates":[34.757643,0.102742]},"properties":{"id":"7990928","n":"Wamukomba Water Spring","t":"ps","c":"Vihiga"}},{"type":"Feature","geometry":{"type":"Point","coordinates":[34.744434,0.088876]},"properties":{"id":"9934692","n":"Wagibendi/Chugi Water Spring","t":"ps","c":"Vihiga"}},{"type":"Feature","geometry":{"type":"Point","coordinates":[34.768155,0.094985]},"properties":{"id":"9934362","n":"North Marigoli","t":"bh","c":"Vihiga"}},{"type":"Feature","geometry":{"type":"Point","coordinates":[34.754125,0.081192]},"properties":{"id":"19047537","n":"Wangereso Water Spring No 1043","t":"ps","c":"Vihiga"}},{"type":"Feature","geometry":{"type":"Point","coordinates":[34.75428,0.083011]},"properties":{"id":"19051813","n":"Safani Water Spring No 1052","t":"ps","c":"Vihiga"}},{"type":"Feature","geometry":{"type":"Point","coordinates":[34.746501,0.092319]},"properties":{"id":"10231627","n":"Munasa Water Spring","t":"us","c":"Vihiga"}},{"type":"Feature","geometry":{"type":"Point","coordinates":[34.750536,0.087371]},"properties":{"id":"10231586","n":"Amukuma Water Spring","t":"ps","c":"Vihiga"}},{"type":"Feature","geometry":{"type":"Point","coordinates":[34.752296,0.076664]},"properties":{"id":"72542965","n":"Walugaye Water Spring No 1103","t":"ps","c":"Vihiga"}},{"type":"Feature","geometry":{"type":"Point","coordinates":[34.752361,0.075614]},"properties":{"id":"10231737","n":"Wasink Water Spring","t":"us","c":"Vihiga"}},{"type":"Feature","geometry":{"type":"Point","coordinates":[34.769498,0.109995]},"properties":{"id":"27005910","n":"Aguya Water Spring No 918","t":"ps","c":"Vihiga"}},{"type":"Feature","geometry":{"type":"Point","coordinates":[34.7566,0.137861]},"properties":{"id":"34155259","n":"Wandagonasi Water Spring 901","t":"ps","c":"Vihiga"}},{"type":"Feature","geometry":{"type":"Point","coordinates":[34.72552,0.139483]},"properties":{"id":"110828","n":"Kivagala spring","t":"ps","c":"Vihiga"}},{"type":"Feature","geometry":{"type":"Point","coordinates":[34.749738,0.131364]},"properties":{"id":"4000004","n":"Hamusini Water Spring","t":"ps","c":"Vihiga"}},{"type":"Feature","geometry":{"type":"Point","coordinates":[34.715683,0.13078]},"properties":{"id":"27102312","n":"Mang'o Water Spring","t":"ps","c":"Vihiga"}},{"type":"Feature","geometry":{"type":"Point","coordinates":[34.740713,0.143413]},"properties":{"id":"224420048","n":"Lusomo A Water Spring No","t":"ps","c":"Vihiga"}},{"type":"Feature","geometry":{"type":"Point","coordinates":[34.705162,0.12554]},"properties":{"id":"111128","n":"Waluvai water spring","t":"ps","c":"Vihiga"}},{"type":"Feature","geometry":{"type":"Point","coordinates":[34.713412,0.142898]},"properties":{"id":"211690146","n":"Selete Water Spring No 1284","t":"ps","c":"Vihiga"}},{"type":"Feature","geometry":{"type":"Point","coordinates":[34.733008,0.142378]},"properties":{"id":"22358338","n":"Enzoya WATER SPRING","t":"ps","c":"Vihiga"}},{"type":"Feature","geometry":{"type":"Point","coordinates":[34.74631,0.136455]},"properties":{"id":"230380978","n":"Musonye Water Spring No 1476","t":"ps","c":"Vihiga"}},{"type":"Feature","geometry":{"type":"Point","coordinates":[34.747928,0.139807]},"properties":{"id":"233250843","n":"Isaiah Water Spring No 1474","t":"ps","c":"Vihiga"}},{"type":"Feature","geometry":{"type":"Point","coordinates":[34.711216,0.127373]},"properties":{"id":"22358651","n":"Lazaro WATER SPRING","t":"ps","c":"Vihiga"}},{"type":"Feature","geometry":{"type":"Point","coordinates":[34.714163,0.138855]},"properties":{"id":"211690885","n":"Mung'ahu Water Spring No 1353","t":"ps","c":"Vihiga"}},{"type":"Feature","geometry":{"type":"Point","coordinates":[34.712367,0.134412]},"properties":{"id":"8846006","n":"Wadembesa water spring","t":"ps","c":"Vihiga"}},{"type":"Feature","geometry":{"type":"Point","coordinates":[34.762347,0.136467]},"properties":{"id":"34155228","n":"Wamulamula Water Sprimg 900","t":"ps","c":"Vihiga"}},{"type":"Feature","geometry":{"type":"Point","coordinates":[34.725848,0.141695]},"properties":{"id":"9825806","n":"Mulwanda water spring","t":"ps","c":"Vihiga"}},{"type":"Feature","geometry":{"type":"Point","coordinates":[34.705835,0.1259]},"properties":{"id":"8569578","n":"Najoli water spring","t":"ps","c":"Vihiga"}},{"type":"Feature","geometry":{"type":"Point","coordinates":[34.726369,0.127104]},"properties":{"id":"3999992","n":"Wamugoywa Water Spring","t":"ps","c":"Vihiga"}},{"type":"Feature","geometry":{"type":"Point","coordinates":[34.72985,0.126028]},"properties":{"id":"9658701","n":"Wadembesa water spring","t":"ps","c":"Vihiga"}},{"type":"Feature","geometry":{"type":"Point","coordinates":[34.711295,0.13653]},"properties":{"id":"211690892","n":"Wesandula Water Spring No","t":"ps","c":"Vihiga"}},{"type":"Feature","geometry":{"type":"Point","coordinates":[34.714238,0.132617]},"properties":{"id":"34155132","n":"Magale Water Spring","t":"ps","c":"Vihiga"}},{"type":"Feature","geometry":{"type":"Point","coordinates":[34.701612,0.126278]},"properties":{"id":"27102336","n":"Wandoli Water Spring","t":"ps","c":"Vihiga"}},{"type":"Feature","geometry":{"type":"Point","coordinates":[34.69867,0.122115]},"properties":{"id":"248622862","n":"Chavera Water Spring No 1533","t":"ps","c":"Vihiga"}},{"type":"Feature","geometry":{"type":"Point","coordinates":[34.720108,0.135948]},"properties":{"id":"8846020","n":"Mugavagavo water spring","t":"ps","c":"Vihiga"}},{"type":"Feature","geometry":{"type":"Point","coordinates":[34.714168,0.145647]},"properties":{"id":"211690579","n":"Jeremia Water Spring No 1321","t":"ps","c":"Vihiga"}},{"type":"Feature","geometry":{"type":"Point","coordinates":[34.70348,0.133862]},"properties":{"id":"211691109","n":"Bukono Water Spring No 1371","t":"ps","c":"Vihiga"}},{"type":"Feature","geometry":{"type":"Point","coordinates":[34.713767,0.138033]},"properties":{"id":"34155125","n":"Wamusambayi Water Spring","t":"ps","c":"Vihiga"}},{"type":"Feature","geometry":{"type":"Point","coordinates":[34.699463,0.125325]},"properties":{"id":"13921583","n":"Wagodeka water spring","t":"ps","c":"Vihiga"}},{"type":"Feature","geometry":{"type":"Point","coordinates":[34.73649,0.153255]},"properties":{"id":"226515388","n":"Vichondo Water Spring No 1469","t":"ps","c":"Vihiga"}},{"type":"Feature","geometry":{"type":"Point","coordinates":[34.73832,0.134482]},"properties":{"id":"13797757","n":"Modani water spring","t":"ps","c":"Vihiga"}},{"type":"Feature","geometry":{"type":"Point","coordinates":[34.702317,0.12648]},"properties":{"id":"1063831","n":"Wamugodo water spring","t":"ps","c":"Vihiga"}},{"type":"Feature","geometry":{"type":"Point","coordinates":[34.743113,0.130188]},"properties":{"id":"111018","n":"Watope water spring","t":"ps","c":"Vihiga"}},{"type":"Feature","geometry":{"type":"Point","coordinates":[34.706198,0.13002]},"properties":{"id":"9658677","n":"Zimonywa water spring","t":"ps","c":"Vihiga"}},{"type":"Feature","geometry":{"type":"Point","coordinates":[34.761107,0.132319]},"properties":{"id":"27102343","n":"Welifwoli Water Spring","t":"ps","c":"Vihiga"}},{"type":"Feature","geometry":{"type":"Point","coordinates":[34.692243,0.127073]},"properties":{"id":"311095775","n":"Lisero Water Spring No 1577","t":"ps","c":"Vihiga"}},{"type":"Feature","geometry":{"type":"Point","coordinates":[34.707205,0.127602]},"properties":{"id":"110794","n":"LUKASA WATER SPRING","t":"ps","c":"Vihiga"}},{"type":"Feature","geometry":{"type":"Point","coordinates":[34.750218,0.141257]},"properties":{"id":"241435979","n":"Liserero Water Spring No 1490","t":"ps","c":"Vihiga"}},{"type":"Feature","geometry":{"type":"Point","coordinates":[34.716097,0.141797]},"properties":{"id":"211690861","n":"Wandula Water Spring No 1351","t":"ps","c":"Vihiga"}},{"type":"Feature","geometry":{"type":"Point","coordinates":[34.72841,0.12615]},"properties":{"id":"6763246","n":"Musembe water spring","t":"ps","c":"Vihiga"}},{"type":"Feature","geometry":{"type":"Point","coordinates":[34.734598,0.131503]},"properties":{"id":"3909982","n":"Wellova water spring","t":"ps","c":"Vihiga"}},{"type":"Feature","geometry":{"type":"Point","coordinates":[34.720212,0.136622]},"properties":{"id":"22358613","n":"Musaja WATER SPRING","t":"ps","c":"Vihiga"}},{"type":"Feature","geometry":{"type":"Point","coordinates":[34.702135,0.135942]},"properties":{"id":"211691051","n":"Wachanzu Water Spring No 1348","t":"ps","c":"Vihiga"}},{"type":"Feature","geometry":{"type":"Point","coordinates":[34.706738,0.139015]},"properties":{"id":"211690902","n":"Wamakong'o Water Spring No 1342","t":"ps","c":"Vihiga"}},{"type":"Feature","geometry":{"type":"Point","coordinates":[34.689878,0.124835]},"properties":{"id":"211691635","n":"Lurenganga Water Spring No 1394","t":"ps","c":"Vihiga"}},{"type":"Feature","geometry":{"type":"Point","coordinates":[34.730678,0.14397]},"properties":{"id":"226508999","n":"Amokola Water Spring No","t":"ps","c":"Vihiga"}},{"type":"Feature","geometry":{"type":"Point","coordinates":[34.723773,0.141258]},"properties":{"id":"15055208","n":"Saina Water Spring","t":"ps","c":"Vihiga"}},{"type":"Feature","geometry":{"type":"Point","coordinates":[34.713072,0.137847]},"properties":{"id":"211690610","n":"Amolyoto Water Spring No 1315","t":"ps","c":"Vihiga"}},{"type":"Feature","geometry":{"type":"Point","coordinates":[34.698412,0.129483]},"properties":{"id":"13797702","n":"Kivisi water spring","t":"ps","c":"Vihiga"}},{"type":"Feature","geometry":{"type":"Point","coordinates":[34.720505,0.132618]},"properties":{"id":"14884469","n":"Wombohi Water Spring No 689","t":"ps","c":"Vihiga"}},{"type":"Feature","geometry":{"type":"Point","coordinates":[34.729787,0.13434]},"properties":{"id":"9263952","n":"Mwavali  Water Spring","t":"ps","c":"Vihiga"}},{"type":"Feature","geometry":{"type":"Point","coordinates":[34.73613,0.146165]},"properties":{"id":"226509055","n":"Kasmir Water Spring No 1484","t":"ps","c":"Vihiga"}},{"type":"Feature","geometry":{"type":"Point","coordinates":[34.723447,0.125247]},"properties":{"id":"9658684","n":"Wonula water spring","t":"ps","c":"Vihiga"}},{"type":"Feature","geometry":{"type":"Point","coordinates":[34.701012,0.133382]},"properties":{"id":"211691185","n":"Indendemuli Water Spring No 1373","t":"ps","c":"Vihiga"}},{"type":"Feature","geometry":{"type":"Point","coordinates":[34.714185,0.127318]},"properties":{"id":"28669881","n":"Kwalamwenya Water Spring No 943","t":"ps","c":"Vihiga"}},{"type":"Feature","geometry":{"type":"Point","coordinates":[34.727652,0.131688]},"properties":{"id":"8846037","n":"Magada water spring","t":"ps","c":"Vihiga"}},{"type":"Feature","geometry":{"type":"Point","coordinates":[34.711362,0.135147]},"properties":{"id":"14884476","n":"Welihama Water Spring No 691","t":"ps","c":"Vihiga"}},{"type":"Feature","geometry":{"type":"Point","coordinates":[34.75692,0.133812]},"properties":{"id":"34155266","n":"Wamuhonga Water Spring 899","t":"ps","c":"Vihiga"}},{"type":"Feature","geometry":{"type":"Point","coordinates":[34.728993,0.126663]},"properties":{"id":"111135","n":"Mmbihi water spring","t":"ps","c":"Vihiga"}},{"type":"Feature","geometry":{"type":"Point","coordinates":[34.705083,0.129145]},"properties":{"id":"9658660","n":"Welahuya water spring","t":"ps","c":"Vihiga"}},{"type":"Feature","geometry":{"type":"Point","coordinates":[34.728063,0.135298]},"properties":{"id":"110990","n":"Echandumba water spring","t":"ps","c":"Vihiga"}},{"type":"Feature","geometry":{"type":"Point","coordinates":[34.736312,0.12836]},"properties":{"id":"111166","n":"Welinyonyi water spring","t":"ps","c":"Vihiga"}},{"type":"Feature","geometry":{"type":"Point","coordinates":[34.737042,0.146438]},"properties":{"id":"226513276","n":"Ingubu Water Spring No 1483","t":"ps","c":"Vihiga"}},{"type":"Feature","geometry":{"type":"Point","coordinates":[34.698973,0.128503]},"properties":{"id":"1063824","n":"Indasi water spring","t":"ps","c":"Vihiga"}},{"type":"Feature","geometry":{"type":"Point","coordinates":[34.746757,0.136068]},"properties":{"id":"230403710","n":"Ogada Water Spring No 1475","t":"ps","c":"Vihiga"}},{"type":"Feature","geometry":{"type":"Point","coordinates":[34.72633,0.14157]},"properties":{"id":"9658691","n":"Wakamasi water spring","t":"ps","c":"Vihiga"}},{"type":"Feature","geometry":{"type":"Point","coordinates":[34.723205,0.135225]},"properties":{"id":"4000011","n":"Amongora Water Spring","t":"ps","c":"Vihiga"}},{"type":"Feature","geometry":{"type":"Point","coordinates":[34.730538,0.135692]},"properties":{"id":"111180","n":"Amulago water spring","t":"ps","c":"Vihiga"}},{"type":"Feature","geometry":{"type":"Point","coordinates":[34.694173,0.129783]},"properties":{"id":"224402084","n":"Nasore Water Spring No 1464","t":"ps","c":"Vihiga"}},{"type":"Feature","geometry":{"type":"Point","coordinates":[34.75585,0.139282]},"properties":{"id":"224431170","n":"Lwadikilo Water Spring No 1466","t":"ps","c":"Vihiga"}},{"type":"Feature","geometry":{"type":"Point","coordinates":[34.72158,0.13351]},"properties":{"id":"3999442","n":"Waagevi Water Spring","t":"ps","c":"Vihiga"}},{"type":"Feature","geometry":{"type":"Point","coordinates":[34.695782,0.13332]},"properties":{"id":"211761424","n":"Ligami Water Spring No 1445","t":"ps","c":"Vihiga"}},{"type":"Feature","geometry":{"type":"Point","coordinates":[34.753793,0.135922]},"properties":{"id":"34155235","n":"Echavera Water Spring","t":"ps","c":"Vihiga"}},{"type":"Feature","geometry":{"type":"Point","coordinates":[34.733505,0.143582]},"properties":{"id":"111173","n":"Wamudachi water spring","t":"ps","c":"Vihiga"}},{"type":"Feature","geometry":{"type":"Point","coordinates":[34.741838,0.127453]},"properties":{"id":"8890414","n":"Ligeve water spring","t":"ps","c":"Vihiga"}},{"type":"Feature","geometry":{"type":"Point","coordinates":[34.736734,0.1399]},"properties":{"id":"64777766","n":"Jevudala Water Spring No 1067","t":"ps","c":"Vihiga"}},{"type":"Feature","geometry":{"type":"Point","coordinates":[34.747732,0.134803]},"properties":{"id":"22358716","n":"Lisaswa WATER SPRING","t":"ps","c":"Vihiga"}},{"type":"Feature","geometry":{"type":"Point","coordinates":[34.707939,0.135251]},"properties":{"id":"22358857","n":"Wembale Water Spring","t":"ps","c":"Vihiga"}},{"type":"Feature","geometry":{"type":"Point","coordinates":[34.742957,0.138782]},"properties":{"id":"6765884","n":"Sandaji water spring","t":"ps","c":"Vihiga"}},{"type":"Feature","geometry":{"type":"Point","coordinates":[34.738368,0.140215]},"properties":{"id":"8569042","n":"Alusiola water spring","t":"ps","c":"Vihiga"}},{"type":"Feature","geometry":{"type":"Point","coordinates":[34.694927,0.130753]},"properties":{"id":"211776189","n":"Walukungu Water Spring No 1446","t":"ps","c":"Vihiga"}},{"type":"Feature","geometry":{"type":"Point","coordinates":[34.736913,0.141342]},"properties":{"id":"8569066","n":"Sing'oni water spring","t":"ps","c":"Vihiga"}},{"type":"Feature","geometry":{"type":"Point","coordinates":[34.694427,0.136035]},"properties":{"id":"211691886","n":"Imbusila Water Spring No 1428","t":"ps","c":"Vihiga"}},{"type":"Feature","geometry":{"type":"Point","coordinates":[34.725156,0.126837]},"properties":{"id":"3999985","n":"Waisigi Water Spring","t":"ps","c":"Vihiga"}},{"type":"Feature","geometry":{"type":"Point","coordinates":[34.705918,0.144087]},"properties":{"id":"211690524","n":"Mulinya Water Spring No 1313","t":"ps","c":"Vihiga"}},{"type":"Feature","geometry":{"type":"Point","coordinates":[34.7171,0.13805]},"properties":{"id":"22358345","n":"Selete Water Spring","t":"ps","c":"Vihiga"}},{"type":"Feature","geometry":{"type":"Point","coordinates":[34.733893,0.136985]},"properties":{"id":"110880","n":"Andobe water spring","t":"ps","c":"Vihiga"}},{"type":"Feature","geometry":{"type":"Point","coordinates":[34.736033,0.129748]},"properties":{"id":"22358321","n":"Manani Water Spring","t":"ps","c":"Vihiga"}},{"type":"Feature","geometry":{"type":"Point","coordinates":[34.745542,0.133782]},"properties":{"id":"111142","n":"Wembayi water spring","t":"ps","c":"Vihiga"}},{"type":"Feature","geometry":{"type":"Point","coordinates":[34.722653,0.137205]},"properties":{"id":"5512470","n":"Mukangai  water spring","t":"ps","c":"Vihiga"}},{"type":"Feature","geometry":{"type":"Point","coordinates":[34.737432,0.134997]},"properties":{"id":"110897","n":"Kiziri water spring","t":"ps","c":"Vihiga"}},{"type":"Feature","geometry":{"type":"Point","coordinates":[34.711335,0.136592]},"properties":{"id":"211691044","n":"Wisandula Water Spring No 1352","t":"ps","c":"Vihiga"}},{"type":"Feature","geometry":{"type":"Point","coordinates":[34.70775,0.129877]},"properties":{"id":"22358699","n":"Imbiakha WATER SPRING","t":"ps","c":"Vihiga"}},{"type":"Feature","geometry":{"type":"Point","coordinates":[34.787652,0.110713]},"properties":{"id":"211689904","n":"Highway Water Spring No 1276","t":"ps","c":"Vihiga"}},{"type":"Feature","geometry":{"type":"Point","coordinates":[34.804895,0.105679]},"properties":{"id":"5983977","n":"Waanusu Water Spring","t":"us","c":"Vihiga"}},{"type":"Feature","geometry":{"type":"Point","coordinates":[34.776308,0.110227]},"properties":{"id":"6776590","n":"Wamabiri Water Spring No 928","t":"ps","c":"Vihiga"}},{"type":"Feature","geometry":{"type":"Point","coordinates":[34.776238,0.095005]},"properties":{"id":"10134050","n":"Anduvate Water Spring","t":"ps","c":"Vihiga"}},{"type":"Feature","geometry":{"type":"Point","coordinates":[34.803021,0.122683]},"properties":{"id":"3658073","n":"Wekivase Water Spring","t":"ps","c":"Vihiga"}},{"type":"Feature","geometry":{"type":"Point","coordinates":[34.805111,0.12127]},"properties":{"id":"3656545","n":"Wambani Water Spring","t":"ps","c":"Vihiga"}},{"type":"Feature","geometry":{"type":"Point","coordinates":[34.79389,0.114778]},"properties":{"id":"6296551","n":"Akonava Spring","t":"ps","c":"Vihiga"}},{"type":"Feature","geometry":{"type":"Point","coordinates":[34.774526,0.116926]},"properties":{"id":"10231555","n":"Lusambwa Borehole.","t":"bh","c":"Vihiga"}},{"type":"Feature","geometry":{"type":"Point","coordinates":[34.793872,0.11496]},"properties":{"id":"21211865","n":"Gurugwa  Water Spring No 989","t":"ps","c":"Vihiga"}},{"type":"Feature","geometry":{"type":"Point","coordinates":[34.775715,0.112968]},"properties":{"id":"6776600","n":"Wakavita Water Spring","t":"ps","c":"Vihiga"}},{"type":"Feature","geometry":{"type":"Point","coordinates":[34.789629,0.111425]},"properties":{"id":"24705743","n":"Wamarongo Water Spring No 1014","t":"ps","c":"Vihiga"}},{"type":"Feature","geometry":{"type":"Point","coordinates":[34.816916,0.118142]},"properties":{"id":"10558517","n":"Warukova Spring","t":"ps","c":"Vihiga"}},{"type":"Feature","geometry":{"type":"Point","coordinates":[34.773305,0.110918]},"properties":{"id":"6776136","n":"Mmbahira Water Spring No 926","t":"ps","c":"Vihiga"}},{"type":"Feature","geometry":{"type":"Point","coordinates":[34.803995,0.10401]},"properties":{"id":"24705042","n":"Changamali  Water Spring No 1013","t":"ps","c":"Vihiga"}},{"type":"Feature","geometry":{"type":"Point","coordinates":[34.77603,0.097851]},"properties":{"id":"3546181","n":"Chanderema Water Spring","t":"ps","c":"Vihiga"}},{"type":"Feature","geometry":{"type":"Point","coordinates":[34.80242,0.109048]},"properties":{"id":"5431171","n":"Waluvishi Water Spring No 1026","t":"ps","c":"Vihiga"}},{"type":"Feature","geometry":{"type":"Point","coordinates":[34.80253,0.123058]},"properties":{"id":"3658080","n":"Waluseke Water Spring","t":"ps","c":"Vihiga"}},{"type":"Feature","geometry":{"type":"Point","coordinates":[34.801532,0.10794]},"properties":{"id":"24705028","n":"Wamalongo Water Spring No 1012","t":"ps","c":"Vihiga"}},{"type":"Feature","geometry":{"type":"Point","coordinates":[34.776112,0.093787]},"properties":{"id":"10134043","n":"Wamudoga Water Spring","t":"ps","c":"Vihiga"}},{"type":"Feature","geometry":{"type":"Point","coordinates":[34.797854,0.125358]},"properties":{"id":"6296630","n":"Wekuza Village Spring","t":"ps","c":"Vihiga"}},{"type":"Feature","geometry":{"type":"Point","coordinates":[34.794151,0.111586]},"properties":{"id":"10380033","n":"Wenonda Water Spring","t":"us","c":"Vihiga"}},{"type":"Feature","geometry":{"type":"Point","coordinates":[34.792783,0.109791]},"properties":{"id":"3750810","n":"UCC 2019 - Wambenge Community Well","t":"bh","c":"Vihiga"}},{"type":"Feature","geometry":{"type":"Point","coordinates":[34.786962,0.118248]},"properties":{"id":"4675721","n":"Ezololi Water Spring No 997","t":"ps","c":"Vihiga"}},{"type":"Feature","geometry":{"type":"Point","coordinates":[34.780386,0.123928]},"properties":{"id":"3546284","n":"Wadagala Spring","t":"us","c":"Vihiga"}},{"type":"Feature","geometry":{"type":"Point","coordinates":[34.78189,0.122643]},"properties":{"id":"6296661","n":"Kigogura Spring","t":"ps","c":"Vihiga"}},{"type":"Feature","geometry":{"type":"Point","coordinates":[34.797968,0.117077]},"properties":{"id":"211690232","n":"Kalika Water Spring No 1285","t":"ps","c":"Vihiga"}},{"type":"Feature","geometry":{"type":"Point","coordinates":[34.798443,0.118427]},"properties":{"id":"6296609","n":"Garagon Spring (Majagano Village)","t":"ps","c":"Vihiga"}},{"type":"Feature","geometry":{"type":"Point","coordinates":[34.779549,0.117654]},"properties":{"id":"8182016","n":"Vogoli Primary Borehole","t":"bh","c":"Vihiga"}},{"type":"Feature","geometry":{"type":"Point","coordinates":[34.778788,0.112309]},"properties":{"id":"8182023","n":"Walouginu Spring","t":"ps","c":"Vihiga"}},{"type":"Feature","geometry":{"type":"Point","coordinates":[34.797627,0.114231]},"properties":{"id":"10380057","n":"Givudianyi Primary School Borehole","t":"bh","c":"Vihiga"}},{"type":"Feature","geometry":{"type":"Point","coordinates":[34.806031,0.105507]},"properties":{"id":"10558366","n":"Musasia Water Spring","t":"us","c":"Vihiga"}},{"type":"Feature","geometry":{"type":"Point","coordinates":[34.796005,0.10263]},"properties":{"id":"211691501","n":"Wumbusu Water Spring No 1392","t":"ps","c":"Vihiga"}},{"type":"Feature","geometry":{"type":"Point","coordinates":[34.783397,0.10417]},"properties":{"id":"211691484","n":"Kwaisaho Water Spring No 1390","t":"ps","c":"Vihiga"}},{"type":"Feature","geometry":{"type":"Point","coordinates":[34.804844,0.105739]},"properties":{"id":"5983221","n":"Widambera Water Spring","t":"us","c":"Vihiga"}},{"type":"Feature","geometry":{"type":"Point","coordinates":[34.78148,0.125973]},"properties":{"id":"3546301","n":"Kabera Water Spring","t":"ps","c":"Vihiga"}},{"type":"Feature","geometry":{"type":"Point","coordinates":[34.792099,0.112638]},"properties":{"id":"46377047","n":"Lazaro Water Spring No 995","t":"ps","c":"Vihiga"}},{"type":"Feature","geometry":{"type":"Point","coordinates":[34.801322,0.117177]},"properties":{"id":"211689911","n":"Waatianyi Water Springs No 1275","t":"ps","c":"Vihiga"}},{"type":"Feature","geometry":{"type":"Point","coordinates":[34.792807,0.111097]},"properties":{"id":"24705011","n":"Wamuguzu Water Spring No 1011","t":"ps","c":"Vihiga"}},{"type":"Feature","geometry":{"type":"Point","coordinates":[34.78149,0.11924]},"properties":{"id":"8182030","n":"Moi Girls School","t":"bh","c":"Vihiga"}},{"type":"Feature","geometry":{"type":"Point","coordinates":[34.780335,0.110021]},"properties":{"id":"8182047","n":"Wamasaya Spring","t":"ps","c":"Vihiga"}},{"type":"Feature","geometry":{"type":"Point","coordinates":[34.770278,0.11461]},"properties":{"id":"27005879","n":"Wakagali Water Spring No 919","t":"ps","c":"Vihiga"}},{"type":"Feature","geometry":{"type":"Point","coordinates":[34.772179,0.111122]},"properties":{"id":"3546215","n":"Mbei Spring","t":"ps","c":"Vihiga"}},{"type":"Feature","geometry":{"type":"Point","coordinates":[34.815697,0.124943]},"properties":{"id":"19048356","n":"Wimbwenya Water Spring No1059","t":"ps","c":"Vihiga"}},{"type":"Feature","geometry":{"type":"Point","coordinates":[34.803781,0.118026]},"properties":{"id":"10380105","n":"Waziyeri Water Spring","t":"ps","c":"Vihiga"}},{"type":"Feature","geometry":{"type":"Point","coordinates":[34.790987,0.106522]},"properties":{"id":"7353231","n":"Wandorobo Water Spring No 1031","t":"ps","c":"Vihiga"}},{"type":"Feature","geometry":{"type":"Point","coordinates":[34.800367,0.124604]},"properties":{"id":"6296616","n":"Chagera Spring","t":"ps","c":"Vihiga"}},{"type":"Feature","geometry":{"type":"Point","coordinates":[34.808022,0.106938]},"properties":{"id":"10558373","n":"Mbogi Water Spring","t":"ps","c":"Vihiga"}},{"type":"Feature","geometry":{"type":"Point","coordinates":[34.801856,0.118038]},"properties":{"id":"3658413","n":"Wandole Water Spring","t":"ps","c":"Vihiga"}},{"type":"Feature","geometry":{"type":"Point","coordinates":[34.805404,0.105285]},"properties":{"id":"71828","n":"Rogose Water Spring","t":"ps","c":"Vihiga"}},{"type":"Feature","geometry":{"type":"Point","coordinates":[34.773149,0.110916]},"properties":{"id":"3546222","n":"Musanga Spring","t":"us","c":"Vihiga"}},{"type":"Feature","geometry":{"type":"Point","coordinates":[34.789705,0.122517]},"properties":{"id":"6296647","n":"Sugugo Spring","t":"ps","c":"Vihiga"}},{"type":"Feature","geometry":{"type":"Point","coordinates":[34.780436,0.128391]},"properties":{"id":"12627905","n":"Itenji Water Spring No1085","t":"ps","c":"Vihiga"}},{"type":"Feature","geometry":{"type":"Point","coordinates":[34.804162,0.124273]},"properties":{"id":"41048689","n":"Wajumba, Wajumba Spring - 19103","t":"ps","c":"Vihiga"}},{"type":"Feature","geometry":{"type":"Point","coordinates":[34.793272,0.11139]},"properties":{"id":"39942557","n":"Masimba Water Spring No 1033","t":"ps","c":"Vihiga"}},{"type":"Feature","geometry":{"type":"Point","coordinates":[34.8113,0.115173]},"properties":{"id":"10558593","n":"Wakelengi Water Spring","t":"ps","c":"Vihiga"}},{"type":"Feature","geometry":{"type":"Point","coordinates":[34.771441,0.112121]},"properties":{"id":"3546208","n":"Wobara Spring","t":"ps","c":"Vihiga"}},{"type":"Feature","geometry":{"type":"Point","coordinates":[34.799309,0.112499]},"properties":{"id":"10380071","n":"Wamuhindi Water Spring","t":"ps","c":"Vihiga"}},{"type":"Feature","geometry":{"type":"Point","coordinates":[34.800992,0.104058]},"properties":{"id":"6944531","n":"Lilari Water Spring No 1024","t":"ps","c":"Vihiga"}},{"type":"Feature","geometry":{"type":"Point","coordinates":[34.812802,0.118244]},"properties":{"id":"10558555","n":"Wabusolo Water Spring","t":"ps","c":"Vihiga"}},{"type":"Feature","geometry":{"type":"Point","coordinates":[34.781911,0.12267]},"properties":{"id":"3546277","n":"Kigugura Water Spring","t":"ps","c":"Vihiga"}},{"type":"Feature","geometry":{"type":"Point","coordinates":[34.770006,0.115056]},"properties":{"id":"10231562","n":"Sogoni Water Spring","t":"ps","c":"Vihiga"}},{"type":"Feature","geometry":{"type":"Point","coordinates":[34.810832,0.118226]},"properties":{"id":"10558562","n":"Munga Water Spring","t":"us","c":"Vihiga"}},{"type":"Feature","geometry":{"type":"Point","coordinates":[34.807793,0.125992]},"properties":{"id":"19048387","n":"Wamumene Water Spring No 1061","t":"ps","c":"Vihiga"}},{"type":"Feature","geometry":{"type":"Point","coordinates":[34.798916,0.109059]},"properties":{"id":"6944548","n":"Wadere Water Spring No 1025","t":"ps","c":"Vihiga"}},{"type":"Feature","geometry":{"type":"Point","coordinates":[34.778402,0.1093]},"properties":{"id":"24705808","n":"Endile Water Spring No 1015","t":"ps","c":"Vihiga"}},{"type":"Feature","geometry":{"type":"Point","coordinates":[34.795712,0.111711]},"properties":{"id":"10380064","n":"Waditu Water Spring","t":"ps","c":"Vihiga"}},{"type":"Feature","geometry":{"type":"Point","coordinates":[34.799868,0.108172]},"properties":{"id":"24705073","n":"Wamagomere Water Spring No 1010","t":"ps","c":"Vihiga"}},{"type":"Feature","geometry":{"type":"Point","coordinates":[34.802135,0.108177]},"properties":{"id":"10380129","n":"Wasenelwa Water Spring","t":"ps","c":"Vihiga"}},{"type":"Feature","geometry":{"type":"Point","coordinates":[34.793306,0.11147]},"properties":{"id":"10380026","n":"Masimba Water Spring","t":"us","c":"Vihiga"}},{"type":"Feature","geometry":{"type":"Point","coordinates":[34.787602,0.102245]},"properties":{"id":"6944562","n":"Guga Water Spring No 1027","t":"ps","c":"Vihiga"}},{"type":"Feature","geometry":{"type":"Point","coordinates":[34.773848,0.110863]},"properties":{"id":"6776143","n":"Wamalova Water Spring","t":"ps","c":"Vihiga"}},{"type":"Feature","geometry":{"type":"Point","coordinates":[34.811082,0.11691]},"properties":{"id":"10558586","n":"Kigueru Water Spring","t":"ps","c":"Vihiga"}},{"type":"Feature","geometry":{"type":"Point","coordinates":[34.78642,0.124821]},"properties":{"id":"6296654","n":"Itenei Spring","t":"ps","c":"Vihiga"}},{"type":"Feature","geometry":{"type":"Point","coordinates":[34.800432,0.125547]},"properties":{"id":"22963651","n":"Wijeji Water Spring No 1070","t":"ps","c":"Vihiga"}},{"type":"Feature","geometry":{"type":"Point","coordinates":[34.794415,0.118137]},"properties":{"id":"46921525","n":"Kibimiru Water Spring","t":"ps","c":"Vihiga"}},{"type":"Feature","geometry":{"type":"Point","coordinates":[34.803963,0.106215]},"properties":{"id":"5983214","n":"Wamwaliru Water Spring","t":"ps","c":"Vihiga"}},{"type":"Feature","geometry":{"type":"Point","coordinates":[34.816161,0.113912]},"properties":{"id":"10558500","n":"Marisa Spring","t":"ps","c":"Vihiga"}},{"type":"Feature","geometry":{"type":"Point","coordinates":[34.809621,0.119429]},"properties":{"id":"3656253","n":"Mulindi Water Spring","t":"ps","c":"Vihiga"}},{"type":"Feature","geometry":{"type":"Point","coordinates":[34.791886,0.112744]},"properties":{"id":"6296544","n":"Wajumba","t":"ps","c":"Vihiga"}},{"type":"Feature","geometry":{"type":"Point","coordinates":[34.778534,0.123115]},"properties":{"id":"3546291","n":"Wadagala Spring Protection","t":"ps","c":"Vihiga"}},{"type":"Feature","geometry":{"type":"Point","coordinates":[34.778518,0.123235]},"properties":{"id":"6776624","n":"Homoke Water Spring","t":"ps","c":"Vihiga"}},{"type":"Feature","geometry":{"type":"Point","coordinates":[34.807654,0.119432]},"properties":{"id":"3656260","n":"Wilasiza Water Spring","t":"ps","c":"Vihiga"}},{"type":"Feature","geometry":{"type":"Point","coordinates":[34.782762,0.111279]},"properties":{"id":"8182078","n":"Wukikudu","t":"ps","c":"Vihiga"}},{"type":"Feature","geometry":{"type":"Point","coordinates":[34.794737,0.110862]},"properties":{"id":"24705736","n":"Waandaye Water Spring No 1009","t":"ps","c":"Vihiga"}},{"type":"Feature","geometry":{"type":"Point","coordinates":[34.812652,0.109075]},"properties":{"id":"10558397","n":"Wangaira Water Spring","t":"ps","c":"Vihiga"}},{"type":"Feature","geometry":{"type":"Point","coordinates":[34.817172,0.115825]},"properties":{"id":"10558524","n":"Mago Salvation Army School","t":"pdw","c":"Vihiga"}},{"type":"Feature","geometry":{"type":"Point","coordinates":[34.810413,0.099837]},"properties":{"id":"523286048","n":"Vasuba PS Nimganga","t":"ps","c":"Vihiga"}},{"type":"Feature","geometry":{"type":"Point","coordinates":[34.78642,0.103835]},"properties":{"id":"211691491","n":"Gavudia Water Spring No 1391","t":"ps","c":"Vihiga"}},{"type":"Feature","geometry":{"type":"Point","coordinates":[34.781699,0.119556]},"properties":{"id":"8182092","n":"Moi Girls School","t":"bh","c":"Vihiga"}},{"type":"Feature","geometry":{"type":"Point","coordinates":[34.78701,0.113406]},"properties":{"id":"8182102","n":"Eibaloia Spring","t":"ps","c":"Vihiga"}},{"type":"Feature","geometry":{"type":"Point","coordinates":[34.793657,0.122563]},"properties":{"id":"6296582","n":"Kibesu Spring","t":"ps","c":"Vihiga"}},{"type":"Feature","geometry":{"type":"Point","coordinates":[34.794505,0.118189]},"properties":{"id":"6296568","n":"Mugashia Spring","t":"ps","c":"Vihiga"}},{"type":"Feature","geometry":{"type":"Point","coordinates":[34.81277,0.114471]},"properties":{"id":"10558610","n":"Walumada Water Spring","t":"ps","c":"Vihiga"}},{"type":"Feature","geometry":{"type":"Point","coordinates":[34.776044,0.097905]},"properties":{"id":"71143293","n":"Chanderema Water Spring No 1090","t":"ps","c":"Vihiga"}},{"type":"Feature","geometry":{"type":"Point","coordinates":[34.772028,0.111194]},"properties":{"id":"6776150","n":"Waigunza Water Spring No 927","t":"ps","c":"Vihiga"}},{"type":"Feature","geometry":{"type":"Point","coordinates":[34.796265,0.116345]},"properties":{"id":"10380040","n":"Wakidivisi Water Spring","t":"ps","c":"Vihiga"}},{"type":"Feature","geometry":{"type":"Point","coordinates":[34.802323,0.109107]},"properties":{"id":"10380112","n":"Walubishi Water Spring","t":"ps","c":"Vihiga"}},{"type":"Feature","geometry":{"type":"Point","coordinates":[34.78726,0.116096]},"properties":{"id":"8182119","n":"Mielizu Spring","t":"ps","c":"Vihiga"}},{"type":"Feature","geometry":{"type":"Point","coordinates":[34.79809,0.11709]},"properties":{"id":"10380088","n":"Wakarika Water Spring","t":"ps","c":"Vihiga"}},{"type":"Feature","geometry":{"type":"Point","coordinates":[34.799332,0.112443]},"properties":{"id":"12629794","n":"Muhindi Water Spring No 1091","t":"ps","c":"Vihiga"}},{"type":"Feature","geometry":{"type":"Point","coordinates":[34.801206,0.117369]},"properties":{"id":"10380095","n":"Wamudoga Water Spring","t":"ps","c":"Vihiga"}},{"type":"Feature","geometry":{"type":"Point","coordinates":[34.812018,0.114871]},"properties":{"id":"10558603","n":"Agunda Water Spring","t":"ps","c":"Vihiga"}},{"type":"Feature","geometry":{"type":"Point","coordinates":[34.778451,0.116389]},"properties":{"id":"8182126","n":"Womusoga Spring","t":"ps","c":"Vihiga"}},{"type":"Feature","geometry":{"type":"Point","coordinates":[34.775596,0.112931]},"properties":{"id":"3546239","n":"Kavita Spring","t":"ps","c":"Vihiga"}},{"type":"Feature","geometry":{"type":"Point","coordinates":[34.793458,0.1203]},"properties":{"id":"6296575","n":"Musaragani Spring","t":"ps","c":"Vihiga"}},{"type":"Feature","geometry":{"type":"Point","coordinates":[34.786242,0.112154]},"properties":{"id":"8182133","n":"Wamai Spring","t":"ps","c":"Vihiga"}},{"type":"Feature","geometry":{"type":"Point","coordinates":[34.808979,0.118961]},"properties":{"id":"10558579","n":"Keya Water Spring","t":"us","c":"Vihiga"}},{"type":"Feature","geometry":{"type":"Point","coordinates":[34.789208,0.12579]},"properties":{"id":"7353224","n":"Wangiriemu Water Spring No 1029","t":"ps","c":"Vihiga"}},{"type":"Feature","geometry":{"type":"Point","coordinates":[34.813837,0.10755]},"properties":{"id":"10558438","n":"Wamusere Water Spring","t":"ps","c":"Vihiga"}},{"type":"Feature","geometry":{"type":"Point","coordinates":[34.797213,0.131858]},"properties":{"id":"72542886","n":"Wagwage Water Spring N0 1094","t":"ps","c":"Vihiga"}},{"type":"Feature","geometry":{"type":"Point","coordinates":[34.81234,0.110684]},"properties":{"id":"10558407","n":"Wamunyara Water Spring","t":"ps","c":"Vihiga"}},{"type":"Feature","geometry":{"type":"Point","coordinates":[34.776369,0.096456]},"properties":{"id":"10134067","n":"Waesemere Water Spring","t":"ps","c":"Vihiga"}},{"type":"Feature","geometry":{"type":"Point","coordinates":[34.778775,0.112292]},"properties":{"id":"3546246","n":"Musiega Spring","t":"ps","c":"Vihiga"}},{"type":"Feature","geometry":{"type":"Point","coordinates":[34.798456,0.118495]},"properties":{"id":"3658396","n":"Masyagalo Water Spring","t":"ps","c":"Vihiga"}},{"type":"Feature","geometry":{"type":"Point","coordinates":[34.812352,0.113201]},"properties":{"id":"10558627","n":"Hamudavagua Water Spring","t":"ps","c":"Vihiga"}},{"type":"Feature","geometry":{"type":"Point","coordinates":[34.778544,0.116326]},"properties":{"id":"3546253","n":"Womusoga Spring","t":"ps","c":"Vihiga"}},{"type":"Feature","geometry":{"type":"Point","coordinates":[34.793732,0.120997]},"properties":{"id":"6296599","n":"Ingaraba Spring","t":"ps","c":"Vihiga"}},{"type":"Feature","geometry":{"type":"Point","coordinates":[34.793503,0.120559]},"properties":{"id":"46921549","n":"Musaragani Water Spring","t":"ps","c":"Vihiga"}},{"type":"Feature","geometry":{"type":"Point","coordinates":[34.816889,0.115878]},"properties":{"id":"10558531","n":"Mago Salvation Army School Borehole","t":"bh","c":"Vihiga"}},{"type":"Feature","geometry":{"type":"Point","coordinates":[34.787099,0.118241]},"properties":{"id":"3658420","n":"Zoroni Water Spring","t":"ps","c":"Vihiga"}},{"type":"Feature","geometry":{"type":"Point","coordinates":[34.784748,0.111881]},"properties":{"id":"8182157","n":"Wamanyenya Spring","t":"ps","c":"Vihiga"}},{"type":"Feature","geometry":{"type":"Point","coordinates":[34.72712,0.05257]},"properties":{"id":"9352445","n":"Wamuhila, Isabwa Spring - 4716","t":"ps","c":"Vihiga"}},{"type":"Feature","geometry":{"type":"Point","coordinates":[34.748237,0.071597]},"properties":{"id":"10231713","n":"Wagavera Water Spring","t":"ps","c":"Vihiga"}},{"type":"Feature","geometry":{"type":"Point","coordinates":[34.712213,0.06017]},"properties":{"id":"15007621","n":"Lwangele, Machayo Spring - 18137","t":"ps","c":"Vihiga"}},{"type":"Feature","geometry":{"type":"Point","coordinates":[34.71989,0.05206]},"properties":{"id":"531021","n":"Mang'ang'a, Mang'ang'a Spring - 4583","t":"ps","c":"Vihiga"}},{"type":"Feature","geometry":{"type":"Point","coordinates":[34.703501,0.048229]},"properties":{"id":"8518510","n":"Igogwa, Igunza Spring - 4724","t":"ps","c":"Vihiga"}},{"type":"Feature","geometry":{"type":"Point","coordinates":[34.709029,0.036907]},"properties":{"id":"47024735","n":"Upper Visiru, Wambosani Spring - 18163","t":"ps","c":"Vihiga"}},{"type":"Feature","geometry":{"type":"Point","coordinates":[34.746851,0.075695]},"properties":{"id":"10231696","n":"Weboso Water Spring","t":"ps","c":"Vihiga"}},{"type":"Feature","geometry":{"type":"Point","coordinates":[34.74732,0.073998]},"properties":{"id":"10231706","n":"Huba Water Spring","t":"ps","c":"Vihiga"}},{"type":"Feature","geometry":{"type":"Point","coordinates":[34.708831,0.057989]},"properties":{"id":"3888489","n":"Wanzuma, Wanzuma Spring - 4723","t":"ps","c":"Vihiga"}},{"type":"Feature","geometry":{"type":"Point","coordinates":[34.73968,0.0847]},"properties":{"id":"930864","n":"Endeli, Walibese Spring - 4568","t":"ps","c":"Vihiga"}},{"type":"Feature","geometry":{"type":"Point","coordinates":[34.742798,0.085405]},"properties":{"id":"10231658","n":"Kigunya Water Spring","t":"ps","c":"Vihiga"}},{"type":"Feature","geometry":{"type":"Point","coordinates":[34.70538,0.067893]},"properties":{"id":"8514475","n":"Visiru, Kitinga Spring - 4712","t":"ps","c":"Vihiga"}},{"type":"Feature","geometry":{"type":"Point","coordinates":[34.669173,0.06285]},"properties":{"id":"27183089","n":"Owazebed Water Spring No 110","t":"ps","c":"Vihiga"}},{"type":"Feature","geometry":{"type":"Point","coordinates":[34.674103,0.06673]},"properties":{"id":"3511941","n":"Essolongo Water Spring","t":"ps","c":"Vihiga"}},{"type":"Feature","geometry":{"type":"Point","coordinates":[34.742907,0.08382]},"properties":{"id":"10231672","n":"Wadwanyika Water Spring","t":"ps","c":"Vihiga"}},{"type":"Feature","geometry":{"type":"Point","coordinates":[34.681506,0.085839]},"properties":{"id":"81756535","n":"Ezoroli Water Spring No1165","t":"ps","c":"Vihiga"}},{"type":"Feature","geometry":{"type":"Point","coordinates":[34.717002,0.07248]},"properties":{"id":"3860009","n":"Hedwe, Wakidima Spring - 4557","t":"ps","c":"Vihiga"}},{"type":"Feature","geometry":{"type":"Point","coordinates":[34.677117,0.072915]},"properties":{"id":"14890187","n":"Wodongo   Water Spring No","t":"ps","c":"Vihiga"}},{"type":"Feature","geometry":{"type":"Point","coordinates":[34.673333,0.071035]},"properties":{"id":"33974750","n":"Maunya Water Spring No 314","t":"ps","c":"Vihiga"}},{"type":"Feature","geometry":{"type":"Point","coordinates":[34.664167,0.062775]},"properties":{"id":"543714","n":"Wamukabo water spring","t":"ps","c":"Vihiga"}},{"type":"Feature","geometry":{"type":"Point","coordinates":[34.7447,0.079809]},"properties":{"id":"10231689","n":"Idya Water Spring","t":"ps","c":"Vihiga"}},{"type":"Feature","geometry":{"type":"Point","coordinates":[34.737202,0.077521]},"properties":{"id":"3750865","n":"UCC 2018 - Care Compassion Children's Home - Site 2","t":"bh","c":"Vihiga"}},{"type":"Feature","geometry":{"type":"Point","coordinates":[34.674545,0.088552]},"properties":{"id":"13629582","n":"Wasamuel Water Spring No","t":"ps","c":"Vihiga"}},{"type":"Feature","geometry":{"type":"Point","coordinates":[34.675987,0.084182]},"properties":{"id":"26892968","n":"Mmbogo Water Spring No 916","t":"ps","c":"Vihiga"}},{"type":"Feature","geometry":{"type":"Point","coordinates":[34.640372,0.017997]},"properties":{"id":"35014131","n":"Eliang,oma Water Sring","t":"ps","c":"Vihiga"}},{"type":"Feature","geometry":{"type":"Point","coordinates":[34.66239,0.034813]},"properties":{"id":"4161550","n":"Lugango, Lugango Spring - 4852","t":"ps","c":"Vihiga"}},{"type":"Feature","geometry":{"type":"Point","coordinates":[34.637503,0.01364]},"properties":{"id":"35014076","n":"Ochanda Water Spring","t":"ps","c":"Vihiga"}},{"type":"Feature","geometry":{"type":"Point","coordinates":[34.66391,0.03088]},"properties":{"id":"8514530","n":"Nyira, Ondiek Spring - 4719","t":"ps","c":"Vihiga"}},{"type":"Feature","geometry":{"type":"Point","coordinates":[34.650564,0.027976]},"properties":{"id":"22358888","n":"Tiko Water Spring","t":"ps","c":"Vihiga"}},{"type":"Feature","geometry":{"type":"Point","coordinates":[34.644992,0.021956]},"properties":{"id":"35014203","n":"Waluka Water Spring","t":"ps","c":"Vihiga"}},{"type":"Feature","geometry":{"type":"Point","coordinates":[34.65333,0.033127]},"properties":{"id":"12216228","n":"Omulatenyi Water Spring No 371","t":"ps","c":"Vihiga"}},{"type":"Feature","geometry":{"type":"Point","coordinates":[34.651303,0.0275]},"properties":{"id":"22358871","n":"Boaz Water Spring","t":"ps","c":"Vihiga"}},{"type":"Feature","geometry":{"type":"Point","coordinates":[34.655348,0.03433]},"properties":{"id":"13629506","n":"Owambandu Water Spring No 400","t":"ps","c":"Vihiga"}},{"type":"Feature","geometry":{"type":"Point","coordinates":[34.63175,0.01541]},"properties":{"id":"4161567","n":"Ebuhando, Christopher Omasaba Spring - 4851","t":"ps","c":"Vihiga"}},{"type":"Feature","geometry":{"type":"Point","coordinates":[34.637965,0.01705]},"properties":{"id":"35014069","n":"Diang'a Water Spring","t":"ps","c":"Vihiga"}},{"type":"Feature","geometry":{"type":"Point","coordinates":[34.661462,0.048355]},"properties":{"id":"35014258","n":"Womukaya Water Spring","t":"ps","c":"Vihiga"}},{"type":"Feature","geometry":{"type":"Point","coordinates":[34.661813,0.058003]},"properties":{"id":"16676563","n":"Wamalongo Water Spring No 971","t":"ps","c":"Vihiga"}},{"type":"Feature","geometry":{"type":"Point","coordinates":[34.655287,0.036443]},"properties":{"id":"12216194","n":"Elianzukhi Water Spring No 395","t":"ps","c":"Vihiga"}},{"type":"Feature","geometry":{"type":"Point","coordinates":[34.635588,0.011499]},"properties":{"id":"6776686","n":"Sogomi Water Spring No 636","t":"ps","c":"Vihiga"}},{"type":"Feature","geometry":{"type":"Point","coordinates":[34.640423,0.013945]},"properties":{"id":"35014083","n":"Elusi Water Spring","t":"ps","c":"Vihiga"}},{"type":"Feature","geometry":{"type":"Point","coordinates":[34.640697,0.019093]},"properties":{"id":"35014090","n":"Ongati Water Spring","t":"ps","c":"Vihiga"}},{"type":"Feature","geometry":{"type":"Point","coordinates":[34.653284,0.03511]},"properties":{"id":"13629465","n":"Elucheo Water Spring No 420","t":"ps","c":"Vihiga"}},{"type":"Feature","geometry":{"type":"Point","coordinates":[34.63371,0.012473]},"properties":{"id":"957267","n":"Sango Water Spring No 624","t":"ps","c":"Vihiga"}},{"type":"Feature","geometry":{"type":"Point","coordinates":[34.68551,0.038027]},"properties":{"id":"82139269","n":"Kitulu, Kiduve Spring - 19144","t":"ps","c":"Vihiga"}},{"type":"Feature","geometry":{"type":"Point","coordinates":[34.651693,0.024436]},"properties":{"id":"22358895","n":"Olenje  Water Spring","t":"ps","c":"Vihiga"}},{"type":"Feature","geometry":{"type":"Point","coordinates":[34.66438,0.03243]},"properties":{"id":"8514547","n":"Mahanga, Omollo Spring - 4720","t":"ps","c":"Vihiga"}},{"type":"Feature","geometry":{"type":"Point","coordinates":[34.719698,0.003169]},"properties":{"id":"523248877","n":"Logele PS 1","t":"ps","c":"Vihiga"}},{"type":"Feature","geometry":{"type":"Point","coordinates":[34.716386,0.009033]},"properties":{"id":"523240642","n":"Logele US 1","t":"us","c":"Vihiga"}},{"type":"Feature","geometry":{"type":"Point","coordinates":[34.717239,0.007578]},"properties":{"id":"552713670","n":"Friends Logere Primary School - 22251","t":"bh","c":"Vihiga","d":100.0}},{"type":"Feature","geometry":{"type":"Point","coordinates":[34.684249,0.015922]},"properties":{"id":"15007528","n":"Chandolo, Joseph Ingara Spring - 18093","t":"ps","c":"Vihiga"}},{"type":"Feature","geometry":{"type":"Point","coordinates":[35.088278,1.499969]},"properties":{"id":"195014411","n":"Lodomechu borehole","t":"bh","c":"West Pokot"}},{"type":"Feature","geometry":{"type":"Point","coordinates":[35.105891,1.542096]},"properties":{"id":"196189024","n":"Kamur","t":"bh","c":"West Pokot"}},{"type":"Feature","geometry":{"type":"Point","coordinates":[35.176308,1.627665]},"properties":{"id":"196186203","n":"Tunoyo","t":"bh","c":"West Pokot"}},{"type":"Feature","geometry":{"type":"Point","coordinates":[35.120318,1.5024]},"properties":{"id":"195014404","n":"Kalemunyang Primary School Borehole","t":"pdw","c":"West Pokot"}},{"type":"Feature","geometry":{"type":"Point","coordinates":[35.094092,1.517854]},"properties":{"id":"195014435","n":"Kariwo borehole","t":"bh","c":"West Pokot"}},{"type":"Feature","geometry":{"type":"Point","coordinates":[35.105773,1.542218]},"properties":{"id":"196189048","n":"Chemuma","t":"bh","c":"West Pokot"}},{"type":"Feature","geometry":{"type":"Point","coordinates":[35.08745,1.501211]},"properties":{"id":"195014428","n":"Chesakam sub surface dam","t":"bh","c":"West Pokot"}},{"type":"Feature","geometry":{"type":"Point","coordinates":[35.106861,1.581431]},"properties":{"id":"196189086","n":"Chemakeu","t":"bh","c":"West Pokot"}},{"type":"Feature","geometry":{"type":"Point","coordinates":[35.10579,1.542267]},"properties":{"id":"196189062","n":"Chemuma","t":"bh","c":"West Pokot"}},{"type":"Feature","geometry":{"type":"Point","coordinates":[35.101961,2.641934]},"properties":{"id":"97981028","n":"Ng'amoruakwak","t":"bh","c":"West Pokot"}},{"type":"Feature","geometry":{"type":"Point","coordinates":[35.101998,2.641892]},"properties":{"id":"488812748","n":"","t":"bh","c":"West Pokot"}},{"type":"Feature","geometry":{"type":"Point","coordinates":[35.066071,2.617786]},"properties":{"id":"274237591","n":"Lokiriemet","t":"bh","c":"West Pokot"}},{"type":"Feature","geometry":{"type":"Point","coordinates":[35.065983,2.617827]},"properties":{"id":"803454699","n":"Kokiriamet solar","t":"bh","c":"West Pokot"}},{"type":"Feature","geometry":{"type":"Point","coordinates":[35.101977,2.641947]},"properties":{"id":"488812731","n":"Namoruakwak","t":"bh","c":"West Pokot"}},{"type":"Feature","geometry":{"type":"Point","coordinates":[35.12241,2.606913]},"properties":{"id":"177682218","n":"Marakalo","t":"bh","c":"West Pokot"}},{"type":"Feature","geometry":{"type":"Point","coordinates":[34.953393,2.412497]},"properties":{"id":"196186258","n":"Nauyapong","t":"bh","c":"West Pokot"}},{"type":"Feature","geometry":{"type":"Point","coordinates":[35.002163,1.81822]},"properties":{"id":"189749398","n":"Akoule Borehole","t":"bh","c":"West Pokot"}},{"type":"Feature","geometry":{"type":"Point","coordinates":[35.018189,1.884953]},"properties":{"id":"252983614","n":"Motui bh","t":"bh","c":"West Pokot"}},{"type":"Feature","geometry":{"type":"Point","coordinates":[35.003742,1.902701]},"properties":{"id":"189749707","n":"Chepongos Borehole","t":"bh","c":"West Pokot"}},{"type":"Feature","geometry":{"type":"Point","coordinates":[35.014412,1.861077]},"properties":{"id":"189749439","n":"Lobore Borehole","t":"bh","c":"West Pokot"}},{"type":"Feature","geometry":{"type":"Point","coordinates":[35.015111,1.84688]},"properties":{"id":"189749415","n":"Alakas Boarder Borehole","t":"bh","c":"West Pokot"}},{"type":"Feature","geometry":{"type":"Point","coordinates":[35.019516,1.916022]},"properties":{"id":"189749680","n":"Kariwo Borehole","t":"bh","c":"West Pokot"}},{"type":"Feature","geometry":{"type":"Point","coordinates":[35.29533,2.362887]},"properties":{"id":"4678092","n":"Kotaruk","t":"bh","c":"West Pokot"}},{"type":"Feature","geometry":{"type":"Point","coordinates":[34.836555,1.437895]},"properties":{"id":"199401651","n":"Kokwochaya Border Point","t":"bh","c":"West Pokot"}},{"type":"Feature","geometry":{"type":"Point","coordinates":[35.365625,1.927488]},"properties":{"id":"274237553","n":"Lorogon Oxfam/TCG Solar pump","t":"bh","c":"West Pokot"}},{"type":"Feature","geometry":{"type":"Point","coordinates":[35.365293,1.928791]},"properties":{"id":"274237405","n":"Lorogon","t":"bh","c":"West Pokot"}},{"type":"Feature","geometry":{"type":"Point","coordinates":[35.173514,1.674982]},"properties":{"id":"196189110","n":"Rukey","t":"bh","c":"West Pokot"}},{"type":"Feature","geometry":{"type":"Point","coordinates":[35.109657,1.239397]},"properties":{"id":"196199650","n":"Lutheran","t":"bh","c":"West Pokot"}},{"type":"Feature","geometry":{"type":"Point","coordinates":[35.109622,1.239632]},"properties":{"id":"196185972","n":"Lutheran","t":"bh","c":"West Pokot"}},{"type":"Feature","geometry":{"type":"Point","coordinates":[35.109612,1.239402]},"properties":{"id":"193337130","n":"Kapee","t":"bh","c":"West Pokot"}},{"type":"Feature","geometry":{"type":"Point","coordinates":[35.109743,1.239397]},"properties":{"id":"193374908","n":"Lutheran","t":"bh","c":"West Pokot"}},{"type":"Feature","geometry":{"type":"Point","coordinates":[35.109592,1.239354]},"properties":{"id":"196189653","n":"Lutheran","t":"bh","c":"West Pokot"}},{"type":"Feature","geometry":{"type":"Point","coordinates":[35.109592,1.239449]},"properties":{"id":"196194655","n":"Lutheran","t":"bh","c":"West Pokot"}},{"type":"Feature","geometry":{"type":"Point","coordinates":[35.109685,1.23947]},"properties":{"id":"196188652","n":"Lurtharen","t":"bh","c":"West Pokot"}},{"type":"Feature","geometry":{"type":"Point","coordinates":[35.109662,1.239434]},"properties":{"id":"196202158","n":"Lutheran","t":"bh","c":"West Pokot"}},{"type":"Feature","geometry":{"type":"Point","coordinates":[35.128974,1.407109]},"properties":{"id":"195014246","n":"Emboasis Secondary School","t":"bh","c":"West Pokot"}},{"type":"Feature","geometry":{"type":"Point","coordinates":[35.109803,1.239245]},"properties":{"id":"196223775","n":"Lutheran","t":"bh","c":"West Pokot"}},{"type":"Feature","geometry":{"type":"Point","coordinates":[35.110284,1.240368]},"properties":{"id":"196190156","n":"Lutheran","t":"bh","c":"West Pokot"}},{"type":"Feature","geometry":{"type":"Point","coordinates":[35.112888,1.249797]},"properties":{"id":"196185989","n":"WRA","t":"bh","c":"West Pokot"}},{"type":"Feature","geometry":{"type":"Point","coordinates":[35.109254,1.239746]},"properties":{"id":"196223782","n":"Lutheran","t":"bh","c":"West Pokot"}},{"type":"Feature","geometry":{"type":"Point","coordinates":[35.109694,1.23943]},"properties":{"id":"193337099","n":"ACF kape","t":"bh","c":"West Pokot"}},{"type":"Feature","geometry":{"type":"Point","coordinates":[35.008994,1.469364]},"properties":{"id":"195014363","n":"Riwo sec Borehole","t":"bh","c":"West Pokot"}},{"type":"Feature","geometry":{"type":"Point","coordinates":[35.006875,1.477152]},"properties":{"id":"196186148","n":"Skim kongelai","t":"bh","c":"West Pokot"}},{"type":"Feature","geometry":{"type":"Point","coordinates":[35.018707,1.376735]},"properties":{"id":"196188937","n":"Kitalakapel centre A","t":"bh","c":"West Pokot"}},{"type":"Feature","geometry":{"type":"Point","coordinates":[34.965595,1.44559]},"properties":{"id":"196186100","n":"Lodupup primary school","t":"bh","c":"West Pokot"}},{"type":"Feature","geometry":{"type":"Point","coordinates":[35.00499,1.457552]},"properties":{"id":"195014356","n":"Chemuluncho borehole","t":"bh","c":"West Pokot"}},{"type":"Feature","geometry":{"type":"Point","coordinates":[35.032205,1.451203]},"properties":{"id":"195014349","n":"Naktopar Duba","t":"bh","c":"West Pokot"}},{"type":"Feature","geometry":{"type":"Point","coordinates":[34.962671,1.330999]},"properties":{"id":"193375318","n":"Lakatet","t":"bh","c":"West Pokot"}},{"type":"Feature","geometry":{"type":"Point","coordinates":[35.052908,1.467548]},"properties":{"id":"196186186","n":"Simatwa primary school","t":"bh","c":"West Pokot"}},{"type":"Feature","geometry":{"type":"Point","coordinates":[34.934383,1.392895]},"properties":{"id":"196186313","n":"Katukumwok primary school","t":"bh","c":"West Pokot"}},{"type":"Feature","geometry":{"type":"Point","coordinates":[35.000467,1.33167]},"properties":{"id":"196186014","n":"Serewo dispensary","t":"bh","c":"West Pokot"}},{"type":"Feature","geometry":{"type":"Point","coordinates":[34.99947,1.384258]},"properties":{"id":"196186083","n":"Kitalakapel primary school duba","t":"bh","c":"West Pokot"}},{"type":"Feature","geometry":{"type":"Point","coordinates":[35.059962,1.479962]},"properties":{"id":"196186162","n":"Akiriamet","t":"bh","c":"West Pokot"}},{"type":"Feature","geometry":{"type":"Point","coordinates":[34.954752,1.36767]},"properties":{"id":"196186052","n":"Lobongotum","t":"bh","c":"West Pokot"}},{"type":"Feature","geometry":{"type":"Point","coordinates":[34.967978,1.43636]},"properties":{"id":"196188975","n":"Songwot","t":"bh","c":"West Pokot"}},{"type":"Feature","geometry":{"type":"Point","coordinates":[34.93437,1.392907]},"properties":{"id":"196186227","n":"Katukumwok","t":"bh","c":"West Pokot"}},{"type":"Feature","geometry":{"type":"Point","coordinates":[34.990528,1.43695]},"properties":{"id":"196186124","n":"Lokwuyi","t":"bh","c":"West Pokot"}},{"type":"Feature","geometry":{"type":"Point","coordinates":[34.996131,1.332735]},"properties":{"id":"193375277","n":"Serewo Primary school","t":"pdw","c":"West Pokot"}},{"type":"Feature","geometry":{"type":"Point","coordinates":[34.980486,1.404866]},"properties":{"id":"196188951","n":"Lokitedel","t":"bh","c":"West Pokot"}},{"type":"Feature","geometry":{"type":"Point","coordinates":[35.018767,1.376713]},"properties":{"id":"196188913","n":"Kitalakapel centre A","t":"bh","c":"West Pokot"}},{"type":"Feature","geometry":{"type":"Point","coordinates":[34.962449,1.356868]},"properties":{"id":"193375332","n":"Chesawach","t":"bh","c":"West Pokot"}},{"type":"Feature","geometry":{"type":"Point","coordinates":[34.996123,1.332693]},"properties":{"id":"196186038","n":"Serewo primary","t":"pdw","c":"West Pokot"}},{"type":"Feature","geometry":{"type":"Point","coordinates":[34.93435,1.392917]},"properties":{"id":"196186076","n":"Katukumwok","t":"bh","c":"West Pokot"}},{"type":"Feature","geometry":{"type":"Point","coordinates":[34.955682,1.414813]},"properties":{"id":"196186289","n":"Ausikiyon","t":"bh","c":"West Pokot"}},{"type":"Feature","geometry":{"type":"Point","coordinates":[35.019492,1.444224]},"properties":{"id":"195014332","n":"Naktopar borehole","t":"bh","c":"West Pokot"}},{"type":"Feature","geometry":{"type":"Point","coordinates":[35.008891,1.476695]},"properties":{"id":"195014370","n":"Scheme A","t":"bh","c":"West Pokot"}},{"type":"Feature","geometry":{"type":"Point","coordinates":[35.022504,1.403259]},"properties":{"id":"195014325","n":"Shrek borehole","t":"bh","c":"West Pokot"}},{"type":"Feature","geometry":{"type":"Point","coordinates":[35.011324,1.477172]},"properties":{"id":"195014394","n":"Kambi chafu","t":"bh","c":"West Pokot"}},{"type":"Feature","geometry":{"type":"Point","coordinates":[34.993462,1.455232]},"properties":{"id":"196189000","n":"Habari njema","t":"bh","c":"West Pokot"}},{"type":"Feature","geometry":{"type":"Point","coordinates":[35.007125,1.477141]},"properties":{"id":"195014387","n":"Scheme B","t":"bh","c":"West Pokot"}},{"type":"Feature","geometry":{"type":"Point","coordinates":[35.017887,1.337523]},"properties":{"id":"196185996","n":"Katughwal","t":"bh","c":"West Pokot"}},{"type":"Feature","geometry":{"type":"Point","coordinates":[35.290906,1.348584]},"properties":{"id":"195014150","n":"Psirwo primary","t":"pdw","c":"West Pokot"}},{"type":"Feature","geometry":{"type":"Point","coordinates":[35.270287,1.368527]},"properties":{"id":"195014181","n":"Seretwo","t":"bh","c":"West Pokot"}},{"type":"Feature","geometry":{"type":"Point","coordinates":[35.27238,1.388722]},"properties":{"id":"193375253","n":"Murpus","t":"bh","c":"West Pokot"}},{"type":"Feature","geometry":{"type":"Point","coordinates":[35.270257,1.368527]},"properties":{"id":"195014174","n":"Seretwo","t":"bh","c":"West Pokot"}},{"type":"Feature","geometry":{"type":"Point","coordinates":[35.194068,1.332628]},"properties":{"id":"196190204","n":"Pkokoch","t":"pdw","c":"West Pokot"}},{"type":"Feature","geometry":{"type":"Point","coordinates":[35.260074,1.442569]},"properties":{"id":"193375215","n":"Pusian Primary school","t":"bh","c":"West Pokot"}},{"type":"Feature","geometry":{"type":"Point","coordinates":[35.218154,1.390119]},"properties":{"id":"193375129","n":"Pserum shallow well","t":"pdw","c":"West Pokot"}},{"type":"Feature","geometry":{"type":"Point","coordinates":[35.250452,1.442681]},"properties":{"id":"193375239","n":"Aron village","t":"bh","c":"West Pokot"}},{"type":"Feature","geometry":{"type":"Point","coordinates":[35.170689,1.36776]},"properties":{"id":"193375057","n":"Priokwa","t":"bh","c":"West Pokot"}},{"type":"Feature","geometry":{"type":"Point","coordinates":[35.270879,1.450696]},"properties":{"id":"193375174","n":"Pusian","t":"bh","c":"West Pokot"}},{"type":"Feature","geometry":{"type":"Point","coordinates":[35.215734,1.392659]},"properties":{"id":"193375112","n":"Pserum","t":"bh","c":"West Pokot"}},{"type":"Feature","geometry":{"type":"Point","coordinates":[35.228091,1.460609]},"properties":{"id":"193337240","n":"Chepokopegh Centre","t":"bh","c":"West Pokot"}},{"type":"Feature","geometry":{"type":"Point","coordinates":[35.260063,1.442568]},"properties":{"id":"193375198","n":"Pusian Primary School","t":"bh","c":"West Pokot"}},{"type":"Feature","geometry":{"type":"Point","coordinates":[35.239839,1.384309]},"properties":{"id":"193375150","n":"Kakalas primary school","t":"bh","c":"West Pokot"}},{"type":"Feature","geometry":{"type":"Point","coordinates":[35.232056,1.36931]},"properties":{"id":"193375143","n":"Plelakan Primary School","t":"bh","c":"West Pokot"}},{"type":"Feature","geometry":{"type":"Point","coordinates":[35.290299,1.318021]},"properties":{"id":"193337226","n":"Lopelekwa","t":"pdw","c":"West Pokot"}},{"type":"Feature","geometry":{"type":"Point","coordinates":[35.167146,1.47067]},"properties":{"id":"193375088","n":"Tomoi","t":"bh","c":"West Pokot"}},{"type":"Feature","geometry":{"type":"Point","coordinates":[35.272056,1.333162]},"properties":{"id":"195014136","n":"Anwan","t":"pdw","c":"West Pokot"}},{"type":"Feature","geometry":{"type":"Point","coordinates":[35.23488,1.45102]},"properties":{"id":"195014253","n":"Chepkopay Borehole","t":"bh","c":"West Pokot"}},{"type":"Feature","geometry":{"type":"Point","coordinates":[35.187222,1.391431]},"properties":{"id":"193375095","n":"Kasimatia","t":"pdw","c":"West Pokot"}},{"type":"Feature","geometry":{"type":"Point","coordinates":[35.205524,1.306785]},"properties":{"id":"193375040","n":"Chepareria centre","t":"pdw","c":"West Pokot"}},{"type":"Feature","geometry":{"type":"Point","coordinates":[35.228055,1.460682]},"properties":{"id":"195014260","n":"Chepkopegh center","t":"bh","c":"West Pokot"}},{"type":"Feature","geometry":{"type":"Point","coordinates":[35.165186,1.45439]},"properties":{"id":"193375071","n":"Lokatetu","t":"bh","c":"West Pokot"}},{"type":"Feature","geometry":{"type":"Point","coordinates":[35.291038,1.318484]},"properties":{"id":"193337233","n":"Lopelekwa","t":"pdw","c":"West Pokot"}},{"type":"Feature","geometry":{"type":"Point","coordinates":[35.232046,1.369315]},"properties":{"id":"193375136","n":"Plelakan primary","t":"bh","c":"West Pokot"}},{"type":"Feature","geometry":{"type":"Point","coordinates":[35.208861,1.33439]},"properties":{"id":"195014215","n":"Tapoyo Primary school","t":"bh","c":"West Pokot"}},{"type":"Feature","geometry":{"type":"Point","coordinates":[35.254707,1.336807]},"properties":{"id":"195014143","n":"Chepkorniswo Primary","t":"bh","c":"West Pokot"}},{"type":"Feature","geometry":{"type":"Point","coordinates":[35.228034,1.460663]},"properties":{"id":"195014277","n":"Chepkopegh Centre","t":"bh","c":"West Pokot"}},{"type":"Feature","geometry":{"type":"Point","coordinates":[35.170678,1.367771]},"properties":{"id":"193375064","n":"Priokwo","t":"bh","c":"West Pokot"}},{"type":"Feature","geometry":{"type":"Point","coordinates":[35.250075,1.337991]},"properties":{"id":"195014198","n":"Chepkorniswo Boys High School","t":"bh","c":"West Pokot"}},{"type":"Feature","geometry":{"type":"Point","coordinates":[35.127697,1.44646]},"properties":{"id":"195014239","n":"Chesra","t":"bh","c":"West Pokot"}},{"type":"Feature","geometry":{"type":"Point","coordinates":[35.208906,1.334353]},"properties":{"id":"195014222","n":"Tapoyo Primary School","t":"bh","c":"West Pokot"}},{"type":"Feature","geometry":{"type":"Point","coordinates":[35.679288,1.393832]},"properties":{"id":"196188676","n":"Chelanget","t":"bh","c":"West Pokot"}},{"type":"Feature","geometry":{"type":"Point","coordinates":[35.567196,1.47979]},"properties":{"id":"196188700","n":"Kamanau","t":"bh","c":"West Pokot"}},{"type":"Feature","geometry":{"type":"Point","coordinates":[35.624633,1.341241]},"properties":{"id":"196190163","n":"Kokwomeses Primary school","t":"bh","c":"West Pokot"}},{"type":"Feature","geometry":{"type":"Point","coordinates":[35.592808,1.488497]},"properties":{"id":"196188724","n":"Surumpen","t":"bh","c":"West Pokot"}},{"type":"Feature","geometry":{"type":"Point","coordinates":[35.623998,1.31179]},"properties":{"id":"193374953","n":"Arpollo Dispensary","t":"bh","c":"West Pokot"}},{"type":"Feature","geometry":{"type":"Point","coordinates":[35.60086,1.484278]},"properties":{"id":"196188717","n":"Surumpen community","t":"bh","c":"West Pokot"}},{"type":"Feature","geometry":{"type":"Point","coordinates":[35.586497,1.401757]},"properties":{"id":"196190170","n":"Parsonga Primary School","t":"bh","c":"West Pokot"}},{"type":"Feature","geometry":{"type":"Point","coordinates":[35.629787,1.321082]},"properties":{"id":"196189660","n":"St. Mary Cheptulel Girls","t":"pdw","c":"West Pokot"}},{"type":"Feature","geometry":{"type":"Point","coordinates":[35.679318,1.39386]},"properties":{"id":"196188683","n":"Chelanget","t":"bh","c":"West Pokot"}},{"type":"Feature","geometry":{"type":"Point","coordinates":[35.614967,1.368794]},"properties":{"id":"196189677","n":"Tulung'wo A","t":"bh","c":"West Pokot"}},{"type":"Feature","geometry":{"type":"Point","coordinates":[35.672063,1.366857]},"properties":{"id":"196188690","n":"Rorok","t":"bh","c":"West Pokot"}},{"type":"Feature","geometry":{"type":"Point","coordinates":[35.5533,1.554301]},"properties":{"id":"196190187","n":"Lokarkar Primary","t":"bh","c":"West Pokot"}},{"type":"Feature","geometry":{"type":"Point","coordinates":[35.674884,1.481919]},"properties":{"id":"196188762","n":"Nyangaita primary","t":"bh","c":"West Pokot"}},{"type":"Feature","geometry":{"type":"Point","coordinates":[35.700463,1.4222]},"properties":{"id":"574253435","n":"Cherkil Water","t":"bh","c":"West Pokot"}},{"type":"Feature","geometry":{"type":"Point","coordinates":[35.595088,1.513738]},"properties":{"id":"196188748","n":"Ghatoy","t":"bh","c":"West Pokot"}},{"type":"Feature","geometry":{"type":"Point","coordinates":[35.753182,1.608178]},"properties":{"id":"196188827","n":"Amoler","t":"bh","c":"West Pokot"}},{"type":"Feature","geometry":{"type":"Point","coordinates":[35.550843,1.60721]},"properties":{"id":"196189684","n":"Kakorosion center","t":"pdw","c":"West Pokot"}},{"type":"Feature","geometry":{"type":"Point","coordinates":[35.63866,1.518148]},"properties":{"id":"196188755","n":"Chepurukut","t":"bh","c":"West Pokot"}},{"type":"Feature","geometry":{"type":"Point","coordinates":[35.700421,1.422094]},"properties":{"id":"505424282","n":"Chirkil Hand pump Water Point","t":"bh","c":"West Pokot","d":177.0}},{"type":"Feature","geometry":{"type":"Point","coordinates":[35.708271,1.536683]},"properties":{"id":"196188803","n":"Kalas","t":"bh","c":"West Pokot"}},{"type":"Feature","geometry":{"type":"Point","coordinates":[35.612724,1.647027]},"properties":{"id":"193375002","n":"Lokishakona","t":"bh","c":"West Pokot"}},{"type":"Feature","geometry":{"type":"Point","coordinates":[35.67463,1.484841]},"properties":{"id":"196188793","n":"Nyangaita centre","t":"bh","c":"West Pokot"}},{"type":"Feature","geometry":{"type":"Point","coordinates":[35.70825,1.536715]},"properties":{"id":"196188810","n":"Kalas","t":"bh","c":"West Pokot"}},{"type":"Feature","geometry":{"type":"Point","coordinates":[35.696203,1.706435]},"properties":{"id":"196188834","n":"Katauna","t":"bh","c":"West Pokot"}},{"type":"Feature","geometry":{"type":"Point","coordinates":[35.700459,1.422111]},"properties":{"id":"196188669","n":"Chirkil borehole","t":"bh","c":"West Pokot"}},{"type":"Feature","geometry":{"type":"Point","coordinates":[35.614022,1.498219]},"properties":{"id":"196188731","n":"Surempen","t":"bh","c":"West Pokot"}},{"type":"Feature","geometry":{"type":"Point","coordinates":[35.555477,1.544655]},"properties":{"id":"574253363","n":"Samakitu Borehole","t":"bh","c":"West Pokot"}},{"type":"Feature","geometry":{"type":"Point","coordinates":[35.44356,1.789536]},"properties":{"id":"196189732","n":"Sarmach","t":"pdw","c":"West Pokot"}},{"type":"Feature","geometry":{"type":"Point","coordinates":[35.483584,1.655658]},"properties":{"id":"574253318","n":"Orwa Borehole","t":"bh","c":"West Pokot"}}]}