{"type":"FeatureCollection","features":[{"type":"Feature","geometry":{"type":"Point","coordinates":[34.790358,0.43697]},"properties":{"id":"523257952","n":"Muchanja PD 7","t":"pdw","c":"Kakamega"}},{"type":"Feature","geometry":{"type":"Point","coordinates":[34.81099,0.465714]},"properties":{"id":"523262590","n":"Shipala East US 14","t":"us","c":"Kakamega"}},{"type":"Feature","geometry":{"type":"Point","coordinates":[34.75973,0.479625]},"properties":{"id":"523316231","n":"Sheywe B US 1","t":"us","c":"Kakamega"}},{"type":"Feature","geometry":{"type":"Point","coordinates":[34.772185,0.462877]},"properties":{"id":"523259514","n":"Samitsi PD 4","t":"pdw","c":"Kakamega"}},{"type":"Feature","geometry":{"type":"Point","coordinates":[34.750182,0.486612]},"properties":{"id":"523251640","n":"Mavusi B PD 1","t":"pdw","c":"Kakamega"}},{"type":"Feature","geometry":{"type":"Point","coordinates":[34.762717,0.470493]},"properties":{"id":"523228866","n":"Sheywe B PD 17","t":"pdw","c":"Kakamega"}},{"type":"Feature","geometry":{"type":"Point","coordinates":[34.835447,0.461555]},"properties":{"id":"523346971","n":"Makwabuye PD 3","t":"pdw","c":"Kakamega"}},{"type":"Feature","geometry":{"type":"Point","coordinates":[34.836767,0.461058]},"properties":{"id":"523306722","n":"Makhwabuye PD 22","t":"pdw","c":"Kakamega"}},{"type":"Feature","geometry":{"type":"Point","coordinates":[34.831823,0.432117]},"properties":{"id":"523236610","n":"Lutali A PD 18","t":"pdw","c":"Kakamega"}},{"type":"Feature","geometry":{"type":"Point","coordinates":[34.84452,0.437643]},"properties":{"id":"523269573","n":"Lusumu B PD 7","t":"pdw","c":"Kakamega"}},{"type":"Feature","geometry":{"type":"Point","coordinates":[34.792003,0.471678]},"properties":{"id":"523263584","n":"Shirugu North PD 11","t":"pdw","c":"Kakamega"}},{"type":"Feature","geometry":{"type":"Point","coordinates":[34.762302,0.464787]},"properties":{"id":"523338419","n":"Samitsi PD 18","t":"pdw","c":"Kakamega"}},{"type":"Feature","geometry":{"type":"Point","coordinates":[34.787603,0.442343]},"properties":{"id":"523240800","n":"Muchanja PD 4","t":"pdw","c":"Kakamega"}},{"type":"Feature","geometry":{"type":"Point","coordinates":[34.76382,0.500137]},"properties":{"id":"523274104","n":"SHIVAGALA B PS 2","t":"ps","c":"Kakamega"}},{"type":"Feature","geometry":{"type":"Point","coordinates":[34.76921,0.492122]},"properties":{"id":"4507453","n":"Mavusi Primary School - 4531","t":"pdw","c":"Kakamega"}},{"type":"Feature","geometry":{"type":"Point","coordinates":[34.816268,0.457283]},"properties":{"id":"523281878","n":"Malekha East PD 6","t":"pdw","c":"Kakamega"}},{"type":"Feature","geometry":{"type":"Point","coordinates":[34.766438,0.46401]},"properties":{"id":"523321848","n":"Samitsi PD 13","t":"pdw","c":"Kakamega"}},{"type":"Feature","geometry":{"type":"Point","coordinates":[34.796247,0.437472]},"properties":{"id":"523249902","n":"Muchanja PD 15","t":"pdw","c":"Kakamega"}},{"type":"Feature","geometry":{"type":"Point","coordinates":[34.832475,0.445878]},"properties":{"id":"523294421","n":"Malava A PD 33","t":"pdw","c":"Kakamega"}},{"type":"Feature","geometry":{"type":"Point","coordinates":[34.77266,0.452483]},"properties":{"id":"523305264","n":"Kalenda South PD 3","t":"pdw","c":"Kakamega"}},{"type":"Feature","geometry":{"type":"Point","coordinates":[34.784918,0.450215]},"properties":{"id":"523288040","n":"Muchanja PD 20","t":"pdw","c":"Kakamega"}},{"type":"Feature","geometry":{"type":"Point","coordinates":[34.814872,0.467152]},"properties":{"id":"523336039","n":"Shipala East PD 11","t":"pdw","c":"Kakamega"}},{"type":"Feature","geometry":{"type":"Point","coordinates":[34.763105,0.47238]},"properties":{"id":"523219482","n":"Sheywe B PD 15","t":"pdw","c":"Kakamega"}},{"type":"Feature","geometry":{"type":"Point","coordinates":[34.754132,0.461595]},"properties":{"id":"523341419","n":"Chombeli North PD 17","t":"pdw","c":"Kakamega"}},{"type":"Feature","geometry":{"type":"Point","coordinates":[34.78688,0.475588]},"properties":{"id":"523250508","n":"Luyeshe/lwichi PD 3","t":"pdw","c":"Kakamega"}},{"type":"Feature","geometry":{"type":"Point","coordinates":[34.777685,0.448258]},"properties":{"id":"523282219","n":"Kalenda South PS 10","t":"ps","c":"Kakamega"}},{"type":"Feature","geometry":{"type":"Point","coordinates":[34.779678,0.457308]},"properties":{"id":"523251781","n":"Kalenda North PD 15","t":"pdw","c":"Kakamega"}},{"type":"Feature","geometry":{"type":"Point","coordinates":[34.837172,0.451878]},"properties":{"id":"523354615","n":"Emukaniro PD 25","t":"pdw","c":"Kakamega"}},{"type":"Feature","geometry":{"type":"Point","coordinates":[34.773382,0.478128]},"properties":{"id":"523271747","n":"Fugifuvili PD 1","t":"pdw","c":"Kakamega"}},{"type":"Feature","geometry":{"type":"Point","coordinates":[34.76352,0.483355]},"properties":{"id":"523234302","n":"Mavusi C US 31","t":"us","c":"Kakamega"}},{"type":"Feature","geometry":{"type":"Point","coordinates":[34.77267,0.463557]},"properties":{"id":"523252768","n":"Sheywe B PD 36","t":"pdw","c":"Kakamega"}},{"type":"Feature","geometry":{"type":"Point","coordinates":[34.845772,0.429803]},"properties":{"id":"523247553","n":"Shivikhwa B US 8","t":"us","c":"Kakamega"}},{"type":"Feature","geometry":{"type":"Point","coordinates":[34.825157,0.443147]},"properties":{"id":"523331089","n":"Malava B PD 1","t":"pdw","c":"Kakamega"}},{"type":"Feature","geometry":{"type":"Point","coordinates":[34.835762,0.459135]},"properties":{"id":"523328955","n":"Makhwabuye PD 27","t":"pdw","c":"Kakamega"}},{"type":"Feature","geometry":{"type":"Point","coordinates":[34.786012,0.485095]},"properties":{"id":"523349905","n":"Luyeshe lwichi US 14","t":"us","c":"Kakamega"}},{"type":"Feature","geometry":{"type":"Point","coordinates":[34.767923,0.463058]},"properties":{"id":"523207885","n":"Samitsi PD 8","t":"pdw","c":"Kakamega"}},{"type":"Feature","geometry":{"type":"Point","coordinates":[34.781463,0.492783]},"properties":{"id":"523274520","n":"Luyeshe North PS 5","t":"ps","c":"Kakamega"}},{"type":"Feature","geometry":{"type":"Point","coordinates":[34.791572,0.460197]},"properties":{"id":"523257725","n":"Shirugu south PD 1","t":"pdw","c":"Kakamega"}},{"type":"Feature","geometry":{"type":"Point","coordinates":[34.831475,0.458827]},"properties":{"id":"523272322","n":"Lukala PD 5","t":"pdw","c":"Kakamega"}},{"type":"Feature","geometry":{"type":"Point","coordinates":[34.80292,0.461405]},"properties":{"id":"523346586","n":"Malekha central PD 7","t":"udw","c":"Kakamega"}},{"type":"Feature","geometry":{"type":"Point","coordinates":[34.834017,0.461665]},"properties":{"id":"523295257","n":"Makwabuye PD 5","t":"pdw","c":"Kakamega"}},{"type":"Feature","geometry":{"type":"Point","coordinates":[34.768533,0.488712]},"properties":{"id":"523285274","n":"Mavusi C PS 23","t":"ps","c":"Kakamega"}},{"type":"Feature","geometry":{"type":"Point","coordinates":[34.832672,0.450545]},"properties":{"id":"523344821","n":"Upper lukala PD 2","t":"pdw","c":"Kakamega"}},{"type":"Feature","geometry":{"type":"Point","coordinates":[34.76821,0.471247]},"properties":{"id":"493192680","n":"Futsi Fuvili Community, Isaiah Mwinami Spring - 23110","t":"ps","c":"Kakamega"}},{"type":"Feature","geometry":{"type":"Point","coordinates":[34.823783,0.440055]},"properties":{"id":"523274764","n":"Musungu A US 1","t":"us","c":"Kakamega"}},{"type":"Feature","geometry":{"type":"Point","coordinates":[34.807797,0.434392]},"properties":{"id":"523271912","n":"Sundulo A BH 20","t":"bh","c":"Kakamega"}},{"type":"Feature","geometry":{"type":"Point","coordinates":[34.786006,0.487317]},"properties":{"id":"272020070","n":"Luyeshe North Community, Reuben Endeche Spring - 21062","t":"ps","c":"Kakamega"}},{"type":"Feature","geometry":{"type":"Point","coordinates":[34.79704,0.461267]},"properties":{"id":"523248286","n":"Malekha West BH 2","t":"bh","c":"Kakamega"}},{"type":"Feature","geometry":{"type":"Point","coordinates":[34.79422,0.439583]},"properties":{"id":"523195436","n":"Muchanja Us 19","t":"us","c":"Kakamega"}},{"type":"Feature","geometry":{"type":"Point","coordinates":[34.766003,0.482473]},"properties":{"id":"523290953","n":"Sheywe A PD 3","t":"pdw","c":"Kakamega"}},{"type":"Feature","geometry":{"type":"Point","coordinates":[34.81877,0.45441]},"properties":{"id":"523315955","n":"Malekha East US 5","t":"us","c":"Kakamega"}},{"type":"Feature","geometry":{"type":"Point","coordinates":[34.769033,0.47721]},"properties":{"id":"523248949","n":"Sheywe A PD 12","t":"pdw","c":"Kakamega"}},{"type":"Feature","geometry":{"type":"Point","coordinates":[34.787407,0.489878]},"properties":{"id":"523212588","n":"Luyeshe North US 1","t":"us","c":"Kakamega"}},{"type":"Feature","geometry":{"type":"Point","coordinates":[34.8089,0.43093]},"properties":{"id":"523260251","n":"Sundulo A PS 4","t":"ps","c":"Kakamega"}},{"type":"Feature","geometry":{"type":"Point","coordinates":[34.81178,0.447898]},"properties":{"id":"523243504","n":"Imbinga PS 12","t":"ps","c":"Kakamega"}},{"type":"Feature","geometry":{"type":"Point","coordinates":[34.762206,0.462188]},"properties":{"id":"3487132","n":"UCC 2019 - Samitsi Girls' Secondary School Borehole","t":"bh","c":"Kakamega"}},{"type":"Feature","geometry":{"type":"Point","coordinates":[34.77402,0.495499]},"properties":{"id":"523203300","n":"LUGUSI PD 9","t":"pdw","c":"Kakamega"}},{"type":"Feature","geometry":{"type":"Point","coordinates":[34.780843,0.455102]},"properties":{"id":"523277231","n":"Shirugu South PD 12","t":"pdw","c":"Kakamega"}},{"type":"Feature","geometry":{"type":"Point","coordinates":[34.775138,0.459885]},"properties":{"id":"523207029","n":"Kalenda North PD 7","t":"pdw","c":"Kakamega"}},{"type":"Feature","geometry":{"type":"Point","coordinates":[34.795628,0.447698]},"properties":{"id":"523324755","n":"Malekha West PD 16","t":"pdw","c":"Kakamega"}},{"type":"Feature","geometry":{"type":"Point","coordinates":[34.787157,0.483208]},"properties":{"id":"523340975","n":"Luyeshe lwichi PS 15","t":"ps","c":"Kakamega"}},{"type":"Feature","geometry":{"type":"Point","coordinates":[34.781412,0.460725]},"properties":{"id":"523251956","n":"Shirugu South PD 7","t":"pdw","c":"Kakamega"}},{"type":"Feature","geometry":{"type":"Point","coordinates":[34.811502,0.43294]},"properties":{"id":"523249957","n":"Sundulo A US 25","t":"us","c":"Kakamega"}},{"type":"Feature","geometry":{"type":"Point","coordinates":[34.808768,0.432683]},"properties":{"id":"523195326","n":"Sundulo A PD 1","t":"pdw","c":"Kakamega"}},{"type":"Feature","geometry":{"type":"Point","coordinates":[34.820285,0.463767]},"properties":{"id":"523199650","n":"Shisumi PD 2","t":"pdw","c":"Kakamega"}},{"type":"Feature","geometry":{"type":"Point","coordinates":[34.836467,0.452137]},"properties":{"id":"523354598","n":"Emukaniro Bh 24","t":"bh","c":"Kakamega"}},{"type":"Feature","geometry":{"type":"Point","coordinates":[34.799646,0.454034]},"properties":{"id":"1027569","n":"Malekha Primary School - 4357","t":"bh","c":"Kakamega"}},{"type":"Feature","geometry":{"type":"Point","coordinates":[34.750225,0.485433]},"properties":{"id":"523264987","n":"KHOMAKO PD 6","t":"pdw","c":"Kakamega"}},{"type":"Feature","geometry":{"type":"Point","coordinates":[34.773772,0.476023]},"properties":{"id":"523238959","n":"Fugifuvili PD 6","t":"pdw","c":"Kakamega"}},{"type":"Feature","geometry":{"type":"Point","coordinates":[34.833427,0.447437]},"properties":{"id":"523262473","n":"Malava A PD 4","t":"pdw","c":"Kakamega"}},{"type":"Feature","geometry":{"type":"Point","coordinates":[34.787765,0.456107]},"properties":{"id":"523217002","n":"Shirugu North PD 16","t":"pdw","c":"Kakamega"}},{"type":"Feature","geometry":{"type":"Point","coordinates":[34.824917,0.44287]},"properties":{"id":"523195151","n":"Malava B PD 12","t":"pdw","c":"Kakamega"}},{"type":"Feature","geometry":{"type":"Point","coordinates":[34.757985,0.477968]},"properties":{"id":"523312110","n":"Sheywe B PD 2","t":"pdw","c":"Kakamega"}},{"type":"Feature","geometry":{"type":"Point","coordinates":[34.792663,0.460753]},"properties":{"id":"523304555","n":"Shirugu North PD 1","t":"pdw","c":"Kakamega"}},{"type":"Feature","geometry":{"type":"Point","coordinates":[34.760775,0.474037]},"properties":{"id":"523229348","n":"Sheywe B PD 8","t":"pdw","c":"Kakamega"}},{"type":"Feature","geometry":{"type":"Point","coordinates":[34.79767,0.451618]},"properties":{"id":"523332901","n":"Malekha West PD 15","t":"pdw","c":"Kakamega"}},{"type":"Feature","geometry":{"type":"Point","coordinates":[34.785452,0.467952]},"properties":{"id":"523300582","n":"Shirugu North PD 20","t":"pdw","c":"Kakamega"}},{"type":"Feature","geometry":{"type":"Point","coordinates":[34.822518,0.449738]},"properties":{"id":"523354914","n":"Malava B PD 4","t":"pdw","c":"Kakamega"}},{"type":"Feature","geometry":{"type":"Point","coordinates":[34.774522,0.471332]},"properties":{"id":"523328852","n":"Fugifuvili PD 9","t":"pdw","c":"Kakamega"}},{"type":"Feature","geometry":{"type":"Point","coordinates":[34.788725,0.491845]},"properties":{"id":"523258874","n":"Luyeshe PD 8","t":"pdw","c":"Kakamega"}},{"type":"Feature","geometry":{"type":"Point","coordinates":[34.835668,0.43066]},"properties":{"id":"523324913","n":"Lutali B PS 5","t":"ps","c":"Kakamega"}},{"type":"Feature","geometry":{"type":"Point","coordinates":[34.775352,0.456718]},"properties":{"id":"523306595","n":"Kalenda North PS 19","t":"ps","c":"Kakamega"}},{"type":"Feature","geometry":{"type":"Point","coordinates":[34.834953,0.46909]},"properties":{"id":"523212148","n":"Makhwabuye US 18","t":"us","c":"Kakamega"}},{"type":"Feature","geometry":{"type":"Point","coordinates":[34.767535,0.462992]},"properties":{"id":"523329798","n":"Samitsi PD 10","t":"pdw","c":"Kakamega"}},{"type":"Feature","geometry":{"type":"Point","coordinates":[34.772076,0.456302]},"properties":{"id":"84829643","n":"Kalenda A Community, Moro Spring - 21014","t":"ps","c":"Kakamega"}},{"type":"Feature","geometry":{"type":"Point","coordinates":[34.806135,0.449387]},"properties":{"id":"523270241","n":"Malekha central PD 16","t":"pdw","c":"Kakamega"}},{"type":"Feature","geometry":{"type":"Point","coordinates":[34.789172,0.496643]},"properties":{"id":"523259521","n":"CHEGULO B UD 4","t":"udw","c":"Kakamega"}},{"type":"Feature","geometry":{"type":"Point","coordinates":[34.774297,0.463827]},"properties":{"id":"523207988","n":"Sheywe B PD 33","t":"pdw","c":"Kakamega"}},{"type":"Feature","geometry":{"type":"Point","coordinates":[34.794675,0.439378]},"properties":{"id":"523269580","n":"Muchanja PD 18","t":"pdw","c":"Kakamega"}},{"type":"Feature","geometry":{"type":"Point","coordinates":[34.773148,0.463132]},"properties":{"id":"523326300","n":"Sheywe B PD 35","t":"pdw","c":"Kakamega"}},{"type":"Feature","geometry":{"type":"Point","coordinates":[34.807345,0.432032]},"properties":{"id":"523257653","n":"Sundulo A PD 7","t":"pdw","c":"Kakamega"}},{"type":"Feature","geometry":{"type":"Point","coordinates":[34.832447,0.453863]},"properties":{"id":"523281555","n":"Lukala US 13","t":"us","c":"Kakamega"}},{"type":"Feature","geometry":{"type":"Point","coordinates":[34.79758,0.467516]},"properties":{"id":"523265184","n":"SHIPALA PD 16","t":"pdw","c":"Kakamega"}},{"type":"Feature","geometry":{"type":"Point","coordinates":[34.834318,0.436908]},"properties":{"id":"523316121","n":"Lutali A PD 25","t":"pdw","c":"Kakamega"}},{"type":"Feature","geometry":{"type":"Point","coordinates":[34.8173,0.435965]},"properties":{"id":"523277365","n":"Shikoshe B US 4","t":"us","c":"Kakamega"}},{"type":"Feature","geometry":{"type":"Point","coordinates":[34.771067,0.463853]},"properties":{"id":"523268565","n":"Sheywe B PD 36","t":"pdw","c":"Kakamega"}},{"type":"Feature","geometry":{"type":"Point","coordinates":[34.811553,0.437413]},"properties":{"id":"523238416","n":"Mugai A PD 13","t":"pdw","c":"Kakamega"}},{"type":"Feature","geometry":{"type":"Point","coordinates":[34.83295,0.444442]},"properties":{"id":"523204569","n":"Malanga Ps 3","t":"ps","c":"Kakamega"}},{"type":"Feature","geometry":{"type":"Point","coordinates":[34.826185,0.443463]},"properties":{"id":"523331687","n":"Malava B PD 13","t":"pdw","c":"Kakamega"}},{"type":"Feature","geometry":{"type":"Point","coordinates":[34.847185,0.431038]},"properties":{"id":"523349424","n":"Shivikhwa B PD 9","t":"pdw","c":"Kakamega"}},{"type":"Feature","geometry":{"type":"Point","coordinates":[34.753552,0.48031]},"properties":{"id":"523230889","n":"Sambuli US 3","t":"us","c":"Kakamega"}},{"type":"Feature","geometry":{"type":"Point","coordinates":[34.828303,0.451787]},"properties":{"id":"523209148","n":"Malava A PD 13","t":"pdw","c":"Kakamega"}},{"type":"Feature","geometry":{"type":"Point","coordinates":[34.78333,0.441627]},"properties":{"id":"523302481","n":"Shikokwe US 14","t":"us","c":"Kakamega"}},{"type":"Feature","geometry":{"type":"Point","coordinates":[34.786563,0.467433]},"properties":{"id":"523228196","n":"Shirugu North PD 21","t":"pdw","c":"Kakamega"}},{"type":"Feature","geometry":{"type":"Point","coordinates":[34.788225,0.462743]},"properties":{"id":"523206255","n":"Shirugu PD 4","t":"pdw","c":"Kakamega"}},{"type":"Feature","geometry":{"type":"Point","coordinates":[34.810197,0.443898]},"properties":{"id":"523200802","n":"Imbinga PD 13","t":"pdw","c":"Kakamega"}},{"type":"Feature","geometry":{"type":"Point","coordinates":[34.822733,0.477793]},"properties":{"id":"523196042","n":"Lunyironi PD 14","t":"pdw","c":"Kakamega"}},{"type":"Feature","geometry":{"type":"Point","coordinates":[34.786797,0.479737]},"properties":{"id":"523231275","n":"Luyy lwichi PD 6","t":"pdw","c":"Kakamega"}},{"type":"Feature","geometry":{"type":"Point","coordinates":[34.832238,0.466417]},"properties":{"id":"523288332","n":"Makhwabuye US 15","t":"us","c":"Kakamega"}},{"type":"Feature","geometry":{"type":"Point","coordinates":[34.777967,0.45865]},"properties":{"id":"523285250","n":"Kalenda North PD 13","t":"pdw","c":"Kakamega"}},{"type":"Feature","geometry":{"type":"Point","coordinates":[34.7546,0.488383]},"properties":{"id":"523322825","n":"Mavusi B PD 10","t":"pdw","c":"Kakamega"}},{"type":"Feature","geometry":{"type":"Point","coordinates":[34.768782,0.47789]},"properties":{"id":"523311470","n":"Shieywe A PD 11","t":"pdw","c":"Kakamega"}},{"type":"Feature","geometry":{"type":"Point","coordinates":[34.800835,0.4586]},"properties":{"id":"523269391","n":"Malekha Central PD 4","t":"pdw","c":"Kakamega"}},{"type":"Feature","geometry":{"type":"Point","coordinates":[34.780482,0.456522]},"properties":{"id":"523307297","n":"Shirugu South PD 11","t":"pdw","c":"Kakamega"}},{"type":"Feature","geometry":{"type":"Point","coordinates":[34.795815,0.4626]},"properties":{"id":"523285353","n":"Malekha West PD 3","t":"pdw","c":"Kakamega"}},{"type":"Feature","geometry":{"type":"Point","coordinates":[34.757017,0.496147]},"properties":{"id":"523304256","n":"VASHELE A PD 9","t":"pdw","c":"Kakamega"}},{"type":"Feature","geometry":{"type":"Point","coordinates":[34.832673,0.45301]},"properties":{"id":"523264626","n":"Emukaniro PS 16","t":"ps","c":"Kakamega"}},{"type":"Feature","geometry":{"type":"Point","coordinates":[34.84846,0.43892]},"properties":{"id":"523219406","n":"Lusumu B PD 6","t":"pdw","c":"Kakamega"}},{"type":"Feature","geometry":{"type":"Point","coordinates":[34.809183,0.43474]},"properties":{"id":"523260880","n":"Sundulo A PD 23","t":"pdw","c":"Kakamega"}},{"type":"Feature","geometry":{"type":"Point","coordinates":[34.788969,0.454526]},"properties":{"id":"445268063","n":"Shirugu Community, Soita Shapaya Spring - 22029","t":"ps","c":"Kakamega"}},{"type":"Feature","geometry":{"type":"Point","coordinates":[34.80818,0.462105]},"properties":{"id":"523302302","n":"Shipala West PS 12","t":"ps","c":"Kakamega"}},{"type":"Feature","geometry":{"type":"Point","coordinates":[34.827632,0.43805]},"properties":{"id":"523308528","n":"Malanga B PD 4","t":"pdw","c":"Kakamega"}},{"type":"Feature","geometry":{"type":"Point","coordinates":[34.836055,0.460553]},"properties":{"id":"523205948","n":"Makhwabuye PD 24","t":"pdw","c":"Kakamega"}},{"type":"Feature","geometry":{"type":"Point","coordinates":[34.837525,0.472539]},"properties":{"id":"523277767","n":"Cereal Board PD 12","t":"pdw","c":"Kakamega"}},{"type":"Feature","geometry":{"type":"Point","coordinates":[34.829578,0.441328]},"properties":{"id":"523345949","n":"Malanga B PD 6","t":"pdw","c":"Kakamega"}},{"type":"Feature","geometry":{"type":"Point","coordinates":[34.803852,0.450422]},"properties":{"id":"523339094","n":"Malekha central PD 15","t":"pdw","c":"Kakamega"}},{"type":"Feature","geometry":{"type":"Point","coordinates":[34.778038,0.46285]},"properties":{"id":"523272133","n":"Sheywe B US 29","t":"us","c":"Kakamega"}},{"type":"Feature","geometry":{"type":"Point","coordinates":[34.826693,0.46033]},"properties":{"id":"523267447","n":"Upper lukala PD 8","t":"pdw","c":"Kakamega"}},{"type":"Feature","geometry":{"type":"Point","coordinates":[34.764853,0.49528]},"properties":{"id":"523229379","n":"LUGUSI PS 4","t":"ps","c":"Kakamega"}},{"type":"Feature","geometry":{"type":"Point","coordinates":[34.816662,0.44819]},"properties":{"id":"523256023","n":"Imbinga US 9","t":"us","c":"Kakamega"}},{"type":"Feature","geometry":{"type":"Point","coordinates":[34.803733,0.461125]},"properties":{"id":"523343246","n":"Malekha central PD 8","t":"pdw","c":"Kakamega"}},{"type":"Feature","geometry":{"type":"Point","coordinates":[34.781097,0.450943]},"properties":{"id":"523293994","n":"Muchanja PD 28","t":"pdw","c":"Kakamega"}},{"type":"Feature","geometry":{"type":"Point","coordinates":[34.789333,0.466347]},"properties":{"id":"523210397","n":"Shirugu North PD 24","t":"pdw","c":"Kakamega"}},{"type":"Feature","geometry":{"type":"Point","coordinates":[34.780093,0.459677]},"properties":{"id":"523213912","n":"Kalenda North PD 3","t":"pdw","c":"Kakamega"}},{"type":"Feature","geometry":{"type":"Point","coordinates":[34.824899,0.473601]},"properties":{"id":"523200565","n":"Matioli PD 2","t":"pdw","c":"Kakamega"}},{"type":"Feature","geometry":{"type":"Point","coordinates":[34.784773,0.490957]},"properties":{"id":"523285920","n":"Luyeshe North PD 4","t":"pdw","c":"Kakamega"}},{"type":"Feature","geometry":{"type":"Point","coordinates":[34.770195,0.461842]},"properties":{"id":"523288428","n":"Samitsi PD 7","t":"pdw","c":"Kakamega"}},{"type":"Feature","geometry":{"type":"Point","coordinates":[34.835572,0.441673]},"properties":{"id":"523211697","n":"Malanga BH 5","t":"bh","c":"Kakamega"}},{"type":"Feature","geometry":{"type":"Point","coordinates":[34.776778,0.485252]},"properties":{"id":"523206286","n":"Tsivaka PD 13","t":"pdw","c":"Kakamega"}},{"type":"Feature","geometry":{"type":"Point","coordinates":[34.76126,0.476538]},"properties":{"id":"523312598","n":"Sheywe B PD 6","t":"pdw","c":"Kakamega"}},{"type":"Feature","geometry":{"type":"Point","coordinates":[34.795323,0.468468]},"properties":{"id":"523265287","n":"Shirugu North PD 8","t":"pdw","c":"Kakamega"}},{"type":"Feature","geometry":{"type":"Point","coordinates":[34.76406,0.470865]},"properties":{"id":"523267148","n":"Sheywe B PD 18","t":"pdw","c":"Kakamega"}},{"type":"Feature","geometry":{"type":"Point","coordinates":[34.769527,0.469903]},"properties":{"id":"523255280","n":"Sheywe B PD 22","t":"pdw","c":"Kakamega"}},{"type":"Feature","geometry":{"type":"Point","coordinates":[34.811728,0.436297]},"properties":{"id":"523277516","n":"Sundulo A PD 29","t":"pdw","c":"Kakamega"}},{"type":"Feature","geometry":{"type":"Point","coordinates":[34.791848,0.471857]},"properties":{"id":"523215983","n":"Shirugu North PD 12","t":"pdw","c":"Kakamega"}},{"type":"Feature","geometry":{"type":"Point","coordinates":[34.79493,0.43637]},"properties":{"id":"523322296","n":"Muchanja PS 14","t":"ps","c":"Kakamega"}},{"type":"Feature","geometry":{"type":"Point","coordinates":[34.762108,0.464605]},"properties":{"id":"523192952","n":"Samitsi PD 17","t":"pdw","c":"Kakamega"}},{"type":"Feature","geometry":{"type":"Point","coordinates":[34.748825,0.45303]},"properties":{"id":"523196925","n":"Chombeli North PD 8","t":"pdw","c":"Kakamega"}},{"type":"Feature","geometry":{"type":"Point","coordinates":[34.777672,0.450058]},"properties":{"id":"523344869","n":"Kalenda South PD 8","t":"pdw","c":"Kakamega"}},{"type":"Feature","geometry":{"type":"Point","coordinates":[34.794103,0.441313]},"properties":{"id":"523284077","n":"Muchanja US 20","t":"us","c":"Kakamega"}},{"type":"Feature","geometry":{"type":"Point","coordinates":[34.833793,0.46067]},"properties":{"id":"523314679","n":"Makwabuye PD 8","t":"pdw","c":"Kakamega"}},{"type":"Feature","geometry":{"type":"Point","coordinates":[34.772845,0.476558]},"properties":{"id":"523209069","n":"Fugifuvili PD 4","t":"pdw","c":"Kakamega"}},{"type":"Feature","geometry":{"type":"Point","coordinates":[34.826568,0.468323]},"properties":{"id":"523346191","n":"Lower lukala PD 13","t":"pdw","c":"Kakamega"}},{"type":"Feature","geometry":{"type":"Point","coordinates":[34.791778,0.4754]},"properties":{"id":"84829715","n":"Elwichi Community, Mulunda Spring - 21007","t":"ps","c":"Kakamega"}},{"type":"Feature","geometry":{"type":"Point","coordinates":[34.831375,0.463592]},"properties":{"id":"523293956","n":"Lukala PD 2","t":"pdw","c":"Kakamega"}},{"type":"Feature","geometry":{"type":"Point","coordinates":[34.771682,0.474545]},"properties":{"id":"523193764","n":"Fugifuvili PD 7","t":"pdw","c":"Kakamega"}},{"type":"Feature","geometry":{"type":"Point","coordinates":[34.752165,0.465513]},"properties":{"id":"523318752","n":"Chombeli North PD 14","t":"pdw","c":"Kakamega"}},{"type":"Feature","geometry":{"type":"Point","coordinates":[34.842567,0.444248]},"properties":{"id":"523212801","n":"Lusumu A PS 3","t":"ps","c":"Kakamega"}},{"type":"Feature","geometry":{"type":"Point","coordinates":[34.77855,0.46618]},"properties":{"id":"523290317","n":"Fugifuvili PD 20","t":"pdw","c":"Kakamega"}},{"type":"Feature","geometry":{"type":"Point","coordinates":[34.75274,0.486435]},"properties":{"id":"523226390","n":"Mavusi B PD 7","t":"pdw","c":"Kakamega"}},{"type":"Feature","geometry":{"type":"Point","coordinates":[34.82453,0.447122]},"properties":{"id":"523282082","n":"Malava B US 3","t":"us","c":"Kakamega"}},{"type":"Feature","geometry":{"type":"Point","coordinates":[34.81876,0.427403]},"properties":{"id":"523232025","n":"Musungu B PS 2","t":"ps","c":"Kakamega"}},{"type":"Feature","geometry":{"type":"Point","coordinates":[34.751767,0.489277]},"properties":{"id":"523199148","n":"KHOMAKO PS 1","t":"ps","c":"Kakamega"}},{"type":"Feature","geometry":{"type":"Point","coordinates":[34.76511,0.493272]},"properties":{"id":"523205924","n":"Mavusi A PD 5","t":"pdw","c":"Kakamega"}},{"type":"Feature","geometry":{"type":"Point","coordinates":[34.836978,0.44855]},"properties":{"id":"523279611","n":"Emukaniro pD 27","t":"pdw","c":"Kakamega"}},{"type":"Feature","geometry":{"type":"Point","coordinates":[34.823837,0.436703]},"properties":{"id":"523317854","n":"Musungu A PD 5","t":"pdw","c":"Kakamega"}},{"type":"Feature","geometry":{"type":"Point","coordinates":[34.797647,0.440795]},"properties":{"id":"523208185","n":"Muchanja PD 23","t":"pdw","c":"Kakamega"}},{"type":"Feature","geometry":{"type":"Point","coordinates":[34.797723,0.440302]},"properties":{"id":"523211910","n":"Muchanja US 24","t":"us","c":"Kakamega"}},{"type":"Feature","geometry":{"type":"Point","coordinates":[34.775882,0.486545]},"properties":{"id":"523300661","n":"Tsivaka PD 12","t":"pdw","c":"Kakamega"}},{"type":"Feature","geometry":{"type":"Point","coordinates":[34.840183,0.439923]},"properties":{"id":"523215873","n":"Lusumu A PS 1","t":"ps","c":"Kakamega"}},{"type":"Feature","geometry":{"type":"Point","coordinates":[34.785995,0.443523]},"properties":{"id":"523306904","n":"Muchanja PD 1","t":"pdw","c":"Kakamega"}},{"type":"Feature","geometry":{"type":"Point","coordinates":[34.779075,0.443313]},"properties":{"id":"523341464","n":"Shikoshe BH 9","t":"bh","c":"Kakamega"}},{"type":"Feature","geometry":{"type":"Point","coordinates":[34.775183,0.452378]},"properties":{"id":"523194844","n":"Kalenda South PD 6","t":"pdw","c":"Kakamega"}},{"type":"Feature","geometry":{"type":"Point","coordinates":[34.834523,0.46929]},"properties":{"id":"523283296","n":"Makhwabuye US 18","t":"us","c":"Kakamega"}},{"type":"Feature","geometry":{"type":"Point","coordinates":[34.758143,0.460848]},"properties":{"id":"523274805","n":"Chombeli North PD 20","t":"pdw","c":"Kakamega"}},{"type":"Feature","geometry":{"type":"Point","coordinates":[34.818715,0.446547]},"properties":{"id":"523302199","n":"Imbinga US 4","t":"us","c":"Kakamega"}},{"type":"Feature","geometry":{"type":"Point","coordinates":[34.830758,0.453307]},"properties":{"id":"523249548","n":"Upper lukala PD 5","t":"pdw","c":"Kakamega"}},{"type":"Feature","geometry":{"type":"Point","coordinates":[34.834612,0.460783]},"properties":{"id":"523240989","n":"Makwabuye PD 4","t":"pdw","c":"Kakamega"}},{"type":"Feature","geometry":{"type":"Point","coordinates":[34.828094,0.470972]},"properties":{"id":"523273536","n":"Matioli PD 7","t":"pdw","c":"Kakamega"}},{"type":"Feature","geometry":{"type":"Point","coordinates":[34.786292,0.474912]},"properties":{"id":"523283849","n":"Luyeshe/lwichi PD 2","t":"pdw","c":"Kakamega"}},{"type":"Feature","geometry":{"type":"Point","coordinates":[34.806557,0.463558]},"properties":{"id":"523283894","n":"Shipala West PD 11","t":"pdw","c":"Kakamega"}},{"type":"Feature","geometry":{"type":"Point","coordinates":[34.764705,0.490738]},"properties":{"id":"523243085","n":"Mavusi A PD 7","t":"pdw","c":"Kakamega"}},{"type":"Feature","geometry":{"type":"Point","coordinates":[34.779963,0.450203]},"properties":{"id":"523336170","n":"Shikokwe PD 10","t":"pdw","c":"Kakamega"}},{"type":"Feature","geometry":{"type":"Point","coordinates":[34.766848,0.491617]},"properties":{"id":"523279460","n":"Mavusi A PD 2","t":"pdw","c":"Kakamega"}},{"type":"Feature","geometry":{"type":"Point","coordinates":[34.828423,0.467425]},"properties":{"id":"523269748","n":"Lower lukala PD 12","t":"pdw","c":"Kakamega"}},{"type":"Feature","geometry":{"type":"Point","coordinates":[34.764643,0.489177]},"properties":{"id":"523345736","n":"Mavusi A PD 9","t":"pdw","c":"Kakamega"}},{"type":"Feature","geometry":{"type":"Point","coordinates":[34.80386,0.43343]},"properties":{"id":"523354938","n":"Sundulo A 18","t":"pdw","c":"Kakamega"}},{"type":"Feature","geometry":{"type":"Point","coordinates":[34.833358,0.452178]},"properties":{"id":"523266570","n":"Emukaniro PS 17","t":"ps","c":"Kakamega"}},{"type":"Feature","geometry":{"type":"Point","coordinates":[34.786433,0.449903]},"properties":{"id":"523267784","n":"Muchanja PD 21","t":"pdw","c":"Kakamega"}},{"type":"Feature","geometry":{"type":"Point","coordinates":[34.836658,0.472366]},"properties":{"id":"523292687","n":"Matioli PS 13","t":"ps","c":"Kakamega"}},{"type":"Feature","geometry":{"type":"Point","coordinates":[34.808895,0.459383]},"properties":{"id":"523300276","n":"Malekha East US 14","t":"us","c":"Kakamega"}},{"type":"Feature","geometry":{"type":"Point","coordinates":[34.762798,0.472785]},"properties":{"id":"523241832","n":"Sheywe B PD 14","t":"pdw","c":"Kakamega"}},{"type":"Feature","geometry":{"type":"Point","coordinates":[34.751407,0.486243]},"properties":{"id":"523207603","n":"Mavusi B PD 5","t":"pdw","c":"Kakamega"}},{"type":"Feature","geometry":{"type":"Point","coordinates":[34.805222,0.433953]},"properties":{"id":"523256119","n":"Sundulo A PD 19","t":"pdw","c":"Kakamega"}},{"type":"Feature","geometry":{"type":"Point","coordinates":[34.796813,0.438605]},"properties":{"id":"523333139","n":"Muchanja PD 17","t":"pdw","c":"Kakamega"}},{"type":"Feature","geometry":{"type":"Point","coordinates":[34.749212,0.465618]},"properties":{"id":"523265218","n":"Mukhonje A PS 1","t":"ps","c":"Kakamega"}},{"type":"Feature","geometry":{"type":"Point","coordinates":[34.753717,0.472602]},"properties":{"id":"523315429","n":"Sambuli BH 1","t":"bh","c":"Kakamega"}},{"type":"Feature","geometry":{"type":"Point","coordinates":[34.796507,0.441305]},"properties":{"id":"523242644","n":"Muchanja US 21","t":"us","c":"Kakamega"}},{"type":"Feature","geometry":{"type":"Point","coordinates":[34.835787,0.448415]},"properties":{"id":"523269487","n":"Emukaniro PD 31","t":"pdw","c":"Kakamega"}},{"type":"Feature","geometry":{"type":"Point","coordinates":[34.784648,0.480992]},"properties":{"id":"523239943","n":"Luyeshe lwichi PD 8","t":"pdw","c":"Kakamega"}},{"type":"Feature","geometry":{"type":"Point","coordinates":[34.756371,0.500737]},"properties":{"id":"523237549","n":"VASHELE A PD 2","t":"pdw","c":"Kakamega"}},{"type":"Feature","geometry":{"type":"Point","coordinates":[34.83134,0.437997]},"properties":{"id":"523233129","n":"Malanga B UD 2","t":"pdw","c":"Kakamega"}},{"type":"Feature","geometry":{"type":"Point","coordinates":[34.82378,0.462207]},"properties":{"id":"523193197","n":"Lower lukala PD 2","t":"pdw","c":"Kakamega"}},{"type":"Feature","geometry":{"type":"Point","coordinates":[34.765878,0.493478]},"properties":{"id":"523247694","n":"LUGUSI PD 1","t":"pdw","c":"Kakamega"}},{"type":"Feature","geometry":{"type":"Point","coordinates":[34.815042,0.465767]},"properties":{"id":"523271273","n":"Shipala East PD 10","t":"pdw","c":"Kakamega"}},{"type":"Feature","geometry":{"type":"Point","coordinates":[34.827142,0.446902]},"properties":{"id":"523258018","n":"Malava PD 23","t":"pdw","c":"Kakamega"}},{"type":"Feature","geometry":{"type":"Point","coordinates":[34.833198,0.450282]},"properties":{"id":"523315986","n":"Upper lukala PD 1","t":"pdw","c":"Kakamega"}},{"type":"Feature","geometry":{"type":"Point","coordinates":[34.822985,0.46069]},"properties":{"id":"523341213","n":"Lower lukala PD 1","t":"pdw","c":"Kakamega"}},{"type":"Feature","geometry":{"type":"Point","coordinates":[34.848195,0.434355]},"properties":{"id":"47024742","n":"Shitirira, Peninah Spring - 18164","t":"ps","c":"Kakamega"}},{"type":"Feature","geometry":{"type":"Point","coordinates":[34.832888,0.430252]},"properties":{"id":"523332736","n":"Lutali A PD 17","t":"pdw","c":"Kakamega"}},{"type":"Feature","geometry":{"type":"Point","coordinates":[34.786152,0.445717]},"properties":{"id":"523329255","n":"Muchanja PD 23","t":"pdw","c":"Kakamega"}},{"type":"Feature","geometry":{"type":"Point","coordinates":[34.786372,0.476503]},"properties":{"id":"523278342","n":"Luyeshe/lwichi PD 5","t":"pdw","c":"Kakamega"}},{"type":"Feature","geometry":{"type":"Point","coordinates":[34.77732,0.451187]},"properties":{"id":"523262992","n":"Kalenda South PD 7","t":"pdw","c":"Kakamega"}},{"type":"Feature","geometry":{"type":"Point","coordinates":[34.764197,0.480358]},"properties":{"id":"523271967","n":"Sheywe A PD 5","t":"pdw","c":"Kakamega"}},{"type":"Feature","geometry":{"type":"Point","coordinates":[34.8225,0.466693]},"properties":{"id":"523289577","n":"Lower lukala US 14","t":"us","c":"Kakamega"}},{"type":"Feature","geometry":{"type":"Point","coordinates":[34.776104,0.494954]},"properties":{"id":"523252304","n":"LUGUSI PD 11","t":"pdw","c":"Kakamega"}},{"type":"Feature","geometry":{"type":"Point","coordinates":[34.75907,0.462199]},"properties":{"id":"75444","n":"Samitsi Primary School Hand-Dug Well - 4346","t":"pdw","c":"Kakamega"}},{"type":"Feature","geometry":{"type":"Point","coordinates":[34.780363,0.457605]},"properties":{"id":"523269652","n":"Shirugu South PD 10","t":"pdw","c":"Kakamega"}},{"type":"Feature","geometry":{"type":"Point","coordinates":[34.834635,0.456938]},"properties":{"id":"523354567","n":"Lukala PD 9","t":"pdw","c":"Kakamega"}},{"type":"Feature","geometry":{"type":"Point","coordinates":[34.754775,0.4869]},"properties":{"id":"523236115","n":"Mavusi B PD 9","t":"pdw","c":"Kakamega"}},{"type":"Feature","geometry":{"type":"Point","coordinates":[34.784292,0.495945]},"properties":{"id":"523261678","n":"Luyeshe North PD 7","t":"pdw","c":"Kakamega"}},{"type":"Feature","geometry":{"type":"Point","coordinates":[34.794083,0.434715]},"properties":{"id":"523314521","n":"Muchanja PD 2","t":"pdw","c":"Kakamega"}},{"type":"Feature","geometry":{"type":"Point","coordinates":[34.788938,0.493925]},"properties":{"id":"523253460","n":"CHEGULO B BH 1","t":"bh","c":"Kakamega"}},{"type":"Feature","geometry":{"type":"Point","coordinates":[34.763672,0.487783]},"properties":{"id":"523230047","n":"Mavusi C PD 25","t":"pdw","c":"Kakamega"}},{"type":"Feature","geometry":{"type":"Point","coordinates":[34.794877,0.465563]},"properties":{"id":"523255527","n":"Shirugu North PD 3","t":"pdw","c":"Kakamega"}},{"type":"Feature","geometry":{"type":"Point","coordinates":[34.84895,0.438798]},"properties":{"id":"523330215","n":"Lusumu B PD 5","t":"pdw","c":"Kakamega"}},{"type":"Feature","geometry":{"type":"Point","coordinates":[34.828007,0.450183]},"properties":{"id":"523302278","n":"Malava A 18","t":"pdw","c":"Kakamega"}},{"type":"Feature","geometry":{"type":"Point","coordinates":[34.780298,0.464707]},"properties":{"id":"523313946","n":"Fugifuvili PD 21","t":"pdw","c":"Kakamega"}},{"type":"Feature","geometry":{"type":"Point","coordinates":[34.78646,0.490618]},"properties":{"id":"523309976","n":"Luyeshe North PD 3","t":"pdw","c":"Kakamega"}},{"type":"Feature","geometry":{"type":"Point","coordinates":[34.747498,0.472275]},"properties":{"id":"523218553","n":"Mukhonje B 2","t":"pdw","c":"Kakamega"}},{"type":"Feature","geometry":{"type":"Point","coordinates":[34.811177,0.43585]},"properties":{"id":"523354945","n":"Sundulo A PD 28","t":"pdw","c":"Kakamega"}},{"type":"Feature","geometry":{"type":"Point","coordinates":[34.7597,0.484053]},"properties":{"id":"523225856","n":"Mavusi C PD 16","t":"pdw","c":"Kakamega"}},{"type":"Feature","geometry":{"type":"Point","coordinates":[34.783077,0.483152]},"properties":{"id":"523250395","n":"Luyeshe /lwichi PD 11","t":"pdw","c":"Kakamega"}},{"type":"Feature","geometry":{"type":"Point","coordinates":[34.810135,0.435912]},"properties":{"id":"523297819","n":"Mugai A PD 3","t":"pdw","c":"Kakamega"}},{"type":"Feature","geometry":{"type":"Point","coordinates":[34.783023,0.44848]},"properties":{"id":"523298346","n":"Muchanja PD 26","t":"pdw","c":"Kakamega"}},{"type":"Feature","geometry":{"type":"Point","coordinates":[34.755635,0.494864]},"properties":{"id":"523299426","n":"VASHELE A PD 8","t":"pdw","c":"Kakamega"}},{"type":"Feature","geometry":{"type":"Point","coordinates":[34.792397,0.447457]},"properties":{"id":"523279367","n":"Muchanja PS 13","t":"ps","c":"Kakamega"}},{"type":"Feature","geometry":{"type":"Point","coordinates":[34.765182,0.4664]},"properties":{"id":"523330136","n":"Sheywe B PD 27","t":"pdw","c":"Kakamega"}},{"type":"Feature","geometry":{"type":"Point","coordinates":[34.794065,0.432335]},"properties":{"id":"523256896","n":"Chiterezi PS 9","t":"ps","c":"Kakamega"}},{"type":"Feature","geometry":{"type":"Point","coordinates":[34.836415,0.461822]},"properties":{"id":"523340652","n":"Makhwabuye PD 22","t":"pdw","c":"Kakamega"}},{"type":"Feature","geometry":{"type":"Point","coordinates":[34.829705,0.437113]},"properties":{"id":"523243944","n":"Malanga B US 3","t":"us","c":"Kakamega"}},{"type":"Feature","geometry":{"type":"Point","coordinates":[34.788975,0.44763]},"properties":{"id":"523316956","n":"Muchanja PD 15","t":"pdw","c":"Kakamega"}},{"type":"Feature","geometry":{"type":"Point","coordinates":[34.83641,0.431873]},"properties":{"id":"523278847","n":"Lutali B PD 4","t":"pdw","c":"Kakamega"}},{"type":"Feature","geometry":{"type":"Point","coordinates":[34.783137,0.489238]},"properties":{"id":"523317830","n":"Luyeshe lwichi PD 12","t":"ps","c":"Kakamega"}},{"type":"Feature","geometry":{"type":"Point","coordinates":[34.775032,0.469358]},"properties":{"id":"523310929","n":"Fugifuvili PD 11","t":"pdw","c":"Kakamega"}},{"type":"Feature","geometry":{"type":"Point","coordinates":[34.787577,0.44485]},"properties":{"id":"523261582","n":"Muchanja PD 11","t":"pdw","c":"Kakamega"}},{"type":"Feature","geometry":{"type":"Point","coordinates":[34.781783,0.469082]},"properties":{"id":"523251602","n":"Fugifuvili PD 15","t":"pdw","c":"Kakamega"}},{"type":"Feature","geometry":{"type":"Point","coordinates":[34.811233,0.458883]},"properties":{"id":"523330404","n":"Malekha East US 12","t":"us","c":"Kakamega"}},{"type":"Feature","geometry":{"type":"Point","coordinates":[34.795893,0.466433]},"properties":{"id":"523277468","n":"Shirugu North PD 4","t":"pdw","c":"Kakamega"}},{"type":"Feature","geometry":{"type":"Point","coordinates":[34.805815,0.432167]},"properties":{"id":"523264798","n":"Sundulo A PD 9","t":"pdw","c":"Kakamega"}},{"type":"Feature","geometry":{"type":"Point","coordinates":[34.832537,0.460075]},"properties":{"id":"523335571","n":"Makwabuye PD 9","t":"udw","c":"Kakamega"}},{"type":"Feature","geometry":{"type":"Point","coordinates":[34.774167,0.486472]},"properties":{"id":"523331869","n":"Tsivaka PD 10","t":"pdw","c":"Kakamega"}},{"type":"Feature","geometry":{"type":"Point","coordinates":[34.79211,0.466538]},"properties":{"id":"523322083","n":"Shirugu North US 24","t":"us","c":"Kakamega"}},{"type":"Feature","geometry":{"type":"Point","coordinates":[34.813239,0.466661]},"properties":{"id":"523245740","n":"Shipala East PD 12","t":"pdw","c":"Kakamega"}},{"type":"Feature","geometry":{"type":"Point","coordinates":[34.814426,0.464962]},"properties":{"id":"523319399","n":"Shipala East PD 9","t":"pdw","c":"Kakamega"}},{"type":"Feature","geometry":{"type":"Point","coordinates":[34.75838,0.459495]},"properties":{"id":"523210414","n":"Chombeli South PD 13","t":"pdw","c":"Kakamega"}},{"type":"Feature","geometry":{"type":"Point","coordinates":[34.827098,0.44741]},"properties":{"id":"523287764","n":"Malava A PD 22","t":"pdw","c":"Kakamega"}},{"type":"Feature","geometry":{"type":"Point","coordinates":[34.837142,0.45152]},"properties":{"id":"523354622","n":"Emukaniro PD 26","t":"pdw","c":"Kakamega"}},{"type":"Feature","geometry":{"type":"Point","coordinates":[34.830683,0.44963]},"properties":{"id":"523206781","n":"Malava A PS 8","t":"ps","c":"Kakamega"}},{"type":"Feature","geometry":{"type":"Point","coordinates":[34.821787,0.448442]},"properties":{"id":"523236359","n":"Imbinga PD 6","t":"pdw","c":"Kakamega"}},{"type":"Feature","geometry":{"type":"Point","coordinates":[34.834867,0.448445]},"properties":{"id":"523290458","n":"Emukaniro PD 33","t":"pdw","c":"Kakamega"}},{"type":"Feature","geometry":{"type":"Point","coordinates":[34.833563,0.454635]},"properties":{"id":"523228684","n":"Lukala PD 12","t":"pdw","c":"Kakamega"}},{"type":"Feature","geometry":{"type":"Point","coordinates":[34.765738,0.485198]},"properties":{"id":"523320971","n":"Mavusi C US 29","t":"us","c":"Kakamega"}},{"type":"Feature","geometry":{"type":"Point","coordinates":[34.760745,0.475797]},"properties":{"id":"523328364","n":"Sheywe B PD 7","t":"pdw","c":"Kakamega"}},{"type":"Feature","geometry":{"type":"Point","coordinates":[34.798192,0.436067]},"properties":{"id":"523310053","n":"Muchanja PS 28","t":"ps","c":"Kakamega"}},{"type":"Feature","geometry":{"type":"Point","coordinates":[34.820077,0.450765]},"properties":{"id":"523307462","n":"Imbinga US 7","t":"us","c":"Kakamega"}},{"type":"Feature","geometry":{"type":"Point","coordinates":[34.785447,0.446868]},"properties":{"id":"523286127","n":"Muchanja PD 24","t":"pdw","c":"Kakamega"}},{"type":"Feature","geometry":{"type":"Point","coordinates":[34.794057,0.434613]},"properties":{"id":"523271754","n":"Muchanja PD 1","t":"pdw","c":"Kakamega"}},{"type":"Feature","geometry":{"type":"Point","coordinates":[34.854678,0.431065]},"properties":{"id":"523249892","n":"Shivikhwa PD 3","t":"pdw","c":"Kakamega"}},{"type":"Feature","geometry":{"type":"Point","coordinates":[34.756183,0.504172]},"properties":{"id":"523319818","n":"VASHELE A PD 1","t":"pdw","c":"Kakamega"}},{"type":"Feature","geometry":{"type":"Point","coordinates":[34.759778,0.502]},"properties":{"id":"523295178","n":"VASHELE B PD 9","t":"pdw","c":"Kakamega"}},{"type":"Feature","geometry":{"type":"Point","coordinates":[34.83163,0.449138]},"properties":{"id":"523241612","n":"Malava A PD 5","t":"pdw","c":"Kakamega"}},{"type":"Feature","geometry":{"type":"Point","coordinates":[34.795768,0.467037]},"properties":{"id":"523323156","n":"Shirugu North PD 7","t":"pdw","c":"Kakamega"}},{"type":"Feature","geometry":{"type":"Point","coordinates":[34.842152,0.428475]},"properties":{"id":"523296045","n":"Shivikhwa B PD 5","t":"pdw","c":"Kakamega"}},{"type":"Feature","geometry":{"type":"Point","coordinates":[34.807913,0.432193]},"properties":{"id":"523312330","n":"Sundulo A PD 3","t":"pdw","c":"Kakamega"}},{"type":"Feature","geometry":{"type":"Point","coordinates":[34.753807,0.493383]},"properties":{"id":"523345664","n":"VASHELE A PS 6","t":"ps","c":"Kakamega"}},{"type":"Feature","geometry":{"type":"Point","coordinates":[34.761538,0.492783]},"properties":{"id":"523315780","n":"Mavusi A PS 13","t":"ps","c":"Kakamega"}},{"type":"Feature","geometry":{"type":"Point","coordinates":[34.786208,0.453257]},"properties":{"id":"523343978","n":"Shirugu South Ps14","t":"ps","c":"Kakamega"}},{"type":"Feature","geometry":{"type":"Point","coordinates":[34.817885,0.444273]},"properties":{"id":"523294586","n":"Imbinga PD 3","t":"pdw","c":"Kakamega"}},{"type":"Feature","geometry":{"type":"Point","coordinates":[34.760948,0.490502]},"properties":{"id":"523298164","n":"Mavusi A PS 14","t":"ps","c":"Kakamega"}},{"type":"Feature","geometry":{"type":"Point","coordinates":[34.838722,0.464228]},"properties":{"id":"523298023","n":"Makwabuye PS 4","t":"ps","c":"Kakamega"}},{"type":"Feature","geometry":{"type":"Point","coordinates":[34.74985,0.461273]},"properties":{"id":"523245458","n":"Chombeli North PD 10","t":"pdw","c":"Kakamega"}},{"type":"Feature","geometry":{"type":"Point","coordinates":[34.750147,0.486692]},"properties":{"id":"523230906","n":"KHOMAKO PD 3","t":"pdw","c":"Kakamega"}},{"type":"Feature","geometry":{"type":"Point","coordinates":[34.836765,0.448267]},"properties":{"id":"523233473","n":"Emukaniro PD 30","t":"pdw","c":"Kakamega"}},{"type":"Feature","geometry":{"type":"Point","coordinates":[34.781175,0.45583]},"properties":{"id":"523314215","n":"Shirugu South PD 12","t":"pdw","c":"Kakamega"}},{"type":"Feature","geometry":{"type":"Point","coordinates":[34.770985,0.453795]},"properties":{"id":"523340621","n":"Kalenda North PD 19","t":"pdw","c":"Kakamega"}},{"type":"Feature","geometry":{"type":"Point","coordinates":[34.795411,0.472622]},"properties":{"id":"523290795","n":"LWICHI PD 4","t":"pdw","c":"Kakamega"}},{"type":"Feature","geometry":{"type":"Point","coordinates":[34.832331,0.427129]},"properties":{"id":"316006675","n":"Lutali Primary School - 21268","t":"bh","c":"Kakamega","d":80.0}},{"type":"Feature","geometry":{"type":"Point","coordinates":[34.838082,0.470668]},"properties":{"id":"523217473","n":"Cereal Board US 13","t":"us","c":"Kakamega"}},{"type":"Feature","geometry":{"type":"Point","coordinates":[34.75114,0.486733]},"properties":{"id":"523317809","n":"KHOMAKO PD 2","t":"pdw","c":"Kakamega"}},{"type":"Feature","geometry":{"type":"Point","coordinates":[34.832357,0.453862]},"properties":{"id":"471340432","n":"Makhwabuye Community, Alex Amalemba Spring - 22119","t":"ps","c":"Kakamega"}},{"type":"Feature","geometry":{"type":"Point","coordinates":[34.813464,0.460623]},"properties":{"id":"523212289","n":"Shipala East PD 1","t":"pdw","c":"Kakamega"}},{"type":"Feature","geometry":{"type":"Point","coordinates":[34.82728,0.442878]},"properties":{"id":"523354897","n":"Malava A PD 30","t":"pdw","c":"Kakamega"}},{"type":"Feature","geometry":{"type":"Point","coordinates":[34.78965,0.435768]},"properties":{"id":"523303750","n":"Muchanja PD 10","t":"pdw","c":"Kakamega"}},{"type":"Feature","geometry":{"type":"Point","coordinates":[34.815662,0.462955]},"properties":{"id":"523295628","n":"Shipala East PS 8","t":"ps","c":"Kakamega"}},{"type":"Feature","geometry":{"type":"Point","coordinates":[34.823627,0.438522]},"properties":{"id":"523269126","n":"Musungu A PS 2","t":"ps","c":"Kakamega"}},{"type":"Feature","geometry":{"type":"Point","coordinates":[34.801992,0.464576]},"properties":{"id":"523342166","n":"Shipala West PS 14","t":"ps","c":"Kakamega"}},{"type":"Feature","geometry":{"type":"Point","coordinates":[34.768477,0.475265]},"properties":{"id":"523314411","n":"Fugifuvili PS 1","t":"ps","c":"Kakamega"}},{"type":"Feature","geometry":{"type":"Point","coordinates":[34.786097,0.478428]},"properties":{"id":"523205522","n":"Luyeshe lwichi PD 5","t":"pdw","c":"Kakamega"}},{"type":"Feature","geometry":{"type":"Point","coordinates":[34.831952,0.44102]},"properties":{"id":"523269975","n":"Malanga B US 1","t":"us","c":"Kakamega"}},{"type":"Feature","geometry":{"type":"Point","coordinates":[34.795073,0.446517]},"properties":{"id":"523265304","n":"Malekha West PD 19","t":"pdw","c":"Kakamega"}},{"type":"Feature","geometry":{"type":"Point","coordinates":[34.777648,0.464677]},"properties":{"id":"494975","n":"Futsi Fuvili, Futsi Fuvili Spring - 4729","t":"ps","c":"Kakamega"}},{"type":"Feature","geometry":{"type":"Point","coordinates":[34.79265,0.473425]},"properties":{"id":"523213644","n":"Shirugu North PD 13","t":"pdw","c":"Kakamega"}},{"type":"Feature","geometry":{"type":"Point","coordinates":[34.790645,0.437315]},"properties":{"id":"523301655","n":"Muchanja PD 9","t":"pdw","c":"Kakamega"}},{"type":"Feature","geometry":{"type":"Point","coordinates":[34.76439,0.474385]},"properties":{"id":"523339829","n":"Sheywe B US 12","t":"us","c":"Kakamega"}},{"type":"Feature","geometry":{"type":"Point","coordinates":[34.751072,0.48533]},"properties":{"id":"523324418","n":"KHOMAKO PD 5","t":"pdw","c":"Kakamega"}},{"type":"Feature","geometry":{"type":"Point","coordinates":[34.835282,0.437908]},"properties":{"id":"523196365","n":"Lutali B PD 1","t":"pdw","c":"Kakamega"}},{"type":"Feature","geometry":{"type":"Point","coordinates":[34.790435,0.449335]},"properties":{"id":"523198903","n":"Muchanja PD 17","t":"pdw","c":"Kakamega"}},{"type":"Feature","geometry":{"type":"Point","coordinates":[34.749288,0.45287]},"properties":{"id":"523266862","n":"Chombeli south PD 2","t":"pdw","c":"Kakamega"}},{"type":"Feature","geometry":{"type":"Point","coordinates":[34.830476,0.470403]},"properties":{"id":"523243607","n":"Matioli PS 10","t":"ps","c":"Kakamega"}},{"type":"Feature","geometry":{"type":"Point","coordinates":[34.821993,0.429347]},"properties":{"id":"523318532","n":"Musungu A PD 7","t":"pdw","c":"Kakamega"}},{"type":"Feature","geometry":{"type":"Point","coordinates":[34.787383,0.466652]},"properties":{"id":"523327741","n":"Shirugu North PD 22","t":"pdw","c":"Kakamega"}},{"type":"Feature","geometry":{"type":"Point","coordinates":[34.817325,0.438742]},"properties":{"id":"523276584","n":"Sundulo A pS 34","t":"ps","c":"Kakamega"}},{"type":"Feature","geometry":{"type":"Point","coordinates":[34.814395,0.457148]},"properties":{"id":"523233552","n":"Malekha East US 8","t":"us","c":"Kakamega"}},{"type":"Feature","geometry":{"type":"Point","coordinates":[34.844818,0.430283]},"properties":{"id":"523216111","n":"Shivikhwa US 6","t":"us","c":"Kakamega"}},{"type":"Feature","geometry":{"type":"Point","coordinates":[34.788708,0.450725]},"properties":{"id":"523207782","n":"Muchanja US 18","t":"us","c":"Kakamega"}},{"type":"Feature","geometry":{"type":"Point","coordinates":[34.753957,0.486588]},"properties":{"id":"523270203","n":"Mavusi B PD 8","t":"pdw","c":"Kakamega"}},{"type":"Feature","geometry":{"type":"Point","coordinates":[34.778461,0.499801]},"properties":{"id":"523342678","n":"LUTONYI PD 6","t":"pdw","c":"Kakamega"}},{"type":"Feature","geometry":{"type":"Point","coordinates":[34.835308,0.451218]},"properties":{"id":"523354574","n":"Emukaniro PD 18","t":"pdw","c":"Kakamega"}},{"type":"Feature","geometry":{"type":"Point","coordinates":[34.775867,0.451683]},"properties":{"id":"523223342","n":"Kalenda South PD 7","t":"pdw","c":"Kakamega"}},{"type":"Feature","geometry":{"type":"Point","coordinates":[34.755318,0.488818]},"properties":{"id":"523298308","n":"Mavusi B US 11","t":"us","c":"Kakamega"}},{"type":"Feature","geometry":{"type":"Point","coordinates":[34.820778,0.458773]},"properties":{"id":"523206860","n":"Malekha East US 6","t":"us","c":"Kakamega"}},{"type":"Feature","geometry":{"type":"Point","coordinates":[34.845972,0.445485]},"properties":{"id":"523286598","n":"Lusumu A PD 4","t":"pdw","c":"Kakamega"}},{"type":"Feature","geometry":{"type":"Point","coordinates":[34.814988,0.428767]},"properties":{"id":"523280004","n":"Musungu B PS 1","t":"ps","c":"Kakamega"}},{"type":"Feature","geometry":{"type":"Point","coordinates":[34.776643,0.452763]},"properties":{"id":"523345183","n":"Kalenda South PD 5","t":"pdw","c":"Kakamega"}},{"type":"Feature","geometry":{"type":"Point","coordinates":[34.83689,0.46601]},"properties":{"id":"523317579","n":"Makhwabuye PD 21","t":"pdw","c":"Kakamega"}},{"type":"Feature","geometry":{"type":"Point","coordinates":[34.777922,0.472822]},"properties":{"id":"523251073","n":"Fugifuvili PD 13","t":"pdw","c":"Kakamega"}},{"type":"Feature","geometry":{"type":"Point","coordinates":[34.76661,0.490867]},"properties":{"id":"523269054","n":"Mavusi A PD 1","t":"pdw","c":"Kakamega"}},{"type":"Feature","geometry":{"type":"Point","coordinates":[34.760772,0.481595]},"properties":{"id":"523277561","n":"Mavusi C US 13","t":"us","c":"Kakamega"}},{"type":"Feature","geometry":{"type":"Point","coordinates":[34.778883,0.480712]},"properties":{"id":"523286653","n":"Tsivaka PD 6","t":"pdw","c":"Kakamega"}},{"type":"Feature","geometry":{"type":"Point","coordinates":[34.766755,0.46266]},"properties":{"id":"523350147","n":"Samitsi PD 11","t":"pdw","c":"Kakamega"}},{"type":"Feature","geometry":{"type":"Point","coordinates":[34.756048,0.486067]},"properties":{"id":"523340865","n":"Mavusi C PD 6","t":"pdw","c":"Kakamega"}},{"type":"Feature","geometry":{"type":"Point","coordinates":[34.783933,0.468085]},"properties":{"id":"523206633","n":"Fugifuvili PD 16","t":"pdw","c":"Kakamega"}},{"type":"Feature","geometry":{"type":"Point","coordinates":[34.783242,0.444045]},"properties":{"id":"523239709","n":"Shikokwe PS 13","t":"ps","c":"Kakamega"}},{"type":"Feature","geometry":{"type":"Point","coordinates":[34.771198,0.476073]},"properties":{"id":"523339922","n":"Fugifuvili US 3","t":"us","c":"Kakamega"}},{"type":"Feature","geometry":{"type":"Point","coordinates":[34.852988,0.435883]},"properties":{"id":"523282130","n":"Lusumu B 3","t":"pdw","c":"Kakamega"}},{"type":"Feature","geometry":{"type":"Point","coordinates":[34.783393,0.480685]},"properties":{"id":"523244880","n":"Luyeshe lwichi PD 10","t":"pdw","c":"Kakamega"}},{"type":"Feature","geometry":{"type":"Point","coordinates":[34.815197,0.449355]},"properties":{"id":"523207043","n":"Imbinga PD 10","t":"pdw","c":"Kakamega"}},{"type":"Feature","geometry":{"type":"Point","coordinates":[34.820505,0.444948]},"properties":{"id":"523292065","n":"Imbinga US 2","t":"us","c":"Kakamega"}},{"type":"Feature","geometry":{"type":"Point","coordinates":[34.784257,0.473193]},"properties":{"id":"523219262","n":"Tsivaka PD 20","t":"pdw","c":"Kakamega"}},{"type":"Feature","geometry":{"type":"Point","coordinates":[34.780282,0.465902]},"properties":{"id":"523203458","n":"Fugifuvili PD 19","t":"us","c":"Kakamega"}},{"type":"Feature","geometry":{"type":"Point","coordinates":[34.766955,0.465138]},"properties":{"id":"523329437","n":"Sheywe B PD 25","t":"pdw","c":"Kakamega"}},{"type":"Feature","geometry":{"type":"Point","coordinates":[34.780547,0.471118]},"properties":{"id":"1027703","n":"Tsivaka, Tsivaka Spring - 4371","t":"ps","c":"Kakamega"}},{"type":"Feature","geometry":{"type":"Point","coordinates":[34.838217,0.46021]},"properties":{"id":"523278696","n":"Makwabuye PD 1","t":"pdw","c":"Kakamega"}},{"type":"Feature","geometry":{"type":"Point","coordinates":[34.792645,0.453692]},"properties":{"id":"523274568","n":"Malekha West US 11","t":"us","c":"Kakamega"}},{"type":"Feature","geometry":{"type":"Point","coordinates":[34.83324,0.467338]},"properties":{"id":"523208855","n":"Makhwabuye PD 16","t":"pdw","c":"Kakamega"}},{"type":"Feature","geometry":{"type":"Point","coordinates":[34.762557,0.47198]},"properties":{"id":"523247821","n":"Sheywe B PD 16","t":"pdw","c":"Kakamega"}},{"type":"Feature","geometry":{"type":"Point","coordinates":[34.781377,0.450583]},"properties":{"id":"523320139","n":"Muchanja PD 27","t":"pdw","c":"Kakamega"}},{"type":"Feature","geometry":{"type":"Point","coordinates":[34.832007,0.45819]},"properties":{"id":"523354550","n":"Lukala PD 8","t":"pdw","c":"Kakamega"}},{"type":"Feature","geometry":{"type":"Point","coordinates":[34.791607,0.441547]},"properties":{"id":"523284314","n":"Muchanja US 7","t":"us","c":"Kakamega"}},{"type":"Feature","geometry":{"type":"Point","coordinates":[34.757152,0.46983]},"properties":{"id":"523196262","n":"Samitsi PD 4","t":"pdw","c":"Kakamega"}},{"type":"Feature","geometry":{"type":"Point","coordinates":[34.75948,0.500901]},"properties":{"id":"523324944","n":"VASHELE B PD 10","t":"pdw","c":"Kakamega"}},{"type":"Feature","geometry":{"type":"Point","coordinates":[34.797528,0.461502]},"properties":{"id":"523273646","n":"Malekha West PD 1","t":"pdw","c":"Kakamega"}},{"type":"Feature","geometry":{"type":"Point","coordinates":[34.849875,0.441198]},"properties":{"id":"523227889","n":"Lusumu A US 5","t":"us","c":"Kakamega"}},{"type":"Feature","geometry":{"type":"Point","coordinates":[34.791367,0.474263]},"properties":{"id":"523232207","n":"Shirugu North PD 14","t":"pdw","c":"Kakamega"}},{"type":"Feature","geometry":{"type":"Point","coordinates":[34.750322,0.48449]},"properties":{"id":"523343741","n":"Mavusi C PD 1","t":"pdw","c":"Kakamega"}},{"type":"Feature","geometry":{"type":"Point","coordinates":[34.766217,0.497186]},"properties":{"id":"523210775","n":"LUGUSI PD 17","t":"pdw","c":"Kakamega"}},{"type":"Feature","geometry":{"type":"Point","coordinates":[34.830313,0.453635]},"properties":{"id":"523344223","n":"Upper lukala PD 6","t":"pdw","c":"Kakamega"}},{"type":"Feature","geometry":{"type":"Point","coordinates":[34.811607,0.434793]},"properties":{"id":"523276656","n":"Sundulo A PD 27","t":"pdw","c":"Kakamega"}},{"type":"Feature","geometry":{"type":"Point","coordinates":[34.768678,0.490977]},"properties":{"id":"523266068","n":"Mavusi C PD 20","t":"pdw","c":"Kakamega"}},{"type":"Feature","geometry":{"type":"Point","coordinates":[34.778948,0.460383]},"properties":{"id":"523274939","n":"Kalenda North PD 4","t":"pdw","c":"Kakamega"}},{"type":"Feature","geometry":{"type":"Point","coordinates":[34.757116,0.494957]},"properties":{"id":"523243267","n":"VASHELE A PD 10","t":"pdw","c":"Kakamega"}},{"type":"Feature","geometry":{"type":"Point","coordinates":[34.78698,0.490148]},"properties":{"id":"523320816","n":"Luyeshe North bPS 2","t":"ps","c":"Kakamega"}},{"type":"Feature","geometry":{"type":"Point","coordinates":[34.794732,0.446243]},"properties":{"id":"523275112","n":"Malekha West PD 20","t":"pdw","c":"Kakamega"}},{"type":"Feature","geometry":{"type":"Point","coordinates":[34.803448,0.452898]},"properties":{"id":"523231842","n":"Malekha central PD 16","t":"pdw","c":"Kakamega"}},{"type":"Feature","geometry":{"type":"Point","coordinates":[34.818857,0.467633]},"properties":{"id":"523211721","n":"Shisumi US 3","t":"us","c":"Kakamega"}},{"type":"Feature","geometry":{"type":"Point","coordinates":[34.812665,0.460212]},"properties":{"id":"523220277","n":"Shipala East US 2","t":"us","c":"Kakamega"}},{"type":"Feature","geometry":{"type":"Point","coordinates":[34.828673,0.473158]},"properties":{"id":"523210490","n":"Matioli PD 8","t":"pdw","c":"Kakamega"}},{"type":"Feature","geometry":{"type":"Point","coordinates":[34.777832,0.444878]},"properties":{"id":"523247979","n":"Kalenda South PD 13","t":"pdw","c":"Kakamega"}},{"type":"Feature","geometry":{"type":"Point","coordinates":[34.782874,0.500488]},"properties":{"id":"523255314","n":"LUTONYI PS 5","t":"ps","c":"Kakamega"}},{"type":"Feature","geometry":{"type":"Point","coordinates":[34.833378,0.46103]},"properties":{"id":"523312646","n":"Makwabuye PD 6","t":"pdw","c":"Kakamega"}},{"type":"Feature","geometry":{"type":"Point","coordinates":[34.778435,0.454748]},"properties":{"id":"523235509","n":"Kalenda North PD 18","t":"pdw","c":"Kakamega"}},{"type":"Feature","geometry":{"type":"Point","coordinates":[34.75073,0.48649]},"properties":{"id":"523260354","n":"Mavusi B PD 2","t":"pdw","c":"Kakamega"}},{"type":"Feature","geometry":{"type":"Point","coordinates":[34.789508,0.432967]},"properties":{"id":"486662123","n":"Muchanja Primary School - 22290","t":"bh","c":"Kakamega","d":80.0}},{"type":"Feature","geometry":{"type":"Point","coordinates":[34.822412,0.442615]},"properties":{"id":"523269425","n":"Malava B PD 10","t":"pdw","c":"Kakamega"}},{"type":"Feature","geometry":{"type":"Point","coordinates":[34.8529,0.432403]},"properties":{"id":"523265634","n":"Lusumu B 2","t":"bh","c":"Kakamega"}},{"type":"Feature","geometry":{"type":"Point","coordinates":[34.83081,0.466538]},"properties":{"id":"523317342","n":"Makhwabuye US 12","t":"us","c":"Kakamega"}},{"type":"Feature","geometry":{"type":"Point","coordinates":[34.780303,0.481045]},"properties":{"id":"523321484","n":"Tsivaka PD 15","t":"pdw","c":"Kakamega"}},{"type":"Feature","geometry":{"type":"Point","coordinates":[34.827418,0.445513]},"properties":{"id":"523287582","n":"MalavaA US 28","t":"us","c":"Kakamega"}},{"type":"Feature","geometry":{"type":"Point","coordinates":[34.783887,0.458402]},"properties":{"id":"47024649","n":"Shirugu, Jeremiah Mashele Spring - 18152","t":"ps","c":"Kakamega"}},{"type":"Feature","geometry":{"type":"Point","coordinates":[34.795922,0.431353]},"properties":{"id":"523306605","n":"Chiterezi PD 10","t":"pdw","c":"Kakamega"}},{"type":"Feature","geometry":{"type":"Point","coordinates":[34.756588,0.498514]},"properties":{"id":"523287238","n":"VASHELE A PD 12","t":"pdw","c":"Kakamega"}},{"type":"Feature","geometry":{"type":"Point","coordinates":[34.757737,0.468063]},"properties":{"id":"523322351","n":"Mukhonje A PS 3","t":"ps","c":"Kakamega"}},{"type":"Feature","geometry":{"type":"Point","coordinates":[34.777323,0.483562]},"properties":{"id":"523272573","n":"Tsivaka PS 14","t":"ps","c":"Kakamega"}},{"type":"Feature","geometry":{"type":"Point","coordinates":[34.794988,0.452535]},"properties":{"id":"523318343","n":"Malekha West PD 12","t":"pdw","c":"Kakamega"}},{"type":"Feature","geometry":{"type":"Point","coordinates":[34.755785,0.459548]},"properties":{"id":"523302027","n":"Chombeli North PD 18","t":"pdw","c":"Kakamega"}},{"type":"Feature","geometry":{"type":"Point","coordinates":[34.82551,0.4554]},"properties":{"id":"523261166","n":"Malava B US 5","t":"us","c":"Kakamega"}},{"type":"Feature","geometry":{"type":"Point","coordinates":[34.828307,0.463128]},"properties":{"id":"523354842","n":"Lower lukala PS 11","t":"ps","c":"Kakamega"}},{"type":"Feature","geometry":{"type":"Point","coordinates":[34.780528,0.468783]},"properties":{"id":"523300599","n":"Fugifuvili PD 13","t":"pdw","c":"Kakamega"}},{"type":"Feature","geometry":{"type":"Point","coordinates":[34.790548,0.49264]},"properties":{"id":"523203795","n":"CHEGULO B PD 6","t":"udw","c":"Kakamega"}},{"type":"Feature","geometry":{"type":"Point","coordinates":[34.829858,0.464917]},"properties":{"id":"523277592","n":"Lukala PS1","t":"ps","c":"Kakamega"}},{"type":"Feature","geometry":{"type":"Point","coordinates":[34.843572,0.443436]},"properties":{"id":"84830672","n":"Malanga Community, Malava Housing Spring - 21052","t":"ps","c":"Kakamega"}},{"type":"Feature","geometry":{"type":"Point","coordinates":[34.784032,0.445418]},"properties":{"id":"523259631","n":"Shikokwe PD 11","t":"pdw","c":"Kakamega"}},{"type":"Feature","geometry":{"type":"Point","coordinates":[34.762548,0.494878]},"properties":{"id":"523249768","n":"LUGUSI PD 3","t":"pdw","c":"Kakamega"}},{"type":"Feature","geometry":{"type":"Point","coordinates":[34.766568,0.486103]},"properties":{"id":"523215581","n":"Mavusi C PD 27","t":"pdw","c":"Kakamega"}},{"type":"Feature","geometry":{"type":"Point","coordinates":[34.774521,0.495654]},"properties":{"id":"523293231","n":"LUGUSI PD 10","t":"pdw","c":"Kakamega"}},{"type":"Feature","geometry":{"type":"Point","coordinates":[34.810677,0.433633]},"properties":{"id":"523207713","n":"Sundulo A PD 24","t":"pdw","c":"Kakamega"}},{"type":"Feature","geometry":{"type":"Point","coordinates":[34.837213,0.452068]},"properties":{"id":"523354608","n":"Emukaniro PD 24","t":"pdw","c":"Kakamega"}},{"type":"Feature","geometry":{"type":"Point","coordinates":[34.751813,0.45613]},"properties":{"id":"876119","n":"UCC 2018 - Chombel Health Centre","t":"pdw","c":"Kakamega"}},{"type":"Feature","geometry":{"type":"Point","coordinates":[34.827422,0.47294]},"properties":{"id":"523286646","n":"Matioli PD 4","t":"pdw","c":"Kakamega"}},{"type":"Feature","geometry":{"type":"Point","coordinates":[34.827563,0.447587]},"properties":{"id":"523192763","n":"Malava A PD 25","t":"pdw","c":"Kakamega"}},{"type":"Feature","geometry":{"type":"Point","coordinates":[34.789728,0.482162]},"properties":{"id":"523204033","n":"Luyeshe lwichi US 16","t":"us","c":"Kakamega"}},{"type":"Feature","geometry":{"type":"Point","coordinates":[34.832902,0.453023]},"properties":{"id":"523296100","n":"Emukaniro US15","t":"us","c":"Kakamega"}},{"type":"Feature","geometry":{"type":"Point","coordinates":[34.788385,0.46958]},"properties":{"id":"523293664","n":"Shirugu North US 17","t":"us","c":"Kakamega"}},{"type":"Feature","geometry":{"type":"Point","coordinates":[34.780307,0.460812]},"properties":{"id":"523350604","n":"Kalenda North PD 1","t":"pdw","c":"Kakamega"}},{"type":"Feature","geometry":{"type":"Point","coordinates":[34.783163,0.501492]},"properties":{"id":"523295075","n":"LUTONYI PD 11","t":"pdw","c":"Kakamega"}},{"type":"Feature","geometry":{"type":"Point","coordinates":[34.833697,0.436345]},"properties":{"id":"523347941","n":"Lutali A BH 24","t":"bh","c":"Kakamega"}},{"type":"Feature","geometry":{"type":"Point","coordinates":[34.773887,0.471237]},"properties":{"id":"13034335","n":"Mukhuyu, Shikanga Spring - 4747","t":"ps","c":"Kakamega"}},{"type":"Feature","geometry":{"type":"Point","coordinates":[34.749153,0.462682]},"properties":{"id":"523244952","n":"Chombeli North PD 11","t":"pdw","c":"Kakamega"}},{"type":"Feature","geometry":{"type":"Point","coordinates":[34.837078,0.448162]},"properties":{"id":"523211518","n":"Emukaniro PD 29","t":"pdw","c":"Kakamega"}},{"type":"Feature","geometry":{"type":"Point","coordinates":[34.829673,0.453083]},"properties":{"id":"523354873","n":"Malava A PD 16","t":"pdw","c":"Kakamega"}},{"type":"Feature","geometry":{"type":"Point","coordinates":[34.821877,0.450757]},"properties":{"id":"523275466","n":"Imbinga PD 6","t":"pdw","c":"Kakamega"}},{"type":"Feature","geometry":{"type":"Point","coordinates":[34.822368,0.430833]},"properties":{"id":"523217875","n":"Musungu A PD 6","t":"pdw","c":"Kakamega"}},{"type":"Feature","geometry":{"type":"Point","coordinates":[34.83702,0.44837]},"properties":{"id":"523305161","n":"Emukaniro 27","t":"pdw","c":"Kakamega"}},{"type":"Feature","geometry":{"type":"Point","coordinates":[34.820492,0.44361]},"properties":{"id":"523298614","n":"Imbinga PD 1","t":"pdw","c":"Kakamega"}},{"type":"Feature","geometry":{"type":"Point","coordinates":[34.807762,0.444065]},"properties":{"id":"523247443","n":"Mugai A PD 9","t":"pdw","c":"Kakamega"}},{"type":"Feature","geometry":{"type":"Point","coordinates":[34.747942,0.461152]},"properties":{"id":"523223153","n":"Chombeli North PD 9","t":"pdw","c":"Kakamega"}},{"type":"Feature","geometry":{"type":"Point","coordinates":[34.754435,0.485397]},"properties":{"id":"523329499","n":"Mavusi C PD 5","t":"pdw","c":"Kakamega"}},{"type":"Feature","geometry":{"type":"Point","coordinates":[34.79574,0.466977]},"properties":{"id":"523315890","n":"Shirugu North PD 6","t":"pdw","c":"Kakamega"}},{"type":"Feature","geometry":{"type":"Point","coordinates":[34.765603,0.49159]},"properties":{"id":"523249878","n":"Mavusi A PD 6","t":"pdw","c":"Kakamega"}},{"type":"Feature","geometry":{"type":"Point","coordinates":[34.792652,0.454438]},"properties":{"id":"523344357","n":"Malekha West PD 10","t":"pdw","c":"Kakamega"}},{"type":"Feature","geometry":{"type":"Point","coordinates":[34.786627,0.442487]},"properties":{"id":"523289096","n":"Muchanja PD 2","t":"pdw","c":"Kakamega"}},{"type":"Feature","geometry":{"type":"Point","coordinates":[34.754803,0.499375]},"properties":{"id":"75310","n":"Vashele Primary School Borehole - 28","t":"bh","c":"Kakamega"}},{"type":"Feature","geometry":{"type":"Point","coordinates":[34.789915,0.470395]},"properties":{"id":"648682653","n":"Shirugu Community, John Sitala Spring - 410003","t":"ps","c":"Kakamega"}},{"type":"Feature","geometry":{"type":"Point","coordinates":[34.794638,0.472138]},"properties":{"id":"523273938","n":"LWICHI PD 3","t":"pdw","c":"Kakamega"}},{"type":"Feature","geometry":{"type":"Point","coordinates":[34.842889,0.460769]},"properties":{"id":"523230827","n":"Makhwabuye PS 9","t":"ps","c":"Kakamega"}},{"type":"Feature","geometry":{"type":"Point","coordinates":[34.812002,0.43677]},"properties":{"id":"523354969","n":"Sundulo A PD 31","t":"pdw","c":"Kakamega"}},{"type":"Feature","geometry":{"type":"Point","coordinates":[34.829033,0.460873]},"properties":{"id":"523345918","n":"Lukala PS 3","t":"ps","c":"Kakamega"}},{"type":"Feature","geometry":{"type":"Point","coordinates":[34.751765,0.45615]},"properties":{"id":"523207847","n":"Chombeli south BH","t":"bh","c":"Kakamega"}},{"type":"Feature","geometry":{"type":"Point","coordinates":[34.830793,0.435232]},"properties":{"id":"523206183","n":"Lutali A PS 21","t":"ps","c":"Kakamega"}},{"type":"Feature","geometry":{"type":"Point","coordinates":[34.773385,0.49217]},"properties":{"id":"523267533","n":"Mavusi C PD 18","t":"pdw","c":"Kakamega"}},{"type":"Feature","geometry":{"type":"Point","coordinates":[34.767728,0.475112]},"properties":{"id":"523294517","n":"Sheywe A PD 13","t":"pdw","c":"Kakamega"}},{"type":"Feature","geometry":{"type":"Point","coordinates":[34.788315,0.441585]},"properties":{"id":"523223665","n":"Muchanja PD 6","t":"pdw","c":"Kakamega"}},{"type":"Feature","geometry":{"type":"Point","coordinates":[34.804874,0.44738]},"properties":{"id":"84830641","n":"Malekha Central Community, Misiko Spring - 21061","t":"ps","c":"Kakamega"}},{"type":"Feature","geometry":{"type":"Point","coordinates":[34.84434,0.431755]},"properties":{"id":"523293688","n":"Shivikhwa B PD 7","t":"pdw","c":"Kakamega"}},{"type":"Feature","geometry":{"type":"Point","coordinates":[34.837585,0.459127]},"properties":{"id":"523306162","n":"Makwabuye PD","t":"pdw","c":"Kakamega"}},{"type":"Feature","geometry":{"type":"Point","coordinates":[34.816278,0.45408]},"properties":{"id":"523327703","n":"Malekha East PD 2","t":"pdw","c":"Kakamega"}},{"type":"Feature","geometry":{"type":"Point","coordinates":[34.769738,0.467712]},"properties":{"id":"523207524","n":"Sheywe B PD 24","t":"pdw","c":"Kakamega"}},{"type":"Feature","geometry":{"type":"Point","coordinates":[34.828003,0.443315]},"properties":{"id":"523311803","n":"Malava A PD 31","t":"pdw","c":"Kakamega"}},{"type":"Feature","geometry":{"type":"Point","coordinates":[34.818423,0.438808]},"properties":{"id":"523197397","n":"Shikoshe B US 2","t":"us","c":"Kakamega"}},{"type":"Feature","geometry":{"type":"Point","coordinates":[34.82708,0.44252]},"properties":{"id":"523300764","n":"Malanga B 7","t":"pdw","c":"Kakamega"}},{"type":"Feature","geometry":{"type":"Point","coordinates":[34.802498,0.458065]},"properties":{"id":"523211594","n":"Malekha central US 11","t":"us","c":"Kakamega"}},{"type":"Feature","geometry":{"type":"Point","coordinates":[34.808437,0.447427]},"properties":{"id":"523236672","n":"Malekha central US 16","t":"us","c":"Kakamega"}},{"type":"Feature","geometry":{"type":"Point","coordinates":[34.796838,0.432045]},"properties":{"id":"523208893","n":"Chiterezi PD 12","t":"pdw","c":"Kakamega"}},{"type":"Feature","geometry":{"type":"Point","coordinates":[34.81249,0.455543]},"properties":{"id":"523259954","n":"Malekha East US 11","t":"us","c":"Kakamega"}},{"type":"Feature","geometry":{"type":"Point","coordinates":[34.80913,0.43819]},"properties":{"id":"523342850","n":"Mugai A PD 11","t":"pdw","c":"Kakamega"}},{"type":"Feature","geometry":{"type":"Point","coordinates":[34.776377,0.458868]},"properties":{"id":"523317067","n":"Kalenda North PD 11","t":"pdw","c":"Kakamega"}},{"type":"Feature","geometry":{"type":"Point","coordinates":[34.782258,0.479008]},"properties":{"id":"523227858","n":"Tsivaka PD 2","t":"pdw","c":"Kakamega"}},{"type":"Feature","geometry":{"type":"Point","coordinates":[34.761077,0.477697]},"properties":{"id":"523345217","n":"Sheywe B PD 4","t":"pdw","c":"Kakamega"}},{"type":"Feature","geometry":{"type":"Point","coordinates":[34.832258,0.468923]},"properties":{"id":"523311494","n":"Makhwabuye US 14","t":"us","c":"Kakamega"}},{"type":"Feature","geometry":{"type":"Point","coordinates":[34.806418,0.43044]},"properties":{"id":"523295343","n":"Sundulo A PD 6","t":"pdw","c":"Kakamega"}},{"type":"Feature","geometry":{"type":"Point","coordinates":[34.775103,0.454679]},"properties":{"id":"71551393","n":"Kalenda B, Lumbasi Spring - 19140","t":"ps","c":"Kakamega"}},{"type":"Feature","geometry":{"type":"Point","coordinates":[34.788638,0.480092]},"properties":{"id":"523265823","n":"Luyeshe lwichi PD 7","t":"pdw","c":"Kakamega"}},{"type":"Feature","geometry":{"type":"Point","coordinates":[34.760628,0.483517]},"properties":{"id":"523253745","n":"Mavusi C PD 15","t":"pdw","c":"Kakamega"}},{"type":"Feature","geometry":{"type":"Point","coordinates":[34.81428,0.457937]},"properties":{"id":"523320500","n":"Malekha East US 10","t":"us","c":"Kakamega"}},{"type":"Feature","geometry":{"type":"Point","coordinates":[34.792385,0.472627]},"properties":{"id":"523277200","n":"Shirugu North PD 12","t":"pdw","c":"Kakamega"}},{"type":"Feature","geometry":{"type":"Point","coordinates":[34.795337,0.432337]},"properties":{"id":"523215684","n":"Chiterezi UPD 11","t":"udw","c":"Kakamega"}},{"type":"Feature","geometry":{"type":"Point","coordinates":[34.797483,0.453395]},"properties":{"id":"523312811","n":"Malekha West PD 14","t":"pdw","c":"Kakamega"}},{"type":"Feature","geometry":{"type":"Point","coordinates":[34.77748,0.462383]},"properties":{"id":"523221584","n":"Sheywe B PD 30","t":"pdw","c":"Kakamega"}},{"type":"Feature","geometry":{"type":"Point","coordinates":[34.779667,0.441387]},"properties":{"id":"523236201","n":"Shikokwe PD 8","t":"pdw","c":"Kakamega"}},{"type":"Feature","geometry":{"type":"Point","coordinates":[34.762363,0.490773]},"properties":{"id":"523227731","n":"Mavusi A PS 10","t":"ps","c":"Kakamega"}},{"type":"Feature","geometry":{"type":"Point","coordinates":[34.817012,0.45425]},"properties":{"id":"523348100","n":"Malekha East PD 3","t":"pdw","c":"Kakamega"}},{"type":"Feature","geometry":{"type":"Point","coordinates":[34.851163,0.434088]},"properties":{"id":"523320672","n":"Lusumu B US 1","t":"us","c":"Kakamega"}},{"type":"Feature","geometry":{"type":"Point","coordinates":[34.780235,0.46029]},"properties":{"id":"523297534","n":"Kalenda North PD 2","t":"pdw","c":"Kakamega"}},{"type":"Feature","geometry":{"type":"Point","coordinates":[34.831941,0.469865]},"properties":{"id":"523283571","n":"Matioli PS 11","t":"ps","c":"Kakamega"}},{"type":"Feature","geometry":{"type":"Point","coordinates":[34.811308,0.43233]},"properties":{"id":"523280949","n":"Sundulo A US 26","t":"us","c":"Kakamega"}},{"type":"Feature","geometry":{"type":"Point","coordinates":[34.811015,0.440392]},"properties":{"id":"523332808","n":"Mugai A PD 6","t":"udw","c":"Kakamega"}},{"type":"Feature","geometry":{"type":"Point","coordinates":[34.77855,0.461348]},"properties":{"id":"523256298","n":"Kalenda North PD 5","t":"pdw","c":"Kakamega"}},{"type":"Feature","geometry":{"type":"Point","coordinates":[34.836318,0.442735]},"properties":{"id":"523274111","n":"Malanga PD 4","t":"pdw","c":"Kakamega"}},{"type":"Feature","geometry":{"type":"Point","coordinates":[34.82698,0.438378]},"properties":{"id":"523346531","n":"Malanga B PD 6","t":"pdw","c":"Kakamega"}},{"type":"Feature","geometry":{"type":"Point","coordinates":[34.831697,0.459023]},"properties":{"id":"523200132","n":"Lukala PD 56","t":"pdw","c":"Kakamega"}},{"type":"Feature","geometry":{"type":"Point","coordinates":[34.829235,0.456223]},"properties":{"id":"523261458","n":"Upper lukala PD 7","t":"pdw","c":"Kakamega"}},{"type":"Feature","geometry":{"type":"Point","coordinates":[34.835122,0.459515]},"properties":{"id":"523332042","n":"Makhwabuye PD 26","t":"pdw","c":"Kakamega"}},{"type":"Feature","geometry":{"type":"Point","coordinates":[34.821758,0.44292]},"properties":{"id":"523296021","n":"Malava B PD 9","t":"pdw","c":"Kakamega"}},{"type":"Feature","geometry":{"type":"Point","coordinates":[34.787663,0.472162]},"properties":{"id":"84829650","n":"Luyeshe Community, Khausi Spring - 21020","t":"ps","c":"Kakamega"}},{"type":"Feature","geometry":{"type":"Point","coordinates":[34.804832,0.459795]},"properties":{"id":"523294658","n":"Malekha central PD 11","t":"pdw","c":"Kakamega"}},{"type":"Feature","geometry":{"type":"Point","coordinates":[34.774649,0.449293]},"properties":{"id":"71549521","n":"Kalenda A, Webo Simali Spring - 19127","t":"ps","c":"Kakamega"}},{"type":"Feature","geometry":{"type":"Point","coordinates":[34.805558,0.467049]},"properties":{"id":"523311061","n":"Shipala West PD 5","t":"pdw","c":"Kakamega"}},{"type":"Feature","geometry":{"type":"Point","coordinates":[34.836907,0.460718]},"properties":{"id":"523217703","n":"Makhwabuye PD 23","t":"pdw","c":"Kakamega"}},{"type":"Feature","geometry":{"type":"Point","coordinates":[34.754199,0.496614]},"properties":{"id":"523308645","n":"VASHELE A PD 5","t":"pdw","c":"Kakamega"}},{"type":"Feature","geometry":{"type":"Point","coordinates":[34.804168,0.464118]},"properties":{"id":"523212746","n":"Shipala West PS 13","t":"ps","c":"Kakamega"}},{"type":"Feature","geometry":{"type":"Point","coordinates":[34.815785,0.442098]},"properties":{"id":"523227683","n":"Imbinga PS 15","t":"ps","c":"Kakamega"}},{"type":"Feature","geometry":{"type":"Point","coordinates":[34.81144,0.461254]},"properties":{"id":"523342946","n":"Shipala East PD 3","t":"pdw","c":"Kakamega"}},{"type":"Feature","geometry":{"type":"Point","coordinates":[34.753212,0.483863]},"properties":{"id":"523274489","n":"Mavusi C US 4","t":"us","c":"Kakamega"}},{"type":"Feature","geometry":{"type":"Point","coordinates":[34.777638,0.496895]},"properties":{"id":"523257309","n":"LUGUSI PD 12","t":"pdw","c":"Kakamega"}},{"type":"Feature","geometry":{"type":"Point","coordinates":[34.760407,0.474762]},"properties":{"id":"523268572","n":"Sheywe B PD 7","t":"udw","c":"Kakamega"}},{"type":"Feature","geometry":{"type":"Point","coordinates":[34.793533,0.43584]},"properties":{"id":"523253116","n":"Muchanja PD 4","t":"pdw","c":"Kakamega"}},{"type":"Feature","geometry":{"type":"Point","coordinates":[34.835112,0.458297]},"properties":{"id":"523239730","n":"Makhwabuye BH 28","t":"bh","c":"Kakamega"}},{"type":"Feature","geometry":{"type":"Point","coordinates":[34.810947,0.44208]},"properties":{"id":"523205728","n":"Mugai A 7","t":"us","c":"Kakamega"}},{"type":"Feature","geometry":{"type":"Point","coordinates":[34.807785,0.436732]},"properties":{"id":"523330648","n":"Mugai A PD 1","t":"pdw","c":"Kakamega"}},{"type":"Feature","geometry":{"type":"Point","coordinates":[34.789845,0.447778]},"properties":{"id":"523219097","n":"Muchanja PD 16","t":"pdw","c":"Kakamega"}},{"type":"Feature","geometry":{"type":"Point","coordinates":[34.757572,0.483472]},"properties":{"id":"523208219","n":"Mavusi C PS 8","t":"ps","c":"Kakamega"}},{"type":"Feature","geometry":{"type":"Point","coordinates":[34.840017,0.462262]},"properties":{"id":"523316334","n":"Makhwabuye Ps 3","t":"ps","c":"Kakamega"}},{"type":"Feature","geometry":{"type":"Point","coordinates":[34.810745,0.438883]},"properties":{"id":"523321178","n":"Mugai A PS 5","t":"ps","c":"Kakamega"}},{"type":"Feature","geometry":{"type":"Point","coordinates":[34.761685,0.473558]},"properties":{"id":"523347714","n":"Sheywe B PD 10","t":"pdw","c":"Kakamega"}},{"type":"Feature","geometry":{"type":"Point","coordinates":[34.827252,0.448883]},"properties":{"id":"523233796","n":"Malava A US 21","t":"us","c":"Kakamega"}},{"type":"Feature","geometry":{"type":"Point","coordinates":[34.831802,0.449688]},"properties":{"id":"523262198","n":"Malava A PD 6","t":"pdw","c":"Kakamega"}},{"type":"Feature","geometry":{"type":"Point","coordinates":[34.827062,0.446387]},"properties":{"id":"523316073","n":"Malava A PD 28","t":"pdw","c":"Kakamega"}},{"type":"Feature","geometry":{"type":"Point","coordinates":[34.82573,0.445693]},"properties":{"id":"523314112","n":"Malava B PD 2","t":"pdw","c":"Kakamega"}},{"type":"Feature","geometry":{"type":"Point","coordinates":[34.75159,0.47449]},"properties":{"id":"41047688","n":"Sambuli, Nechesa Murambi Spring - 19109","t":"ps","c":"Kakamega"}},{"type":"Feature","geometry":{"type":"Point","coordinates":[34.830563,0.45098]},"properties":{"id":"523276247","n":"Malava A PD 9","t":"pdw","c":"Kakamega"}},{"type":"Feature","geometry":{"type":"Point","coordinates":[34.764628,0.464437]},"properties":{"id":"523216702","n":"Samitsi PD 15","t":"pdw","c":"Kakamega"}},{"type":"Feature","geometry":{"type":"Point","coordinates":[34.788533,0.466175]},"properties":{"id":"523234522","n":"Shirugu North PD 23","t":"pdw","c":"Kakamega"}},{"type":"Feature","geometry":{"type":"Point","coordinates":[34.752617,0.456718]},"properties":{"id":"523206798","n":"Chombeli South PD 8","t":"pdw","c":"Kakamega"}},{"type":"Feature","geometry":{"type":"Point","coordinates":[34.838934,0.447978]},"properties":{"id":"574294427","n":"Malava Primary School - 22233","t":"bh","c":"Kakamega","d":80.0}},{"type":"Feature","geometry":{"type":"Point","coordinates":[34.825228,0.463818]},"properties":{"id":"523300489","n":"Lower lukala PD 8","t":"pdw","c":"Kakamega"}},{"type":"Feature","geometry":{"type":"Point","coordinates":[34.77062,0.494781]},"properties":{"id":"523230298","n":"LUGUSI UD 7","t":"udw","c":"Kakamega"}},{"type":"Feature","geometry":{"type":"Point","coordinates":[34.802328,0.435495]},"properties":{"id":"523321381","n":"Mugai B 2","t":"pdw","c":"Kakamega"}},{"type":"Feature","geometry":{"type":"Point","coordinates":[34.828438,0.429983]},"properties":{"id":"523345987","n":"Musungu A US 8","t":"us","c":"Kakamega"}},{"type":"Feature","geometry":{"type":"Point","coordinates":[34.764108,0.473095]},"properties":{"id":"523236218","n":"Sheywe B PD 13","t":"pdw","c":"Kakamega"}},{"type":"Feature","geometry":{"type":"Point","coordinates":[34.769946,0.479342]},"properties":{"id":"1027480","n":"Sheywe Primary School Borehole - 4349","t":"bh","c":"Kakamega"}},{"type":"Feature","geometry":{"type":"Point","coordinates":[34.820641,0.463208]},"properties":{"id":"523194222","n":"Shisumi PD 1","t":"pdw","c":"Kakamega"}},{"type":"Feature","geometry":{"type":"Point","coordinates":[34.812648,0.437005]},"properties":{"id":"523277808","n":"Sundulo A PD 32","t":"pdw","c":"Kakamega"}},{"type":"Feature","geometry":{"type":"Point","coordinates":[34.768943,0.479748]},"properties":{"id":"523259064","n":"Sheywe A PD 1","t":"pdw","c":"Kakamega"}},{"type":"Feature","geometry":{"type":"Point","coordinates":[34.763793,0.491775]},"properties":{"id":"523215639","n":"Mavusi A PD 11","t":"pdw","c":"Kakamega"}},{"type":"Feature","geometry":{"type":"Point","coordinates":[34.76258,0.486297]},"properties":{"id":"523222396","n":"Mavusi C PD 27","t":"pdw","c":"Kakamega"}},{"type":"Feature","geometry":{"type":"Point","coordinates":[34.767877,0.483393]},"properties":{"id":"523277475","n":"Sheywe A PS 4","t":"ps","c":"Kakamega"}},{"type":"Feature","geometry":{"type":"Point","coordinates":[34.750945,0.485307]},"properties":{"id":"523252490","n":"Mavusi B PD 4","t":"pdw","c":"Kakamega"}},{"type":"Feature","geometry":{"type":"Point","coordinates":[34.827301,0.474841]},"properties":{"id":"523334381","n":"Lunyironi BH 11","t":"bh","c":"Kakamega"}},{"type":"Feature","geometry":{"type":"Point","coordinates":[34.762813,0.487117]},"properties":{"id":"523199698","n":"Mavusi C PD 26","t":"pdw","c":"Kakamega"}},{"type":"Feature","geometry":{"type":"Point","coordinates":[34.807245,0.442193]},"properties":{"id":"523216465","n":"Mugai A PD 11","t":"pdw","c":"Kakamega"}},{"type":"Feature","geometry":{"type":"Point","coordinates":[34.78892,0.493972]},"properties":{"id":"736922977","n":"Chegulo Market - 430012","t":"bh","c":"Kakamega","d":48.2}},{"type":"Feature","geometry":{"type":"Point","coordinates":[34.765942,0.478922]},"properties":{"id":"523250625","n":"Sheywe A PD 8","t":"pdw","c":"Kakamega"}},{"type":"Feature","geometry":{"type":"Point","coordinates":[34.77119,0.46499]},"properties":{"id":"523349118","n":"Sheywe B PD 37","t":"pdw","c":"Kakamega"}},{"type":"Feature","geometry":{"type":"Point","coordinates":[34.783383,0.470263]},"properties":{"id":"523343758","n":"Tsivaka PD 22","t":"pdw","c":"Kakamega"}},{"type":"Feature","geometry":{"type":"Point","coordinates":[34.799798,0.434642]},"properties":{"id":"523354921","n":"Muchanja PD 31","t":"pdw","c":"Kakamega"}},{"type":"Feature","geometry":{"type":"Point","coordinates":[34.839559,0.464666]},"properties":{"id":"523239280","n":"Makhwabuye PS 8","t":"ps","c":"Kakamega"}},{"type":"Feature","geometry":{"type":"Point","coordinates":[34.823535,0.475642]},"properties":{"id":"523238650","n":"Lunyironi PD 17","t":"pdw","c":"Kakamega"}},{"type":"Feature","geometry":{"type":"Point","coordinates":[34.80049,0.469137]},"properties":{"id":"523219523","n":"SHIPALA PD 15","t":"pdw","c":"Kakamega"}},{"type":"Feature","geometry":{"type":"Point","coordinates":[34.836067,0.450792]},"properties":{"id":"523341976","n":"Emukaniro PD 21","t":"pdw","c":"Kakamega"}},{"type":"Feature","geometry":{"type":"Point","coordinates":[34.849415,0.44758]},"properties":{"id":"523313458","n":"Apline PD 4","t":"pdw","c":"Kakamega"}},{"type":"Feature","geometry":{"type":"Point","coordinates":[34.793903,0.470583]},"properties":{"id":"523229128","n":"Shirugu North PD 10","t":"pdw","c":"Kakamega"}},{"type":"Feature","geometry":{"type":"Point","coordinates":[34.771037,0.462167]},"properties":{"id":"523299000","n":"Samitsi PD 6","t":"pdw","c":"Kakamega"}},{"type":"Feature","geometry":{"type":"Point","coordinates":[34.755717,0.495875]},"properties":{"id":"523288875","n":"VASHELE A PD 7","t":"pdw","c":"Kakamega"}},{"type":"Feature","geometry":{"type":"Point","coordinates":[34.786972,0.463257]},"properties":{"id":"523268527","n":"Shirugu south PD 5","t":"pdw","c":"Kakamega"}},{"type":"Feature","geometry":{"type":"Point","coordinates":[34.777503,0.481628]},"properties":{"id":"523255936","n":"Tsivaka PD 6","t":"pdw","c":"Kakamega"}},{"type":"Feature","geometry":{"type":"Point","coordinates":[34.832689,0.45409]},"properties":{"id":"385569415","n":"Makhwabuye Community, Takanyi Spring - 22036","t":"ps","c":"Kakamega"}},{"type":"Feature","geometry":{"type":"Point","coordinates":[34.76943,0.49531]},"properties":{"id":"523223373","n":"LUGUSI PD 5","t":"pdw","c":"Kakamega"}},{"type":"Feature","geometry":{"type":"Point","coordinates":[34.764465,0.493924]},"properties":{"id":"523268905","n":"LUGUSI PD 2","t":"pdw","c":"Kakamega"}},{"type":"Feature","geometry":{"type":"Point","coordinates":[34.785702,0.468013]},"properties":{"id":"523247618","n":"Shirugu North PD 21","t":"pdw","c":"Kakamega"}},{"type":"Feature","geometry":{"type":"Point","coordinates":[34.8308,0.452642]},"properties":{"id":"523317737","n":"Upper lukala PD 4","t":"pdw","c":"Kakamega"}},{"type":"Feature","geometry":{"type":"Point","coordinates":[34.775707,0.460277]},"properties":{"id":"523271187","n":"Kalenda North PD 6","t":"pdw","c":"Kakamega"}},{"type":"Feature","geometry":{"type":"Point","coordinates":[34.804612,0.43562]},"properties":{"id":"523268668","n":"Mugai B PS 1","t":"ps","c":"Kakamega"}},{"type":"Feature","geometry":{"type":"Point","coordinates":[34.837808,0.45315]},"properties":{"id":"523230511","n":"Makwabuye PD 11","t":"pdw","c":"Kakamega"}},{"type":"Feature","geometry":{"type":"Point","coordinates":[34.753282,0.461647]},"properties":{"id":"523240398","n":"Chombeli North PD 16","t":"pdw","c":"Kakamega"}},{"type":"Feature","geometry":{"type":"Point","coordinates":[34.753993,0.487778]},"properties":{"id":"523216049","n":"Mavusi B PD 9","t":"pdw","c":"Kakamega"}},{"type":"Feature","geometry":{"type":"Point","coordinates":[34.784633,0.480212]},"properties":{"id":"523243487","n":"Luyeshe lwichi PD 9","t":"pdw","c":"Kakamega"}},{"type":"Feature","geometry":{"type":"Point","coordinates":[34.833918,0.469003]},"properties":{"id":"523287623","n":"Makhwabuye US 17","t":"us","c":"Kakamega"}},{"type":"Feature","geometry":{"type":"Point","coordinates":[34.770757,0.460035]},"properties":{"id":"523290441","n":"Samitsi PS 5","t":"ps","c":"Kakamega"}},{"type":"Feature","geometry":{"type":"Point","coordinates":[34.836173,0.452107]},"properties":{"id":"523354581","n":"Emukaniro PD 23","t":"pdw","c":"Kakamega"}},{"type":"Feature","geometry":{"type":"Point","coordinates":[34.808029,0.466752]},"properties":{"id":"523323204","n":"Shipala West PD 7","t":"pdw","c":"Kakamega"}},{"type":"Feature","geometry":{"type":"Point","coordinates":[34.784659,0.501384]},"properties":{"id":"523310118","n":"LUTONYI PD 12","t":"pdw","c":"Kakamega"}},{"type":"Feature","geometry":{"type":"Point","coordinates":[34.80497,0.43864]},"properties":{"id":"272020166","n":"Sundulo B Community, Luvisia Spring - 21060","t":"ps","c":"Kakamega"}},{"type":"Feature","geometry":{"type":"Point","coordinates":[34.835348,0.46089]},"properties":{"id":"523307668","n":"Makwabuye PD 1","t":"pdw","c":"Kakamega"}},{"type":"Feature","geometry":{"type":"Point","coordinates":[34.783835,0.467227]},"properties":{"id":"523338354","n":"Fugifuvili PD 17","t":"pdw","c":"Kakamega"}},{"type":"Feature","geometry":{"type":"Point","coordinates":[34.763912,0.489455]},"properties":{"id":"523299206","n":"Mavusi A PD 10","t":"pdw","c":"Kakamega"}},{"type":"Feature","geometry":{"type":"Point","coordinates":[34.847432,0.430818]},"properties":{"id":"523198477","n":"Shivikhwa B PD 10","t":"pdw","c":"Kakamega"}},{"type":"Feature","geometry":{"type":"Point","coordinates":[34.794437,0.449125]},"properties":{"id":"523285913","n":"Malekha West PS 18","t":"ps","c":"Kakamega"}},{"type":"Feature","geometry":{"type":"Point","coordinates":[34.765223,0.470283]},"properties":{"id":"523312732","n":"Sheywe B PS 19","t":"ps","c":"Kakamega"}},{"type":"Feature","geometry":{"type":"Point","coordinates":[34.780993,0.489978]},"properties":{"id":"523218663","n":"Luyeshe lwichi PS 13","t":"ps","c":"Kakamega"}},{"type":"Feature","geometry":{"type":"Point","coordinates":[34.843832,0.43269]},"properties":{"id":"523286385","n":"Shivikhwa B PD 7","t":"pdw","c":"Kakamega"}},{"type":"Feature","geometry":{"type":"Point","coordinates":[34.78893,0.476792]},"properties":{"id":"523343624","n":"Luyeshe/lwichi PS 4","t":"ps","c":"Kakamega"}},{"type":"Feature","geometry":{"type":"Point","coordinates":[34.772136,0.456333]},"properties":{"id":"329034760","n":"Kalenda A Community, Sanya Spring - 21023","t":"ps","c":"Kakamega"}},{"type":"Feature","geometry":{"type":"Point","coordinates":[34.832058,0.458707]},"properties":{"id":"523193142","n":"Lukala PD 7","t":"pdw","c":"Kakamega"}},{"type":"Feature","geometry":{"type":"Point","coordinates":[34.767432,0.464235]},"properties":{"id":"523265469","n":"Samitsi PD 9","t":"pdw","c":"Kakamega"}},{"type":"Feature","geometry":{"type":"Point","coordinates":[34.781118,0.462087]},"properties":{"id":"17388313","n":"Futsi Fuvili, Simeon Shamaka Spring - 18150","t":"ps","c":"Kakamega"}},{"type":"Feature","geometry":{"type":"Point","coordinates":[34.80268,0.436135]},"properties":{"id":"523228495","n":"Mugai B PD 3","t":"pdw","c":"Kakamega"}},{"type":"Feature","geometry":{"type":"Point","coordinates":[34.774377,0.464345]},"properties":{"id":"523198398","n":"Sheywe B PD 34","t":"pdw","c":"Kakamega"}},{"type":"Feature","geometry":{"type":"Point","coordinates":[34.777008,0.459887]},"properties":{"id":"523255668","n":"Kalenda North PD 10","t":"pdw","c":"Kakamega"}},{"type":"Feature","geometry":{"type":"Point","coordinates":[34.819798,0.446772]},"properties":{"id":"523300458","n":"Imbinga US 5","t":"us","c":"Kakamega"}},{"type":"Feature","geometry":{"type":"Point","coordinates":[34.773632,0.477303]},"properties":{"id":"523222499","n":"Fugifuvili PD 5","t":"pdw","c":"Kakamega"}},{"type":"Feature","geometry":{"type":"Point","coordinates":[34.770142,0.495365]},"properties":{"id":"523283375","n":"LUGUSI UD 6","t":"udw","c":"Kakamega"}},{"type":"Feature","geometry":{"type":"Point","coordinates":[34.8112,0.462007]},"properties":{"id":"523261324","n":"Shipala East US 5","t":"us","c":"Kakamega"}},{"type":"Feature","geometry":{"type":"Point","coordinates":[34.758914,0.494324]},"properties":{"id":"523261630","n":"VASHELE A PS 11","t":"ps","c":"Kakamega"}},{"type":"Feature","geometry":{"type":"Point","coordinates":[34.783535,0.4791]},"properties":{"id":"523304397","n":"Luyeshe lwichi PD 9","t":"pdw","c":"Kakamega"}},{"type":"Feature","geometry":{"type":"Point","coordinates":[34.784588,0.450458]},"properties":{"id":"523271998","n":"Muchanja PD 19","t":"pdw","c":"Kakamega"}},{"type":"Feature","geometry":{"type":"Point","coordinates":[34.799665,0.434625]},"properties":{"id":"523309244","n":"Muchanja PD 32","t":"pdw","c":"Kakamega"}},{"type":"Feature","geometry":{"type":"Point","coordinates":[34.813638,0.441453]},"properties":{"id":"523280530","n":"Imbinga PS 14","t":"ps","c":"Kakamega"}},{"type":"Feature","geometry":{"type":"Point","coordinates":[34.758165,0.48247]},"properties":{"id":"523240776","n":"Mavusi C PD 11","t":"pdw","c":"Kakamega"}},{"type":"Feature","geometry":{"type":"Point","coordinates":[34.785188,0.448743]},"properties":{"id":"523305013","n":"Muchanja PS 22","t":"ps","c":"Kakamega"}},{"type":"Feature","geometry":{"type":"Point","coordinates":[34.829798,0.472358]},"properties":{"id":"523318831","n":"Matioli PD 9","t":"pdw","c":"Kakamega"}},{"type":"Feature","geometry":{"type":"Point","coordinates":[34.815638,0.462394]},"properties":{"id":"523200558","n":"Shipala East BH 7","t":"bh","c":"Kakamega"}},{"type":"Feature","geometry":{"type":"Point","coordinates":[34.852945,0.438475]},"properties":{"id":"523257433","n":"Isanjiro B PD 1","t":"pdw","c":"Kakamega"}},{"type":"Feature","geometry":{"type":"Point","coordinates":[34.80569,0.438342]},"properties":{"id":"523284778","n":"Mugai A PS 2","t":"ps","c":"Kakamega"}},{"type":"Feature","geometry":{"type":"Point","coordinates":[34.854802,0.43368]},"properties":{"id":"523279336","n":"Isanjiro B PD 4","t":"pdw","c":"Kakamega"}},{"type":"Feature","geometry":{"type":"Point","coordinates":[34.785462,0.47425]},"properties":{"id":"523212760","n":"Luyeshe/lwichi PD 1","t":"pdw","c":"Kakamega"}},{"type":"Feature","geometry":{"type":"Point","coordinates":[34.755112,0.497804]},"properties":{"id":"523348519","n":"VASHELE A PD 3","t":"pdw","c":"Kakamega"}},{"type":"Feature","geometry":{"type":"Point","coordinates":[34.797245,0.462809]},"properties":{"id":"523304885","n":"Shipala West PS 16","t":"ps","c":"Kakamega"}},{"type":"Feature","geometry":{"type":"Point","coordinates":[34.83305,0.435072]},"properties":{"id":"523252476","n":"Lutali A PD 23","t":"pdw","c":"Kakamega"}},{"type":"Feature","geometry":{"type":"Point","coordinates":[34.8244,0.464003]},"properties":{"id":"711144080","n":"Lukala Secondary School - 410023","t":"bh","c":"Kakamega","d":80.0}},{"type":"Feature","geometry":{"type":"Point","coordinates":[34.783978,0.474178]},"properties":{"id":"523285755","n":"Tsivaka PD 19","t":"pdw","c":"Kakamega"}},{"type":"Feature","geometry":{"type":"Point","coordinates":[34.760605,0.469893]},"properties":{"id":"523233985","n":"Samitsi PS 16","t":"ps","c":"Kakamega"}},{"type":"Feature","geometry":{"type":"Point","coordinates":[34.8324,0.453555]},"properties":{"id":"523298432","n":"Lukala PS 14","t":"ps","c":"Kakamega"}},{"type":"Feature","geometry":{"type":"Point","coordinates":[34.835748,0.451582]},"properties":{"id":"523264413","n":"Emukaniro PD 19","t":"pdw","c":"Kakamega"}},{"type":"Feature","geometry":{"type":"Point","coordinates":[34.835488,0.448517]},"properties":{"id":"523269360","n":"Emukaniro PD 32","t":"pdw","c":"Kakamega"}},{"type":"Feature","geometry":{"type":"Point","coordinates":[34.834386,0.474998]},"properties":{"id":"523228103","n":"Lunyironi PD 5","t":"pdw","c":"Kakamega"}},{"type":"Feature","geometry":{"type":"Point","coordinates":[34.79538,0.465215]},"properties":{"id":"523341914","n":"Shirugu North PD 2","t":"pdw","c":"Kakamega"}},{"type":"Feature","geometry":{"type":"Point","coordinates":[34.825407,0.459675]},"properties":{"id":"523250515","n":"Upper lukala PS 9","t":"ps","c":"Kakamega"}},{"type":"Feature","geometry":{"type":"Point","coordinates":[34.76023,0.472673]},"properties":{"id":"523329169","n":"Sheywe B US 9","t":"us","c":"Kakamega"}},{"type":"Feature","geometry":{"type":"Point","coordinates":[34.774208,0.483712]},"properties":{"id":"523222688","n":"Tsivaka US 8","t":"us","c":"Kakamega"}},{"type":"Feature","geometry":{"type":"Point","coordinates":[34.78738,0.471687]},"properties":{"id":"523207263","n":"Shirugu North US 15","t":"us","c":"Kakamega"}},{"type":"Feature","geometry":{"type":"Point","coordinates":[34.791362,0.438267]},"properties":{"id":"523294854","n":"Muchanja US 6","t":"us","c":"Kakamega"}},{"type":"Feature","geometry":{"type":"Point","coordinates":[34.783035,0.47845]},"properties":{"id":"523292780","n":"Tsivaka PD 16","t":"pdw","c":"Kakamega"}},{"type":"Feature","geometry":{"type":"Point","coordinates":[34.785227,0.456965]},"properties":{"id":"47024656","n":"Shirugu, Shapaya Mabonga Spring - 18153","t":"ps","c":"Kakamega"}},{"type":"Feature","geometry":{"type":"Point","coordinates":[34.771883,0.473303]},"properties":{"id":"523343356","n":"Fugifuvili PD 7","t":"pdw","c":"Kakamega"}},{"type":"Feature","geometry":{"type":"Point","coordinates":[34.793245,0.437195]},"properties":{"id":"523256968","n":"Muchanja PD 5","t":"pdw","c":"Kakamega"}},{"type":"Feature","geometry":{"type":"Point","coordinates":[34.796782,0.46896]},"properties":{"id":"523295996","n":"LWICHI US 1","t":"us","c":"Kakamega"}},{"type":"Feature","geometry":{"type":"Point","coordinates":[34.795591,0.470282]},"properties":{"id":"523337274","n":"LWICHI PD 2","t":"pdw","c":"Kakamega"}},{"type":"Feature","geometry":{"type":"Point","coordinates":[34.80002,0.458797]},"properties":{"id":"523288356","n":"Malekha central PD 2","t":"pdw","c":"Kakamega"}},{"type":"Feature","geometry":{"type":"Point","coordinates":[34.812703,0.43568]},"properties":{"id":"523354952","n":"Sundulo A PD 30","t":"pdw","c":"Kakamega"}},{"type":"Feature","geometry":{"type":"Point","coordinates":[34.783006,0.480894]},"properties":{"id":"1027473","n":"Luyeshe Primary School Hand-Dug Well - 4348","t":"pdw","c":"Kakamega"}},{"type":"Feature","geometry":{"type":"Point","coordinates":[34.829208,0.45071]},"properties":{"id":"523354859","n":"Malava A PD 9","t":"pdw","c":"Kakamega"}},{"type":"Feature","geometry":{"type":"Point","coordinates":[34.781955,0.475322]},"properties":{"id":"9352469","n":"Tsivaka, Wefwafwa Spring - 4727","t":"ps","c":"Kakamega"}},{"type":"Feature","geometry":{"type":"Point","coordinates":[34.829101,0.460878]},"properties":{"id":"329034643","n":"Makhwabuyu Community, Shirandula Spring - 21028","t":"ps","c":"Kakamega"}},{"type":"Feature","geometry":{"type":"Point","coordinates":[34.75769,0.499025]},"properties":{"id":"523339056","n":"VASHELE B PD 12","t":"pdw","c":"Kakamega"}},{"type":"Feature","geometry":{"type":"Point","coordinates":[34.756799,0.497275]},"properties":{"id":"523308786","n":"VASHELE A PD 13","t":"pdw","c":"Kakamega"}},{"type":"Feature","geometry":{"type":"Point","coordinates":[34.768095,0.48002]},"properties":{"id":"523348083","n":"Sheywe A PD 2","t":"pdw","c":"Kakamega"}},{"type":"Feature","geometry":{"type":"Point","coordinates":[34.817243,0.435685]},"properties":{"id":"523232472","n":"Shikoshe B PS 3","t":"ps","c":"Kakamega"}},{"type":"Feature","geometry":{"type":"Point","coordinates":[34.812626,0.464598]},"properties":{"id":"523226709","n":"Shipala East PD 13","t":"pdw","c":"Kakamega"}},{"type":"Feature","geometry":{"type":"Point","coordinates":[34.759768,0.48645]},"properties":{"id":"523294184","n":"Mavusi C PD 17","t":"pdw","c":"Kakamega"}},{"type":"Feature","geometry":{"type":"Point","coordinates":[34.757417,0.48457]},"properties":{"id":"523346287","n":"Mavusi C PD 7","t":"pdw","c":"Kakamega"}},{"type":"Feature","geometry":{"type":"Point","coordinates":[34.819052,0.439168]},"properties":{"id":"523288961","n":"Shikoshe B PS 1","t":"ps","c":"Kakamega"}},{"type":"Feature","geometry":{"type":"Point","coordinates":[34.751848,0.484965]},"properties":{"id":"523230676","n":"Mavusi C PD 2","t":"pdw","c":"Kakamega"}},{"type":"Feature","geometry":{"type":"Point","coordinates":[34.829147,0.433207]},"properties":{"id":"523340690","n":"Lutali A PD 20","t":"pdw","c":"Kakamega"}},{"type":"Feature","geometry":{"type":"Point","coordinates":[34.83444,0.449373]},"properties":{"id":"523310534","n":"Emukaniro PS 34","t":"ps","c":"Kakamega"}},{"type":"Feature","geometry":{"type":"Point","coordinates":[34.78952,0.48304]},"properties":{"id":"272020104","n":"Luyeshe North Community, Tom Mulanda Spring - 21046","t":"ps","c":"Kakamega"}},{"type":"Feature","geometry":{"type":"Point","coordinates":[34.789802,0.441208]},"properties":{"id":"523245300","n":"Muchanja PD 7","t":"pdw","c":"Kakamega"}},{"type":"Feature","geometry":{"type":"Point","coordinates":[34.77434,0.463603]},"properties":{"id":"523330370","n":"Sheywe B PD 32","t":"pdw","c":"Kakamega"}},{"type":"Feature","geometry":{"type":"Point","coordinates":[34.826045,0.428263]},"properties":{"id":"523223177","n":"Musungu A PD 9","t":"pdw","c":"Kakamega"}},{"type":"Feature","geometry":{"type":"Point","coordinates":[34.787592,0.446753]},"properties":{"id":"523286309","n":"Muchanja PD 14","t":"pdw","c":"Kakamega"}},{"type":"Feature","geometry":{"type":"Point","coordinates":[34.796445,0.452907]},"properties":{"id":"523279642","n":"Malekha West UD 13","t":"udw","c":"Kakamega"}},{"type":"Feature","geometry":{"type":"Point","coordinates":[34.822222,0.446737]},"properties":{"id":"523231701","n":"Malava B PD 6","t":"pdw","c":"Kakamega"}},{"type":"Feature","geometry":{"type":"Point","coordinates":[34.825122,0.465155]},"properties":{"id":"523294270","n":"Lower lukala Bh 9","t":"bh","c":"Kakamega"}},{"type":"Feature","geometry":{"type":"Point","coordinates":[34.826737,0.471699]},"properties":{"id":"523219884","n":"Matioli PD 6","t":"pdw","c":"Kakamega"}},{"type":"Feature","geometry":{"type":"Point","coordinates":[34.841288,0.463875]},"properties":{"id":"523226802","n":"Makhwabuye PD 7","t":"pdw","c":"Kakamega"}},{"type":"Feature","geometry":{"type":"Point","coordinates":[34.836718,0.463208]},"properties":{"id":"523272274","n":"Makhwabuye PD 21","t":"pdw","c":"Kakamega"}},{"type":"Feature","geometry":{"type":"Point","coordinates":[34.764163,0.493455]},"properties":{"id":"523257275","n":"Mavusi A PD 12","t":"pdw","c":"Kakamega"}},{"type":"Feature","geometry":{"type":"Point","coordinates":[34.797377,0.439267]},"properties":{"id":"523200871","n":"Muchanja PD 25","t":"pdw","c":"Kakamega"}},{"type":"Feature","geometry":{"type":"Point","coordinates":[34.776787,0.458318]},"properties":{"id":"523302450","n":"Kalenda North PD 12","t":"pdw","c":"Kakamega"}},{"type":"Feature","geometry":{"type":"Point","coordinates":[34.79584,0.44626]},"properties":{"id":"523238045","n":"Malekha West PD 21","t":"pdw","c":"Kakamega"}},{"type":"Feature","geometry":{"type":"Point","coordinates":[34.825875,0.466775]},"properties":{"id":"523263656","n":"Lower lukala PD 12","t":"pdw","c":"Kakamega"}},{"type":"Feature","geometry":{"type":"Point","coordinates":[34.76666,0.492668]},"properties":{"id":"523231244","n":"Mavusi A PD 3","t":"pdw","c":"Kakamega"}},{"type":"Feature","geometry":{"type":"Point","coordinates":[34.759115,0.473735]},"properties":{"id":"523258939","n":"Sheywe B PD 7","t":"pdw","c":"Kakamega"}},{"type":"Feature","geometry":{"type":"Point","coordinates":[34.77759,0.456458]},"properties":{"id":"523209760","n":"Kalenda North PD 17","t":"pdw","c":"Kakamega"}},{"type":"Feature","geometry":{"type":"Point","coordinates":[34.813148,0.45245]},"properties":{"id":"523212605","n":"Malekha East PD 1","t":"pdw","c":"Kakamega"}},{"type":"Feature","geometry":{"type":"Point","coordinates":[34.770501,0.456474]},"properties":{"id":"366925333","n":"Kalenda A Community, Joseph Sunguti Spring - 22084","t":"ps","c":"Kakamega"}},{"type":"Feature","geometry":{"type":"Point","coordinates":[34.835742,0.457278]},"properties":{"id":"523316042","n":"Makhwabuye PD 29","t":"pdw","c":"Kakamega"}},{"type":"Feature","geometry":{"type":"Point","coordinates":[34.787848,0.499643]},"properties":{"id":"523298085","n":"CHEGULO B PD 2","t":"pdw","c":"Kakamega"}},{"type":"Feature","geometry":{"type":"Point","coordinates":[34.772808,0.458507]},"properties":{"id":"523322069","n":"Kalenda North PD 9","t":"us","c":"Kakamega"}},{"type":"Feature","geometry":{"type":"Point","coordinates":[34.827001,0.472388]},"properties":{"id":"523279082","n":"Matioli PD 5","t":"pdw","c":"Kakamega"}},{"type":"Feature","geometry":{"type":"Point","coordinates":[34.835535,0.44637]},"properties":{"id":"523339386","n":"Malanga BH 2","t":"bh","c":"Kakamega"}},{"type":"Feature","geometry":{"type":"Point","coordinates":[34.84232,0.433492]},"properties":{"id":"523239826","n":"Lusumu B PD 8","t":"pdw","c":"Kakamega"}},{"type":"Feature","geometry":{"type":"Point","coordinates":[34.82921,0.460885]},"properties":{"id":"84829636","n":"Makhwabuye Community, Majimazuri Lusala Spring - 21010","t":"ps","c":"Kakamega"}},{"type":"Feature","geometry":{"type":"Point","coordinates":[34.835047,0.459857]},"properties":{"id":"523343734","n":"Makhwabuye PD 25","t":"pdw","c":"Kakamega"}},{"type":"Feature","geometry":{"type":"Point","coordinates":[34.768203,0.471283]},"properties":{"id":"523212825","n":"Sheywe B PS 21","t":"ps","c":"Kakamega"}},{"type":"Feature","geometry":{"type":"Point","coordinates":[34.81058,0.442647]},"properties":{"id":"523231385","n":"Mugai A US 8","t":"us","c":"Kakamega"}},{"type":"Feature","geometry":{"type":"Point","coordinates":[34.78809,0.496286]},"properties":{"id":"523316688","n":"CHEGULO B PD 3","t":"pdw","c":"Kakamega"}},{"type":"Feature","geometry":{"type":"Point","coordinates":[34.750282,0.485418]},"properties":{"id":"523248372","n":"Mavusi B PD 3","t":"pdw","c":"Kakamega"}},{"type":"Feature","geometry":{"type":"Point","coordinates":[34.759547,0.467233]},"properties":{"id":"523233363","n":"Mukhonje A PS 7","t":"ps","c":"Kakamega"}},{"type":"Feature","geometry":{"type":"Point","coordinates":[34.840433,0.447826]},"properties":{"id":"4507460","n":"Lukala Primary School Hand-Dug Well - 4532","t":"pdw","c":"Kakamega"}},{"type":"Feature","geometry":{"type":"Point","coordinates":[34.76767,0.490652]},"properties":{"id":"523237161","n":"Mavusi C PD 21","t":"pdw","c":"Kakamega"}},{"type":"Feature","geometry":{"type":"Point","coordinates":[34.83447,0.47542]},"properties":{"id":"459133656","n":"Matioli K Salvation Army Primary School - 22257","t":"bh","c":"Kakamega","d":80.0}},{"type":"Feature","geometry":{"type":"Point","coordinates":[34.788035,0.446407]},"properties":{"id":"523303406","n":"Muchanja PD 12","t":"pdw","c":"Kakamega"}},{"type":"Feature","geometry":{"type":"Point","coordinates":[34.780373,0.47774]},"properties":{"id":"523316657","n":"Tsivaka PD 3","t":"pdw","c":"Kakamega"}},{"type":"Feature","geometry":{"type":"Point","coordinates":[34.752387,0.485362]},"properties":{"id":"523329183","n":"Mavusi C PD 3","t":"pdw","c":"Kakamega"}},{"type":"Feature","geometry":{"type":"Point","coordinates":[34.795788,0.454905]},"properties":{"id":"523305453","n":"Malekha West PD 6","t":"pdw","c":"Kakamega"}},{"type":"Feature","geometry":{"type":"Point","coordinates":[34.83463,0.433777]},"properties":{"id":"523328151","n":"Lutali B PD 3","t":"pdw","c":"Kakamega"}},{"type":"Feature","geometry":{"type":"Point","coordinates":[34.77639,0.474018]},"properties":{"id":"523215756","n":"Fugifuvili PD 12","t":"pdw","c":"Kakamega"}},{"type":"Feature","geometry":{"type":"Point","coordinates":[34.79997,0.458773]},"properties":{"id":"523228323","n":"Malekha central PD 1","t":"pdw","c":"Kakamega"}},{"type":"Feature","geometry":{"type":"Point","coordinates":[34.796057,0.45553]},"properties":{"id":"523198958","n":"Malekha West PD 5","t":"pdw","c":"Kakamega"}},{"type":"Feature","geometry":{"type":"Point","coordinates":[34.760612,0.469813]},"properties":{"id":"552713852","n":"Samitsi Community, Musa Kataka Spring - 23102","t":"ps","c":"Kakamega"}},{"type":"Feature","geometry":{"type":"Point","coordinates":[34.833528,0.438362]},"properties":{"id":"523337078","n":"Lutali A PD 26","t":"pdw","c":"Kakamega"}},{"type":"Feature","geometry":{"type":"Point","coordinates":[34.79316,0.470607]},"properties":{"id":"523289027","n":"Shirugu North PD 9","t":"pdw","c":"Kakamega"}},{"type":"Feature","geometry":{"type":"Point","coordinates":[34.815745,0.439217]},"properties":{"id":"523239565","n":"Sundulo A PD 33","t":"pdw","c":"Kakamega"}},{"type":"Feature","geometry":{"type":"Point","coordinates":[34.76646,0.470507]},"properties":{"id":"523199210","n":"Sheywe B US 20","t":"us","c":"Kakamega"}},{"type":"Feature","geometry":{"type":"Point","coordinates":[34.799743,0.459972]},"properties":{"id":"523350329","n":"Malekha central US 3","t":"us","c":"Kakamega"}},{"type":"Feature","geometry":{"type":"Point","coordinates":[34.775692,0.481255]},"properties":{"id":"523319856","n":"Tsivaka PS 7","t":"ps","c":"Kakamega"}},{"type":"Feature","geometry":{"type":"Point","coordinates":[34.782393,0.465658]},"properties":{"id":"523262796","n":"Fugifuvili PD 18","t":"pdw","c":"Kakamega"}},{"type":"Feature","geometry":{"type":"Point","coordinates":[34.811975,0.43755]},"properties":{"id":"523291882","n":"Mugai A BH 14","t":"pdw","c":"Kakamega"}},{"type":"Feature","geometry":{"type":"Point","coordinates":[34.754962,0.486103]},"properties":{"id":"523251561","n":"Mavusi C PD 6","t":"pdw","c":"Kakamega"}},{"type":"Feature","geometry":{"type":"Point","coordinates":[34.824185,0.443073]},"properties":{"id":"523294108","n":"Malava B PD 11","t":"pdw","c":"Kakamega"}},{"type":"Feature","geometry":{"type":"Point","coordinates":[34.810957,0.442081]},"properties":{"id":"445268104","n":"Mugai A Community, Chanjalia Spring - 22127","t":"ps","c":"Kakamega"}},{"type":"Feature","geometry":{"type":"Point","coordinates":[34.788437,0.451647]},"properties":{"id":"523330387","n":"Muchanja US 19","t":"us","c":"Kakamega"}},{"type":"Feature","geometry":{"type":"Point","coordinates":[34.782853,0.460388]},"properties":{"id":"523282549","n":"Shirugu South PD 6","t":"pdw","c":"Kakamega"}},{"type":"Feature","geometry":{"type":"Point","coordinates":[34.801987,0.440203]},"properties":{"id":"523316097","n":"Mugai B PS 4","t":"ps","c":"Kakamega"}},{"type":"Feature","geometry":{"type":"Point","coordinates":[34.814882,0.45062]},"properties":{"id":"523343703","n":"Imbinga US 11","t":"us","c":"Kakamega"}},{"type":"Feature","geometry":{"type":"Point","coordinates":[34.751432,0.486257]},"properties":{"id":"523238722","n":"KHOMAKO PD 4","t":"pdw","c":"Kakamega"}},{"type":"Feature","geometry":{"type":"Point","coordinates":[34.782142,0.440793]},"properties":{"id":"84830706","n":"Shikokhwe Community, Mulika Spring - 21039","t":"ps","c":"Kakamega"}},{"type":"Feature","geometry":{"type":"Point","coordinates":[34.757078,0.456028]},"properties":{"id":"523313764","n":"Chombeli South PD 12","t":"pdw","c":"Kakamega"}},{"type":"Feature","geometry":{"type":"Point","coordinates":[34.852718,0.440012]},"properties":{"id":"523236775","n":"Isanjiro C PD 4","t":"pdw","c":"Kakamega"}},{"type":"Feature","geometry":{"type":"Point","coordinates":[34.848555,0.439362]},"properties":{"id":"523273196","n":"Lusumu B PD 6","t":"pdw","c":"Kakamega"}},{"type":"Feature","geometry":{"type":"Point","coordinates":[34.826025,0.475555]},"properties":{"id":"523250917","n":"Lunyironi PD 13","t":"pdw","c":"Kakamega"}},{"type":"Feature","geometry":{"type":"Point","coordinates":[34.83067,0.467471]},"properties":{"id":"385569422","n":"Makhwabuye Community, Joshua Galo Spring - 22077","t":"ps","c":"Kakamega"}},{"type":"Feature","geometry":{"type":"Point","coordinates":[34.834003,0.470938]},"properties":{"id":"523273866","n":"Matioli US 12","t":"us","c":"Kakamega"}},{"type":"Feature","geometry":{"type":"Point","coordinates":[34.827777,0.464808]},"properties":{"id":"523301758","n":"Lower lukala PD 10","t":"pdw","c":"Kakamega"}},{"type":"Feature","geometry":{"type":"Point","coordinates":[34.778973,0.47966]},"properties":{"id":"523228134","n":"Tsivaka PD 5","t":"pdw","c":"Kakamega"}},{"type":"Feature","geometry":{"type":"Point","coordinates":[34.750185,0.472082]},"properties":{"id":"459133890","n":"Sambuli Community, Patrick Wanami Spring - 22038","t":"ps","c":"Kakamega"}},{"type":"Feature","geometry":{"type":"Point","coordinates":[34.795762,0.457732]},"properties":{"id":"523284390","n":"Malekha West bUS 5","t":"us","c":"Kakamega"}},{"type":"Feature","geometry":{"type":"Point","coordinates":[34.788328,0.43286]},"properties":{"id":"523279037","n":"Chiterezi PS 4","t":"ps","c":"Kakamega"}},{"type":"Feature","geometry":{"type":"Point","coordinates":[34.831853,0.432963]},"properties":{"id":"523288909","n":"Shivikwa PD 19","t":"pdw","c":"Kakamega"}},{"type":"Feature","geometry":{"type":"Point","coordinates":[34.85495,0.430697]},"properties":{"id":"523330875","n":"Shivikhwa A US 1","t":"us","c":"Kakamega"}},{"type":"Feature","geometry":{"type":"Point","coordinates":[34.78971,0.462417]},"properties":{"id":"523316626","n":"Shirugu South BH 2","t":"bh","c":"Kakamega"}},{"type":"Feature","geometry":{"type":"Point","coordinates":[34.794537,0.435423]},"properties":{"id":"523214614","n":"Muchanja PD 11","t":"pdw","c":"Kakamega"}},{"type":"Feature","geometry":{"type":"Point","coordinates":[34.829585,0.451965]},"properties":{"id":"523331058","n":"Malava PD 15","t":"pdw","c":"Kakamega"}},{"type":"Feature","geometry":{"type":"Point","coordinates":[34.787023,0.456162]},"properties":{"id":"523248035","n":"Shirugu South PD 18","t":"pdw","c":"Kakamega"}},{"type":"Feature","geometry":{"type":"Point","coordinates":[34.768392,0.488438]},"properties":{"id":"523225241","n":"Mavusi C PS 24","t":"ps","c":"Kakamega"}},{"type":"Feature","geometry":{"type":"Point","coordinates":[34.810734,0.461164]},"properties":{"id":"523275394","n":"Shipala East US 4","t":"us","c":"Kakamega"}},{"type":"Feature","geometry":{"type":"Point","coordinates":[34.829073,0.454295]},"properties":{"id":"523224295","n":"Malava A PD 17","t":"pdw","c":"Kakamega"}},{"type":"Feature","geometry":{"type":"Point","coordinates":[34.748327,0.4635]},"properties":{"id":"523318116","n":"Mukhonje A US 2","t":"us","c":"Kakamega"}},{"type":"Feature","geometry":{"type":"Point","coordinates":[34.8344,0.447743]},"properties":{"id":"523293183","n":"Malava A PD 1","t":"pdw","c":"Kakamega"}},{"type":"Feature","geometry":{"type":"Point","coordinates":[34.805125,0.461432]},"properties":{"id":"523266161","n":"Malekha Central PD 10","t":"pdw","c":"Kakamega"}},{"type":"Feature","geometry":{"type":"Point","coordinates":[34.773407,0.452372]},"properties":{"id":"523308425","n":"Kalenda South PD 4","t":"pdw","c":"Kakamega"}},{"type":"Feature","geometry":{"type":"Point","coordinates":[34.804712,0.459782]},"properties":{"id":"523211491","n":"Malekha central PD 9","t":"pdw","c":"Kakamega"}},{"type":"Feature","geometry":{"type":"Point","coordinates":[34.794066,0.452037]},"properties":{"id":"84830665","n":"Malekha West Community, Soita Spring - 21045","t":"ps","c":"Kakamega"}},{"type":"Feature","geometry":{"type":"Point","coordinates":[34.765235,0.490237]},"properties":{"id":"523206413","n":"Mavusi A PD 8","t":"pdw","c":"Kakamega"}},{"type":"Feature","geometry":{"type":"Point","coordinates":[34.778095,0.457728]},"properties":{"id":"523295020","n":"Kalenda North PD 14","t":"pdw","c":"Kakamega"}},{"type":"Feature","geometry":{"type":"Point","coordinates":[34.800242,0.433287]},"properties":{"id":"523203283","n":"Muchanja PD 33","t":"pdw","c":"Kakamega"}},{"type":"Feature","geometry":{"type":"Point","coordinates":[34.803308,0.460982]},"properties":{"id":"523309639","n":"Malekha central US","t":"us","c":"Kakamega"}},{"type":"Feature","geometry":{"type":"Point","coordinates":[34.831822,0.45074]},"properties":{"id":"523263735","n":"Upper lukala PD 3","t":"pdw","c":"Kakamega"}},{"type":"Feature","geometry":{"type":"Point","coordinates":[34.806707,0.430492]},"properties":{"id":"523339898","n":"Sundulo A PD 5","t":"pdw","c":"Kakamega"}},{"type":"Feature","geometry":{"type":"Point","coordinates":[34.806575,0.465954]},"properties":{"id":"523295570","n":"Shipala West BH 6","t":"bh","c":"Kakamega"}},{"type":"Feature","geometry":{"type":"Point","coordinates":[34.78408,0.445263]},"properties":{"id":"523312347","n":"Shikokwe PD 12","t":"pdw","c":"Kakamega"}},{"type":"Feature","geometry":{"type":"Point","coordinates":[34.85224,0.439703]},"properties":{"id":"523214834","n":"Isanjiro C PD 5","t":"pdw","c":"Kakamega"}},{"type":"Feature","geometry":{"type":"Point","coordinates":[34.788788,0.463247]},"properties":{"id":"523227669","n":"Shirugu North PD 25","t":"pdw","c":"Kakamega"}},{"type":"Feature","geometry":{"type":"Point","coordinates":[34.787025,0.440963]},"properties":{"id":"523276113","n":"Muchanja PD 5","t":"pdw","c":"Kakamega"}},{"type":"Feature","geometry":{"type":"Point","coordinates":[34.77824,0.468317]},"properties":{"id":"13034342","n":"Futsi Fuvili, Patrick Munyalo Spring - 4748","t":"ps","c":"Kakamega"}},{"type":"Feature","geometry":{"type":"Point","coordinates":[34.827075,0.432012]},"properties":{"id":"523289151","n":"Musungu A PD 7","t":"pdw","c":"Kakamega"}},{"type":"Feature","geometry":{"type":"Point","coordinates":[34.763038,0.47432]},"properties":{"id":"523321680","n":"Sheywe B PD 11","t":"pdw","c":"Kakamega"}},{"type":"Feature","geometry":{"type":"Point","coordinates":[34.782118,0.479447]},"properties":{"id":"523225571","n":"Tsivaka PD 1","t":"pdw","c":"Kakamega"}},{"type":"Feature","geometry":{"type":"Point","coordinates":[34.79729,0.441425]},"properties":{"id":"523227030","n":"Muchanja PD 22","t":"pdw","c":"Kakamega"}},{"type":"Feature","geometry":{"type":"Point","coordinates":[34.77855,0.478505]},"properties":{"id":"523300513","n":"Tsivaka PD 4","t":"pdw","c":"Kakamega"}},{"type":"Feature","geometry":{"type":"Point","coordinates":[34.79722,0.462825]},"properties":{"id":"523220837","n":"SHIPALA PD 17","t":"ps","c":"Kakamega"}},{"type":"Feature","geometry":{"type":"Point","coordinates":[34.760079,0.47279]},"properties":{"id":"736923019","n":"Shieywe B community, Isaiah Aineah spring - 410033","t":"ps","c":"Kakamega"}},{"type":"Feature","geometry":{"type":"Point","coordinates":[34.76135,0.482958]},"properties":{"id":"523260873","n":"Mavusi C. US 14","t":"us","c":"Kakamega"}},{"type":"Feature","geometry":{"type":"Point","coordinates":[34.828117,0.44964]},"properties":{"id":"523281706","n":"Malava A PD 19","t":"pdw","c":"Kakamega"}},{"type":"Feature","geometry":{"type":"Point","coordinates":[34.749437,0.48828]},"properties":{"id":"523348368","n":"KHOMAKO PS 7","t":"ps","c":"Kakamega"}},{"type":"Feature","geometry":{"type":"Point","coordinates":[34.840185,0.427438]},"properties":{"id":"523350130","n":"Shivikhwa B PD 4","t":"pdw","c":"Kakamega"}},{"type":"Feature","geometry":{"type":"Point","coordinates":[34.756865,0.460185]},"properties":{"id":"523242390","n":"Chombeli North PD 19","t":"pdw","c":"Kakamega"}},{"type":"Feature","geometry":{"type":"Point","coordinates":[34.82707,0.445347]},"properties":{"id":"523261647","n":"Malava A PS 29","t":"ps","c":"Kakamega"}},{"type":"Feature","geometry":{"type":"Point","coordinates":[34.779445,0.465992]},"properties":{"id":"523278469","n":"Fugifuvili PD 19","t":"pdw","c":"Kakamega"}},{"type":"Feature","geometry":{"type":"Point","coordinates":[34.778993,0.492843]},"properties":{"id":"523302687","n":"Luyeshe North PD 6","t":"pdw","c":"Kakamega"}},{"type":"Feature","geometry":{"type":"Point","coordinates":[34.800798,0.463347]},"properties":{"id":"523270454","n":"Shipala West PD 15","t":"pdw","c":"Kakamega"}},{"type":"Feature","geometry":{"type":"Point","coordinates":[34.787043,0.495366]},"properties":{"id":"523236311","n":"LUTONYI PD 1","t":"pdw","c":"Kakamega"}},{"type":"Feature","geometry":{"type":"Point","coordinates":[34.799698,0.435187]},"properties":{"id":"523212045","n":"Muchanja PD 30","t":"pdw","c":"Kakamega"}},{"type":"Feature","geometry":{"type":"Point","coordinates":[34.765077,0.46578]},"properties":{"id":"523293303","n":"Sheywe B UD 25","t":"udw","c":"Kakamega"}},{"type":"Feature","geometry":{"type":"Point","coordinates":[34.80946,0.466002]},"properties":{"id":"523300197","n":"Shipala West UD 8","t":"udw","c":"Kakamega"}},{"type":"Feature","geometry":{"type":"Point","coordinates":[34.757853,0.482602]},"properties":{"id":"523292728","n":"Mavusi C PD 10","t":"pdw","c":"Kakamega"}},{"type":"Feature","geometry":{"type":"Point","coordinates":[34.795517,0.466493]},"properties":{"id":"523307998","n":"Shirugu North PD 5","t":"pdw","c":"Kakamega"}},{"type":"Feature","geometry":{"type":"Point","coordinates":[34.76714,0.478623]},"properties":{"id":"523246095","n":"Sheywe A PD 9","t":"pdw","c":"Kakamega"}},{"type":"Feature","geometry":{"type":"Point","coordinates":[34.784717,0.463622]},"properties":{"id":"523195979","n":"Shirugu South PS 6","t":"ps","c":"Kakamega"}},{"type":"Feature","geometry":{"type":"Point","coordinates":[34.828822,0.457402]},"properties":{"id":"523321006","n":"Lukala US 4","t":"us","c":"Kakamega"}},{"type":"Feature","geometry":{"type":"Point","coordinates":[34.78369,0.497788]},"properties":{"id":"523320706","n":"LUTONYI PD 4","t":"pdw","c":"Kakamega"}},{"type":"Feature","geometry":{"type":"Point","coordinates":[34.798763,0.438363]},"properties":{"id":"523282893","n":"Muchanja PD 27","t":"pdw","c":"Kakamega"}},{"type":"Feature","geometry":{"type":"Point","coordinates":[34.777593,0.370318]},"properties":{"id":"523311030","n":"Shivakala B PS 1","t":"ps","c":"Kakamega"}},{"type":"Feature","geometry":{"type":"Point","coordinates":[34.852368,0.377103]},"properties":{"id":"736923260","n":"Kakunga Girls High School - 410056","t":"bh","c":"Kakamega","d":78.0}},{"type":"Feature","geometry":{"type":"Point","coordinates":[34.819617,0.387618]},"properties":{"id":"523229427","n":"Shing'ondo PD5","t":"pdw","c":"Kakamega"}},{"type":"Feature","geometry":{"type":"Point","coordinates":[34.804922,0.367754]},"properties":{"id":"523200761","n":"Echemo PD 4","t":"pdw","c":"Kakamega"}},{"type":"Feature","geometry":{"type":"Point","coordinates":[34.803697,0.379246]},"properties":{"id":"523340384","n":"Shianda A PD 3","t":"pdw","c":"Kakamega"}},{"type":"Feature","geometry":{"type":"Point","coordinates":[34.802388,0.424727]},"properties":{"id":"523273093","n":"Ikhanyi PS4","t":"ps","c":"Kakamega"}},{"type":"Feature","geometry":{"type":"Point","coordinates":[34.807907,0.353873]},"properties":{"id":"523261771","n":"Muyava PD 4","t":"pdw","c":"Kakamega"}},{"type":"Feature","geometry":{"type":"Point","coordinates":[34.848248,0.37118]},"properties":{"id":"523327222","n":"Sasala PD 101","t":"pdw","c":"Kakamega"}},{"type":"Feature","geometry":{"type":"Point","coordinates":[34.824868,0.366618]},"properties":{"id":"523332444","n":"Luokho PS 7","t":"ps","c":"Kakamega"}},{"type":"Feature","geometry":{"type":"Point","coordinates":[34.817858,0.406707]},"properties":{"id":"523248925","n":"Muchemo PD1","t":"pdw","c":"Kakamega"}},{"type":"Feature","geometry":{"type":"Point","coordinates":[34.852751,0.375923]},"properties":{"id":"523320799","n":"Sasala PD 7","t":"pdw","c":"Kakamega"}},{"type":"Feature","geometry":{"type":"Point","coordinates":[34.809266,0.356116]},"properties":{"id":"523247584","n":"Daraja mbili UD 3","t":"udw","c":"Kakamega"}},{"type":"Feature","geometry":{"type":"Point","coordinates":[34.79254,0.36939]},"properties":{"id":"523234979","n":"Musala PS 3","t":"ps","c":"Kakamega"}},{"type":"Feature","geometry":{"type":"Point","coordinates":[34.843661,0.373698]},"properties":{"id":"523218319","n":"Sasala PD 80","t":"pdw","c":"Kakamega"}},{"type":"Feature","geometry":{"type":"Point","coordinates":[34.778191,0.390889]},"properties":{"id":"523288765","n":"Makaka US 1","t":"us","c":"Kakamega"}},{"type":"Feature","geometry":{"type":"Point","coordinates":[34.826643,0.377342]},"properties":{"id":"523326908","n":"West Kenya PD 21","t":"pdw","c":"Kakamega"}},{"type":"Feature","geometry":{"type":"Point","coordinates":[34.829797,0.357617]},"properties":{"id":"82142836","n":"Imbinga, Imbinga Spring - 19143","t":"ps","c":"Kakamega"}},{"type":"Feature","geometry":{"type":"Point","coordinates":[34.810105,0.356018]},"properties":{"id":"523252830","n":"Daraja mbili UD 4","t":"udw","c":"Kakamega"}},{"type":"Feature","geometry":{"type":"Point","coordinates":[34.827672,0.402294]},"properties":{"id":"523230401","n":"Wetesa PD16","t":"pdw","c":"Kakamega"}},{"type":"Feature","geometry":{"type":"Point","coordinates":[34.805158,0.368629]},"properties":{"id":"523331890","n":"Echemo PD 5","t":"pdw","c":"Kakamega"}},{"type":"Feature","geometry":{"type":"Point","coordinates":[34.838308,0.392425]},"properties":{"id":"523282185","n":"Alufu US6","t":"us","c":"Kakamega"}},{"type":"Feature","geometry":{"type":"Point","coordinates":[34.789438,0.376259]},"properties":{"id":"523214896","n":"Shilongo PD 6","t":"pdw","c":"Kakamega"}},{"type":"Feature","geometry":{"type":"Point","coordinates":[34.827611,0.370266]},"properties":{"id":"523341495","n":"Luokho PD 11","t":"pdw","c":"Kakamega"}},{"type":"Feature","geometry":{"type":"Point","coordinates":[34.825537,0.37311]},"properties":{"id":"523220332","n":"West Kenya PD 26","t":"pdw","c":"Kakamega"}},{"type":"Feature","geometry":{"type":"Point","coordinates":[34.796578,0.391694]},"properties":{"id":"523318604","n":"Shiuna A PS 9","t":"ps","c":"Kakamega"}},{"type":"Feature","geometry":{"type":"Point","coordinates":[34.845475,0.375595]},"properties":{"id":"523255046","n":"Sasala PD 74","t":"pdw","c":"Kakamega"}},{"type":"Feature","geometry":{"type":"Point","coordinates":[34.779463,0.367307]},"properties":{"id":"523215031","n":"Shivakala A PD 1","t":"pdw","c":"Kakamega"}},{"type":"Feature","geometry":{"type":"Point","coordinates":[34.802432,0.34656]},"properties":{"id":"523210452","n":"Mundoli PD 3","t":"pdw","c":"Kakamega"}},{"type":"Feature","geometry":{"type":"Point","coordinates":[34.847578,0.377033]},"properties":{"id":"523253714","n":"Sasala PD 58","t":"pdw","c":"Kakamega"}},{"type":"Feature","geometry":{"type":"Point","coordinates":[34.78571,0.365756]},"properties":{"id":"523220064","n":"Musala PD 5","t":"pdw","c":"Kakamega"}},{"type":"Feature","geometry":{"type":"Point","coordinates":[34.834214,0.400351]},"properties":{"id":"523234010","n":"Kware B UD3","t":"udw","c":"Kakamega"}},{"type":"Feature","geometry":{"type":"Point","coordinates":[34.828325,0.400848]},"properties":{"id":"523278744","n":"Wetesa PD14","t":"pdw","c":"Kakamega"}},{"type":"Feature","geometry":{"type":"Point","coordinates":[34.799003,0.376333]},"properties":{"id":"523313836","n":"Shianda A PD 8","t":"pdw","c":"Kakamega"}},{"type":"Feature","geometry":{"type":"Point","coordinates":[34.836917,0.39358]},"properties":{"id":"523241894","n":"Alufu PD15","t":"pdw","c":"Kakamega"}},{"type":"Feature","geometry":{"type":"Point","coordinates":[34.77718,0.394325]},"properties":{"id":"523283409","n":"Lukala A US 2","t":"us","c":"Kakamega"}},{"type":"Feature","geometry":{"type":"Point","coordinates":[34.787745,0.387472]},"properties":{"id":"523218601","n":"Shihome PS 1","t":"ps","c":"Kakamega"}},{"type":"Feature","geometry":{"type":"Point","coordinates":[34.848589,0.376719]},"properties":{"id":"523260457","n":"Sasala PD 37","t":"pdw","c":"Kakamega"}},{"type":"Feature","geometry":{"type":"Point","coordinates":[34.849997,0.376657]},"properties":{"id":"523253185","n":"Sasala PD 24","t":"pdw","c":"Kakamega"}},{"type":"Feature","geometry":{"type":"Point","coordinates":[34.790254,0.371733]},"properties":{"id":"523342984","n":"Shianda C PD 10","t":"pdw","c":"Kakamega"}},{"type":"Feature","geometry":{"type":"Point","coordinates":[34.8125,0.394775]},"properties":{"id":"523342908","n":"Ingavira PD7","t":"pdw","c":"Kakamega"}},{"type":"Feature","geometry":{"type":"Point","coordinates":[34.814902,0.396568]},"properties":{"id":"523306007","n":"Ingavira PD12","t":"pdw","c":"Kakamega"}},{"type":"Feature","geometry":{"type":"Point","coordinates":[34.826024,0.379417]},"properties":{"id":"523339764","n":"West Kenya PD 18","t":"pdw","c":"Kakamega"}},{"type":"Feature","geometry":{"type":"Point","coordinates":[34.796617,0.41689]},"properties":{"id":"523219987","n":"Luasi PD1","t":"pdw","c":"Kakamega"}},{"type":"Feature","geometry":{"type":"Point","coordinates":[34.775081,0.390977]},"properties":{"id":"416580941","n":"Makunga Community, Malaha Spring - 22089","t":"ps","c":"Kakamega"}},{"type":"Feature","geometry":{"type":"Point","coordinates":[34.827559,0.351538]},"properties":{"id":"523211288","n":"Malimali US 3","t":"us","c":"Kakamega"}},{"type":"Feature","geometry":{"type":"Point","coordinates":[34.799818,0.376294]},"properties":{"id":"523274623","n":"Shianda A PD 7","t":"pdw","c":"Kakamega"}},{"type":"Feature","geometry":{"type":"Point","coordinates":[34.844828,0.37669]},"properties":{"id":"523301813","n":"Sasala PD 64","t":"pdw","c":"Kakamega"}},{"type":"Feature","geometry":{"type":"Point","coordinates":[34.816268,0.383957]},"properties":{"id":"523344766","n":"Ingavira PS 1","t":"ps","c":"Kakamega"}},{"type":"Feature","geometry":{"type":"Point","coordinates":[34.799722,0.411538]},"properties":{"id":"523222530","n":"Luasi PS2","t":"ps","c":"Kakamega"}},{"type":"Feature","geometry":{"type":"Point","coordinates":[34.817857,0.382601]},"properties":{"id":"272020111","n":"Makale Community, Banana Spring - 21003","t":"ps","c":"Kakamega"}},{"type":"Feature","geometry":{"type":"Point","coordinates":[34.823965,0.364228]},"properties":{"id":"523279398","n":"Luokho PS 6","t":"ps","c":"Kakamega"}},{"type":"Feature","geometry":{"type":"Point","coordinates":[34.836701,0.374268]},"properties":{"id":"523207696","n":"Shamberere PD 15","t":"pdw","c":"Kakamega"}},{"type":"Feature","geometry":{"type":"Point","coordinates":[34.819273,0.355778]},"properties":{"id":"736922984","n":"Malimali Community water Project - 430002","t":"bh","c":"Kakamega","d":44.3}},{"type":"Feature","geometry":{"type":"Point","coordinates":[34.814165,0.368172]},"properties":{"id":"523305099","n":"Chevoso BH 1","t":"bh","c":"Kakamega"}},{"type":"Feature","geometry":{"type":"Point","coordinates":[34.798133,0.382314]},"properties":{"id":"84830586","n":"Shamoni Community, Shatuma Spring - 21004","t":"ps","c":"Kakamega"}},{"type":"Feature","geometry":{"type":"Point","coordinates":[34.800446,0.343971]},"properties":{"id":"523266879","n":"Mundoli US 2","t":"us","c":"Kakamega"}},{"type":"Feature","geometry":{"type":"Point","coordinates":[34.794401,0.378781]},"properties":{"id":"523195735","n":"Shamoni B US 2","t":"us","c":"Kakamega"}},{"type":"Feature","geometry":{"type":"Point","coordinates":[34.802217,0.407785]},"properties":{"id":"523244969","n":"Shianda PD5","t":"pdw","c":"Kakamega"}},{"type":"Feature","geometry":{"type":"Point","coordinates":[34.846828,0.397722]},"properties":{"id":"523331522","n":"Kware A PD7","t":"pdw","c":"Kakamega"}},{"type":"Feature","geometry":{"type":"Point","coordinates":[34.82214,0.35219]},"properties":{"id":"523265940","n":"Malimali PS 5","t":"ps","c":"Kakamega"}},{"type":"Feature","geometry":{"type":"Point","coordinates":[34.836677,0.401902]},"properties":{"id":"523243016","n":"Mukava PD5","t":"pdw","c":"Kakamega"}},{"type":"Feature","geometry":{"type":"Point","coordinates":[34.798761,0.383056]},"properties":{"id":"316006716","n":"Lunyinya Community, Ngaiywa Spring - 21069","t":"ps","c":"Kakamega"}},{"type":"Feature","geometry":{"type":"Point","coordinates":[34.849288,0.375866]},"properties":{"id":"523212162","n":"Sasala PD 42","t":"pdw","c":"Kakamega"}},{"type":"Feature","geometry":{"type":"Point","coordinates":[34.760417,0.389042]},"properties":{"id":"523297730","n":"Chiliva PD 1","t":"pdw","c":"Kakamega"}},{"type":"Feature","geometry":{"type":"Point","coordinates":[34.794661,0.374022]},"properties":{"id":"523327002","n":"Shianda C PD 5","t":"pdw","c":"Kakamega"}},{"type":"Feature","geometry":{"type":"Point","coordinates":[34.798015,0.351993]},"properties":{"id":"523334264","n":"Mulwanda PS 2","t":"ps","c":"Kakamega"}},{"type":"Feature","geometry":{"type":"Point","coordinates":[34.786878,0.395862]},"properties":{"id":"523260770","n":"Indulusia A PD 2","t":"pdw","c":"Kakamega"}},{"type":"Feature","geometry":{"type":"Point","coordinates":[34.781428,0.368473]},"properties":{"id":"523348193","n":"Musala PD 3","t":"pdw","c":"Kakamega"}},{"type":"Feature","geometry":{"type":"Point","coordinates":[34.777552,0.38344]},"properties":{"id":"329034715","n":"Lunyinya Community, Shirongo Spring - 21080","t":"ps","c":"Kakamega"}},{"type":"Feature","geometry":{"type":"Point","coordinates":[34.829122,0.37569]},"properties":{"id":"523258991","n":"West Kenya PD 12","t":"pdw","c":"Kakamega"}},{"type":"Feature","geometry":{"type":"Point","coordinates":[34.779828,0.376154]},"properties":{"id":"523243315","n":"Ngaywa PS 2","t":"ps","c":"Kakamega"}},{"type":"Feature","geometry":{"type":"Point","coordinates":[34.817712,0.404916]},"properties":{"id":"523217693","n":"Wetesa PD4","t":"pdw","c":"Kakamega"}},{"type":"Feature","geometry":{"type":"Point","coordinates":[34.82069,0.380761]},"properties":{"id":"523293712","n":"Makale A PD 4","t":"pdw","c":"Kakamega"}},{"type":"Feature","geometry":{"type":"Point","coordinates":[34.803376,0.363341]},"properties":{"id":"523246208","n":"Echemo PD 7","t":"pdw","c":"Kakamega"}},{"type":"Feature","geometry":{"type":"Point","coordinates":[34.797472,0.423472]},"properties":{"id":"523200448","n":"Ikhanyi PD4","t":"pdw","c":"Kakamega"}},{"type":"Feature","geometry":{"type":"Point","coordinates":[34.82975,0.35772]},"properties":{"id":"523241131","n":"Imbinga PS 1","t":"ps","c":"Kakamega"}},{"type":"Feature","geometry":{"type":"Point","coordinates":[34.792329,0.396266]},"properties":{"id":"523266587","n":"Shiuna B PS 8","t":"ps","c":"Kakamega"}},{"type":"Feature","geometry":{"type":"Point","coordinates":[34.79119,0.376883]},"properties":{"id":"523300362","n":"Shilongo US 2","t":"us","c":"Kakamega"}},{"type":"Feature","geometry":{"type":"Point","coordinates":[34.799714,0.357641]},"properties":{"id":"523314349","n":"Mundoli PD 6","t":"pdw","c":"Kakamega"}},{"type":"Feature","geometry":{"type":"Point","coordinates":[34.805929,0.386654]},"properties":{"id":"876377","n":"Mayungu Church Of God - 4332","t":"bh","c":"Kakamega"}},{"type":"Feature","geometry":{"type":"Point","coordinates":[34.801825,0.429123]},"properties":{"id":"523231598","n":"Sundulo B US 1","t":"us","c":"Kakamega"}},{"type":"Feature","geometry":{"type":"Point","coordinates":[34.84617,0.376722]},"properties":{"id":"523239699","n":"Sasala PD 59","t":"pdw","c":"Kakamega"}},{"type":"Feature","geometry":{"type":"Point","coordinates":[34.762529,0.395317]},"properties":{"id":"523193843","n":"Shisisini BH 7","t":"bh","c":"Kakamega"}},{"type":"Feature","geometry":{"type":"Point","coordinates":[34.84205,0.373551]},"properties":{"id":"523236043","n":"Sasala PD 92","t":"pdw","c":"Kakamega"}},{"type":"Feature","geometry":{"type":"Point","coordinates":[34.844335,0.37367]},"properties":{"id":"523210160","n":"Sasala PD 79","t":"pdw","c":"Kakamega"}},{"type":"Feature","geometry":{"type":"Point","coordinates":[34.805804,0.390699]},"properties":{"id":"523241674","n":"Mayungu PD6","t":"pdw","c":"Kakamega"}},{"type":"Feature","geometry":{"type":"Point","coordinates":[34.786057,0.373318]},"properties":{"id":"523235729","n":"Kwava US 1","t":"us","c":"Kakamega"}},{"type":"Feature","geometry":{"type":"Point","coordinates":[34.818493,0.373335]},"properties":{"id":"523338969","n":"Makale B PD 9","t":"pdw","c":"Kakamega"}},{"type":"Feature","geometry":{"type":"Point","coordinates":[34.812635,0.393033]},"properties":{"id":"523258881","n":"Ingavira PD4","t":"pdw","c":"Kakamega"}},{"type":"Feature","geometry":{"type":"Point","coordinates":[34.805895,0.362576]},"properties":{"id":"523245427","n":"Echemo US 1","t":"us","c":"Kakamega"}},{"type":"Feature","geometry":{"type":"Point","coordinates":[34.851375,0.376237]},"properties":{"id":"523324212","n":"Sasala PD 17","t":"pdw","c":"Kakamega"}},{"type":"Feature","geometry":{"type":"Point","coordinates":[34.803444,0.372719]},"properties":{"id":"523294562","n":"Emusali PD 11","t":"pdw","c":"Kakamega"}},{"type":"Feature","geometry":{"type":"Point","coordinates":[34.802447,0.347806]},"properties":{"id":"523236799","n":"Mundoli PD 2","t":"pdw","c":"Kakamega"}},{"type":"Feature","geometry":{"type":"Point","coordinates":[34.837668,0.368407]},"properties":{"id":"523314246","n":"Shamberere PD 46","t":"pdw","c":"Kakamega"}},{"type":"Feature","geometry":{"type":"Point","coordinates":[34.818871,0.345671]},"properties":{"id":"523347738","n":"Shilalunga B PD 7","t":"pdw","c":"Kakamega"}},{"type":"Feature","geometry":{"type":"Point","coordinates":[34.804,0.346303]},"properties":{"id":"523243793","n":"Muyava PD 7","t":"pdw","c":"Kakamega"}},{"type":"Feature","geometry":{"type":"Point","coordinates":[34.812387,0.37645]},"properties":{"id":"523227281","n":"Makale B PD 1","t":"pdw","c":"Kakamega"}},{"type":"Feature","geometry":{"type":"Point","coordinates":[34.792453,0.382311]},"properties":{"id":"523344852","n":"Shamoni B US 1","t":"us","c":"Kakamega"}},{"type":"Feature","geometry":{"type":"Point","coordinates":[34.793632,0.376205]},"properties":{"id":"523344278","n":"Shianda C PD 8","t":"pdw","c":"Kakamega"}},{"type":"Feature","geometry":{"type":"Point","coordinates":[34.78198,0.398811]},"properties":{"id":"523222042","n":"Shikutse A US 12","t":"us","c":"Kakamega"}},{"type":"Feature","geometry":{"type":"Point","coordinates":[34.830018,0.372967]},"properties":{"id":"523196028","n":"Luokho PD 4","t":"pdw","c":"Kakamega"}},{"type":"Feature","geometry":{"type":"Point","coordinates":[34.843676,0.370585]},"properties":{"id":"523327349","n":"Sasala PD 93","t":"pdw","c":"Kakamega"}},{"type":"Feature","geometry":{"type":"Point","coordinates":[34.818895,0.394602]},"properties":{"id":"523236919","n":"Shing'ondo PD1","t":"pdw","c":"Kakamega"}},{"type":"Feature","geometry":{"type":"Point","coordinates":[34.798648,0.381271]},"properties":{"id":"523325787","n":"Shamoni B PD 3","t":"pdw","c":"Kakamega"}},{"type":"Feature","geometry":{"type":"Point","coordinates":[34.789664,0.394939]},"properties":{"id":"523236737","n":"Shiuna B PD 9","t":"pdw","c":"Kakamega"}},{"type":"Feature","geometry":{"type":"Point","coordinates":[34.844067,0.401177]},"properties":{"id":"523232812","n":"Mukava UD1","t":"udw","c":"Kakamega"}},{"type":"Feature","geometry":{"type":"Point","coordinates":[34.824678,0.37174]},"properties":{"id":"523232379","n":"Mukomari UD 1","t":"udw","c":"Kakamega"}},{"type":"Feature","geometry":{"type":"Point","coordinates":[34.794445,0.36461]},"properties":{"id":"523329509","n":"Lukunza PD 6","t":"pdw","c":"Kakamega"}},{"type":"Feature","geometry":{"type":"Point","coordinates":[34.797009,0.385486]},"properties":{"id":"523252603","n":"Shamoni B PD 8","t":"pdw","c":"Kakamega"}},{"type":"Feature","geometry":{"type":"Point","coordinates":[34.834507,0.399624]},"properties":{"id":"523215347","n":"Kware B UD2","t":"udw","c":"Kakamega"}},{"type":"Feature","geometry":{"type":"Point","coordinates":[34.791811,0.347402]},"properties":{"id":"523235042","n":"Ifwetere PS 3","t":"ps","c":"Kakamega"}},{"type":"Feature","geometry":{"type":"Point","coordinates":[34.81332,0.406369]},"properties":{"id":"523255022","n":"Mahira PS2","t":"ps","c":"Kakamega"}},{"type":"Feature","geometry":{"type":"Point","coordinates":[34.836174,0.380504]},"properties":{"id":"523269982","n":"Alufu PD2","t":"pdw","c":"Kakamega"}},{"type":"Feature","geometry":{"type":"Point","coordinates":[34.795997,0.383778]},"properties":{"id":"523343277","n":"Shamoni B PD 10","t":"pdw","c":"Kakamega"}},{"type":"Feature","geometry":{"type":"Point","coordinates":[34.831275,0.367488]},"properties":{"id":"523267595","n":"Luokho PS 3","t":"ps","c":"Kakamega"}},{"type":"Feature","geometry":{"type":"Point","coordinates":[34.836949,0.38569]},"properties":{"id":"523285229","n":"Alufu PD7","t":"pdw","c":"Kakamega"}},{"type":"Feature","geometry":{"type":"Point","coordinates":[34.811007,0.361217]},"properties":{"id":"523282123","n":"Mukhonje UD 1","t":"udw","c":"Kakamega"}},{"type":"Feature","geometry":{"type":"Point","coordinates":[34.844704,0.391756]},"properties":{"id":"523222640","n":"Lumusieti A PD2","t":"pdw","c":"Kakamega"}},{"type":"Feature","geometry":{"type":"Point","coordinates":[34.830267,0.376583]},"properties":{"id":"523301624","n":"West Kenya PD 1","t":"pdw","c":"Kakamega"}},{"type":"Feature","geometry":{"type":"Point","coordinates":[34.781665,0.37153]},"properties":{"id":"523308951","n":"Kwava PD 4","t":"pdw","c":"Kakamega"}},{"type":"Feature","geometry":{"type":"Point","coordinates":[34.797825,0.346157]},"properties":{"id":"523309354","n":"Mulwanda PD 5","t":"pdw","c":"Kakamega"}},{"type":"Feature","geometry":{"type":"Point","coordinates":[34.807789,0.394509]},"properties":{"id":"523262741","n":"Mayungu PD2","t":"pdw","c":"Kakamega"}},{"type":"Feature","geometry":{"type":"Point","coordinates":[34.80373,0.354163]},"properties":{"id":"523260969","n":"Mundoli PD 9","t":"pdw","c":"Kakamega"}},{"type":"Feature","geometry":{"type":"Point","coordinates":[34.79804,0.430682]},"properties":{"id":"523251987","n":"Sundulo B PD 8","t":"pdw","c":"Kakamega"}},{"type":"Feature","geometry":{"type":"Point","coordinates":[34.791473,0.367915]},"properties":{"id":"523241588","n":"Musala US 5","t":"us","c":"Kakamega"}},{"type":"Feature","geometry":{"type":"Point","coordinates":[34.806521,0.41706]},"properties":{"id":"523277413","n":"Ikhanyi PD6","t":"pdw","c":"Kakamega"}},{"type":"Feature","geometry":{"type":"Point","coordinates":[34.850213,0.375249]},"properties":{"id":"523339647","n":"Sasala PD 50","t":"pdw","c":"Kakamega"}},{"type":"Feature","geometry":{"type":"Point","coordinates":[34.817037,0.370907]},"properties":{"id":"523274142","n":"Makale B PS 1","t":"ps","c":"Kakamega"}},{"type":"Feature","geometry":{"type":"Point","coordinates":[34.835207,0.38167]},"properties":{"id":"523314772","n":"Alufu US1","t":"us","c":"Kakamega"}},{"type":"Feature","geometry":{"type":"Point","coordinates":[34.836711,0.375164]},"properties":{"id":"523231770","n":"Shamberere PD 27","t":"pdw","c":"Kakamega"}},{"type":"Feature","geometry":{"type":"Point","coordinates":[34.821676,0.405681]},"properties":{"id":"523211240","n":"Wetesa PD1","t":"pdw","c":"Kakamega"}},{"type":"Feature","geometry":{"type":"Point","coordinates":[34.782105,0.367894]},"properties":{"id":"523315285","n":"Musala PD 2","t":"pdw","c":"Kakamega"}},{"type":"Feature","geometry":{"type":"Point","coordinates":[34.819474,0.36456]},"properties":{"id":"523209650","n":"Mukomari PD 7","t":"pdw","c":"Kakamega"}},{"type":"Feature","geometry":{"type":"Point","coordinates":[34.764518,0.379953]},"properties":{"id":"523233590","n":"Fitawa US 1","t":"us","c":"Kakamega"}},{"type":"Feature","geometry":{"type":"Point","coordinates":[34.768207,0.384118]},"properties":{"id":"523255101","n":"Lunyinya B PS 1","t":"ps","c":"Kakamega"}},{"type":"Feature","geometry":{"type":"Point","coordinates":[34.811727,0.410515]},"properties":{"id":"523211824","n":"Mahira UD1","t":"udw","c":"Kakamega"}},{"type":"Feature","geometry":{"type":"Point","coordinates":[34.814918,0.350018]},"properties":{"id":"523240680","n":"Shilalunga A US 4","t":"us","c":"Kakamega"}},{"type":"Feature","geometry":{"type":"Point","coordinates":[34.83542,0.393282]},"properties":{"id":"523234292","n":"Alufu PD16","t":"pdw","c":"Kakamega"}},{"type":"Feature","geometry":{"type":"Point","coordinates":[34.838914,0.364096]},"properties":{"id":"523233899","n":"Bukhakunga B PS 4","t":"ps","c":"Kakamega"}},{"type":"Feature","geometry":{"type":"Point","coordinates":[34.838515,0.37053]},"properties":{"id":"523344199","n":"Shamberere US 3","t":"us","c":"Kakamega"}},{"type":"Feature","geometry":{"type":"Point","coordinates":[34.794109,0.386755]},"properties":{"id":"523270038","n":"Shilongo PD 1","t":"pdw","c":"Kakamega"}},{"type":"Feature","geometry":{"type":"Point","coordinates":[34.829848,0.377105]},"properties":{"id":"523254777","n":"West Kenya PD 9","t":"pdw","c":"Kakamega"}},{"type":"Feature","geometry":{"type":"Point","coordinates":[34.790419,0.35309]},"properties":{"id":"523260952","n":"Lumunyasi US 4","t":"us","c":"Kakamega"}},{"type":"Feature","geometry":{"type":"Point","coordinates":[34.836004,0.375664]},"properties":{"id":"523219255","n":"Shamberere BH 1","t":"bh","c":"Kakamega"}},{"type":"Feature","geometry":{"type":"Point","coordinates":[34.80128,0.357814]},"properties":{"id":"523208714","n":"Mundoli PD 7","t":"pdw","c":"Kakamega"}},{"type":"Feature","geometry":{"type":"Point","coordinates":[34.817026,0.372241]},"properties":{"id":"523335935","n":"Makale B PS 10","t":"pdw","c":"Kakamega"}},{"type":"Feature","geometry":{"type":"Point","coordinates":[34.831885,0.361117]},"properties":{"id":"523197892","n":"Imbinga PS 2","t":"ps","c":"Kakamega"}}]}