{"type":"FeatureCollection","features":[{"type":"Feature","geometry":{"type":"Point","coordinates":[35.824718,0.84047]},"properties":{"id":"637447663","n":"Chemuso open spring","t":"us","c":"Baringo"}},{"type":"Feature","geometry":{"type":"Point","coordinates":[35.770179,0.774578]},"properties":{"id":"637362975","n":"Kipkaren water tank","t":"ps","c":"Baringo"}},{"type":"Feature","geometry":{"type":"Point","coordinates":[35.838991,0.86173]},"properties":{"id":"637405405","n":"Chebarkamai","t":"us","c":"Baringo"}},{"type":"Feature","geometry":{"type":"Point","coordinates":[35.753955,0.774767]},"properties":{"id":"637366010","n":"Kap Joseph water point","t":"ps","c":"Baringo"}},{"type":"Feature","geometry":{"type":"Point","coordinates":[35.799859,0.777992]},"properties":{"id":"637446064","n":"Simboloi","t":"us","c":"Baringo"}},{"type":"Feature","geometry":{"type":"Point","coordinates":[35.808137,0.768349]},"properties":{"id":"428460981","n":"Kapchplengin water point","t":"ps","c":"Baringo"}},{"type":"Feature","geometry":{"type":"Point","coordinates":[35.801755,0.776818]},"properties":{"id":"637446136","n":"Kipyege","t":"us","c":"Baringo"}},{"type":"Feature","geometry":{"type":"Point","coordinates":[35.80045,0.780373]},"properties":{"id":"637446363","n":"Simboloi","t":"us","c":"Baringo"}},{"type":"Feature","geometry":{"type":"Point","coordinates":[35.801443,0.7789]},"properties":{"id":"637446246","n":"Chelegeu","t":"ps","c":"Baringo"}},{"type":"Feature","geometry":{"type":"Point","coordinates":[35.800894,0.782356]},"properties":{"id":"637446411","n":"Simboloi","t":"us","c":"Baringo"}},{"type":"Feature","geometry":{"type":"Point","coordinates":[35.797992,0.816273]},"properties":{"id":"569165958","n":"Katipkaren. Borehole","t":"bh","c":"Baringo"}},{"type":"Feature","geometry":{"type":"Point","coordinates":[35.816362,0.931005]},"properties":{"id":"637550233","n":"Kap andrew Chebelieny hand dam","t":"pdw","c":"Baringo"}},{"type":"Feature","geometry":{"type":"Point","coordinates":[35.822304,0.843586]},"properties":{"id":"569166612","n":"Boruiyo water tank","t":"bh","c":"Baringo"}},{"type":"Feature","geometry":{"type":"Point","coordinates":[35.80529,0.8242]},"properties":{"id":"637468187","n":"Somaina","t":"us","c":"Baringo"}},{"type":"Feature","geometry":{"type":"Point","coordinates":[35.813191,0.84814]},"properties":{"id":"637426383","n":"Kimurio spring","t":"us","c":"Baringo"}},{"type":"Feature","geometry":{"type":"Point","coordinates":[35.80303,0.808313]},"properties":{"id":"638048319","n":"Saal ecde water tap","t":"bh","c":"Baringo"}},{"type":"Feature","geometry":{"type":"Point","coordinates":[35.668083,0.91898]},"properties":{"id":"637429276","n":"Sibonge spring","t":"us","c":"Baringo"}},{"type":"Feature","geometry":{"type":"Point","coordinates":[35.816715,0.777505]},"properties":{"id":"422265032","n":"Mama wilsn","t":"bh","c":"Baringo"}},{"type":"Feature","geometry":{"type":"Point","coordinates":[35.800699,0.777242]},"properties":{"id":"637446095","n":"Kipyege","t":"us","c":"Baringo"}},{"type":"Feature","geometry":{"type":"Point","coordinates":[35.808753,0.808581]},"properties":{"id":"637933636","n":"Kap Luka","t":"bh","c":"Baringo"}},{"type":"Feature","geometry":{"type":"Point","coordinates":[35.798389,0.78027]},"properties":{"id":"637445922","n":"Simboloi","t":"us","c":"Baringo"}},{"type":"Feature","geometry":{"type":"Point","coordinates":[35.790518,0.768724]},"properties":{"id":"540832598","n":"Chesim water project","t":"ps","c":"Baringo"}},{"type":"Feature","geometry":{"type":"Point","coordinates":[35.793913,0.777318]},"properties":{"id":"637445795","n":"Kombo menja","t":"us","c":"Baringo"}},{"type":"Feature","geometry":{"type":"Point","coordinates":[35.756301,0.773478]},"properties":{"id":"637365992","n":"Kupo Maria water point","t":"ps","c":"Baringo"}},{"type":"Feature","geometry":{"type":"Point","coordinates":[35.799058,0.777511]},"properties":{"id":"637446057","n":"Simboli","t":"us","c":"Baringo"}},{"type":"Feature","geometry":{"type":"Point","coordinates":[35.773807,0.828315]},"properties":{"id":"428666464","n":"Koiserat school water tank","t":"bh","c":"Baringo"}},{"type":"Feature","geometry":{"type":"Point","coordinates":[35.673417,0.900764]},"properties":{"id":"637428990","n":"Tilingwo handpump","t":"bh","c":"Baringo","d":120.0}},{"type":"Feature","geometry":{"type":"Point","coordinates":[35.785783,0.819328]},"properties":{"id":"428461281","n":"Chemonge water kiosk","t":"bh","c":"Baringo"}},{"type":"Feature","geometry":{"type":"Point","coordinates":[35.787702,0.805926]},"properties":{"id":"637522344","n":"Silas stand pipe","t":"bh","c":"Baringo"}},{"type":"Feature","geometry":{"type":"Point","coordinates":[35.800202,0.781425]},"properties":{"id":"637446394","n":"Simboloi","t":"us","c":"Baringo"}},{"type":"Feature","geometry":{"type":"Point","coordinates":[35.66348,0.917813]},"properties":{"id":"637429300","n":"Sibonge spring","t":"us","c":"Baringo"}},{"type":"Feature","geometry":{"type":"Point","coordinates":[35.811462,0.832429]},"properties":{"id":"637447687","n":"Chemuso open spring","t":"us","c":"Baringo"}},{"type":"Feature","geometry":{"type":"Point","coordinates":[35.799944,0.781758]},"properties":{"id":"637446404","n":"Simboloi","t":"us","c":"Baringo"}},{"type":"Feature","geometry":{"type":"Point","coordinates":[35.839017,0.861715]},"properties":{"id":"637405474","n":"Chebarkamai","t":"us","c":"Baringo"}},{"type":"Feature","geometry":{"type":"Point","coordinates":[35.671296,0.913571]},"properties":{"id":"637429403","n":"Sibonge spring","t":"us","c":"Baringo"}},{"type":"Feature","geometry":{"type":"Point","coordinates":[35.75636,0.773499]},"properties":{"id":"637365978","n":"Kupo Maria birikon water point","t":"ps","c":"Baringo"}},{"type":"Feature","geometry":{"type":"Point","coordinates":[35.796066,0.776072]},"properties":{"id":"637445630","n":"Kombo menja","t":"us","c":"Baringo"}},{"type":"Feature","geometry":{"type":"Point","coordinates":[35.670717,0.916468]},"properties":{"id":"637429214","n":"Sibonge spring","t":"us","c":"Baringo"}},{"type":"Feature","geometry":{"type":"Point","coordinates":[35.815939,0.779956]},"properties":{"id":"277835590","n":"Kamulot HH Standpipe","t":"bh","c":"Baringo"}},{"type":"Feature","geometry":{"type":"Point","coordinates":[35.837681,0.864715]},"properties":{"id":"429250790","n":"Kasolion water point","t":"bh","c":"Baringo"}},{"type":"Feature","geometry":{"type":"Point","coordinates":[35.80538,0.761123]},"properties":{"id":"540741515","n":"Henry kiptala","t":"bh","c":"Baringo"}},{"type":"Feature","geometry":{"type":"Point","coordinates":[35.839512,0.862611]},"properties":{"id":"429250879","n":"Ruben water point","t":"bh","c":"Baringo"}},{"type":"Feature","geometry":{"type":"Point","coordinates":[35.799942,0.775534]},"properties":{"id":"637446215","n":"Kipyege","t":"us","c":"Baringo"}},{"type":"Feature","geometry":{"type":"Point","coordinates":[35.806363,0.767755]},"properties":{"id":"428460998","n":"Kapstephen water point","t":"ps","c":"Baringo"}},{"type":"Feature","geometry":{"type":"Point","coordinates":[35.797257,0.782412]},"properties":{"id":"637446026","n":"Simboloi","t":"us","c":"Baringo"}},{"type":"Feature","geometry":{"type":"Point","coordinates":[35.673004,0.900206]},"properties":{"id":"637428811","n":"Tilingwo handpump","t":"bh","c":"Baringo","d":120.0}},{"type":"Feature","geometry":{"type":"Point","coordinates":[35.793108,0.777992]},"properties":{"id":"637445829","n":"Kombo menja","t":"us","c":"Baringo"}},{"type":"Feature","geometry":{"type":"Point","coordinates":[35.797829,0.780194]},"properties":{"id":"637445915","n":"Simboloi","t":"us","c":"Baringo"}},{"type":"Feature","geometry":{"type":"Point","coordinates":[35.825127,0.847464]},"properties":{"id":"569165996","n":"Boruiyo Borehole","t":"bh","c":"Baringo"}},{"type":"Feature","geometry":{"type":"Point","coordinates":[35.816693,0.77751]},"properties":{"id":"428156840","n":"Wilson cherop","t":"bh","c":"Baringo","d":100.0}},{"type":"Feature","geometry":{"type":"Point","coordinates":[35.798031,0.777591]},"properties":{"id":"637445977","n":"Simboloi","t":"us","c":"Baringo"}},{"type":"Feature","geometry":{"type":"Point","coordinates":[35.796698,0.77729]},"properties":{"id":"637445661","n":"Kombo menja","t":"us","c":"Baringo"}},{"type":"Feature","geometry":{"type":"Point","coordinates":[35.771022,0.773461]},"properties":{"id":"277835617","n":"Kipkaren HH Standpipe","t":"bh","c":"Baringo"}},{"type":"Feature","geometry":{"type":"Point","coordinates":[35.80916,0.778717]},"properties":{"id":"638067264","n":"Moigutwo water spring","t":"ps","c":"Baringo"}},{"type":"Feature","geometry":{"type":"Point","coordinates":[35.796788,0.774669]},"properties":{"id":"637445537","n":"Kombo menja","t":"udw","c":"Baringo"}},{"type":"Feature","geometry":{"type":"Point","coordinates":[35.75603,0.773667]},"properties":{"id":"637365985","n":"Arentany river spring water point","t":"ps","c":"Baringo"}},{"type":"Feature","geometry":{"type":"Point","coordinates":[35.678707,0.890978]},"properties":{"id":"637530909","n":"Caroline stand pipe","t":"bh","c":"Baringo"}},{"type":"Feature","geometry":{"type":"Point","coordinates":[35.797227,0.781299]},"properties":{"id":"637445991","n":"Simboloi","t":"us","c":"Baringo"}},{"type":"Feature","geometry":{"type":"Point","coordinates":[35.691565,0.896635]},"properties":{"id":"637364386","n":"Chemintany stand pipe","t":"bh","c":"Baringo"}},{"type":"Feature","geometry":{"type":"Point","coordinates":[35.811671,0.769229]},"properties":{"id":"428460967","n":"Kapcharles water point","t":"ps","c":"Baringo"}},{"type":"Feature","geometry":{"type":"Point","coordinates":[35.753967,0.774786]},"properties":{"id":"637366041","n":"Kap Joseph water point","t":"ps","c":"Baringo"}},{"type":"Feature","geometry":{"type":"Point","coordinates":[35.802538,0.781508]},"properties":{"id":"637446291","n":"Chelegeu","t":"ps","c":"Baringo"}},{"type":"Feature","geometry":{"type":"Point","coordinates":[35.800552,0.775958]},"properties":{"id":"637446208","n":"Kipyege","t":"us","c":"Baringo"}},{"type":"Feature","geometry":{"type":"Point","coordinates":[35.794496,0.778422]},"properties":{"id":"637445764","n":"Kombo  menja","t":"us","c":"Baringo"}},{"type":"Feature","geometry":{"type":"Point","coordinates":[35.750834,0.800597]},"properties":{"id":"637285357","n":"Maramar primary school borehole","t":"bh","c":"Baringo","d":250.0}},{"type":"Feature","geometry":{"type":"Point","coordinates":[35.806833,0.775877]},"properties":{"id":"638067192","n":"Moigutwo water spring","t":"ps","c":"Baringo"}},{"type":"Feature","geometry":{"type":"Point","coordinates":[35.785241,0.824428]},"properties":{"id":"428461274","n":"Kapkungeton","t":"bh","c":"Baringo"}},{"type":"Feature","geometry":{"type":"Point","coordinates":[35.802472,0.779211]},"properties":{"id":"637446260","n":"Chelegeu","t":"ps","c":"Baringo"}},{"type":"Feature","geometry":{"type":"Point","coordinates":[35.806035,0.804616]},"properties":{"id":"637933595","n":"Kap Robii","t":"bh","c":"Baringo"}},{"type":"Feature","geometry":{"type":"Point","coordinates":[35.794567,0.780613]},"properties":{"id":"637445733","n":"Kombo menja","t":"us","c":"Baringo"}},{"type":"Feature","geometry":{"type":"Point","coordinates":[35.814082,0.779477]},"properties":{"id":"428156871","n":"Kandiye water point","t":"bh","c":"Baringo","d":100.0}},{"type":"Feature","geometry":{"type":"Point","coordinates":[35.666655,0.914667]},"properties":{"id":"637429317","n":"Sibonge spring","t":"us","c":"Baringo"}},{"type":"Feature","geometry":{"type":"Point","coordinates":[35.816358,0.930997]},"properties":{"id":"637550219","n":"Kap andrew Chebelieny hand dam","t":"pdw","c":"Baringo"}},{"type":"Feature","geometry":{"type":"Point","coordinates":[35.815565,0.783817]},"properties":{"id":"540815803","n":"Chemondoi water pond","t":"pdw","c":"Baringo"}},{"type":"Feature","geometry":{"type":"Point","coordinates":[35.815497,0.937895]},"properties":{"id":"637550240","n":"Bartolingech water spring","t":"us","c":"Baringo"}},{"type":"Feature","geometry":{"type":"Point","coordinates":[35.806908,0.778327]},"properties":{"id":"638067154","n":"Moigutwo","t":"us","c":"Baringo"}},{"type":"Feature","geometry":{"type":"Point","coordinates":[35.785618,0.833991]},"properties":{"id":"428461250","n":"Kapdavid water point","t":"bh","c":"Baringo"}},{"type":"Feature","geometry":{"type":"Point","coordinates":[35.807486,0.816693]},"properties":{"id":"637504627","n":"Kaplorukon standpipe","t":"bh","c":"Baringo"}},{"type":"Feature","geometry":{"type":"Point","coordinates":[35.671023,0.913825]},"properties":{"id":"637429393","n":"Sibonge spring","t":"us","c":"Baringo"}},{"type":"Feature","geometry":{"type":"Point","coordinates":[35.801279,0.781133]},"properties":{"id":"637446370","n":"Simboloi","t":"us","c":"Baringo"}},{"type":"Feature","geometry":{"type":"Point","coordinates":[35.782518,0.831551]},"properties":{"id":"428461236","n":"Kapbarchok water point","t":"bh","c":"Baringo"}},{"type":"Feature","geometry":{"type":"Point","coordinates":[35.808938,0.778758]},"properties":{"id":"638067271","n":"Moigutwo water spring","t":"ps","c":"Baringo"}},{"type":"Feature","geometry":{"type":"Point","coordinates":[35.8045,0.798966]},"properties":{"id":"637933643","n":"Kap kipserich","t":"bh","c":"Baringo"}},{"type":"Feature","geometry":{"type":"Point","coordinates":[35.79303,0.777975]},"properties":{"id":"637445812","n":"Kombo menja","t":"us","c":"Baringo"}},{"type":"Feature","geometry":{"type":"Point","coordinates":[35.802935,0.780654]},"properties":{"id":"637446284","n":"Chelegeu","t":"ps","c":"Baringo"}},{"type":"Feature","geometry":{"type":"Point","coordinates":[35.808705,0.816257]},"properties":{"id":"428270913","n":"Tunoiwa village","t":"bh","c":"Baringo"}},{"type":"Feature","geometry":{"type":"Point","coordinates":[35.79703,0.775797]},"properties":{"id":"637445427","n":"River","t":"us","c":"Baringo"}},{"type":"Feature","geometry":{"type":"Point","coordinates":[35.842393,0.859111]},"properties":{"id":"429250893","n":"Chelimo water point","t":"bh","c":"Baringo"}},{"type":"Feature","geometry":{"type":"Point","coordinates":[35.839035,0.861715]},"properties":{"id":"637405522","n":"Chebarkamai","t":"us","c":"Baringo"}},{"type":"Feature","geometry":{"type":"Point","coordinates":[35.798273,0.781414]},"properties":{"id":"637446002","n":"Simboloi","t":"us","c":"Baringo"}},{"type":"Feature","geometry":{"type":"Point","coordinates":[35.669757,0.917457]},"properties":{"id":"637429245","n":"Sibonge spring","t":"us","c":"Baringo"}},{"type":"Feature","geometry":{"type":"Point","coordinates":[35.79932,0.783402]},"properties":{"id":"637446033","n":"Simboloi","t":"us","c":"Baringo"}},{"type":"Feature","geometry":{"type":"Point","coordinates":[35.796715,0.775521]},"properties":{"id":"637445692","n":"Kombo menja","t":"us","c":"Baringo"}},{"type":"Feature","geometry":{"type":"Point","coordinates":[35.769723,0.849194]},"properties":{"id":"637460639","n":"Barinder primary water point","t":"bh","c":"Baringo","d":25.0}},{"type":"Feature","geometry":{"type":"Point","coordinates":[35.66857,0.913842]},"properties":{"id":"637429331","n":"Sibonge spring","t":"us","c":"Baringo"}},{"type":"Feature","geometry":{"type":"Point","coordinates":[35.75399,0.774793]},"properties":{"id":"637366034","n":"Arentany water point","t":"ps","c":"Baringo"}},{"type":"Feature","geometry":{"type":"Point","coordinates":[35.795107,0.778498]},"properties":{"id":"637445719","n":"Kombo menja","t":"us","c":"Baringo"}},{"type":"Feature","geometry":{"type":"Point","coordinates":[35.691013,0.898515]},"properties":{"id":"717482139","n":"Chemintany Handpump","t":"bh","c":"Baringo"}},{"type":"Feature","geometry":{"type":"Point","coordinates":[35.802483,0.777645]},"properties":{"id":"637446167","n":"Chelegeu","t":"us","c":"Baringo"}},{"type":"Feature","geometry":{"type":"Point","coordinates":[35.838446,0.862995]},"properties":{"id":"428269063","n":"Kamwetio water tank","t":"bh","c":"Baringo"}},{"type":"Feature","geometry":{"type":"Point","coordinates":[35.794383,0.78048]},"properties":{"id":"637445740","n":"Kombo menja","t":"us","c":"Baringo"}},{"type":"Feature","geometry":{"type":"Point","coordinates":[35.807226,0.777635]},"properties":{"id":"638067240","n":"Moigutwo water spring","t":"ps","c":"Baringo"}},{"type":"Feature","geometry":{"type":"Point","coordinates":[35.794452,0.779488]},"properties":{"id":"637445757","n":"Kombo menja","t":"us","c":"Baringo"}},{"type":"Feature","geometry":{"type":"Point","coordinates":[35.837563,0.866751]},"properties":{"id":"429250800","n":"Boit water point","t":"bh","c":"Baringo"}},{"type":"Feature","geometry":{"type":"Point","coordinates":[35.807306,0.75778]},"properties":{"id":"637363024","n":"Kabilany water point","t":"ps","c":"Baringo"}},{"type":"Feature","geometry":{"type":"Point","coordinates":[35.796071,0.780928]},"properties":{"id":"637445726","n":"Kombo menja","t":"us","c":"Baringo"}},{"type":"Feature","geometry":{"type":"Point","coordinates":[35.695357,0.88333]},"properties":{"id":"637483492","n":"Ossenon-Hand pump","t":"bh","c":"Baringo"}},{"type":"Feature","geometry":{"type":"Point","coordinates":[35.811121,0.826612]},"properties":{"id":"637447670","n":"Chemuso open spring","t":"us","c":"Baringo"}},{"type":"Feature","geometry":{"type":"Point","coordinates":[35.81634,0.931042]},"properties":{"id":"637550192","n":"Kachewan hand dam","t":"pdw","c":"Baringo"}},{"type":"Feature","geometry":{"type":"Point","coordinates":[35.806735,0.778095]},"properties":{"id":"638067185","n":"Chelekew waterpoint","t":"us","c":"Baringo"}},{"type":"Feature","geometry":{"type":"Point","coordinates":[35.794833,0.77679]},"properties":{"id":"637445788","n":"Kombo menja","t":"us","c":"Baringo"}},{"type":"Feature","geometry":{"type":"Point","coordinates":[35.753952,0.774788]},"properties":{"id":"637366058","n":"Arentany water point","t":"ps","c":"Baringo"}},{"type":"Feature","geometry":{"type":"Point","coordinates":[35.817612,0.925914]},"properties":{"id":"637550271","n":"Kap kipruto hand dam water point","t":"pdw","c":"Baringo","d":14.0}},{"type":"Feature","geometry":{"type":"Point","coordinates":[35.801049,0.783216]},"properties":{"id":"637446435","n":"Simboloi","t":"us","c":"Baringo"}},{"type":"Feature","geometry":{"type":"Point","coordinates":[35.83835,0.863006]},"properties":{"id":"428670348","n":"Kesumet  Water Point","t":"bh","c":"Baringo"}},{"type":"Feature","geometry":{"type":"Point","coordinates":[35.797857,0.780208]},"properties":{"id":"637445850","n":"Simboloi","t":"us","c":"Baringo"}},{"type":"Feature","geometry":{"type":"Point","coordinates":[35.801705,0.776364]},"properties":{"id":"637446129","n":"Kipyege","t":"us","c":"Baringo"}},{"type":"Feature","geometry":{"type":"Point","coordinates":[35.66842,0.916938]},"properties":{"id":"637429283","n":"Sibonge spring","t":"us","c":"Baringo"}},{"type":"Feature","geometry":{"type":"Point","coordinates":[35.767471,0.875251]},"properties":{"id":"637460660","n":"Kalabata community borehole water point","t":"bh","c":"Baringo","d":25.0}},{"type":"Feature","geometry":{"type":"Point","coordinates":[35.803078,0.760753]},"properties":{"id":"637985578","n":"Isaac kipkemei","t":"bh","c":"Baringo"}},{"type":"Feature","geometry":{"type":"Point","coordinates":[35.838789,0.861687]},"properties":{"id":"429250769","n":"Centre water point 1","t":"bh","c":"Baringo"}},{"type":"Feature","geometry":{"type":"Point","coordinates":[35.805553,0.777187]},"properties":{"id":"638067257","n":"Chelekew","t":"ps","c":"Baringo"}},{"type":"Feature","geometry":{"type":"Point","coordinates":[35.802012,0.778668]},"properties":{"id":"637446239","n":"Chelegeu","t":"us","c":"Baringo"}},{"type":"Feature","geometry":{"type":"Point","coordinates":[35.669269,0.918308]},"properties":{"id":"637429252","n":"Sibonge spring","t":"us","c":"Baringo"}},{"type":"Feature","geometry":{"type":"Point","coordinates":[35.69099,0.898475]},"properties":{"id":"637483399","n":"Chemintany borehole","t":"bh","c":"Baringo"}},{"type":"Feature","geometry":{"type":"Point","coordinates":[35.802763,0.782553]},"properties":{"id":"637446459","n":"Simboloi","t":"us","c":"Baringo"}},{"type":"Feature","geometry":{"type":"Point","coordinates":[35.671278,0.913588]},"properties":{"id":"637429410","n":"Sibonge spring","t":"us","c":"Baringo"}},{"type":"Feature","geometry":{"type":"Point","coordinates":[35.791526,0.779752]},"properties":{"id":"637445836","n":"Mermerwo","t":"us","c":"Baringo"}},{"type":"Feature","geometry":{"type":"Point","coordinates":[35.80085,0.778467]},"properties":{"id":"637446253","n":"Chelegeu","t":"ps","c":"Baringo"}},{"type":"Feature","geometry":{"type":"Point","coordinates":[35.799827,0.761022]},"properties":{"id":"637985767","n":"James kemei","t":"bh","c":"Baringo"}},{"type":"Feature","geometry":{"type":"Point","coordinates":[35.800344,0.782566]},"properties":{"id":"637446428","n":"Simboloi","t":"us","c":"Baringo"}},{"type":"Feature","geometry":{"type":"Point","coordinates":[35.802076,0.777552]},"properties":{"id":"637446174","n":"Chelegeu","t":"us","c":"Baringo"}},{"type":"Feature","geometry":{"type":"Point","coordinates":[35.795547,0.779673]},"properties":{"id":"637445843","n":"Simboloi","t":"us","c":"Baringo"}},{"type":"Feature","geometry":{"type":"Point","coordinates":[35.691997,0.896128]},"properties":{"id":"637364379","n":"Chemintany borehole","t":"bh","c":"Baringo"}},{"type":"Feature","geometry":{"type":"Point","coordinates":[35.815454,0.801443]},"properties":{"id":"637466680","n":"Samuel tank","t":"us","c":"Baringo"}},{"type":"Feature","geometry":{"type":"Point","coordinates":[35.802715,0.779544]},"properties":{"id":"637446277","n":"Chelegeu","t":"ps","c":"Baringo"}},{"type":"Feature","geometry":{"type":"Point","coordinates":[35.799332,0.7801]},"properties":{"id":"637446356","n":"Simboloi","t":"us","c":"Baringo"}},{"type":"Feature","geometry":{"type":"Point","coordinates":[35.841243,0.869729]},"properties":{"id":"429250824","n":"Omari water point","t":"bh","c":"Baringo"}},{"type":"Feature","geometry":{"type":"Point","coordinates":[35.801687,0.795489]},"properties":{"id":"637933935","n":"Kisanda","t":"us","c":"Baringo"}},{"type":"Feature","geometry":{"type":"Point","coordinates":[35.797884,0.780178]},"properties":{"id":"637445867","n":"Simboloi","t":"us","c":"Baringo"}},{"type":"Feature","geometry":{"type":"Point","coordinates":[35.839017,0.864173]},"properties":{"id":"637405546","n":"Chebarkamai spring","t":"us","c":"Baringo"}},{"type":"Feature","geometry":{"type":"Point","coordinates":[35.676157,0.883648]},"properties":{"id":"586750993","n":"Ng'elech stand pipe 2","t":"bh","c":"Baringo"}},{"type":"Feature","geometry":{"type":"Point","coordinates":[35.802571,0.782725]},"properties":{"id":"637446466","n":"Simboloi","t":"us","c":"Baringo"}},{"type":"Feature","geometry":{"type":"Point","coordinates":[35.798046,0.779107]},"properties":{"id":"637445946","n":"Simboloi","t":"us","c":"Baringo"}},{"type":"Feature","geometry":{"type":"Point","coordinates":[35.805735,0.804825]},"properties":{"id":"637933588","n":"Kap Robert","t":"bh","c":"Baringo"}},{"type":"Feature","geometry":{"type":"Point","coordinates":[35.79,0.798889]},"properties":{"id":"277835583","n":"Atiar BH HH Standpipe","t":"bh","c":"Baringo"}},{"type":"Feature","geometry":{"type":"Point","coordinates":[35.670728,0.916468]},"properties":{"id":"637429221","n":"Sibonge spring","t":"us","c":"Baringo"}},{"type":"Feature","geometry":{"type":"Point","coordinates":[35.788703,0.828283]},"properties":{"id":"428461267","n":"Kapwilliam water point","t":"bh","c":"Baringo"}},{"type":"Feature","geometry":{"type":"Point","coordinates":[35.801086,0.776493]},"properties":{"id":"637446105","n":"Kipyege","t":"us","c":"Baringo"}},{"type":"Feature","geometry":{"type":"Point","coordinates":[35.80838,0.762325]},"properties":{"id":"278074680","n":"Nyoswee water point","t":"ps","c":"Baringo"}},{"type":"Feature","geometry":{"type":"Point","coordinates":[35.800574,0.781346]},"properties":{"id":"637446387","n":"Simboloi","t":"us","c":"Baringo"}},{"type":"Feature","geometry":{"type":"Point","coordinates":[35.7994,0.779113]},"properties":{"id":"637446325","n":"Simboloi","t":"us","c":"Baringo"}},{"type":"Feature","geometry":{"type":"Point","coordinates":[35.789128,0.805121]},"properties":{"id":"637522313","n":"Andrew stand pipe","t":"bh","c":"Baringo"}},{"type":"Feature","geometry":{"type":"Point","coordinates":[35.683819,0.900258]},"properties":{"id":"637377032","n":"Tilingwo river","t":"pdw","c":"Baringo"}},{"type":"Feature","geometry":{"type":"Point","coordinates":[35.840225,0.866131]},"properties":{"id":"429250855","n":"Joel water point","t":"bh","c":"Baringo"}},{"type":"Feature","geometry":{"type":"Point","coordinates":[35.673096,0.900328]},"properties":{"id":"637428787","n":"Tilingwo handpump","t":"bh","c":"Baringo","d":120.0}},{"type":"Feature","geometry":{"type":"Point","coordinates":[35.800646,0.774749]},"properties":{"id":"637446198","n":"Kipyege","t":"us","c":"Baringo"}},{"type":"Feature","geometry":{"type":"Point","coordinates":[35.799909,0.777963]},"properties":{"id":"637446071","n":"Simboloi","t":"us","c":"Baringo"}},{"type":"Feature","geometry":{"type":"Point","coordinates":[35.797683,0.777829]},"properties":{"id":"637445953","n":"Simboloi","t":"us","c":"Baringo"}},{"type":"Feature","geometry":{"type":"Point","coordinates":[35.809866,0.765428]},"properties":{"id":"428158282","n":"Racoon water spring","t":"us","c":"Baringo"}},{"type":"Feature","geometry":{"type":"Point","coordinates":[35.813315,0.777745]},"properties":{"id":"540832828","n":"Mogoi village","t":"us","c":"Baringo"}},{"type":"Feature","geometry":{"type":"Point","coordinates":[35.809338,0.77662]},"properties":{"id":"637363031","n":"Moigutwo secondary water point","t":"bh","c":"Baringo"}},{"type":"Feature","geometry":{"type":"Point","coordinates":[35.697091,0.892014]},"properties":{"id":"798100335","n":"Helena Amadany","t":"bh","c":"Baringo","d":140.0}},{"type":"Feature","geometry":{"type":"Point","coordinates":[35.80895,0.768763]},"properties":{"id":"428460974","n":"Kapreuben water point","t":"ps","c":"Baringo"}},{"type":"Feature","geometry":{"type":"Point","coordinates":[35.802535,0.778218]},"properties":{"id":"637446222","n":"Chelegeu","t":"ps","c":"Baringo"}},{"type":"Feature","geometry":{"type":"Point","coordinates":[35.810121,0.813633]},"properties":{"id":"637504634","n":"Kap Elijah standpipe","t":"bh","c":"Baringo"}},{"type":"Feature","geometry":{"type":"Point","coordinates":[35.816848,0.784142]},"properties":{"id":"540740301","n":"Paulo","t":"bh","c":"Baringo"}},{"type":"Feature","geometry":{"type":"Point","coordinates":[35.79701,0.77704]},"properties":{"id":"637445678","n":"Kombo menja","t":"us","c":"Baringo"}},{"type":"Feature","geometry":{"type":"Point","coordinates":[35.816093,0.936988]},"properties":{"id":"637550257","n":"Bartolingech water spring","t":"us","c":"Baringo"}},{"type":"Feature","geometry":{"type":"Point","coordinates":[35.76525,0.770939]},"properties":{"id":"637362951","n":"Sekondonin water tank","t":"ps","c":"Baringo"}},{"type":"Feature","geometry":{"type":"Point","coordinates":[35.840269,0.864504]},"properties":{"id":"429250862","n":"Kibet water point","t":"bh","c":"Baringo"}},{"type":"Feature","geometry":{"type":"Point","coordinates":[35.770873,0.77819]},"properties":{"id":"540937754","n":"Barkatoi water source","t":"ps","c":"Baringo"}},{"type":"Feature","geometry":{"type":"Point","coordinates":[35.798404,0.779945]},"properties":{"id":"637445939","n":"Simboloi","t":"us","c":"Baringo"}},{"type":"Feature","geometry":{"type":"Point","coordinates":[35.816387,0.930985]},"properties":{"id":"637550202","n":"Kap andrew Chebelieny hand dam","t":"pdw","c":"Baringo"}},{"type":"Feature","geometry":{"type":"Point","coordinates":[35.801384,0.777366]},"properties":{"id":"637446143","n":"Kipyege","t":"us","c":"Baringo"}},{"type":"Feature","geometry":{"type":"Point","coordinates":[35.817555,0.783303]},"properties":{"id":"540740349","n":"Victor","t":"bh","c":"Baringo"}},{"type":"Feature","geometry":{"type":"Point","coordinates":[35.756312,0.773512]},"properties":{"id":"637366003","n":"Arentany water point","t":"ps","c":"Baringo"}},{"type":"Feature","geometry":{"type":"Point","coordinates":[35.839619,0.867984]},"properties":{"id":"429250817","n":"Lomul water point","t":"bh","c":"Baringo"}},{"type":"Feature","geometry":{"type":"Point","coordinates":[35.801893,0.805975]},"properties":{"id":"428245182","n":"Chelanga water point","t":"bh","c":"Baringo"}},{"type":"Feature","geometry":{"type":"Point","coordinates":[35.837832,0.86203]},"properties":{"id":"637405577","n":"Chebarkamai","t":"us","c":"Baringo"}},{"type":"Feature","geometry":{"type":"Point","coordinates":[35.691451,0.900011]},"properties":{"id":"637377049","n":"Chemintany handpump","t":"bh","c":"Baringo","d":160.0}},{"type":"Feature","geometry":{"type":"Point","coordinates":[35.797032,0.775748]},"properties":{"id":"637445458","n":"River","t":"us","c":"Baringo"}},{"type":"Feature","geometry":{"type":"Point","coordinates":[35.806184,0.817157]},"properties":{"id":"638364569","n":"Mokonge","t":"udw","c":"Baringo"}},{"type":"Feature","geometry":{"type":"Point","coordinates":[35.801349,0.78353]},"properties":{"id":"637446442","n":"Somboloi","t":"us","c":"Baringo"}},{"type":"Feature","geometry":{"type":"Point","coordinates":[35.756373,0.771578]},"properties":{"id":"637365820","n":"Borkatoi water project  at kipkaren","t":"ps","c":"Baringo"}},{"type":"Feature","geometry":{"type":"Point","coordinates":[35.816352,0.93101]},"properties":{"id":"637550226","n":"Kap andrew Chebelieny hand dam","t":"pdw","c":"Baringo"}},{"type":"Feature","geometry":{"type":"Point","coordinates":[35.812368,0.766388]},"properties":{"id":"428460950","n":"Kabaimen water point","t":"ps","c":"Baringo"}},{"type":"Feature","geometry":{"type":"Point","coordinates":[35.817925,0.781797]},"properties":{"id":"540740363","n":"Joyce","t":"bh","c":"Baringo"}},{"type":"Feature","geometry":{"type":"Point","coordinates":[35.801676,0.777353]},"properties":{"id":"637446150","n":"Kipyege/chelegeu","t":"us","c":"Baringo"}},{"type":"Feature","geometry":{"type":"Point","coordinates":[35.841159,0.868666]},"properties":{"id":"429250831","n":"Wisely water point","t":"bh","c":"Baringo"}},{"type":"Feature","geometry":{"type":"Point","coordinates":[35.807874,0.804241]},"properties":{"id":"637933605","n":"Kap Tambariri","t":"bh","c":"Baringo"}},{"type":"Feature","geometry":{"type":"Point","coordinates":[35.801597,0.775694]},"properties":{"id":"637446112","n":"Kipyege","t":"us","c":"Baringo"}},{"type":"Feature","geometry":{"type":"Point","coordinates":[35.79974,0.783665]},"properties":{"id":"637446040","n":"Simboloi","t":"us","c":"Baringo"}},{"type":"Feature","geometry":{"type":"Point","coordinates":[35.797585,0.776564]},"properties":{"id":"637445654","n":"Kombo  menja","t":"us","c":"Baringo"}},{"type":"Feature","geometry":{"type":"Point","coordinates":[35.785393,0.832496]},"properties":{"id":"428666488","n":"Chepkok koiserat stand pipe","t":"bh","c":"Baringo"}},{"type":"Feature","geometry":{"type":"Point","coordinates":[35.815171,0.773178]},"properties":{"id":"428157195","n":"Kapmichael  standpipe","t":"bh","c":"Baringo"}},{"type":"Feature","geometry":{"type":"Point","coordinates":[35.66636,0.91261]},"properties":{"id":"637429159","n":"Sibonge spring","t":"us","c":"Baringo"}},{"type":"Feature","geometry":{"type":"Point","coordinates":[35.798278,0.782191]},"properties":{"id":"637446019","n":"Simboloi","t":"us","c":"Baringo"}},{"type":"Feature","geometry":{"type":"Point","coordinates":[35.798249,0.780658]},"properties":{"id":"637445984","n":"Simboloi","t":"us","c":"Baringo"}},{"type":"Feature","geometry":{"type":"Point","coordinates":[35.801925,0.781917]},"properties":{"id":"637446473","n":"Chelegeu","t":"us","c":"Baringo"}},{"type":"Feature","geometry":{"type":"Point","coordinates":[35.800553,0.777777]},"properties":{"id":"637446088","n":"Kipyege","t":"us","c":"Baringo"}},{"type":"Feature","geometry":{"type":"Point","coordinates":[35.667588,0.915015]},"properties":{"id":"637429324","n":"Sibonge spring","t":"us","c":"Baringo"}},{"type":"Feature","geometry":{"type":"Point","coordinates":[35.771378,0.774422]},"properties":{"id":"540937637","n":"Barkatoi water spring","t":"ps","c":"Baringo"}},{"type":"Feature","geometry":{"type":"Point","coordinates":[35.796146,0.777977]},"properties":{"id":"637445960","n":"Simboloi","t":"us","c":"Baringo"}},{"type":"Feature","geometry":{"type":"Point","coordinates":[35.670822,0.916411]},"properties":{"id":"637429207","n":"Sibonge spring","t":"us","c":"Baringo"}},{"type":"Feature","geometry":{"type":"Point","coordinates":[35.799653,0.779889]},"properties":{"id":"637446332","n":"Simboloi","t":"us","c":"Baringo"}},{"type":"Feature","geometry":{"type":"Point","coordinates":[35.79396,0.777827]},"properties":{"id":"637445805","n":"Kombo menja","t":"us","c":"Baringo"}},{"type":"Feature","geometry":{"type":"Point","coordinates":[35.789896,0.798747]},"properties":{"id":"637460581","n":"Atiar pry school borehole","t":"bh","c":"Baringo","d":20.0}},{"type":"Feature","geometry":{"type":"Point","coordinates":[35.796873,0.776153]},"properties":{"id":"637445685","n":"Kombo menja","t":"us","c":"Baringo"}},{"type":"Feature","geometry":{"type":"Point","coordinates":[35.806212,0.807936]},"properties":{"id":"637933825","n":"Chebirbei","t":"us","c":"Baringo"}},{"type":"Feature","geometry":{"type":"Point","coordinates":[35.802389,0.762391]},"properties":{"id":"540741546","n":"Sitei chemjor","t":"bh","c":"Baringo"}},{"type":"Feature","geometry":{"type":"Point","coordinates":[35.794989,0.777313]},"properties":{"id":"637445771","n":"Kombo menja","t":"us","c":"Baringo"}},{"type":"Feature","geometry":{"type":"Point","coordinates":[35.802804,0.7816]},"properties":{"id":"637446301","n":"Chelegeu","t":"ps","c":"Baringo"}},{"type":"Feature","geometry":{"type":"Point","coordinates":[35.675108,0.881621]},"properties":{"id":"586750986","n":"Chesawany borehole","t":"bh","c":"Baringo"}},{"type":"Feature","geometry":{"type":"Point","coordinates":[35.692894,0.870317]},"properties":{"id":"637375968","n":"Francis kuresha home","t":"bh","c":"Baringo","d":100.0}},{"type":"Feature","geometry":{"type":"Point","coordinates":[35.715384,0.776221]},"properties":{"id":"429233995","n":"Kiptosok standpipe","t":"ps","c":"Baringo"}},{"type":"Feature","geometry":{"type":"Point","coordinates":[35.697398,0.779314]},"properties":{"id":"428748551","n":"Kapkenei waterpoint","t":"ps","c":"Baringo"}},{"type":"Feature","geometry":{"type":"Point","coordinates":[35.642421,0.870647]},"properties":{"id":"637413981","n":"Koiser dam","t":"udw","c":"Baringo"}},{"type":"Feature","geometry":{"type":"Point","coordinates":[35.749797,0.771438]},"properties":{"id":"637366065","n":"Berketiew water point","t":"ps","c":"Baringo"}},{"type":"Feature","geometry":{"type":"Point","coordinates":[35.699491,0.798533]},"properties":{"id":"428256104","n":"Kipchai water point","t":"ps","c":"Baringo"}},{"type":"Feature","geometry":{"type":"Point","coordinates":[35.690161,0.859583]},"properties":{"id":"637376361","n":"Assistant chief SYMON YEGO tap","t":"bh","c":"Baringo"}},{"type":"Feature","geometry":{"type":"Point","coordinates":[35.719174,0.777475]},"properties":{"id":"429233933","n":"Joseph  standpipe","t":"ps","c":"Baringo"}},{"type":"Feature","geometry":{"type":"Point","coordinates":[35.676225,0.805248]},"properties":{"id":"428461487","n":"Chesusion","t":"ps","c":"Baringo"}},{"type":"Feature","geometry":{"type":"Point","coordinates":[35.700783,0.78771]},"properties":{"id":"637453604","n":"Turbei borehole","t":"bh","c":"Baringo"}},{"type":"Feature","geometry":{"type":"Point","coordinates":[35.695337,0.856568]},"properties":{"id":"428682316","n":"Maregut village","t":"bh","c":"Baringo"}},{"type":"Feature","geometry":{"type":"Point","coordinates":[35.688888,0.830958]},"properties":{"id":"428526102","n":"Chebut water point","t":"ps","c":"Baringo"}},{"type":"Feature","geometry":{"type":"Point","coordinates":[35.692772,0.865126]},"properties":{"id":"637376330","n":"Timothy Sadam water tap","t":"bh","c":"Baringo"}},{"type":"Feature","geometry":{"type":"Point","coordinates":[35.695351,0.869018]},"properties":{"id":"637376086","n":"Toro water tap","t":"bh","c":"Baringo"}},{"type":"Feature","geometry":{"type":"Point","coordinates":[35.720403,0.777733]},"properties":{"id":"429233957","n":"Isaac standpipe","t":"ps","c":"Baringo"}},{"type":"Feature","geometry":{"type":"Point","coordinates":[35.689871,0.867906]},"properties":{"id":"637376062","n":"Kamenjo unprotected spring","t":"us","c":"Baringo"}},{"type":"Feature","geometry":{"type":"Point","coordinates":[35.692704,0.863936]},"properties":{"id":"637376213","n":"Cheburet isiaih water tap","t":"bh","c":"Baringo"}},{"type":"Feature","geometry":{"type":"Point","coordinates":[35.736533,0.770808]},"properties":{"id":"637366388","n":"Kap Robert kutunju water Point","t":"ps","c":"Baringo"}},{"type":"Feature","geometry":{"type":"Point","coordinates":[35.731277,0.773455]},"properties":{"id":"637366278","n":"Kap Sammy water point","t":"ps","c":"Baringo"}},{"type":"Feature","geometry":{"type":"Point","coordinates":[35.682756,0.804088]},"properties":{"id":"428461092","n":"Kapchemelei water point","t":"ps","c":"Baringo"}},{"type":"Feature","geometry":{"type":"Point","coordinates":[35.695105,0.869845]},"properties":{"id":"637376268","n":"Thomas kipkoros tap","t":"bh","c":"Baringo"}},{"type":"Feature","geometry":{"type":"Point","coordinates":[35.688054,0.834843]},"properties":{"id":"428526078","n":"Stand pipe 2 at Boys' section (Dormitory)","t":"bh","c":"Baringo"}},{"type":"Feature","geometry":{"type":"Point","coordinates":[35.676379,0.786547]},"properties":{"id":"428256733","n":"Cheptigit primary school water tank","t":"ps","c":"Baringo"}},{"type":"Feature","geometry":{"type":"Point","coordinates":[35.719906,0.764842]},"properties":{"id":"637400888","n":"Kampinyazi borehole","t":"bh","c":"Baringo"}},{"type":"Feature","geometry":{"type":"Point","coordinates":[35.738761,0.772339]},"properties":{"id":"637366247","n":"Kap Joseph water point","t":"ps","c":"Baringo"}},{"type":"Feature","geometry":{"type":"Point","coordinates":[35.691365,0.81523]},"properties":{"id":"637413998","n":"Magut stand pipe","t":"bh","c":"Baringo"}},{"type":"Feature","geometry":{"type":"Point","coordinates":[35.657978,0.890405]},"properties":{"id":"428670630","n":"Ayatya primary  kentank","t":"bh","c":"Baringo"}},{"type":"Feature","geometry":{"type":"Point","coordinates":[35.751749,0.768886]},"properties":{"id":"637366096","n":"Kap Michael water point","t":"ps","c":"Baringo"}},{"type":"Feature","geometry":{"type":"Point","coordinates":[35.695221,0.859449]},"properties":{"id":"637376323","n":"Tegew water tap","t":"bh","c":"Baringo"}},{"type":"Feature","geometry":{"type":"Point","coordinates":[35.7372,0.768573]},"properties":{"id":"637366405","n":"Kap Solomon chemoba water point","t":"ps","c":"Baringo"}},{"type":"Feature","geometry":{"type":"Point","coordinates":[35.694901,0.865228]},"properties":{"id":"637364496","n":"Maregut borehole","t":"bh","c":"Baringo"}},{"type":"Feature","geometry":{"type":"Point","coordinates":[35.698046,0.797936]},"properties":{"id":"428256087","n":"Sally water point","t":"ps","c":"Baringo"}},{"type":"Feature","geometry":{"type":"Point","coordinates":[35.694357,0.799221]},"properties":{"id":"428256049","n":"Nicholas water point","t":"ps","c":"Baringo"}},{"type":"Feature","geometry":{"type":"Point","coordinates":[35.648038,0.882947]},"properties":{"id":"637381095","n":"Kiror stand pipe","t":"bh","c":"Baringo"}},{"type":"Feature","geometry":{"type":"Point","coordinates":[35.694897,0.865247]},"properties":{"id":"277835600","n":"Maregut HH Standpipe","t":"bh","c":"Baringo"}},{"type":"Feature","geometry":{"type":"Point","coordinates":[35.738178,0.77251]},"properties":{"id":"637366254","n":"Kap kandagor water point","t":"ps","c":"Baringo"}},{"type":"Feature","geometry":{"type":"Point","coordinates":[35.750672,0.770603]},"properties":{"id":"637366137","n":"Kap Alfred chemosong water point","t":"ps","c":"Baringo"}},{"type":"Feature","geometry":{"type":"Point","coordinates":[35.658486,0.865371]},"properties":{"id":"637530882","n":"Recho stand pipe","t":"bh","c":"Baringo"}},{"type":"Feature","geometry":{"type":"Point","coordinates":[35.697448,0.84067]},"properties":{"id":"637398855","n":"Chemonanga homestead","t":"ps","c":"Baringo"}},{"type":"Feature","geometry":{"type":"Point","coordinates":[35.69539,0.858762]},"properties":{"id":"428682237","n":"Maregut vllage","t":"bh","c":"Baringo"}},{"type":"Feature","geometry":{"type":"Point","coordinates":[35.64972,0.884839]},"properties":{"id":"637381105","n":"Richards stand pipe","t":"bh","c":"Baringo"}},{"type":"Feature","geometry":{"type":"Point","coordinates":[35.691177,0.867711]},"properties":{"id":"637376031","n":"Silah Kokwon in water point","t":"bh","c":"Baringo"}},{"type":"Feature","geometry":{"type":"Point","coordinates":[35.708934,0.769738]},"properties":{"id":"429234082","n":"Mike standpipe","t":"ps","c":"Baringo"}},{"type":"Feature","geometry":{"type":"Point","coordinates":[35.717205,0.776501]},"properties":{"id":"429233988","n":"Kaptum standpipe","t":"ps","c":"Baringo"}},{"type":"Feature","geometry":{"type":"Point","coordinates":[35.748032,0.768952]},"properties":{"id":"637366144","n":"Kap Luka water point","t":"ps","c":"Baringo"}},{"type":"Feature","geometry":{"type":"Point","coordinates":[35.718528,0.777296]},"properties":{"id":"429233964","n":"Moses standpipe","t":"ps","c":"Baringo"}},{"type":"Feature","geometry":{"type":"Point","coordinates":[35.693031,0.871982]},"properties":{"id":"637375982","n":"Musa roktok water tap","t":"bh","c":"Baringo"}},{"type":"Feature","geometry":{"type":"Point","coordinates":[35.710785,0.772131]},"properties":{"id":"429234068","n":"Richard  Standpipe","t":"ps","c":"Baringo"}},{"type":"Feature","geometry":{"type":"Point","coordinates":[35.698059,0.798583]},"properties":{"id":"428256070","n":"Kenneth water point","t":"ps","c":"Baringo"}},{"type":"Feature","geometry":{"type":"Point","coordinates":[35.688565,0.834271]},"properties":{"id":"428526274","n":"Kuikui secondary school water points","t":"bh","c":"Baringo"}},{"type":"Feature","geometry":{"type":"Point","coordinates":[35.692084,0.866995]},"properties":{"id":"637376165","n":"Charles Kandagor water point","t":"bh","c":"Baringo"}},{"type":"Feature","geometry":{"type":"Point","coordinates":[35.680272,0.781248]},"properties":{"id":"637393403","n":"Chepkare","t":"udw","c":"Baringo"}},{"type":"Feature","geometry":{"type":"Point","coordinates":[35.696863,0.795072]},"properties":{"id":"428256025","n":"Joshua water point","t":"ps","c":"Baringo"}},{"type":"Feature","geometry":{"type":"Point","coordinates":[35.660492,0.809222]},"properties":{"id":"428525857","n":"Chesangich water kiosk","t":"ps","c":"Baringo"}},{"type":"Feature","geometry":{"type":"Point","coordinates":[35.703152,0.814526]},"properties":{"id":"637285395","n":"Kipsermet spring","t":"us","c":"Baringo"}},{"type":"Feature","geometry":{"type":"Point","coordinates":[35.695384,0.8588]},"properties":{"id":"637376282","n":"Loitabei/Benjamin water tap","t":"bh","c":"Baringo"}},{"type":"Feature","geometry":{"type":"Point","coordinates":[35.692432,0.780267]},"properties":{"id":"428748630","n":"KapDavid","t":"ps","c":"Baringo"}},{"type":"Feature","geometry":{"type":"Point","coordinates":[35.69044,0.86014]},"properties":{"id":"428682543","n":"Maregut village","t":"bh","c":"Baringo"}},{"type":"Feature","geometry":{"type":"Point","coordinates":[35.642452,0.870623]},"properties":{"id":"637413974","n":"Koiser dam","t":"udw","c":"Baringo"}},{"type":"Feature","geometry":{"type":"Point","coordinates":[35.698201,0.800543]},"properties":{"id":"428256063","n":"Amdany water point","t":"ps","c":"Baringo"}},{"type":"Feature","geometry":{"type":"Point","coordinates":[35.705553,0.794834]},"properties":{"id":"428256214","n":"Sirilion water point","t":"ps","c":"Baringo"}},{"type":"Feature","geometry":{"type":"Point","coordinates":[35.687423,0.783183]},"properties":{"id":"428748647","n":"Kapisaac","t":"ps","c":"Baringo"}},{"type":"Feature","geometry":{"type":"Point","coordinates":[35.658622,0.889289]},"properties":{"id":"637364324","n":"Ayatya borehole","t":"bh","c":"Baringo"}},{"type":"Feature","geometry":{"type":"Point","coordinates":[35.688407,0.834236]},"properties":{"id":"428526085","n":"Stand pipe 3 Located in Kuikui Mixed Secondary School","t":"bh","c":"Baringo"}},{"type":"Feature","geometry":{"type":"Point","coordinates":[35.660461,0.840746]},"properties":{"id":"428461157","n":"Kapjohn water point","t":"ps","c":"Baringo"}},{"type":"Feature","geometry":{"type":"Point","coordinates":[35.709524,0.766811]},"properties":{"id":"428239385","n":"Kampinyasi Borehole 1","t":"bh","c":"Baringo"}},{"type":"Feature","geometry":{"type":"Point","coordinates":[35.676178,0.805303]},"properties":{"id":"428461470","n":"Chesusion water kiosk","t":"ps","c":"Baringo"}},{"type":"Feature","geometry":{"type":"Point","coordinates":[35.73589,0.768883]},"properties":{"id":"637366371","n":"Kap kiryam water point","t":"ps","c":"Baringo"}},{"type":"Feature","geometry":{"type":"Point","coordinates":[35.745337,0.773495]},"properties":{"id":"637366151","n":"Kuko koprop water point.","t":"ps","c":"Baringo"}},{"type":"Feature","geometry":{"type":"Point","coordinates":[35.707944,0.787609]},"properties":{"id":"428256221","n":"Kiringring water point","t":"bh","c":"Baringo"}},{"type":"Feature","geometry":{"type":"Point","coordinates":[35.745032,0.771028]},"properties":{"id":"428256410","n":"Kombosang water tank","t":"ps","c":"Baringo"}},{"type":"Feature","geometry":{"type":"Point","coordinates":[35.693393,0.864989]},"properties":{"id":"637376206","n":"Hon. Makilap water tap","t":"bh","c":"Baringo"}},{"type":"Feature","geometry":{"type":"Point","coordinates":[35.695505,0.858823]},"properties":{"id":"428682213","n":"Maregut village","t":"bh","c":"Baringo"}},{"type":"Feature","geometry":{"type":"Point","coordinates":[35.708326,0.786084]},"properties":{"id":"428256238","n":"Vincent water point","t":"ps","c":"Baringo"}},{"type":"Feature","geometry":{"type":"Point","coordinates":[35.66001,0.842841]},"properties":{"id":"428461119","n":"Kaptigit water point","t":"bh","c":"Baringo"}},{"type":"Feature","geometry":{"type":"Point","coordinates":[35.695544,0.794724]},"properties":{"id":"428256032","n":"Kop jello water point","t":"ps","c":"Baringo"}},{"type":"Feature","geometry":{"type":"Point","coordinates":[35.745033,0.771379]},"properties":{"id":"637285364","n":"Kombosang primary school water tank","t":"ps","c":"Baringo"}},{"type":"Feature","geometry":{"type":"Point","coordinates":[35.708266,0.765895]},"properties":{"id":"428256551","n":"Kampinyasi water tank","t":"ps","c":"Baringo"}},{"type":"Feature","geometry":{"type":"Point","coordinates":[35.692128,0.825444]},"properties":{"id":"428269795","n":"Sakemchuch","t":"ps","c":"Baringo"}},{"type":"Feature","geometry":{"type":"Point","coordinates":[35.694496,0.84847]},"properties":{"id":"637398800","n":"Kipchar","t":"ps","c":"Baringo"}},{"type":"Feature","geometry":{"type":"Point","coordinates":[35.73545,0.770981]},"properties":{"id":"637366340","n":"Center one water point","t":"ps","c":"Baringo"}},{"type":"Feature","geometry":{"type":"Point","coordinates":[35.702539,0.796813]},"properties":{"id":"428256001","n":"Kaptorop water point","t":"ps","c":"Baringo"}},{"type":"Feature","geometry":{"type":"Point","coordinates":[35.738912,0.771139]},"properties":{"id":"637366223","n":"Kap chemosong water point","t":"ps","c":"Baringo"}},{"type":"Feature","geometry":{"type":"Point","coordinates":[35.717837,0.775716]},"properties":{"id":"429233971","n":"Chirchir standpipe","t":"ps","c":"Baringo"}},{"type":"Feature","geometry":{"type":"Point","coordinates":[35.733995,0.770777]},"properties":{"id":"637366326","n":"Kap James amdany water point","t":"ps","c":"Baringo"}},{"type":"Feature","geometry":{"type":"Point","coordinates":[35.739394,0.771389]},"properties":{"id":"637366216","n":"Chepkare water point","t":"us","c":"Baringo"}},{"type":"Feature","geometry":{"type":"Point","coordinates":[35.6475,0.885422]},"properties":{"id":"637381215","n":"Lotipos stand pipe","t":"bh","c":"Baringo"}},{"type":"Feature","geometry":{"type":"Point","coordinates":[35.694115,0.86571]},"properties":{"id":"637376110","n":"Muses chirchir water point","t":"bh","c":"Baringo"}},{"type":"Feature","geometry":{"type":"Point","coordinates":[35.742051,0.771278]},"properties":{"id":"637366199","n":"Kap chetalam water point","t":"ps","c":"Baringo"}},{"type":"Feature","geometry":{"type":"Point","coordinates":[35.653511,0.863321]},"properties":{"id":"637414009","n":"Koiser borehole/hand pump","t":"bh","c":"Baringo"}},{"type":"Feature","geometry":{"type":"Point","coordinates":[35.693361,0.8566]},"properties":{"id":"428682347","n":"Maregut village","t":"bh","c":"Baringo"}},{"type":"Feature","geometry":{"type":"Point","coordinates":[35.661696,0.866794]},"properties":{"id":"637530851","n":"Kop chebor stand pipe","t":"bh","c":"Baringo"}},{"type":"Feature","geometry":{"type":"Point","coordinates":[35.708217,0.767249]},"properties":{"id":"429234109","n":"Richard  chirchir standpipe","t":"ps","c":"Baringo"}},{"type":"Feature","geometry":{"type":"Point","coordinates":[35.735056,0.768824]},"properties":{"id":"637366364","n":"Kap Sammy chepsergon water point.","t":"ps","c":"Baringo"}},{"type":"Feature","geometry":{"type":"Point","coordinates":[35.711524,0.777604]},"properties":{"id":"428748568","n":"Kapcynthia water point","t":"ps","c":"Baringo"}},{"type":"Feature","geometry":{"type":"Point","coordinates":[35.691175,0.825137]},"properties":{"id":"428269788","n":"Sekemchuch stand pipe","t":"ps","c":"Baringo"}},{"type":"Feature","geometry":{"type":"Point","coordinates":[35.732675,0.769798]},"properties":{"id":"637366319","n":"Kap shadrack water point","t":"ps","c":"Baringo"}},{"type":"Feature","geometry":{"type":"Point","coordinates":[35.705673,0.789008]},"properties":{"id":"637453594","n":"Turbei borehole","t":"bh","c":"Baringo"}},{"type":"Feature","geometry":{"type":"Point","coordinates":[35.654379,0.862465]},"properties":{"id":"637414016","n":"Kalabata stand pipe","t":"bh","c":"Baringo"}},{"type":"Feature","geometry":{"type":"Point","coordinates":[35.748787,0.76763]},"properties":{"id":"637366175","n":"Kap kokwon chereko water point","t":"ps","c":"Baringo"}},{"type":"Feature","geometry":{"type":"Point","coordinates":[35.706571,0.777966]},"properties":{"id":"428748582","n":"Kapcheronchok water point","t":"ps","c":"Baringo"}},{"type":"Feature","geometry":{"type":"Point","coordinates":[35.693389,0.869229]},"properties":{"id":"637375920","n":"Theland water kiosk","t":"bh","c":"Baringo","d":100.0}},{"type":"Feature","geometry":{"type":"Point","coordinates":[35.690845,0.861439]},"properties":{"id":"637376347","n":"Rael sokome water tap","t":"bh","c":"Baringo"}},{"type":"Feature","geometry":{"type":"Point","coordinates":[35.665188,0.805169]},"properties":{"id":"428461906","n":"Chesangich Borehole water  point","t":"bh","c":"Baringo","d":80.0}},{"type":"Feature","geometry":{"type":"Point","coordinates":[35.738064,0.768695]},"properties":{"id":"637366395","n":"Kop jepkosgei water point","t":"ps","c":"Baringo"}},{"type":"Feature","geometry":{"type":"Point","coordinates":[35.655241,0.864099]},"properties":{"id":"637530899","n":"M.jepturu stand pipe","t":"bh","c":"Baringo"}},{"type":"Feature","geometry":{"type":"Point","coordinates":[35.681985,0.785821]},"properties":{"id":"428748654","n":"Kapcheptumo waterpoint","t":"ps","c":"Baringo"}},{"type":"Feature","geometry":{"type":"Point","coordinates":[35.693398,0.869915]},"properties":{"id":"637375944","n":"Justine krenger water point","t":"bh","c":"Baringo"}},{"type":"Feature","geometry":{"type":"Point","coordinates":[35.695602,0.858737]},"properties":{"id":"637376275","n":"Pepeto water tap","t":"bh","c":"Baringo"}},{"type":"Feature","geometry":{"type":"Point","coordinates":[35.676223,0.78597]},"properties":{"id":"428748661","n":"Kapreuben waterpoint","t":"ps","c":"Baringo"}},{"type":"Feature","geometry":{"type":"Point","coordinates":[35.692968,0.871679]},"properties":{"id":"637375975","n":"Musa rotok","t":"bh","c":"Baringo","d":100.0}},{"type":"Feature","geometry":{"type":"Point","coordinates":[35.687128,0.805895]},"properties":{"id":"428461085","n":"Kama water point","t":"ps","c":"Baringo"}},{"type":"Feature","geometry":{"type":"Point","coordinates":[35.739447,0.77151]},"properties":{"id":"637366209","n":"Kap chebet water point","t":"ps","c":"Baringo"}},{"type":"Feature","geometry":{"type":"Point","coordinates":[35.712235,0.7901]},"properties":{"id":"637453745","n":"Kisetian","t":"us","c":"Baringo"}},{"type":"Feature","geometry":{"type":"Point","coordinates":[35.691676,0.802826]},"properties":{"id":"428461078","n":"Kabero water kiosk","t":"ps","c":"Baringo"}},{"type":"Feature","geometry":{"type":"Point","coordinates":[35.708111,0.767076]},"properties":{"id":"429234099","n":"Cheronchok standpipe","t":"ps","c":"Baringo"}},{"type":"Feature","geometry":{"type":"Point","coordinates":[35.695237,0.779166]},"properties":{"id":"428748623","n":"Kapkaptum waterpoint","t":"ps","c":"Baringo"}},{"type":"Feature","geometry":{"type":"Point","coordinates":[35.709747,0.7716]},"properties":{"id":"429234075","n":"Toroitich standpipe","t":"ps","c":"Baringo"}},{"type":"Feature","geometry":{"type":"Point","coordinates":[35.729337,0.772978]},"properties":{"id":"637366285","n":"Kap kung'eton water point","t":"ps","c":"Baringo"}},{"type":"Feature","geometry":{"type":"Point","coordinates":[35.731602,0.772072]},"properties":{"id":"637366292","n":"Kap kimoso water point","t":"ps","c":"Baringo"}},{"type":"Feature","geometry":{"type":"Point","coordinates":[35.699189,0.796564]},"properties":{"id":"428256018","n":"Symon water point","t":"ps","c":"Baringo"}},{"type":"Feature","geometry":{"type":"Point","coordinates":[35.649312,0.883815]},"properties":{"id":"637381198","n":"Nancy stand pipe","t":"bh","c":"Baringo"}},{"type":"Feature","geometry":{"type":"Point","coordinates":[35.711375,0.776574]},"properties":{"id":"429234020","n":"Junction water kiosk","t":"ps","c":"Baringo"}},{"type":"Feature","geometry":{"type":"Point","coordinates":[35.715375,0.77634]},"properties":{"id":"429234006","n":"Kaimoi standpipe","t":"ps","c":"Baringo"}},{"type":"Feature","geometry":{"type":"Point","coordinates":[35.706336,0.777942]},"properties":{"id":"428748599","n":"Kapfundi waterpoint","t":"ps","c":"Baringo"}},{"type":"Feature","geometry":{"type":"Point","coordinates":[35.660138,0.865973]},"properties":{"id":"637530875","n":"Magut stand pipe","t":"bh","c":"Baringo"}},{"type":"Feature","geometry":{"type":"Point","coordinates":[35.688187,0.834746]},"properties":{"id":"428526047","n":"Stand pipe 1 at Girls' Section (Dormitory)","t":"bh","c":"Baringo"}},{"type":"Feature","geometry":{"type":"Point","coordinates":[35.734598,0.768598]},"properties":{"id":"637366357","n":"Kap isaac chepsergon water point","t":"ps","c":"Baringo"}},{"type":"Feature","geometry":{"type":"Point","coordinates":[35.691125,0.866208]},"properties":{"id":"637376158","n":"Baitakor water tap","t":"bh","c":"Baringo"}},{"type":"Feature","geometry":{"type":"Point","coordinates":[35.690992,0.867093]},"properties":{"id":"637376000","n":"Kamenjo","t":"bh","c":"Baringo"}},{"type":"Feature","geometry":{"type":"Point","coordinates":[35.737253,0.773784]},"properties":{"id":"637366261","n":"Kap Richard kandagor water point","t":"ps","c":"Baringo"}},{"type":"Feature","geometry":{"type":"Point","coordinates":[35.713891,0.776725]},"properties":{"id":"429234013","n":"Reuben  standpipe","t":"ps","c":"Baringo"}},{"type":"Feature","geometry":{"type":"Point","coordinates":[35.706914,0.781694]},"properties":{"id":"428256599","n":"Turbei primary school  water tank","t":"ps","c":"Baringo"}},{"type":"Feature","geometry":{"type":"Point","coordinates":[35.691244,0.867303]},"properties":{"id":"637376048","n":"Kamenjo unprotected spring","t":"us","c":"Baringo"}},{"type":"Feature","geometry":{"type":"Point","coordinates":[35.742432,0.77189]},"properties":{"id":"637366182","n":"Kap chepchieng water point","t":"ps","c":"Baringo"}},{"type":"Feature","geometry":{"type":"Point","coordinates":[35.702603,0.797251]},"properties":{"id":"428256771","n":"Kaptorop plastic tank","t":"ps","c":"Baringo"}},{"type":"Feature","geometry":{"type":"Point","coordinates":[35.694056,0.865732]},"properties":{"id":"637376196","n":"Moses chirchir Toma water tap","t":"bh","c":"Baringo"}},{"type":"Feature","geometry":{"type":"Point","coordinates":[35.74967,0.771428]},"properties":{"id":"637366072","n":"Arentany river","t":"ps","c":"Baringo"}},{"type":"Feature","geometry":{"type":"Point","coordinates":[35.661053,0.838705]},"properties":{"id":"428525888","n":"Kaptigit water point","t":"ps","c":"Baringo"}},{"type":"Feature","geometry":{"type":"Point","coordinates":[35.689942,0.816553]},"properties":{"id":"428256692","n":"Nyalilbuch water point","t":"ps","c":"Baringo"}},{"type":"Feature","geometry":{"type":"Point","coordinates":[35.661376,0.895564]},"properties":{"id":"637381088","n":"Paul stand pipe","t":"bh","c":"Baringo"}},{"type":"Feature","geometry":{"type":"Point","coordinates":[35.721355,0.766552]},"properties":{"id":"637400895","n":"Kampinyazi borehole","t":"bh","c":"Baringo"}},{"type":"Feature","geometry":{"type":"Point","coordinates":[35.69013,0.868712]},"properties":{"id":"637376378","n":"Timothy james","t":"bh","c":"Baringo"}},{"type":"Feature","geometry":{"type":"Point","coordinates":[35.68997,0.867737]},"properties":{"id":"637376079","n":"Josphat makilgot water trap","t":"bh","c":"Baringo"}},{"type":"Feature","geometry":{"type":"Point","coordinates":[35.709562,0.793726]},"properties":{"id":"637453721","n":"Kerchopsau","t":"us","c":"Baringo"}},{"type":"Feature","geometry":{"type":"Point","coordinates":[35.662157,0.878779]},"properties":{"id":"637530796","n":"Geoffrey cheptarus stand pipe","t":"bh","c":"Baringo"}},{"type":"Feature","geometry":{"type":"Point","coordinates":[35.699233,0.779511]},"properties":{"id":"428748616","n":"Kapjames waterpoint","t":"ps","c":"Baringo"}},{"type":"Feature","geometry":{"type":"Point","coordinates":[35.695233,0.859458]},"properties":{"id":"637376299","n":"Charles kandagor","t":"bh","c":"Baringo"}},{"type":"Feature","geometry":{"type":"Point","coordinates":[35.708082,0.765986]},"properties":{"id":"428256513","n":"Kampinyasi water tank","t":"ps","c":"Baringo"}},{"type":"Feature","geometry":{"type":"Point","coordinates":[35.693283,0.868228]},"properties":{"id":"637376172","n":"Julius chemelil water tap","t":"bh","c":"Baringo"}},{"type":"Feature","geometry":{"type":"Point","coordinates":[35.658247,0.869953]},"properties":{"id":"637530820","n":"Anne keresum stand pipe","t":"bh","c":"Baringo"}},{"type":"Feature","geometry":{"type":"Point","coordinates":[35.693566,0.811499]},"properties":{"id":"428461054","n":"Kapezra water point","t":"ps","c":"Baringo"}},{"type":"Feature","geometry":{"type":"Point","coordinates":[35.697207,0.779309]},"properties":{"id":"428748609","n":"Kap Alex water point","t":"ps","c":"Baringo"}},{"type":"Feature","geometry":{"type":"Point","coordinates":[35.694188,0.865808]},"properties":{"id":"637376141","n":"Moses chirchi","t":"bh","c":"Baringo"}},{"type":"Feature","geometry":{"type":"Point","coordinates":[35.659946,0.842823]},"properties":{"id":"428461140","n":"Kaptigit water point","t":"bh","c":"Baringo"}},{"type":"Feature","geometry":{"type":"Point","coordinates":[35.693045,0.871977]},"properties":{"id":"637375999","n":"Joshua kipkenei","t":"bh","c":"Baringo","d":100.0}},{"type":"Feature","geometry":{"type":"Point","coordinates":[35.661093,0.865012]},"properties":{"id":"637530868","n":"Lotiren stand pipe","t":"bh","c":"Baringo"}},{"type":"Feature","geometry":{"type":"Point","coordinates":[35.694989,0.860811]},"properties":{"id":"637376251","n":"Musa kandagor tap","t":"bh","c":"Baringo"}},{"type":"Feature","geometry":{"type":"Point","coordinates":[35.695807,0.857498]},"properties":{"id":"428682282","n":"Maregut village","t":"bh","c":"Baringo"}},{"type":"Feature","geometry":{"type":"Point","coordinates":[35.696718,0.798745]},"properties":{"id":"428256056","n":"Looking water point","t":"ps","c":"Baringo"}},{"type":"Feature","geometry":{"type":"Point","coordinates":[35.719168,0.769203]},"properties":{"id":"637400912","n":"Kampinyazi borehole","t":"bh","c":"Baringo"}},{"type":"Feature","geometry":{"type":"Point","coordinates":[35.69246,0.861437]},"properties":{"id":"637376237","n":"Kipchangal water tap","t":"bh","c":"Baringo"}},{"type":"Feature","geometry":{"type":"Point","coordinates":[35.790349,0.752654]},"properties":{"id":"569167479","n":"William  Tallam standpipe","t":"bh","c":"Baringo"}},{"type":"Feature","geometry":{"type":"Point","coordinates":[35.796785,0.757457]},"properties":{"id":"278082771","n":"Terik","t":"bh","c":"Baringo","d":89.0}},{"type":"Feature","geometry":{"type":"Point","coordinates":[35.799695,0.756095]},"properties":{"id":"569167266","n":"Jennifer Rutto standpipe","t":"bh","c":"Baringo","d":89.0}},{"type":"Feature","geometry":{"type":"Point","coordinates":[35.756253,0.750776]},"properties":{"id":"637400864","n":"Kapkoiwo River","t":"udw","c":"Baringo"}},{"type":"Feature","geometry":{"type":"Point","coordinates":[35.825525,0.745016]},"properties":{"id":"278108389","n":"Mama Betty stand pipe","t":"bh","c":"Baringo","d":89.0}},{"type":"Feature","geometry":{"type":"Point","coordinates":[35.825525,0.745016]},"properties":{"id":"278108341","n":"Terik borehole water point","t":"bh","c":"Baringo","d":89.0}},{"type":"Feature","geometry":{"type":"Point","coordinates":[35.79964,0.748245]},"properties":{"id":"569167156","n":"Komen  chemosong standpipe","t":"bh","c":"Baringo","d":89.0}},{"type":"Feature","geometry":{"type":"Point","coordinates":[35.796044,0.757823]},"properties":{"id":"569167352","n":"Richard kipyekomen standpipe","t":"bh","c":"Baringo"}},{"type":"Feature","geometry":{"type":"Point","coordinates":[35.804712,0.753924]},"properties":{"id":"569167170","n":"Harun kapsangut standpipe","t":"bh","c":"Baringo","d":89.0}},{"type":"Feature","geometry":{"type":"Point","coordinates":[35.813149,0.751771]},"properties":{"id":"637449713","n":"Tirimionin spring","t":"us","c":"Baringo"}},{"type":"Feature","geometry":{"type":"Point","coordinates":[35.792418,0.75511]},"properties":{"id":"569167527","n":"Kipkanngor.  Chesang  standpipe","t":"bh","c":"Baringo","d":89.0}},{"type":"Feature","geometry":{"type":"Point","coordinates":[35.807694,0.757339]},"properties":{"id":"428157250","n":"Kabilany spring","t":"ps","c":"Baringo"}},{"type":"Feature","geometry":{"type":"Point","coordinates":[35.795398,0.752436]},"properties":{"id":"569167510","n":"Joseph chebii standpipe","t":"bh","c":"Baringo","d":89.0}},{"type":"Feature","geometry":{"type":"Point","coordinates":[35.798304,0.75368]},"properties":{"id":"569167400","n":"Richard cherutoi standpipe","t":"bh","c":"Baringo","d":89.0}},{"type":"Feature","geometry":{"type":"Point","coordinates":[35.799452,0.753761]},"properties":{"id":"569167297","n":"Mark chepkangor standpipe","t":"bh","c":"Baringo","d":89.0}},{"type":"Feature","geometry":{"type":"Point","coordinates":[35.800755,0.759581]},"properties":{"id":"637985774","n":"Musa kemei","t":"bh","c":"Baringo"}},{"type":"Feature","geometry":{"type":"Point","coordinates":[35.797973,0.756384]},"properties":{"id":"569167486","n":"Moses  chemase  standpipe","t":"bh","c":"Baringo"}},{"type":"Feature","geometry":{"type":"Point","coordinates":[35.827144,0.738309]},"properties":{"id":"637363086","n":"Kabaimen Ecde water pont","t":"ps","c":"Baringo"}},{"type":"Feature","geometry":{"type":"Point","coordinates":[35.799199,0.752819]},"properties":{"id":"569167369","n":"Joshua komen standpipe.","t":"bh","c":"Baringo"}},{"type":"Feature","geometry":{"type":"Point","coordinates":[35.797393,0.757462]},"properties":{"id":"278072121","n":"Mama Betty standpipe","t":"bh","c":"Baringo","d":89.0}},{"type":"Feature","geometry":{"type":"Point","coordinates":[35.797737,0.757099]},"properties":{"id":"569167493","n":"Rodah. Cheboi standpipe","t":"bh","c":"Baringo"}},{"type":"Feature","geometry":{"type":"Point","coordinates":[35.795463,0.752449]},"properties":{"id":"569167503","n":"Joseph.     Chebii.  Standpipe","t":"bh","c":"Baringo","d":89.0}},{"type":"Feature","geometry":{"type":"Point","coordinates":[35.799762,0.761012]},"properties":{"id":"540741560","n":"James kemei","t":"bh","c":"Baringo"}},{"type":"Feature","geometry":{"type":"Point","coordinates":[35.800133,0.75417]},"properties":{"id":"569167280","n":"Festus komen  standpipe.","t":"bh","c":"Baringo"}},{"type":"Feature","geometry":{"type":"Point","coordinates":[35.797315,0.752917]},"properties":{"id":"569167383","n":"Kobilo  kangogo standpipe","t":"bh","c":"Baringo","d":89.0}},{"type":"Feature","geometry":{"type":"Point","coordinates":[35.799568,0.753181]},"properties":{"id":"569167534","n":"Charles chepyegon standpipe","t":"bh","c":"Baringo"}},{"type":"Feature","geometry":{"type":"Point","coordinates":[35.805635,0.752219]},"properties":{"id":"569167242","n":"Solomon  chebor standpipe","t":"bh","c":"Baringo","d":89.0}},{"type":"Feature","geometry":{"type":"Point","coordinates":[35.799182,0.758674]},"properties":{"id":"569167541","n":"Elias kimulwon standpipe","t":"bh","c":"Baringo"}},{"type":"Feature","geometry":{"type":"Point","coordinates":[35.811686,0.75032]},"properties":{"id":"428344665","n":"Kemei water point","t":"ps","c":"Baringo"}},{"type":"Feature","geometry":{"type":"Point","coordinates":[35.801242,0.753363]},"properties":{"id":"569167259","n":"Esther  kipkulei","t":"bh","c":"Baringo","d":89.0}},{"type":"Feature","geometry":{"type":"Point","coordinates":[35.796688,0.754878]},"properties":{"id":"569167424","n":"Jacob kimulwon standpipe","t":"bh","c":"Baringo","d":89.0}},{"type":"Feature","geometry":{"type":"Point","coordinates":[35.789331,0.753593]},"properties":{"id":"569167462","n":"Philip  kipkemei standpipe","t":"bh","c":"Baringo"}},{"type":"Feature","geometry":{"type":"Point","coordinates":[35.803284,0.751259]},"properties":{"id":"569167101","n":"David. Kimosop  stand pipe","t":"bh","c":"Baringo","d":89.0}},{"type":"Feature","geometry":{"type":"Point","coordinates":[35.798001,0.75393]},"properties":{"id":"569167390","n":"Benson kaguko standpipe","t":"bh","c":"Baringo","d":89.0}},{"type":"Feature","geometry":{"type":"Point","coordinates":[35.796771,0.757451]},"properties":{"id":"278120158","n":"Terik borehole water project","t":"bh","c":"Baringo","d":89.0}},{"type":"Feature","geometry":{"type":"Point","coordinates":[35.805664,0.750838]},"properties":{"id":"569167118","n":"Moses chebii  standpipe.","t":"bh","c":"Baringo","d":89.0}},{"type":"Feature","geometry":{"type":"Point","coordinates":[35.79578,0.75761]},"properties":{"id":"569167345","n":"Reuben chemitian standpipe","t":"bh","c":"Baringo"}},{"type":"Feature","geometry":{"type":"Point","coordinates":[35.802522,0.751599]},"properties":{"id":"569167228","n":"Joseph chelanga. Standpipe","t":"bh","c":"Baringo","d":89.0}},{"type":"Feature","geometry":{"type":"Point","coordinates":[35.797281,0.754689]},"properties":{"id":"569167417","n":"Charles  chepchieng","t":"bh","c":"Baringo"}},{"type":"Feature","geometry":{"type":"Point","coordinates":[35.795073,0.756648]},"properties":{"id":"569167338","n":"Joseph chechieng standpipe","t":"bh","c":"Baringo"}},{"type":"Feature","geometry":{"type":"Point","coordinates":[35.798727,0.759527]},"properties":{"id":"569167558","n":"David chebor standpipe","t":"bh","c":"Baringo"}},{"type":"Feature","geometry":{"type":"Point","coordinates":[35.793791,0.756408]},"properties":{"id":"569167431","n":"Joshua  Tallam standpipe","t":"bh","c":"Baringo"}},{"type":"Feature","geometry":{"type":"Point","coordinates":[35.819922,0.784328]},"properties":{"id":"540740590","n":"James Roktok standing pipe","t":"bh","c":"Baringo"}},{"type":"Feature","geometry":{"type":"Point","coordinates":[35.820193,0.778985]},"properties":{"id":"540741632","n":"Pauline Kokwon","t":"bh","c":"Baringo"}},{"type":"Feature","geometry":{"type":"Point","coordinates":[35.817148,0.79]},"properties":{"id":"540740480","n":"Kiritwo dug well","t":"udw","c":"Baringo"}},{"type":"Feature","geometry":{"type":"Point","coordinates":[35.819766,0.783297]},"properties":{"id":"540740325","n":"Linah chelanga","t":"bh","c":"Baringo"}},{"type":"Feature","geometry":{"type":"Point","coordinates":[35.825979,0.774206]},"properties":{"id":"540741852","n":"Esther Chepsergon","t":"bh","c":"Baringo"}},{"type":"Feature","geometry":{"type":"Point","coordinates":[35.822628,0.783633]},"properties":{"id":"540741584","n":"Isaac chebon","t":"bh","c":"Baringo"}},{"type":"Feature","geometry":{"type":"Point","coordinates":[35.820532,0.779082]},"properties":{"id":"540741670","n":"Maureen korir","t":"bh","c":"Baringo"}},{"type":"Feature","geometry":{"type":"Point","coordinates":[35.820348,0.779492]},"properties":{"id":"540741625","n":"Dorcus kipyekomen","t":"bh","c":"Baringo"}},{"type":"Feature","geometry":{"type":"Point","coordinates":[35.820187,0.775565]},"properties":{"id":"540741735","n":"Ismael kiptoon","t":"bh","c":"Baringo"}},{"type":"Feature","geometry":{"type":"Point","coordinates":[35.819943,0.785353]},"properties":{"id":"540740617","n":"Daniel Chelimo standing pipe","t":"bh","c":"Baringo"}},{"type":"Feature","geometry":{"type":"Point","coordinates":[35.82361,0.781436]},"properties":{"id":"540741618","n":"Lemox Maiyo","t":"bh","c":"Baringo"}},{"type":"Feature","geometry":{"type":"Point","coordinates":[35.820675,0.776513]},"properties":{"id":"540741704","n":"Checkeres ismael","t":"bh","c":"Baringo"}},{"type":"Feature","geometry":{"type":"Point","coordinates":[35.82373,0.782018]},"properties":{"id":"540741498","n":"Eunice chepsom","t":"bh","c":"Baringo"}},{"type":"Feature","geometry":{"type":"Point","coordinates":[35.819727,0.777252]},"properties":{"id":"540741711","n":"Sote chemenjo","t":"bh","c":"Baringo"}},{"type":"Feature","geometry":{"type":"Point","coordinates":[35.818933,0.780087]},"properties":{"id":"540740772","n":"Ezekiel Kiptisia standing pipe","t":"bh","c":"Baringo"}},{"type":"Feature","geometry":{"type":"Point","coordinates":[35.823248,0.77329]},"properties":{"id":"540741821","n":"Stephen Bokoria","t":"bh","c":"Baringo"}},{"type":"Feature","geometry":{"type":"Point","coordinates":[35.822801,0.780739]},"properties":{"id":"540741405","n":"Samuel cherewa standing pipe","t":"bh","c":"Baringo"}},{"type":"Feature","geometry":{"type":"Point","coordinates":[35.820732,0.782243]},"properties":{"id":"540740679","n":"Sheila Langat","t":"bh","c":"Baringo"}},{"type":"Feature","geometry":{"type":"Point","coordinates":[35.819234,0.768979]},"properties":{"id":"637449799","n":"Barbarchun borehole","t":"bh","c":"Baringo"}},{"type":"Feature","geometry":{"type":"Point","coordinates":[35.818497,0.78357]},"properties":{"id":"540740284","n":"Samuel Chesir","t":"bh","c":"Baringo"}},{"type":"Feature","geometry":{"type":"Point","coordinates":[35.821307,0.776218]},"properties":{"id":"540741687","n":"Melvin wilson","t":"bh","c":"Baringo"}},{"type":"Feature","geometry":{"type":"Point","coordinates":[35.821625,0.782217]},"properties":{"id":"540740734","n":"Judy Stephen","t":"bh","c":"Baringo"}},{"type":"Feature","geometry":{"type":"Point","coordinates":[35.825302,0.772674]},"properties":{"id":"540741883","n":"Kiptorus DInah","t":"bh","c":"Baringo"}},{"type":"Feature","geometry":{"type":"Point","coordinates":[35.819382,0.781755]},"properties":{"id":"540740387","n":"Kemboi","t":"bh","c":"Baringo"}},{"type":"Feature","geometry":{"type":"Point","coordinates":[35.819395,0.786933]},"properties":{"id":"540815542","n":"Chemondoi spring","t":"us","c":"Baringo"}},{"type":"Feature","geometry":{"type":"Point","coordinates":[35.8222,0.77978]},"properties":{"id":"540741388","n":"Leah Songol Standing pipe","t":"bh","c":"Baringo"}},{"type":"Feature","geometry":{"type":"Point","coordinates":[35.826699,0.771951]},"properties":{"id":"540741876","n":"Milka Chelugo","t":"bh","c":"Baringo"}},{"type":"Feature","geometry":{"type":"Point","coordinates":[35.819303,0.787216]},"properties":{"id":"540815528","n":"Chemondoi water spring","t":"us","c":"Baringo"}},{"type":"Feature","geometry":{"type":"Point","coordinates":[35.822284,0.780634]},"properties":{"id":"540740844","n":"John Chebii","t":"bh","c":"Baringo"}},{"type":"Feature","geometry":{"type":"Point","coordinates":[35.81889,0.778943]},"properties":{"id":"540741649","n":"Kiptisia shaline","t":"bh","c":"Baringo"}},{"type":"Feature","geometry":{"type":"Point","coordinates":[35.823397,0.78095]},"properties":{"id":"540741443","n":"Kobilo kisang standing pipe","t":"bh","c":"Baringo"}},{"type":"Feature","geometry":{"type":"Point","coordinates":[35.820022,0.771482]},"properties":{"id":"637449696","n":"Simo","t":"us","c":"Baringo"}},{"type":"Feature","geometry":{"type":"Point","coordinates":[35.819936,0.781691]},"properties":{"id":"540740466","n":"Shaline","t":"bh","c":"Baringo"}},{"type":"Feature","geometry":{"type":"Point","coordinates":[35.818497,0.785445]},"properties":{"id":"540740239","n":"Kamulot borehole","t":"bh","c":"Baringo"}},{"type":"Feature","geometry":{"type":"Point","coordinates":[35.820788,0.784973]},"properties":{"id":"540740655","n":"Salinah Cheptoo standing pipe","t":"bh","c":"Baringo"}},{"type":"Feature","geometry":{"type":"Point","coordinates":[35.819041,0.784084]},"properties":{"id":"540740260","n":"Kamulot","t":"bh","c":"Baringo"}},{"type":"Feature","geometry":{"type":"Point","coordinates":[35.819938,0.781125]},"properties":{"id":"540740796","n":"Samuel cheruiyot standing pipe","t":"bh","c":"Baringo"}},{"type":"Feature","geometry":{"type":"Point","coordinates":[35.818644,0.786497]},"properties":{"id":"540815463","n":"Chemondoi water spring","t":"us","c":"Baringo"}},{"type":"Feature","geometry":{"type":"Point","coordinates":[35.817482,0.784437]},"properties":{"id":"540740507","n":"Lydia kipkiror","t":"bh","c":"Baringo"}},{"type":"Feature","geometry":{"type":"Point","coordinates":[35.823292,0.781672]},"properties":{"id":"540741601","n":"David karuwen","t":"bh","c":"Baringo"}},{"type":"Feature","geometry":{"type":"Point","coordinates":[35.818648,0.785363]},"properties":{"id":"540740552","n":"Dinah cherogony","t":"bh","c":"Baringo"}},{"type":"Feature","geometry":{"type":"Point","coordinates":[35.818708,0.780781]},"properties":{"id":"540740758","n":"Sarah Cherono","t":"bh","c":"Baringo"}},{"type":"Feature","geometry":{"type":"Point","coordinates":[35.823216,0.783197]},"properties":{"id":"540740693","n":"Peninah Kigen","t":"bh","c":"Baringo"}},{"type":"Feature","geometry":{"type":"Point","coordinates":[35.8203,0.778715]},"properties":{"id":"540741663","n":"Lonah Konga","t":"bh","c":"Baringo"}},{"type":"Feature","geometry":{"type":"Point","coordinates":[35.825981,0.772329]},"properties":{"id":"540741869","n":"Fredrick Kiptorus","t":"bh","c":"Baringo"}},{"type":"Feature","geometry":{"type":"Point","coordinates":[35.818314,0.78436]},"properties":{"id":"540740576","n":"Rose cherop","t":"bh","c":"Baringo"}},{"type":"Feature","geometry":{"type":"Point","coordinates":[35.823968,0.773592]},"properties":{"id":"540741838","n":"Jackson Bokoria","t":"bh","c":"Baringo"}},{"type":"Feature","geometry":{"type":"Point","coordinates":[35.820466,0.78566]},"properties":{"id":"540740631","n":"Beatrice korir standing pipe","t":"bh","c":"Baringo"}},{"type":"Feature","geometry":{"type":"Point","coordinates":[35.819792,0.781879]},"properties":{"id":"540740442","n":"Pius","t":"bh","c":"Baringo"}},{"type":"Feature","geometry":{"type":"Point","coordinates":[35.825114,0.774272]},"properties":{"id":"540741845","n":"Florence Kenei","t":"bh","c":"Baringo"}},{"type":"Feature","geometry":{"type":"Point","coordinates":[35.818712,0.781208]},"properties":{"id":"540740428","n":"Dinah","t":"bh","c":"Baringo"}},{"type":"Feature","geometry":{"type":"Point","coordinates":[35.822325,0.782482]},"properties":{"id":"540740710","n":"Evaline Keitany","t":"bh","c":"Baringo"}},{"type":"Feature","geometry":{"type":"Point","coordinates":[35.822055,0.776935]},"properties":{"id":"540741694","n":"David kimwetich","t":"bh","c":"Baringo"}},{"type":"Feature","geometry":{"type":"Point","coordinates":[36.012104,0.228739]},"properties":{"id":"304382512","n":"Chebotoi Water kiosk","t":"bh","c":"Baringo","d":250.0}},{"type":"Feature","geometry":{"type":"Point","coordinates":[36.013795,0.247631]},"properties":{"id":"304382543","n":"Kamar community water kiosk","t":"bh","c":"Baringo","d":250.0}},{"type":"Feature","geometry":{"type":"Point","coordinates":[36.005571,0.223812]},"properties":{"id":"304382505","n":"Tingtingnyon water kiosk","t":"bh","c":"Baringo","d":250.0}},{"type":"Feature","geometry":{"type":"Point","coordinates":[36.005909,0.125993]},"properties":{"id":"304382495","n":"Magoi Standpipe water point 3","t":"bh","c":"Baringo","d":220.0}},{"type":"Feature","geometry":{"type":"Point","coordinates":[36.010711,0.11533]},"properties":{"id":"304382488","n":"Magoi Water kiosk 2","t":"bh","c":"Baringo","d":220.0}},{"type":"Feature","geometry":{"type":"Point","coordinates":[36.012593,0.124777]},"properties":{"id":"304382457","n":"Magoi Water Kiosk 1","t":"bh","c":"Baringo","d":220.0}},{"type":"Feature","geometry":{"type":"Point","coordinates":[34.449434,0.546458]},"properties":{"id":"626077657","n":"Homa Bay Church of Christ","t":"bh","c":"Bungoma"}},{"type":"Feature","geometry":{"type":"Point","coordinates":[34.531258,0.504606]},"properties":{"id":"75279","n":"Sikhokoro Community - 4215","t":"bh","c":"Bungoma"}},{"type":"Feature","geometry":{"type":"Point","coordinates":[34.52657,0.62123]},"properties":{"id":"75152","n":"Decommissioned 2016 - Cardinal Otunga Secondary School","t":"pdw","c":"Bungoma"}},{"type":"Feature","geometry":{"type":"Point","coordinates":[34.766781,0.766848]},"properties":{"id":"34562","n":"Gekomu, H20i: GK30","t":"pdw","c":"Bungoma"}},{"type":"Feature","geometry":{"type":"Point","coordinates":[35.13215,0.78392]},"properties":{"id":"75059","n":"UCC 2019 - Friends Secondary School Kongoni Borehole","t":"bh","c":"Bungoma"}},{"type":"Feature","geometry":{"type":"Point","coordinates":[34.960685,0.632561]},"properties":{"id":"75145","n":"UCC 2018 - Bishop Sulumeti Girls Secondary School Lugari","t":"bh","c":"Bungoma"}},{"type":"Feature","geometry":{"type":"Point","coordinates":[34.87,0.74]},"properties":{"id":"5745573","n":"Mang'uliro Community Well Rehabilitation - 4524","t":"pdw","c":"Bungoma"}},{"type":"Feature","geometry":{"type":"Point","coordinates":[34.89877,0.74664]},"properties":{"id":"75097","n":"Nabing'eng'e Primary School - 471","t":"bh","c":"Bungoma"}},{"type":"Feature","geometry":{"type":"Point","coordinates":[34.75007,0.650238]},"properties":{"id":"34672","n":"Nyamokenye, H20i: NK09","t":"bh","c":"Bungoma"}},{"type":"Feature","geometry":{"type":"Point","coordinates":[34.750077,0.650264]},"properties":{"id":"34689","n":"Nyankongo, H20i: NG13","t":"us","c":"Bungoma"}},{"type":"Feature","geometry":{"type":"Point","coordinates":[34.750193,0.666755]},"properties":{"id":"34438","n":"Daraja Mbili, H20i: DJ28","t":"udw","c":"Bungoma"}},{"type":"Feature","geometry":{"type":"Point","coordinates":[34.750194,0.666721]},"properties":{"id":"34445","n":"Daraja Mbili, H20i: DJ29","t":"udw","c":"Bungoma"}},{"type":"Feature","geometry":{"type":"Point","coordinates":[34.750204,0.666697]},"properties":{"id":"34476","n":"Daraja Mbili, H20i: DJ32","t":"udw","c":"Bungoma"}},{"type":"Feature","geometry":{"type":"Point","coordinates":[34.733591,0.650213]},"properties":{"id":"34665","n":"Nyamokenye, H20i: NK08","t":"udw","c":"Bungoma"}},{"type":"Feature","geometry":{"type":"Point","coordinates":[34.703497,0.702557]},"properties":{"id":"714156738","n":"BUNGOMA.WEBUYE WEST.MAKHONGE FYM PRIMARY SCHOOL.INFRONT OF GRADE 5 CLASS.BOREHOLE","t":"bh","c":"Bungoma"}},{"type":"Feature","geometry":{"type":"Point","coordinates":[34.750163,0.666721]},"properties":{"id":"34452","n":"Daraja Mbili, H20i: DJ30","t":"pdw","c":"Bungoma"}},{"type":"Feature","geometry":{"type":"Point","coordinates":[34.750161,0.666693]},"properties":{"id":"34469","n":"Daraja Mbili, H20i: DJ31","t":"pdw","c":"Bungoma"}},{"type":"Feature","geometry":{"type":"Point","coordinates":[34.78338,0.666783]},"properties":{"id":"34603","n":"Kanga, H20i: KG05","t":"ps","c":"Bungoma"}},{"type":"Feature","geometry":{"type":"Point","coordinates":[34.766799,0.683453]},"properties":{"id":"34500","n":"Gekomu, H20i: GK24","t":"udw","c":"Bungoma"}},{"type":"Feature","geometry":{"type":"Point","coordinates":[34.783359,0.666769]},"properties":{"id":"34627","n":"Kanga, H20i: KG07","t":"us","c":"Bungoma"}},{"type":"Feature","geometry":{"type":"Point","coordinates":[34.766911,0.666763]},"properties":{"id":"34658","n":"Kanga, H20i: KG10","t":"us","c":"Bungoma"}},{"type":"Feature","geometry":{"type":"Point","coordinates":[34.76686,0.666785]},"properties":{"id":"34586","n":"Kanga, H20i: KG03","t":"ps","c":"Bungoma"}},{"type":"Feature","geometry":{"type":"Point","coordinates":[34.76678,0.683515]},"properties":{"id":"34555","n":"Gekomu, H20i: GK29","t":"pdw","c":"Bungoma"}},{"type":"Feature","geometry":{"type":"Point","coordinates":[34.783386,0.666789]},"properties":{"id":"34593","n":"Kanga, H20i: KG04","t":"ps","c":"Bungoma"}},{"type":"Feature","geometry":{"type":"Point","coordinates":[34.783373,0.666769]},"properties":{"id":"34610","n":"Kanga, H20i: KG06","t":"ps","c":"Bungoma"}},{"type":"Feature","geometry":{"type":"Point","coordinates":[34.766805,0.683468]},"properties":{"id":"34517","n":"Gekomu, H20i: GK25","t":"pdw","c":"Bungoma"}},{"type":"Feature","geometry":{"type":"Point","coordinates":[34.766803,0.683497]},"properties":{"id":"34548","n":"Gekomu, H20i: GK28","t":"pdw","c":"Bungoma"}},{"type":"Feature","geometry":{"type":"Point","coordinates":[34.783339,0.666765]},"properties":{"id":"34641","n":"Kanga, H20i: KG09","t":"us","c":"Bungoma"}},{"type":"Feature","geometry":{"type":"Point","coordinates":[34.766689,0.666821]},"properties":{"id":"34397","n":"Central, H20i: C22","t":"us","c":"Bungoma"}},{"type":"Feature","geometry":{"type":"Point","coordinates":[34.766804,0.683483]},"properties":{"id":"34531","n":"Gekomu, H20i: GK27","t":"udw","c":"Bungoma"}},{"type":"Feature","geometry":{"type":"Point","coordinates":[34.766783,0.70008]},"properties":{"id":"34706","n":"Nyaura, H20i: NR29","t":"ps","c":"Bungoma"}},{"type":"Feature","geometry":{"type":"Point","coordinates":[34.766835,0.68358]},"properties":{"id":"34696","n":"Nyaura, H20i: NR28","t":"ps","c":"Bungoma"}},{"type":"Feature","geometry":{"type":"Point","coordinates":[34.766824,0.683393]},"properties":{"id":"34483","n":"Gekomu, H20i: GK17","t":"udw","c":"Bungoma"}},{"type":"Feature","geometry":{"type":"Point","coordinates":[34.78335,0.666768]},"properties":{"id":"34634","n":"Kanga, H20i: KG08","t":"us","c":"Bungoma"}},{"type":"Feature","geometry":{"type":"Point","coordinates":[34.766818,0.683502]},"properties":{"id":"34490","n":"Gekomu, H20i: GK18","t":"us","c":"Bungoma"}},{"type":"Feature","geometry":{"type":"Point","coordinates":[34.783553,0.700044]},"properties":{"id":"34380","n":"Bobaracho, H20i: B27","t":"us","c":"Bungoma"}},{"type":"Feature","geometry":{"type":"Point","coordinates":[34.036048,0.166219]},"properties":{"id":"247796025","n":"Busia Hills","t":"pdw","c":"Busia"}},{"type":"Feature","geometry":{"type":"Point","coordinates":[34.016966,0.169347]},"properties":{"id":"247645992","n":"Nasali Borehole","t":"bh","c":"Busia","d":20.0}},{"type":"Feature","geometry":{"type":"Point","coordinates":[34.093342,0.1372]},"properties":{"id":"247640100","n":"Rwambwa B","t":"udw","c":"Busia","d":20.0}},{"type":"Feature","geometry":{"type":"Point","coordinates":[34.071041,0.159582]},"properties":{"id":"247672316","n":"Matabi A borehole","t":"pdw","c":"Busia","d":180.0}},{"type":"Feature","geometry":{"type":"Point","coordinates":[34.093357,0.137771]},"properties":{"id":"247640117","n":"Rwambwa A","t":"pdw","c":"Busia","d":20.0}},{"type":"Feature","geometry":{"type":"Point","coordinates":[34.056268,0.16531]},"properties":{"id":"247662869","n":"Mundobodobo borehole","t":"pdw","c":"Busia","d":280.0}},{"type":"Feature","geometry":{"type":"Point","coordinates":[34.053302,0.157492]},"properties":{"id":"247796032","n":"Omonya","t":"pdw","c":"Busia"}},{"type":"Feature","geometry":{"type":"Point","coordinates":[34.40559,0.38392]},"properties":{"id":"876418","n":"Decommissioned 2021 - Shinamwinyuli Primary School - 4208","t":"pdw","c":"Busia"}},{"type":"Feature","geometry":{"type":"Point","coordinates":[34.40539,0.38392]},"properties":{"id":"876425","n":"Shinamwinyuli Secondary School Borehole - 4209","t":"bh","c":"Busia"}},{"type":"Feature","geometry":{"type":"Point","coordinates":[34.39104,0.36607]},"properties":{"id":"876494","n":"Decommissioned 2016 - Elukala Primary School","t":"bh","c":"Busia"}},{"type":"Feature","geometry":{"type":"Point","coordinates":[34.053047,0.262868]},"properties":{"id":"713003444","n":"Boyi muzebe borehall","t":"bh","c":"Busia","d":67.0}},{"type":"Feature","geometry":{"type":"Point","coordinates":[34.025457,0.233705]},"properties":{"id":"247648562","n":"Mukemo 1","t":"udw","c":"Busia"}},{"type":"Feature","geometry":{"type":"Point","coordinates":[34.043503,0.229637]},"properties":{"id":"713005855","n":"Samia Girl's Water Kiosk","t":"pdw","c":"Busia","d":100.0}},{"type":"Feature","geometry":{"type":"Point","coordinates":[34.07498,0.233293]},"properties":{"id":"247676310","n":"Mudoma","t":"pdw","c":"Busia"}},{"type":"Feature","geometry":{"type":"Point","coordinates":[34.097265,0.227509]},"properties":{"id":"247666227","n":"Nanjekho","t":"pdw","c":"Busia"}},{"type":"Feature","geometry":{"type":"Point","coordinates":[34.059555,0.215013]},"properties":{"id":"247651146","n":"Bwatakhumba","t":"bh","c":"Busia"}},{"type":"Feature","geometry":{"type":"Point","coordinates":[34.027356,0.227436]},"properties":{"id":"247648610","n":"Namasali","t":"bh","c":"Busia"}},{"type":"Feature","geometry":{"type":"Point","coordinates":[34.10701,0.228933]},"properties":{"id":"247666337","n":"Odidi","t":"pdw","c":"Busia"}},{"type":"Feature","geometry":{"type":"Point","coordinates":[34.051337,0.266161]},"properties":{"id":"713003437","n":"Businda borehall","t":"bh","c":"Busia","d":100.0}},{"type":"Feature","geometry":{"type":"Point","coordinates":[34.073859,0.221926]},"properties":{"id":"713005549","n":"Patrick water point","t":"bh","c":"Busia","d":60.0}},{"type":"Feature","geometry":{"type":"Point","coordinates":[34.088448,0.228562]},"properties":{"id":"713005453","n":"Bukiri water point","t":"bh","c":"Busia","d":120.0}},{"type":"Feature","geometry":{"type":"Point","coordinates":[34.037954,0.235689]},"properties":{"id":"247648713","n":"Buduongi","t":"bh","c":"Busia"}},{"type":"Feature","geometry":{"type":"Point","coordinates":[34.095487,0.205778]},"properties":{"id":"247667053","n":"Rumbiye water point 1","t":"pdw","c":"Busia","d":75.0}},{"type":"Feature","geometry":{"type":"Point","coordinates":[34.056138,0.216086]},"properties":{"id":"713004036","n":"Bunandi borehole","t":"bh","c":"Busia","d":130.0}},{"type":"Feature","geometry":{"type":"Point","coordinates":[34.102067,0.228978]},"properties":{"id":"247666289","n":"Nanjekho","t":"us","c":"Busia"}},{"type":"Feature","geometry":{"type":"Point","coordinates":[34.072454,0.240349]},"properties":{"id":"713005518","n":"Mudodo borehole","t":"bh","c":"Busia","d":60.0}},{"type":"Feature","geometry":{"type":"Point","coordinates":[34.07196,0.254667]},"properties":{"id":"247672275","n":"Lugure water point","t":"pdw","c":"Busia"}},{"type":"Feature","geometry":{"type":"Point","coordinates":[34.044418,0.255432]},"properties":{"id":"713003358","n":"Mwalimu Hubert water well","t":"pdw","c":"Busia","d":80.0}},{"type":"Feature","geometry":{"type":"Point","coordinates":[34.09645,0.195194]},"properties":{"id":"717358681","n":"BUSIA.SAMIA.ST. MATTHEW'S RUMBIYE PRIMARY SCHOOL.INFRONT OF GRADE TWO.WATER TANK","t":"pdw","c":"Busia"}},{"type":"Feature","geometry":{"type":"Point","coordinates":[34.080055,0.236939]},"properties":{"id":"713005525","n":"Naluchakha waterpoint","t":"bh","c":"Busia","d":80.0}},{"type":"Feature","geometry":{"type":"Point","coordinates":[34.058431,0.266888]},"properties":{"id":"713003451","n":"Muramba primary borehall","t":"bh","c":"Busia","d":100.0}},{"type":"Feature","geometry":{"type":"Point","coordinates":[34.036134,0.266138]},"properties":{"id":"247672251","n":"Ululo water point","t":"pdw","c":"Busia","d":20.0}},{"type":"Feature","geometry":{"type":"Point","coordinates":[34.097163,0.201237]},"properties":{"id":"247667091","n":"Gabuyi water point","t":"pdw","c":"Busia","d":80.0}},{"type":"Feature","geometry":{"type":"Point","coordinates":[34.026013,0.233358]},"properties":{"id":"247648555","n":"Muwa","t":"bh","c":"Busia"}},{"type":"Feature","geometry":{"type":"Point","coordinates":[34.088446,0.228619]},"properties":{"id":"713005491","n":"Bukiri water point","t":"bh","c":"Busia","d":60.0}},{"type":"Feature","geometry":{"type":"Point","coordinates":[34.02124,0.225707]},"properties":{"id":"247650839","n":"Hospital tank 1","t":"bh","c":"Busia"}},{"type":"Feature","geometry":{"type":"Point","coordinates":[34.09552,0.21687]},"properties":{"id":"713005082","n":"Ojibo borehole water point","t":"bh","c":"Busia","d":50.0}},{"type":"Feature","geometry":{"type":"Point","coordinates":[34.087995,0.210292]},"properties":{"id":"247670149","n":"Buburi primary  water point","t":"pdw","c":"Busia","d":10.0}},{"type":"Feature","geometry":{"type":"Point","coordinates":[34.095375,0.245401]},"properties":{"id":"247655748","n":"Bukhulungu primary borehole","t":"pdw","c":"Busia","d":25.0}},{"type":"Feature","geometry":{"type":"Point","coordinates":[34.021787,0.242253]},"properties":{"id":"247648579","n":"Namavare","t":"udw","c":"Busia"}},{"type":"Feature","geometry":{"type":"Point","coordinates":[34.110925,0.221377]},"properties":{"id":"247666320","n":"Buduta school","t":"pdw","c":"Busia"}},{"type":"Feature","geometry":{"type":"Point","coordinates":[34.056241,0.216745]},"properties":{"id":"247651139","n":"Bunandi nagonga Borehole","t":"bh","c":"Busia"}},{"type":"Feature","geometry":{"type":"Point","coordinates":[34.050623,0.261273]},"properties":{"id":"247672244","n":"Mungasiri water point","t":"udw","c":"Busia"}},{"type":"Feature","geometry":{"type":"Point","coordinates":[34.054317,0.273728]},"properties":{"id":"247672268","n":"Businda water  project","t":"pdw","c":"Busia","d":75.0}},{"type":"Feature","geometry":{"type":"Point","coordinates":[34.100018,0.23659]},"properties":{"id":"352709288","n":"Ojibo Water point1","t":"bh","c":"Busia"}},{"type":"Feature","geometry":{"type":"Point","coordinates":[34.110465,0.214389]},"properties":{"id":"247666313","n":"Budumbambogo","t":"pdw","c":"Busia"}},{"type":"Feature","geometry":{"type":"Point","coordinates":[34.068972,0.220632]},"properties":{"id":"247828234","n":"Dahiro","t":"ps","c":"Busia"}},{"type":"Feature","geometry":{"type":"Point","coordinates":[34.063156,0.211483]},"properties":{"id":"713004050","n":"Esbina village borehole","t":"bh","c":"Busia","d":100.0}},{"type":"Feature","geometry":{"type":"Point","coordinates":[34.081397,0.254569]},"properties":{"id":"247655535","n":"BuruduBH","t":"pdw","c":"Busia","d":30.0}},{"type":"Feature","geometry":{"type":"Point","coordinates":[34.095416,0.205746]},"properties":{"id":"713006928","n":"Gabui bore hole","t":"bh","c":"Busia","d":70.0}},{"type":"Feature","geometry":{"type":"Point","coordinates":[34.085418,0.20922]},"properties":{"id":"713012787","n":"Neyeyo Boreholewater point","t":"bh","c":"Busia","d":50.0}},{"type":"Feature","geometry":{"type":"Point","coordinates":[34.028538,0.236722]},"properties":{"id":"713005831","n":"Namasali Polytechnic Borehole","t":"bh","c":"Busia","d":80.0}},{"type":"Feature","geometry":{"type":"Point","coordinates":[34.074879,0.224116]},"properties":{"id":"713005532","n":"Buwanga water point","t":"bh","c":"Busia","d":60.0}},{"type":"Feature","geometry":{"type":"Point","coordinates":[34.086935,0.222943]},"properties":{"id":"713005271","n":"Ongaro borehole","t":"us","c":"Busia"}},{"type":"Feature","geometry":{"type":"Point","coordinates":[34.033492,0.22191]},"properties":{"id":"247648593","n":"Mufumu","t":"bh","c":"Busia"}},{"type":"Feature","geometry":{"type":"Point","coordinates":[34.09556,0.21685]},"properties":{"id":"247666258","n":"Ojibo","t":"pdw","c":"Busia"}},{"type":"Feature","geometry":{"type":"Point","coordinates":[34.07186,0.254621]},"properties":{"id":"713003413","n":"Agenga borehall","t":"bh","c":"Busia","d":100.0}},{"type":"Feature","geometry":{"type":"Point","coordinates":[34.034407,0.23966]},"properties":{"id":"247670118","n":"Bumulimba water point","t":"pdw","c":"Busia","d":80.0}},{"type":"Feature","geometry":{"type":"Point","coordinates":[34.095562,0.216848]},"properties":{"id":"713005116","n":"Ojibo borehole water point","t":"bh","c":"Busia"}},{"type":"Feature","geometry":{"type":"Point","coordinates":[34.085913,0.217472]},"properties":{"id":"713012804","n":"Neyeyo  Borehole water point","t":"bh","c":"Busia","d":50.0}},{"type":"Feature","geometry":{"type":"Point","coordinates":[34.096005,0.222567]},"properties":{"id":"247666241","n":"Nanyuma","t":"pdw","c":"Busia"}},{"type":"Feature","geometry":{"type":"Point","coordinates":[34.07506,0.233202]},"properties":{"id":"713005501","n":"Mudoma water point","t":"bh","c":"Busia","d":80.0}},{"type":"Feature","geometry":{"type":"Point","coordinates":[34.070856,0.254069]},"properties":{"id":"713003420","n":"Agenga borehall","t":"bh","c":"Busia","d":100.0}},{"type":"Feature","geometry":{"type":"Point","coordinates":[34.059549,0.214938]},"properties":{"id":"713004012","n":"Watakhumba water kiosk","t":"pdw","c":"Busia","d":150.0}},{"type":"Feature","geometry":{"type":"Point","coordinates":[34.088477,0.228565]},"properties":{"id":"247658040","n":"Bukiri market","t":"pdw","c":"Busia"}},{"type":"Feature","geometry":{"type":"Point","coordinates":[34.081476,0.25449]},"properties":{"id":"247655566","n":"Burudu pri","t":"pdw","c":"Busia","d":20.0}},{"type":"Feature","geometry":{"type":"Point","coordinates":[34.076917,0.177637]},"properties":{"id":"247663035","n":"Ogara borehole","t":"pdw","c":"Busia","d":180.0}},{"type":"Feature","geometry":{"type":"Point","coordinates":[34.099797,0.168766]},"properties":{"id":"713004751","n":"Namuduru borehole water point","t":"bh","c":"Busia","d":50.0}},{"type":"Feature","geometry":{"type":"Point","coordinates":[34.077404,0.183963]},"properties":{"id":"713005790","n":"Ganga personal water kiosk","t":"pdw","c":"Busia","d":130.0}},{"type":"Feature","geometry":{"type":"Point","coordinates":[34.072703,0.176573]},"properties":{"id":"713005776","n":"Mudinyi Borehole","t":"bh","c":"Busia","d":35.0}},{"type":"Feature","geometry":{"type":"Point","coordinates":[34.076968,0.177543]},"properties":{"id":"713003286","n":"Ogare waterborehall","t":"bh","c":"Busia","d":50.0}},{"type":"Feature","geometry":{"type":"Point","coordinates":[34.099789,0.168819]},"properties":{"id":"247660111","n":"Namuduru","t":"pdw","c":"Busia","d":20.0}},{"type":"Feature","geometry":{"type":"Point","coordinates":[34.110543,0.139669]},"properties":{"id":"247640069","n":"Onduho","t":"pdw","c":"Busia","d":20.0}},{"type":"Feature","geometry":{"type":"Point","coordinates":[34.003733,0.18627]},"properties":{"id":"247646034","n":"Bumbe Borehole","t":"bh","c":"Busia","d":20.0}},{"type":"Feature","geometry":{"type":"Point","coordinates":[34.077019,0.177636]},"properties":{"id":"713003279","n":"Ogara water borehall","t":"bh","c":"Busia","d":60.0}},{"type":"Feature","geometry":{"type":"Point","coordinates":[34.10035,0.14216]},"properties":{"id":"713003815","n":"Nambale RC secondary borehole","t":"bh","c":"Busia"}},{"type":"Feature","geometry":{"type":"Point","coordinates":[34.100115,0.17768]},"properties":{"id":"247660427","n":"Nyaboya water point","t":"pdw","c":"Busia","d":20.0}},{"type":"Feature","geometry":{"type":"Point","coordinates":[34.062159,0.182816]},"properties":{"id":"713006722","n":"Father martin ryke primary bore hole","t":"bh","c":"Busia","d":100.0}},{"type":"Feature","geometry":{"type":"Point","coordinates":[34.062291,0.182923]},"properties":{"id":"713003231","n":"Father martin ryke","t":"bh","c":"Busia","d":100.0}},{"type":"Feature","geometry":{"type":"Point","coordinates":[34.073056,0.176462]},"properties":{"id":"713003262","n":"Mudinyi borehall","t":"bh","c":"Busia","d":35.0}},{"type":"Feature","geometry":{"type":"Point","coordinates":[34.02483,0.183889]},"properties":{"id":"247646058","n":"Namunyweda Pri. Borehole","t":"pdw","c":"Busia","d":20.0}},{"type":"Feature","geometry":{"type":"Point","coordinates":[34.025625,0.187547]},"properties":{"id":"247646285","n":"Nakhasegese","t":"us","c":"Busia"}},{"type":"Feature","geometry":{"type":"Point","coordinates":[34.06605,0.190563]},"properties":{"id":"247663059","n":"Namisi A water pan borehole","t":"bh","c":"Busia"}},{"type":"Feature","geometry":{"type":"Point","coordinates":[34.043845,0.16817]},"properties":{"id":"247662735","n":"Makhulisi","t":"pdw","c":"Busia"}},{"type":"Feature","geometry":{"type":"Point","coordinates":[34.037912,0.183057]},"properties":{"id":"247662962","n":"Nabuganda mixed day school borehole","t":"pdw","c":"Busia","d":80.0}},{"type":"Feature","geometry":{"type":"Point","coordinates":[34.072736,0.176559]},"properties":{"id":"247662704","n":"Mundinyi","t":"pdw","c":"Busia","d":80.0}},{"type":"Feature","geometry":{"type":"Point","coordinates":[34.005985,0.176808]},"properties":{"id":"247646027","n":"Bumbe/Buranga Water Pan","t":"udw","c":"Busia","d":10.0}},{"type":"Feature","geometry":{"type":"Point","coordinates":[34.102271,0.155823]},"properties":{"id":"247660142","n":"Munyanja A","t":"bh","c":"Busia","d":100.0}},{"type":"Feature","geometry":{"type":"Point","coordinates":[34.097962,0.164736]},"properties":{"id":"247660197","n":"Sibiriri","t":"udw","c":"Busia"}},{"type":"Feature","geometry":{"type":"Point","coordinates":[34.019178,0.19361]},"properties":{"id":"247646278","n":"Mugonga Borehole","t":"bh","c":"Busia","d":200.0}},{"type":"Feature","geometry":{"type":"Point","coordinates":[34.028885,0.20588]},"properties":{"id":"247648548","n":"Bumayenga","t":"bh","c":"Busia"}},{"type":"Feature","geometry":{"type":"Point","coordinates":[34.016279,0.183522]},"properties":{"id":"247646065","n":"Namunyweda Dispensary Borehole","t":"bh","c":"Busia","d":20.0}},{"type":"Feature","geometry":{"type":"Point","coordinates":[34.07214,0.18273]},"properties":{"id":"247795914","n":"Namisi","t":"pdw","c":"Busia","d":300.0}},{"type":"Feature","geometry":{"type":"Point","coordinates":[34.024974,0.17276]},"properties":{"id":"247646199","n":"Namunyweda Borehole","t":"pdw","c":"Busia","d":200.0}},{"type":"Feature","geometry":{"type":"Point","coordinates":[34.00802,0.17213]},"properties":{"id":"247646010","n":"Nasali Borehole","t":"pdw","c":"Busia","d":20.0}},{"type":"Feature","geometry":{"type":"Point","coordinates":[34.014949,0.181174]},"properties":{"id":"247646292","n":"Nambongo Water Pan","t":"us","c":"Busia"}},{"type":"Feature","geometry":{"type":"Point","coordinates":[34.068033,0.18472]},"properties":{"id":"247662728","n":"Namisi","t":"pdw","c":"Busia","d":300.0}},{"type":"Feature","geometry":{"type":"Point","coordinates":[34.077628,0.183533]},"properties":{"id":"713005783","n":"Ganga Market water point","t":"pdw","c":"Busia","d":80.0}},{"type":"Feature","geometry":{"type":"Point","coordinates":[34.075752,0.190545]},"properties":{"id":"247662687","n":"Mudibo","t":"pdw","c":"Busia","d":20.0}},{"type":"Feature","geometry":{"type":"Point","coordinates":[34.084179,0.172891]},"properties":{"id":"247640423","n":"Namakhudu hand pump","t":"pdw","c":"Busia","d":20.0}},{"type":"Feature","geometry":{"type":"Point","coordinates":[34.06216,0.182833]},"properties":{"id":"713005752","n":"Father Martin Ryke","t":"bh","c":"Busia","d":100.0}},{"type":"Feature","geometry":{"type":"Point","coordinates":[34.109906,0.157653]},"properties":{"id":"247640045","n":"Munyanja B","t":"pdw","c":"Busia","d":20.0}},{"type":"Feature","geometry":{"type":"Point","coordinates":[34.072828,0.171808]},"properties":{"id":"247672323","n":"Omanyo/Barasa","t":"pdw","c":"Busia","d":280.0}},{"type":"Feature","geometry":{"type":"Point","coordinates":[34.022805,0.202318]},"properties":{"id":"247640643","n":"Sibinga shallow well fitted with a hand pump","t":"pdw","c":"Busia","d":20.0}},{"type":"Feature","geometry":{"type":"Point","coordinates":[34.091762,0.18054]},"properties":{"id":"247660403","n":"Namasango water point","t":"pdw","c":"Busia","d":20.0}},{"type":"Feature","geometry":{"type":"Point","coordinates":[34.062743,0.180906]},"properties":{"id":"713006739","n":"Further Martin Ryke water point","t":"bh","c":"Busia","d":200.0}},{"type":"Feature","geometry":{"type":"Point","coordinates":[34.135809,0.28564]},"properties":{"id":"248175779","n":"Akhela borehole  bupala point 3","t":"bh","c":"Busia","d":20.0}},{"type":"Feature","geometry":{"type":"Point","coordinates":[34.151106,0.298779]},"properties":{"id":"248175793","n":"Madibira handpump","t":"bh","c":"Busia","d":20.0}},{"type":"Feature","geometry":{"type":"Point","coordinates":[34.134921,0.277507]},"properties":{"id":"713004122","n":"Siongo spring","t":"us","c":"Busia"}},{"type":"Feature","geometry":{"type":"Point","coordinates":[34.093375,0.280072]},"properties":{"id":"247828258","n":"Sirekeresi B","t":"ps","c":"Busia"}},{"type":"Feature","geometry":{"type":"Point","coordinates":[34.119389,0.272341]},"properties":{"id":"713012763","n":"Bulimwoyo water spring","t":"ps","c":"Busia"}},{"type":"Feature","geometry":{"type":"Point","coordinates":[34.132968,0.268877]},"properties":{"id":"247643172","n":"Wakhungu primary water point","t":"pdw","c":"Busia","d":20.0}},{"type":"Feature","geometry":{"type":"Point","coordinates":[34.142867,0.291068]},"properties":{"id":"247641950","n":"Bukoya A","t":"ps","c":"Busia"}},{"type":"Feature","geometry":{"type":"Point","coordinates":[34.136658,0.287045]},"properties":{"id":"248175762","n":"Bupala handpump point 2","t":"bh","c":"Busia","d":30.0}},{"type":"Feature","geometry":{"type":"Point","coordinates":[34.124458,0.276598]},"properties":{"id":"247643251","n":"Segero B","t":"pdw","c":"Busia","d":20.0}},{"type":"Feature","geometry":{"type":"Point","coordinates":[34.080672,0.266254]},"properties":{"id":"713006959","n":"Wero jao bore hole","t":"bh","c":"Busia","d":70.0}},{"type":"Feature","geometry":{"type":"Point","coordinates":[34.076031,0.274238]},"properties":{"id":"713005817","n":"Bufuma Water Kiosk","t":"pdw","c":"Busia","d":70.0}},{"type":"Feature","geometry":{"type":"Point","coordinates":[34.119836,0.258525]},"properties":{"id":"247645552","n":"Sigulu B water point","t":"pdw","c":"Busia","d":20.0}},{"type":"Feature","geometry":{"type":"Point","coordinates":[34.146696,0.295463]},"properties":{"id":"247648115","n":"Madibira spring","t":"ps","c":"Busia"}},{"type":"Feature","geometry":{"type":"Point","coordinates":[34.100883,0.269513]},"properties":{"id":"713005192","n":"Mariana borehole water point","t":"bh","c":"Busia","d":50.0}},{"type":"Feature","geometry":{"type":"Point","coordinates":[34.070443,0.274123]},"properties":{"id":"713006777","n":"Luchululo primary bore hall","t":"bh","c":"Busia","d":75.0}},{"type":"Feature","geometry":{"type":"Point","coordinates":[34.085368,0.269714]},"properties":{"id":"247655456","n":"Munana PS","t":"ps","c":"Busia"}},{"type":"Feature","geometry":{"type":"Point","coordinates":[34.070341,0.274063]},"properties":{"id":"247828117","n":"Luchululo Primary","t":"ps","c":"Busia"}},{"type":"Feature","geometry":{"type":"Point","coordinates":[34.118978,0.253697]},"properties":{"id":"247645514","n":"Sigulu A","t":"pdw","c":"Busia","d":20.0}},{"type":"Feature","geometry":{"type":"Point","coordinates":[34.099095,0.275992]},"properties":{"id":"247645507","n":"Nangina mixed primary shallow well","t":"pdw","c":"Busia","d":30.0}},{"type":"Feature","geometry":{"type":"Point","coordinates":[34.170261,0.312242]},"properties":{"id":"247648108","n":"Masanyi spring","t":"ps","c":"Busia"}},{"type":"Feature","geometry":{"type":"Point","coordinates":[34.102195,0.269832]},"properties":{"id":"713005257","n":"Bukiri borehole","t":"us","c":"Busia"}},{"type":"Feature","geometry":{"type":"Point","coordinates":[34.103842,0.27762]},"properties":{"id":"247655803","n":"Nangina Girls Boarding primary","t":"pdw","c":"Busia","d":70.0}},{"type":"Feature","geometry":{"type":"Point","coordinates":[34.093335,0.280033]},"properties":{"id":"713005824","n":"Ebwani Borehole","t":"bh","c":"Busia","d":70.0}},{"type":"Feature","geometry":{"type":"Point","coordinates":[34.100896,0.269666]},"properties":{"id":"247658033","n":"Mariana borehole","t":"pdw","c":"Busia"}},{"type":"Feature","geometry":{"type":"Point","coordinates":[34.122564,0.268868]},"properties":{"id":"247645789","n":"Bolori water point","t":"pdw","c":"Busia","d":20.0}},{"type":"Feature","geometry":{"type":"Point","coordinates":[34.077074,0.292494]},"properties":{"id":"247655504","n":"Nakhasiko primary","t":"pdw","c":"Busia","d":30.0}},{"type":"Feature","geometry":{"type":"Point","coordinates":[34.111644,0.283598]},"properties":{"id":"247655339","n":"Onana PS","t":"ps","c":"Busia"}},{"type":"Feature","geometry":{"type":"Point","coordinates":[34.167815,0.310702]},"properties":{"id":"247641912","n":"Kabwodo police water","t":"pdw","c":"Busia","d":20.0}},{"type":"Feature","geometry":{"type":"Point","coordinates":[34.133279,0.261799]},"properties":{"id":"713005415","n":"Bujibi  A borehole","t":"bh","c":"Busia","d":50.0}},{"type":"Feature","geometry":{"type":"Point","coordinates":[34.140975,0.265725]},"properties":{"id":"247643842","n":"Sikoma B water point","t":"ps","c":"Busia"}},{"type":"Feature","geometry":{"type":"Point","coordinates":[34.103214,0.252492]},"properties":{"id":"247655597","n":"Sijowa Pri","t":"pdw","c":"Busia","d":50.0}},{"type":"Feature","geometry":{"type":"Point","coordinates":[34.078997,0.281459]},"properties":{"id":"247828416","n":"Munguko","t":"ps","c":"Busia"}},{"type":"Feature","geometry":{"type":"Point","coordinates":[34.136665,0.272112]},"properties":{"id":"713004139","n":"Bwangangi spring","t":"us","c":"Busia"}},{"type":"Feature","geometry":{"type":"Point","coordinates":[34.132406,0.283468]},"properties":{"id":"248175755","n":"Bupala water pump point 1","t":"bh","c":"Busia","d":124.0}},{"type":"Feature","geometry":{"type":"Point","coordinates":[34.075559,0.297796]},"properties":{"id":"247828382","n":"Buraya","t":"ps","c":"Busia"}},{"type":"Feature","geometry":{"type":"Point","coordinates":[34.137765,0.268923]},"properties":{"id":"713004940","n":"Sikoma B borehole","t":"bh","c":"Busia","d":50.0}},{"type":"Feature","geometry":{"type":"Point","coordinates":[34.093301,0.280002]},"properties":{"id":"247654273","n":"Sirekeresi","t":"bh","c":"Busia","d":20.0}},{"type":"Feature","geometry":{"type":"Point","coordinates":[34.102777,0.252925]},"properties":{"id":"247655614","n":"Sijowapri Well","t":"pdw","c":"Busia","d":50.0}},{"type":"Feature","geometry":{"type":"Point","coordinates":[34.066752,0.280176]},"properties":{"id":"713006942","n":"Mumbao market bore hole","t":"bh","c":"Busia","d":63.0}},{"type":"Feature","geometry":{"type":"Point","coordinates":[34.14057,0.274895]},"properties":{"id":"248175920","n":"Bwangangi water point","t":"bh","c":"Busia"}},{"type":"Feature","geometry":{"type":"Point","coordinates":[34.132951,0.272529]},"properties":{"id":"713004074","n":"Bumenya bulwani borehole","t":"bh","c":"Busia","d":150.0}},{"type":"Feature","geometry":{"type":"Point","coordinates":[34.128913,0.268528]},"properties":{"id":"247645655","n":"Vunyadeti_ Bumenya water point","t":"pdw","c":"Busia","d":20.0}},{"type":"Feature","geometry":{"type":"Point","coordinates":[34.139812,0.269937]},"properties":{"id":"247645765","n":"Sikoma A 1","t":"pdw","c":"Busia","d":20.0}},{"type":"Feature","geometry":{"type":"Point","coordinates":[34.13175,0.27072]},"properties":{"id":"247643237","n":"Sibaosiakhayokhuba","t":"pdw","c":"Busia","d":20.0}},{"type":"Feature","geometry":{"type":"Point","coordinates":[34.08844,0.279136]},"properties":{"id":"713003341","n":"Namurembo borehall","t":"bh","c":"Busia","d":90.0}},{"type":"Feature","geometry":{"type":"Point","coordinates":[34.169969,0.312595]},"properties":{"id":"247641905","n":"Kabwodo water spring","t":"ps","c":"Busia"}},{"type":"Feature","geometry":{"type":"Point","coordinates":[34.100859,0.269691]},"properties":{"id":"713005161","n":"Mariana borehole water point","t":"bh","c":"Busia"}},{"type":"Feature","geometry":{"type":"Point","coordinates":[34.115247,0.26295]},"properties":{"id":"247643024","n":"Sigulu B water point","t":"pdw","c":"Busia","d":20.0}},{"type":"Feature","geometry":{"type":"Point","coordinates":[34.14313,0.288499]},"properties":{"id":"248175951","n":"George's home","t":"bh","c":"Busia","d":20.0}},{"type":"Feature","geometry":{"type":"Point","coordinates":[34.143717,0.285711]},"properties":{"id":"248175944","n":"Bukoya A water point","t":"bh","c":"Busia","d":20.0}},{"type":"Feature","geometry":{"type":"Point","coordinates":[34.115642,0.248758]},"properties":{"id":"247643017","n":"Gang nyarala water point","t":"pdw","c":"Busia","d":20.0}},{"type":"Feature","geometry":{"type":"Point","coordinates":[34.125099,0.278556]},"properties":{"id":"248175968","n":"Segero A water point 2323","t":"bh","c":"Busia","d":20.0}},{"type":"Feature","geometry":{"type":"Point","coordinates":[34.122797,0.27265]},"properties":{"id":"247643859","n":"Ngira Ong'ayo water point","t":"ps","c":"Busia"}},{"type":"Feature","geometry":{"type":"Point","coordinates":[34.137877,0.26899]},"properties":{"id":"247643811","n":"Sikoma A","t":"pdw","c":"Busia","d":20.0}},{"type":"Feature","geometry":{"type":"Point","coordinates":[34.139183,0.274042]},"properties":{"id":"713005020","n":"Bwangangi borehole water point","t":"bh","c":"Busia","d":50.0}},{"type":"Feature","geometry":{"type":"Point","coordinates":[34.133007,0.272457]},"properties":{"id":"247645710","n":"Nangwe Bumenya water point","t":"pdw","c":"Busia","d":20.0}},{"type":"Feature","geometry":{"type":"Point","coordinates":[34.130184,0.259575]},"properties":{"id":"713005446","n":"Bujibi A water point","t":"bh","c":"Busia","d":60.0}},{"type":"Feature","geometry":{"type":"Point","coordinates":[34.100865,0.269598]},"properties":{"id":"713012749","n":"Mariana borehole water point","t":"bh","c":"Busia","d":100.0}},{"type":"Feature","geometry":{"type":"Point","coordinates":[34.128997,0.274773]},"properties":{"id":"247645727","n":"Segero A water point","t":"pdw","c":"Busia","d":20.0}},{"type":"Feature","geometry":{"type":"Point","coordinates":[34.14771,0.295917]},"properties":{"id":"247641929","n":"Madibira water spring point 2","t":"ps","c":"Busia"}},{"type":"Feature","geometry":{"type":"Point","coordinates":[34.096593,0.261567]},"properties":{"id":"247828210","n":"Siwongo A","t":"pdw","c":"Busia"}},{"type":"Feature","geometry":{"type":"Point","coordinates":[34.066752,0.280176]},"properties":{"id":"713006753","n":"Mumbao water well","t":"udw","c":"Busia","d":28.0}},{"type":"Feature","geometry":{"type":"Point","coordinates":[34.102127,0.269981]},"properties":{"id":"713005738","n":"Busembe BH","t":"udw","c":"Busia","d":35.0}},{"type":"Feature","geometry":{"type":"Point","coordinates":[34.099758,0.46803]},"properties":{"id":"433113999","n":"Uganda Eastern Busia Busia Municipality Eastern Division","t":"bh","c":"Busia"}},{"type":"Feature","geometry":{"type":"Point","coordinates":[34.094348,0.462197]},"properties":{"id":"433113779","n":"Uganda Eastern Busia Busia Municipality Eastern Division","t":"ps","c":"Busia"}},{"type":"Feature","geometry":{"type":"Point","coordinates":[34.09548,0.464422]},"properties":{"id":"433113793","n":"Uganda Eastern Busia Busia Municipality Eastern Division","t":"bh","c":"Busia"}},{"type":"Feature","geometry":{"type":"Point","coordinates":[34.097753,0.464964]},"properties":{"id":"433113360","n":"Uganda Eastern Busia Busia Municipality Eastern Division","t":"bh","c":"Busia"}},{"type":"Feature","geometry":{"type":"Point","coordinates":[34.096046,0.462323]},"properties":{"id":"433112541","n":"Uganda Eastern Busia Busia Municipality Eastern Division","t":"ps","c":"Busia"}},{"type":"Feature","geometry":{"type":"Point","coordinates":[34.101231,0.468337]},"properties":{"id":"433113504","n":"Uganda Eastern Busia Busia Municipality Eastern Division","t":"bh","c":"Busia"}},{"type":"Feature","geometry":{"type":"Point","coordinates":[34.41957,0.74773]},"properties":{"id":"714297541","n":"BISIA.TESO NORTH.CHANGARA STAR ACADEMY","t":"bh","c":"Busia"}},{"type":"Feature","geometry":{"type":"Point","coordinates":[34.34958,0.744415]},"properties":{"id":"714139122","n":"BUSIA.TESO NORTH.KONG'URAKOL PRIMARY SCHOOL.OUTSIDE SCHOOL GROUND.PROTECTED SPRING","t":"ps","c":"Busia"}},{"type":"Feature","geometry":{"type":"Point","coordinates":[34.315631,0.687201]},"properties":{"id":"330563385","n":"Kekalet water point","t":"bh","c":"Busia","d":184.0}},{"type":"Feature","geometry":{"type":"Point","coordinates":[34.314939,0.686404]},"properties":{"id":"330563392","n":"Kekalet primary water point","t":"bh","c":"Busia","d":184.0}},{"type":"Feature","geometry":{"type":"Point","coordinates":[34.379457,0.703025]},"properties":{"id":"717355262","n":"BUSIA.TESO NORTH.KAMUNYELE PRIMARY SCHOOL.NEXT TO THE KITCHEN.BOREHOLE","t":"pdw","c":"Busia"}},{"type":"Feature","geometry":{"type":"Point","coordinates":[34.366719,0.686402]},"properties":{"id":"717358526","n":"BUSIA.TESO NORTH.KAUJAKITO PRIMARY SCHOOL.OUTSIDE CLASSROOMS.DUG WELL","t":"pdw","c":"Busia"}},{"type":"Feature","geometry":{"type":"Point","coordinates":[34.406056,0.681659]},"properties":{"id":"714139225","n":"BUSIA.TESO NORTH.ST GABRIEL MORU PRIMARY SCHOOL.OUTSIDE SCHOOL GROUND.SHALLOW WELL","t":"udw","c":"Busia"}},{"type":"Feature","geometry":{"type":"Point","coordinates":[34.36678,0.686295]},"properties":{"id":"717358519","n":"BUSIA.TESO NORTH.SDA KAUJAKITO PRIMARY SCHOOL.BEHIND THE SCHOOL COMPOUND.UNPROTECTED SPRING","t":"us","c":"Busia"}},{"type":"Feature","geometry":{"type":"Point","coordinates":[34.314881,0.668308]},"properties":{"id":"244073354","n":"Kaukotoit Primary School","t":"bh","c":"Busia","d":115.0}},{"type":"Feature","geometry":{"type":"Point","coordinates":[34.315803,0.676138]},"properties":{"id":"330563361","n":"Kaukotoit Water Point 2","t":"bh","c":"Busia","d":184.0}},{"type":"Feature","geometry":{"type":"Point","coordinates":[34.315722,0.676055]},"properties":{"id":"244073323","n":"Kitwi borehole source","t":"bh","c":"Busia","d":115.0}},{"type":"Feature","geometry":{"type":"Point","coordinates":[34.314478,0.668127]},"properties":{"id":"244073347","n":"St. Lukes Ack Church","t":"bh","c":"Busia","d":115.0}},{"type":"Feature","geometry":{"type":"Point","coordinates":[34.314903,0.668314]},"properties":{"id":"330563323","n":"Kaukotoit Primary water point","t":"bh","c":"Busia","d":184.0}},{"type":"Feature","geometry":{"type":"Point","coordinates":[34.314454,0.668166]},"properties":{"id":"330563354","n":"Kaukotoit Community Water Point 1","t":"bh","c":"Busia","d":184.0}},{"type":"Feature","geometry":{"type":"Point","coordinates":[34.325863,0.6699]},"properties":{"id":"244073189","n":"HHS1","t":"bh","c":"Busia","d":100.0}},{"type":"Feature","geometry":{"type":"Point","coordinates":[34.28283,0.535179]},"properties":{"id":"3979060","n":"Echor ka Mama","t":"ps","c":"Busia"}},{"type":"Feature","geometry":{"type":"Point","coordinates":[34.216291,0.502772]},"properties":{"id":"3979132","n":"Liguru well","t":"pdw","c":"Busia"}},{"type":"Feature","geometry":{"type":"Point","coordinates":[34.216302,0.502758]},"properties":{"id":"3979125","n":"","t":"pdw","c":"Busia"}},{"type":"Feature","geometry":{"type":"Point","coordinates":[34.27782,0.536276]},"properties":{"id":"3979084","n":"Echor ki Mutai","t":"us","c":"Busia"}},{"type":"Feature","geometry":{"type":"Point","coordinates":[34.277829,0.536273]},"properties":{"id":"3979077","n":"","t":"us","c":"Busia"}},{"type":"Feature","geometry":{"type":"Point","coordinates":[34.216058,0.498834]},"properties":{"id":"3979118","n":"Kabechel shallow well","t":"pdw","c":"Busia"}},{"type":"Feature","geometry":{"type":"Point","coordinates":[34.279228,0.552911]},"properties":{"id":"3979053","n":"Echorkeepele","t":"udw","c":"Busia"}},{"type":"Feature","geometry":{"type":"Point","coordinates":[34.290201,0.54817]},"properties":{"id":"3979046","n":"Amoni Spring","t":"us","c":"Busia"}},{"type":"Feature","geometry":{"type":"Point","coordinates":[35.55106,0.759425]},"properties":{"id":"446539238","n":"Koilekan water spring","t":"us","c":"Elgeyo-Marakwet"}},{"type":"Feature","geometry":{"type":"Point","coordinates":[35.597393,0.805477]},"properties":{"id":"446536651","n":"Cheprarit primary school water point","t":"bh","c":"Elgeyo-Marakwet"}},{"type":"Feature","geometry":{"type":"Point","coordinates":[35.546565,0.750611]},"properties":{"id":"446669988","n":"Kiptilolwo spring waterpoint","t":"us","c":"Elgeyo-Marakwet"}},{"type":"Feature","geometry":{"type":"Point","coordinates":[35.591913,0.845268]},"properties":{"id":"446533971","n":"Tilomwa water point 1","t":"us","c":"Elgeyo-Marakwet"}},{"type":"Feature","geometry":{"type":"Point","coordinates":[35.550593,0.758907]},"properties":{"id":"446539214","n":"Erong water spring","t":"us","c":"Elgeyo-Marakwet"}},{"type":"Feature","geometry":{"type":"Point","coordinates":[35.535969,0.733946]},"properties":{"id":"446536785","n":"Mistrii cattle trough water point","t":"ps","c":"Elgeyo-Marakwet"}},{"type":"Feature","geometry":{"type":"Point","coordinates":[35.539704,0.729038]},"properties":{"id":"446974824","n":"Kiptentwa  community water point","t":"us","c":"Elgeyo-Marakwet"}},{"type":"Feature","geometry":{"type":"Point","coordinates":[35.538614,0.724708]},"properties":{"id":"446974927","n":"Kaiboi community water spring","t":"us","c":"Elgeyo-Marakwet"}},{"type":"Feature","geometry":{"type":"Point","coordinates":[35.568872,0.711702]},"properties":{"id":"446704764","n":"Kiptoro water point","t":"bh","c":"Elgeyo-Marakwet"}},{"type":"Feature","geometry":{"type":"Point","coordinates":[35.544963,0.727365]},"properties":{"id":"446976039","n":"Emskiryo community water point","t":"udw","c":"Elgeyo-Marakwet"}},{"type":"Feature","geometry":{"type":"Point","coordinates":[35.545103,0.727198]},"properties":{"id":"446976053","n":"Kiplegeted community waterpoint","t":"udw","c":"Elgeyo-Marakwet"}},{"type":"Feature","geometry":{"type":"Point","coordinates":[35.54395,0.729562]},"properties":{"id":"446976015","n":"Kapchekiun community waterpoint 4","t":"udw","c":"Elgeyo-Marakwet","d":20.0}},{"type":"Feature","geometry":{"type":"Point","coordinates":[35.627755,0.183654]},"properties":{"id":"278083954","n":"Rigoino water spring","t":"ps","c":"Elgeyo-Marakwet"}},{"type":"Feature","geometry":{"type":"Point","coordinates":[35.627699,0.183855]},"properties":{"id":"278084058","n":"Rikoino water spring","t":"ps","c":"Elgeyo-Marakwet"}},{"type":"Feature","geometry":{"type":"Point","coordinates":[35.6059,0.355633]},"properties":{"id":"278082953","n":"Aic kures water point","t":"ps","c":"Elgeyo-Marakwet"}},{"type":"Feature","geometry":{"type":"Point","coordinates":[35.597179,0.35913]},"properties":{"id":"278083765","n":"Solai water tank","t":"ps","c":"Elgeyo-Marakwet"}},{"type":"Feature","geometry":{"type":"Point","coordinates":[35.603464,0.356443]},"properties":{"id":"278083662","n":"Kures","t":"ps","c":"Elgeyo-Marakwet"}},{"type":"Feature","geometry":{"type":"Point","coordinates":[35.589587,0.379224]},"properties":{"id":"278082898","n":"Kapsee 50cubic masonry tank","t":"ps","c":"Elgeyo-Marakwet"}},{"type":"Feature","geometry":{"type":"Point","coordinates":[35.59593,0.37236]},"properties":{"id":"876487","n":"Decommissioned 2016 - Kimira","t":"bh","c":"Elgeyo-Marakwet"}},{"type":"Feature","geometry":{"type":"Point","coordinates":[35.622916,0.214951]},"properties":{"id":"278084137","n":"Eneko water tank","t":"ps","c":"Elgeyo-Marakwet"}},{"type":"Feature","geometry":{"type":"Point","coordinates":[35.571628,0.288485]},"properties":{"id":"278084687","n":"Turesia 50cubic masonry tank","t":"ps","c":"Elgeyo-Marakwet"}},{"type":"Feature","geometry":{"type":"Point","coordinates":[35.571624,0.288445]},"properties":{"id":"278084711","n":"Turesia 50cubic masonry tank","t":"ps","c":"Elgeyo-Marakwet"}},{"type":"Feature","geometry":{"type":"Point","coordinates":[35.622912,0.214994]},"properties":{"id":"278084663","n":"Eneko water tank","t":"ps","c":"Elgeyo-Marakwet"}},{"type":"Feature","geometry":{"type":"Point","coordinates":[35.6794,0.2714]},"properties":{"id":"212761645","n":"Kimangâ€™eti","t":"pdw","c":"Elgeyo-Marakwet"}},{"type":"Feature","geometry":{"type":"Point","coordinates":[35.643606,1.119967]},"properties":{"id":"540815315","n":"Murkutwo cattle dip","t":"udw","c":"Elgeyo-Marakwet"}},{"type":"Feature","geometry":{"type":"Point","coordinates":[35.635323,1.126663]},"properties":{"id":"540804647","n":"Paul Kipkore tap","t":"ps","c":"Elgeyo-Marakwet"}},{"type":"Feature","geometry":{"type":"Point","coordinates":[35.602875,0.945962]},"properties":{"id":"446833303","n":"Chepsigor chemile water project","t":"us","c":"Elgeyo-Marakwet"}},{"type":"Feature","geometry":{"type":"Point","coordinates":[35.617089,0.996829]},"properties":{"id":"446547893","n":"Chesuman Watervpoint","t":"bh","c":"Elgeyo-Marakwet"}},{"type":"Feature","geometry":{"type":"Point","coordinates":[35.609033,0.869586]},"properties":{"id":"446533823","n":"Koitilial borehole water point","t":"bh","c":"Elgeyo-Marakwet"}},{"type":"Feature","geometry":{"type":"Point","coordinates":[35.611215,0.95683]},"properties":{"id":"446833279","n":"Bridge water spring/point 2","t":"ps","c":"Elgeyo-Marakwet"}},{"type":"Feature","geometry":{"type":"Point","coordinates":[35.609102,0.869492]},"properties":{"id":"446533854","n":"Koitilial water point 2","t":"bh","c":"Elgeyo-Marakwet"}},{"type":"Feature","geometry":{"type":"Point","coordinates":[35.616279,0.996679]},"properties":{"id":"446547879","n":"Chesuman cattle trough","t":"bh","c":"Elgeyo-Marakwet"}},{"type":"Feature","geometry":{"type":"Point","coordinates":[34.537437,0.276388]},"properties":{"id":"523304768","n":"Inaya PS 1","t":"ps","c":"Kakamega"}},{"type":"Feature","geometry":{"type":"Point","coordinates":[34.49935,0.29015]},"properties":{"id":"3750229","n":"Decommissioned 2019 - Endeleza Community Project - 4196","t":"pdw","c":"Kakamega"}},{"type":"Feature","geometry":{"type":"Point","coordinates":[34.541679,0.273186]},"properties":{"id":"523349314","n":"Emaira PD 2","t":"pdw","c":"Kakamega"}},{"type":"Feature","geometry":{"type":"Point","coordinates":[34.517121,0.273915]},"properties":{"id":"523326496","n":"Emachina PD 5","t":"pdw","c":"Kakamega"}},{"type":"Feature","geometry":{"type":"Point","coordinates":[34.510637,0.28379]},"properties":{"id":"523224941","n":"Ebulembo PS 8","t":"ps","c":"Kakamega"}},{"type":"Feature","geometry":{"type":"Point","coordinates":[34.526415,0.281765]},"properties":{"id":"523262844","n":"Indangalasia BH 1","t":"bh","c":"Kakamega"}},{"type":"Feature","geometry":{"type":"Point","coordinates":[34.519822,0.24548]},"properties":{"id":"84829856","n":"Ibokolo Primary School - 21201","t":"bh","c":"Kakamega"}},{"type":"Feature","geometry":{"type":"Point","coordinates":[34.471192,0.294747]},"properties":{"id":"5754878","n":"Shivagala B Community - 4542","t":"pdw","c":"Kakamega"}},{"type":"Feature","geometry":{"type":"Point","coordinates":[34.52684,0.28197]},"properties":{"id":"3750009","n":"Decommissioned 2016 - Indangalasia Primary School","t":"pdw","c":"Kakamega"}},{"type":"Feature","geometry":{"type":"Point","coordinates":[34.542932,0.274618]},"properties":{"id":"523195027","n":"Emaira BH 1","t":"bh","c":"Kakamega"}},{"type":"Feature","geometry":{"type":"Point","coordinates":[34.516821,0.275312]},"properties":{"id":"523301631","n":"Emachina BH 2","t":"bh","c":"Kakamega"}},{"type":"Feature","geometry":{"type":"Point","coordinates":[34.504799,0.286477]},"properties":{"id":"523319588","n":"Kamashia B PD 11","t":"pdw","c":"Kakamega"}},{"type":"Feature","geometry":{"type":"Point","coordinates":[34.510028,0.285189]},"properties":{"id":"523257251","n":"Kamashia A PS 6","t":"ps","c":"Kakamega"}},{"type":"Feature","geometry":{"type":"Point","coordinates":[34.494967,0.290952]},"properties":{"id":"523282783","n":"Eshikufu PD 4","t":"pdw","c":"Kakamega"}},{"type":"Feature","geometry":{"type":"Point","coordinates":[34.46237,0.27655]},"properties":{"id":"3750102","n":"Decommissioned 2016 - Mulufufulo Community","t":"bh","c":"Kakamega"}},{"type":"Feature","geometry":{"type":"Point","coordinates":[34.499397,0.290105]},"properties":{"id":"523274063","n":"Eshikufu PD 17","t":"pdw","c":"Kakamega"}},{"type":"Feature","geometry":{"type":"Point","coordinates":[34.488329,0.29273]},"properties":{"id":"523307187","n":"Elubonga A PD 4","t":"pdw","c":"Kakamega"}},{"type":"Feature","geometry":{"type":"Point","coordinates":[34.525987,0.281747]},"properties":{"id":"523253848","n":"Indangalasia PD 1","t":"pdw","c":"Kakamega"}},{"type":"Feature","geometry":{"type":"Point","coordinates":[34.490108,0.292845]},"properties":{"id":"523293121","n":"Elubonga A PD 3","t":"pdw","c":"Kakamega"}},{"type":"Feature","geometry":{"type":"Point","coordinates":[34.500531,0.285733]},"properties":{"id":"523240817","n":"Muluhuli PD 7","t":"pdw","c":"Kakamega"}},{"type":"Feature","geometry":{"type":"Point","coordinates":[34.528368,0.278002]},"properties":{"id":"661122354","n":"Indoli Community, Kalerwa Spring - 23307","t":"ps","c":"Kakamega"}},{"type":"Feature","geometry":{"type":"Point","coordinates":[34.540458,0.276246]},"properties":{"id":"523224532","n":"Emaira PD 8","t":"pdw","c":"Kakamega"}},{"type":"Feature","geometry":{"type":"Point","coordinates":[34.495117,0.212432]},"properties":{"id":"3750487","n":"UCC 2018 - Butere Girls High School","t":"bh","c":"Kakamega"}},{"type":"Feature","geometry":{"type":"Point","coordinates":[34.521348,0.278158]},"properties":{"id":"523242589","n":"Indangalasia A PD 2","t":"pdw","c":"Kakamega"}},{"type":"Feature","geometry":{"type":"Point","coordinates":[34.524948,0.274745]},"properties":{"id":"523292481","n":"Indangalasia A PD 5","t":"pdw","c":"Kakamega"}},{"type":"Feature","geometry":{"type":"Point","coordinates":[34.503745,0.288642]},"properties":{"id":"523292364","n":"Kamashia B PD 12","t":"pdw","c":"Kakamega"}},{"type":"Feature","geometry":{"type":"Point","coordinates":[34.53033,0.272486]},"properties":{"id":"523341165","n":"Inaya US 1","t":"us","c":"Kakamega"}},{"type":"Feature","geometry":{"type":"Point","coordinates":[34.498936,0.286199]},"properties":{"id":"523199942","n":"Muluhuli PD 9","t":"pdw","c":"Kakamega"}},{"type":"Feature","geometry":{"type":"Point","coordinates":[34.540515,0.27179]},"properties":{"id":"523274269","n":"Emaira PD 3","t":"pdw","c":"Kakamega"}},{"type":"Feature","geometry":{"type":"Point","coordinates":[34.50267,0.288427]},"properties":{"id":"523324360","n":"Kamashia B BH 10","t":"bh","c":"Kakamega"}},{"type":"Feature","geometry":{"type":"Point","coordinates":[34.493939,0.289333]},"properties":{"id":"523285580","n":"Muluhuli PS 12","t":"ps","c":"Kakamega"}},{"type":"Feature","geometry":{"type":"Point","coordinates":[34.52642,0.28151]},"properties":{"id":"272019766","n":"Indangalasia AC Primary School - 21361","t":"bh","c":"Kakamega","d":80.0}},{"type":"Feature","geometry":{"type":"Point","coordinates":[34.540683,0.275559]},"properties":{"id":"523221948","n":"Emaira PS 1","t":"ps","c":"Kakamega"}},{"type":"Feature","geometry":{"type":"Point","coordinates":[34.46468,0.28054]},"properties":{"id":"1027655","n":"Decommissioned 2016 - Eshitowa Community","t":"bh","c":"Kakamega"}},{"type":"Feature","geometry":{"type":"Point","coordinates":[34.539038,0.275627]},"properties":{"id":"523287094","n":"Emaira PD 5","t":"pdw","c":"Kakamega"}},{"type":"Feature","geometry":{"type":"Point","coordinates":[34.500303,0.288677]},"properties":{"id":"523324645","n":"Muluhuli PD 2","t":"pdw","c":"Kakamega"}},{"type":"Feature","geometry":{"type":"Point","coordinates":[34.497136,0.291145]},"properties":{"id":"523346885","n":"Eshikufu PD 1","t":"pdw","c":"Kakamega"}},{"type":"Feature","geometry":{"type":"Point","coordinates":[34.496382,0.2893]},"properties":{"id":"523310974","n":"Eshikufu BH 5","t":"bh","c":"Kakamega"}},{"type":"Feature","geometry":{"type":"Point","coordinates":[34.471338,0.285077]},"properties":{"id":"3749939","n":"St. Barnabas Elubari ACK - 4278","t":"bh","c":"Kakamega"}},{"type":"Feature","geometry":{"type":"Point","coordinates":[34.49533,0.290452]},"properties":{"id":"736922991","n":"Eshikufu community, Chitai spring - 420016","t":"ps","c":"Kakamega"}},{"type":"Feature","geometry":{"type":"Point","coordinates":[34.512583,0.285878]},"properties":{"id":"523245616","n":"Ebulembo PD 5","t":"pdw","c":"Kakamega"}},{"type":"Feature","geometry":{"type":"Point","coordinates":[34.467721,0.29204]},"properties":{"id":"3749953","n":"UCC 2018 - Bumia Primary School Water Project","t":"pdw","c":"Kakamega"}},{"type":"Feature","geometry":{"type":"Point","coordinates":[34.515163,0.272945]},"properties":{"id":"523285463","n":"Emachina PD 4","t":"pdw","c":"Kakamega"}},{"type":"Feature","geometry":{"type":"Point","coordinates":[34.503712,0.290847]},"properties":{"id":"523222004","n":"Kamashia B PD 9","t":"pdw","c":"Kakamega"}},{"type":"Feature","geometry":{"type":"Point","coordinates":[34.525728,0.281131]},"properties":{"id":"523268754","n":"Indangalasia B PD 2","t":"pdw","c":"Kakamega"}},{"type":"Feature","geometry":{"type":"Point","coordinates":[34.526569,0.250126]},"properties":{"id":"3750133","n":"UCC 2019 - Shiamache ACK Church and Community Well","t":"bh","c":"Kakamega"}},{"type":"Feature","geometry":{"type":"Point","coordinates":[34.46158,0.27352]},"properties":{"id":"3750140","n":"Eshiyanza Primary School Borehole Well - 420","t":"bh","c":"Kakamega"}},{"type":"Feature","geometry":{"type":"Point","coordinates":[34.544653,0.272435]},"properties":{"id":"523329815","n":"Mwitibira PD 3","t":"pdw","c":"Kakamega"}},{"type":"Feature","geometry":{"type":"Point","coordinates":[34.540252,0.272464]},"properties":{"id":"523232922","n":"Emaira PD 4","t":"pdw","c":"Kakamega"}},{"type":"Feature","geometry":{"type":"Point","coordinates":[34.493873,0.291275]},"properties":{"id":"523318800","n":"Elubonga A PS 1","t":"ps","c":"Kakamega"}},{"type":"Feature","geometry":{"type":"Point","coordinates":[34.499933,0.285462]},"properties":{"id":"523233239","n":"Muluhuli PD 6","t":"pdw","c":"Kakamega"}},{"type":"Feature","geometry":{"type":"Point","coordinates":[34.52228,0.25713]},"properties":{"id":"3750298","n":"Matawa Market - 4199","t":"bh","c":"Kakamega"}},{"type":"Feature","geometry":{"type":"Point","coordinates":[34.522666,0.274971]},"properties":{"id":"523211783","n":"Indangalasia A PS 2","t":"ps","c":"Kakamega"}},{"type":"Feature","geometry":{"type":"Point","coordinates":[34.50033,0.291073]},"properties":{"id":"523249830","n":"Muluhuli PD 1","t":"pdw","c":"Kakamega"}},{"type":"Feature","geometry":{"type":"Point","coordinates":[34.51901,0.24508]},"properties":{"id":"3750384","n":"Ibokolo Secondary School - 4244","t":"bh","c":"Kakamega"}},{"type":"Feature","geometry":{"type":"Point","coordinates":[34.498742,0.288489]},"properties":{"id":"523238502","n":"Muluhuli PS 10","t":"ps","c":"Kakamega"}},{"type":"Feature","geometry":{"type":"Point","coordinates":[34.521848,0.277883]},"properties":{"id":"523280169","n":"Indangalasia A PD 4","t":"pdw","c":"Kakamega"}},{"type":"Feature","geometry":{"type":"Point","coordinates":[34.519835,0.276825]},"properties":{"id":"523248138","n":"Indangalasia A PS 1","t":"ps","c":"Kakamega"}},{"type":"Feature","geometry":{"type":"Point","coordinates":[34.495355,0.29113]},"properties":{"id":"523298638","n":"Eshikufu PD 3","t":"pdw","c":"Kakamega"}},{"type":"Feature","geometry":{"type":"Point","coordinates":[34.49996,0.287386]},"properties":{"id":"523294751","n":"Muluhuli PD 3","t":"pdw","c":"Kakamega"}},{"type":"Feature","geometry":{"type":"Point","coordinates":[34.499094,0.286888]},"properties":{"id":"523215880","n":"Muluhuli PS 4","t":"ps","c":"Kakamega"}},{"type":"Feature","geometry":{"type":"Point","coordinates":[34.543658,0.272388]},"properties":{"id":"523298360","n":"Mwitibira PD 2","t":"pdw","c":"Kakamega"}},{"type":"Feature","geometry":{"type":"Point","coordinates":[34.54124,0.274138]},"properties":{"id":"523194930","n":"Emaira PD 1","t":"pdw","c":"Kakamega"}},{"type":"Feature","geometry":{"type":"Point","coordinates":[34.507331,0.286298]},"properties":{"id":"523268211","n":"Kamashia A PS 8","t":"ps","c":"Kakamega"}},{"type":"Feature","geometry":{"type":"Point","coordinates":[34.47186,0.264988]},"properties":{"id":"3750236","n":"Amusere Primary School Hand-Dug Well - 4260","t":"pdw","c":"Kakamega"}},{"type":"Feature","geometry":{"type":"Point","coordinates":[34.483316,0.302658]},"properties":{"id":"4508021","n":"Lurambi Church of Light - 4534","t":"pdw","c":"Kakamega"}},{"type":"Feature","geometry":{"type":"Point","coordinates":[34.52079,0.278185]},"properties":{"id":"523327909","n":"Indangalasia A PD1","t":"pdw","c":"Kakamega"}},{"type":"Feature","geometry":{"type":"Point","coordinates":[34.54131,0.277571]},"properties":{"id":"523254155","n":"Emaira PD 10","t":"pdw","c":"Kakamega"}},{"type":"Feature","geometry":{"type":"Point","coordinates":[34.539275,0.27607]},"properties":{"id":"523273354","n":"Emaira PD 6","t":"pdw","c":"Kakamega"}},{"type":"Feature","geometry":{"type":"Point","coordinates":[34.507922,0.285498]},"properties":{"id":"523281689","n":"Kamashia A US 7","t":"us","c":"Kakamega"}},{"type":"Feature","geometry":{"type":"Point","coordinates":[34.499027,0.285901]},"properties":{"id":"523272834","n":"Muluhuli PD 5","t":"pdw","c":"Kakamega"}},{"type":"Feature","geometry":{"type":"Point","coordinates":[34.528353,0.278036]},"properties":{"id":"523338282","n":"Inaya US 2","t":"us","c":"Kakamega"}},{"type":"Feature","geometry":{"type":"Point","coordinates":[34.506026,0.291036]},"properties":{"id":"523255163","n":"Kamashia B PD 13","t":"pdw","c":"Kakamega"}},{"type":"Feature","geometry":{"type":"Point","coordinates":[34.52108,0.25989]},"properties":{"id":"3750250","n":"Ematawa Primary School Hand-Dug Well - 4197","t":"pdw","c":"Kakamega"}},{"type":"Feature","geometry":{"type":"Point","coordinates":[34.521177,0.278485]},"properties":{"id":"523213730","n":"Indangalasia A PD 3","t":"pdw","c":"Kakamega"}},{"type":"Feature","geometry":{"type":"Point","coordinates":[34.515128,0.273468]},"properties":{"id":"523268682","n":"Emachina PD 3","t":"pdw","c":"Kakamega"}},{"type":"Feature","geometry":{"type":"Point","coordinates":[34.495276,0.290398]},"properties":{"id":"523248176","n":"Eshikufu PS 2","t":"ps","c":"Kakamega"}},{"type":"Feature","geometry":{"type":"Point","coordinates":[34.500936,0.286506]},"properties":{"id":"523231914","n":"Muluhuli PD 8","t":"pdw","c":"Kakamega"}},{"type":"Feature","geometry":{"type":"Point","coordinates":[34.497303,0.287325]},"properties":{"id":"523311920","n":"Muluhuli PS 11","t":"ps","c":"Kakamega"}},{"type":"Feature","geometry":{"type":"Point","coordinates":[34.614167,0.236733]},"properties":{"id":"523348605","n":"Eshisendo PD5","t":"pdw","c":"Kakamega"}},{"type":"Feature","geometry":{"type":"Point","coordinates":[34.612563,0.236287]},"properties":{"id":"523329042","n":"Eshisendo PD4","t":"pdw","c":"Kakamega"}},{"type":"Feature","geometry":{"type":"Point","coordinates":[34.614593,0.23165]},"properties":{"id":"523249562","n":"Shianda PS1","t":"ps","c":"Kakamega"}},{"type":"Feature","geometry":{"type":"Point","coordinates":[34.614272,0.233548]},"properties":{"id":"523215990","n":"Eshisendo PS1","t":"ps","c":"Kakamega"}},{"type":"Feature","geometry":{"type":"Point","coordinates":[34.58603,0.22622]},"properties":{"id":"3750580","n":"Inaya Primary School Hand-Dug Well - 4213","t":"pdw","c":"Kakamega"}},{"type":"Feature","geometry":{"type":"Point","coordinates":[34.607293,0.193725]},"properties":{"id":"523290740","n":"Ebutenje PS1","t":"ps","c":"Kakamega"}},{"type":"Feature","geometry":{"type":"Point","coordinates":[34.610773,0.236225]},"properties":{"id":"523224109","n":"Eshisendo PS3","t":"ps","c":"Kakamega"}},{"type":"Feature","geometry":{"type":"Point","coordinates":[34.614058,0.237678]},"properties":{"id":"523278218","n":"Eshisendo US1@","t":"us","c":"Kakamega"}},{"type":"Feature","geometry":{"type":"Point","coordinates":[34.607507,0.194377]},"properties":{"id":"523340391","n":"Ebutenje PS2","t":"ps","c":"Kakamega"}},{"type":"Feature","geometry":{"type":"Point","coordinates":[34.608698,0.237888]},"properties":{"id":"523308607","n":"Ihululo PD2","t":"pdw","c":"Kakamega"}},{"type":"Feature","geometry":{"type":"Point","coordinates":[34.607162,0.20663]},"properties":{"id":"523328539","n":"Elukhambi A PD1","t":"pdw","c":"Kakamega"}},{"type":"Feature","geometry":{"type":"Point","coordinates":[34.614033,0.237715]},"properties":{"id":"523263113","n":"Ihululo US1","t":"us","c":"Kakamega"}},{"type":"Feature","geometry":{"type":"Point","coordinates":[34.612063,0.236947]},"properties":{"id":"523265067","n":"Eshisendo PD3","t":"pdw","c":"Kakamega"}},{"type":"Feature","geometry":{"type":"Point","coordinates":[34.610985,0.233728]},"properties":{"id":"523220002","n":"Eshisendo PS 2","t":"ps","c":"Kakamega"}},{"type":"Feature","geometry":{"type":"Point","coordinates":[34.608105,0.239012]},"properties":{"id":"523291985","n":"Ihululo PS2","t":"ps","c":"Kakamega"}},{"type":"Feature","geometry":{"type":"Point","coordinates":[34.608732,0.238333]},"properties":{"id":"523309299","n":"Ihululo PD1","t":"pdw","c":"Kakamega"}},{"type":"Feature","geometry":{"type":"Point","coordinates":[34.608943,0.240675]},"properties":{"id":"523239008","n":"Ihululo PS1","t":"ps","c":"Kakamega"}},{"type":"Feature","geometry":{"type":"Point","coordinates":[34.452182,0.161348]},"properties":{"id":"3750724","n":"UCC 2018 - Emanyala Hospital","t":"bh","c":"Kakamega"}},{"type":"Feature","geometry":{"type":"Point","coordinates":[34.600932,0.280758]},"properties":{"id":"523313094","n":"Eshibembe PS 7","t":"ps","c":"Kakamega"}},{"type":"Feature","geometry":{"type":"Point","coordinates":[34.55726,0.279017]},"properties":{"id":"523259837","n":"Elwakana B PS 2","t":"ps","c":"Kakamega"}},{"type":"Feature","geometry":{"type":"Point","coordinates":[34.564862,0.271947]},"properties":{"id":"523298645","n":"Mwichinga A US 5","t":"us","c":"Kakamega"}},{"type":"Feature","geometry":{"type":"Point","coordinates":[34.577985,0.274342]},"properties":{"id":"523354691","n":"Eshiabaka PD 9","t":"pdw","c":"Kakamega"}},{"type":"Feature","geometry":{"type":"Point","coordinates":[34.573243,0.270917]},"properties":{"id":"523301648","n":"Mwichinga A PD 12","t":"pdw","c":"Kakamega"}},{"type":"Feature","geometry":{"type":"Point","coordinates":[34.555413,0.276193]},"properties":{"id":"523250450","n":"Elwakana B PD 15","t":"pdw","c":"Kakamega"}},{"type":"Feature","geometry":{"type":"Point","coordinates":[34.556515,0.27797]},"properties":{"id":"523258568","n":"Elwakana B PS 1","t":"ps","c":"Kakamega"}},{"type":"Feature","geometry":{"type":"Point","coordinates":[34.596605,0.27709]},"properties":{"id":"523342771","n":"Mumasaka PD 14","t":"pdw","c":"Kakamega"}},{"type":"Feature","geometry":{"type":"Point","coordinates":[34.562932,0.276737]},"properties":{"id":"523274599","n":"Mwichinga B PD q 1","t":"pdw","c":"Kakamega"}},{"type":"Feature","geometry":{"type":"Point","coordinates":[34.59771,0.278142]},"properties":{"id":"523254124","n":"Mumasaka PD 19","t":"pdw","c":"Kakamega"}},{"type":"Feature","geometry":{"type":"Point","coordinates":[34.561677,0.27577]},"properties":{"id":"523279068","n":"Mwichinga B PD 5","t":"pdw","c":"Kakamega"}},{"type":"Feature","geometry":{"type":"Point","coordinates":[34.54086,0.22676]},"properties":{"id":"3750573","n":"St. Thomas ACK Church - Lunza - 45","t":"bh","c":"Kakamega"}},{"type":"Feature","geometry":{"type":"Point","coordinates":[34.603405,0.255465]},"properties":{"id":"607300396","n":"Eshitari Primary School - 430009","t":"bh","c":"Kakamega","d":80.0}},{"type":"Feature","geometry":{"type":"Point","coordinates":[34.575628,0.272153]},"properties":{"id":"523228062","n":"Mwichinga A PD 15","t":"pdw","c":"Kakamega"}},{"type":"Feature","geometry":{"type":"Point","coordinates":[34.5953,0.276675]},"properties":{"id":"523261692","n":"Mumasaka PD 12","t":"pdw","c":"Kakamega"}},{"type":"Feature","geometry":{"type":"Point","coordinates":[34.60335,0.25339]},"properties":{"id":"3750322","n":"Eshitari Secondary School Borehole - 4243","t":"bh","c":"Kakamega"}},{"type":"Feature","geometry":{"type":"Point","coordinates":[34.609313,0.283727]},"properties":{"id":"523231859","n":"Bwikhombero PS 23","t":"ps","c":"Kakamega"}},{"type":"Feature","geometry":{"type":"Point","coordinates":[34.566397,0.275623]},"properties":{"id":"523306186","n":"Mwichinga B PD 1","t":"pdw","c":"Kakamega"}},{"type":"Feature","geometry":{"type":"Point","coordinates":[34.566877,0.277593]},"properties":{"id":"523308377","n":"Munjomi PS 10","t":"ps","c":"Kakamega"}},{"type":"Feature","geometry":{"type":"Point","coordinates":[34.555396,0.27825]},"properties":{"id":"523332585","n":"Elwakana B PD 1","t":"pdw","c":"Kakamega"}},{"type":"Feature","geometry":{"type":"Point","coordinates":[34.613282,0.279498]},"properties":{"id":"523226675","n":"Eshiaka PD 21","t":"pdw","c":"Kakamega"}},{"type":"Feature","geometry":{"type":"Point","coordinates":[34.613623,0.275387]},"properties":{"id":"523196956","n":"Esokone PD3","t":"pdw","c":"Kakamega"}},{"type":"Feature","geometry":{"type":"Point","coordinates":[34.595183,0.277622]},"properties":{"id":"523234601","n":"Mumasaka PD 13","t":"pdw","c":"Kakamega"}},{"type":"Feature","geometry":{"type":"Point","coordinates":[34.606179,0.282765]},"properties":{"id":"523283801","n":"Bwikhombero PD 17","t":"pdw","c":"Kakamega"}},{"type":"Feature","geometry":{"type":"Point","coordinates":[34.606032,0.28098]},"properties":{"id":"523195845","n":"Bwikhombero US 22","t":"us","c":"Kakamega"}},{"type":"Feature","geometry":{"type":"Point","coordinates":[34.574413,0.268574]},"properties":{"id":"17388272","n":"Musango, Ham Mwenje Spring - 18114","t":"ps","c":"Kakamega"}},{"type":"Feature","geometry":{"type":"Point","coordinates":[34.562272,0.274772]},"properties":{"id":"523329327","n":"Mwichinga B PD 7","t":"pdw","c":"Kakamega"}},{"type":"Feature","geometry":{"type":"Point","coordinates":[34.566582,0.273873]},"properties":{"id":"523327806","n":"Mwichinga A PD 2","t":"pdw","c":"Kakamega"}},{"type":"Feature","geometry":{"type":"Point","coordinates":[34.567217,0.27559]},"properties":{"id":"523262662","n":"Munjomi PD 11","t":"pdw","c":"Kakamega"}},{"type":"Feature","geometry":{"type":"Point","coordinates":[34.551516,0.224556]},"properties":{"id":"3750597","n":"UCC 2019 - Sokone School & Community Borehole","t":"bh","c":"Kakamega"}},{"type":"Feature","geometry":{"type":"Point","coordinates":[34.589348,0.276698]},"properties":{"id":"523243827","n":"Mutono PD 12","t":"pdw","c":"Kakamega"}},{"type":"Feature","geometry":{"type":"Point","coordinates":[34.595045,0.275143]},"properties":{"id":"523276436","n":"Mumasaka US 10","t":"us","c":"Kakamega"}},{"type":"Feature","geometry":{"type":"Point","coordinates":[34.584268,0.267805]},"properties":{"id":"523245245","n":"Mutono PD 4","t":"pdw","c":"Kakamega"}},{"type":"Feature","geometry":{"type":"Point","coordinates":[34.587985,0.27145]},"properties":{"id":"523349747","n":"Mutono PS 1","t":"ps","c":"Kakamega"}},{"type":"Feature","geometry":{"type":"Point","coordinates":[34.578907,0.271482]},"properties":{"id":"523316547","n":"Eshiabaka PS 1","t":"ps","c":"Kakamega"}},{"type":"Feature","geometry":{"type":"Point","coordinates":[34.603455,0.279173]},"properties":{"id":"523345729","n":"Eshibembe PD 1","t":"pdw","c":"Kakamega"}},{"type":"Feature","geometry":{"type":"Point","coordinates":[34.592033,0.277278]},"properties":{"id":"523250890","n":"Mumasaka PS 8","t":"ps","c":"Kakamega"}},{"type":"Feature","geometry":{"type":"Point","coordinates":[34.551948,0.278257]},"properties":{"id":"523286062","n":"Eshiambale US 2","t":"us","c":"Kakamega"}},{"type":"Feature","geometry":{"type":"Point","coordinates":[34.576208,0.269713]},"properties":{"id":"523312914","n":"Eshiabaka PD 4","t":"pdw","c":"Kakamega"}},{"type":"Feature","geometry":{"type":"Point","coordinates":[34.562273,0.276587]},"properties":{"id":"523317414","n":"Mwichinga B PD 3","t":"pdw","c":"Kakamega"}},{"type":"Feature","geometry":{"type":"Point","coordinates":[34.552085,0.278259]},"properties":{"id":"574294434","n":"Eshiambale Community, Otota Spring - 23320","t":"ps","c":"Kakamega"}},{"type":"Feature","geometry":{"type":"Point","coordinates":[34.588878,0.270142]},"properties":{"id":"523195405","n":"Mutono US 2","t":"us","c":"Kakamega"}},{"type":"Feature","geometry":{"type":"Point","coordinates":[34.55124,0.22468]},"properties":{"id":"3750607","n":"Musungururu Community Well - 29","t":"bh","c":"Kakamega"}},{"type":"Feature","geometry":{"type":"Point","coordinates":[34.555395,0.27901]},"properties":{"id":"523230449","n":"Elwakana B PD 2","t":"pdw","c":"Kakamega"}},{"type":"Feature","geometry":{"type":"Point","coordinates":[34.599793,0.275708]},"properties":{"id":"523354794","n":"Mumasaka PD 17","t":"pdw","c":"Kakamega"}},{"type":"Feature","geometry":{"type":"Point","coordinates":[34.555696,0.276861]},"properties":{"id":"523295855","n":"Elwakana B PD 13","t":"pdw","c":"Kakamega"}},{"type":"Feature","geometry":{"type":"Point","coordinates":[34.61339,0.277549]},"properties":{"id":"523325725","n":"Eshiaka PD 17","t":"pdw","c":"Kakamega"}},{"type":"Feature","geometry":{"type":"Point","coordinates":[34.612693,0.278894]},"properties":{"id":"523291961","n":"Eshiaka PD 18","t":"pdw","c":"Kakamega"}},{"type":"Feature","geometry":{"type":"Point","coordinates":[34.577783,0.272478]},"properties":{"id":"523338983","n":"Eshiabaka PD 8","t":"pdw","c":"Kakamega"}},{"type":"Feature","geometry":{"type":"Point","coordinates":[34.583708,0.267455]},"properties":{"id":"523344687","n":"Mutono PD 5","t":"pdw","c":"Kakamega"}},{"type":"Feature","geometry":{"type":"Point","coordinates":[34.607693,0.281996]},"properties":{"id":"523209478","n":"Bwikhombero PD 18","t":"pdw","c":"Kakamega"}},{"type":"Feature","geometry":{"type":"Point","coordinates":[34.569553,0.272552]},"properties":{"id":"523331333","n":"Mwichinga A PS 7","t":"ps","c":"Kakamega"}},{"type":"Feature","geometry":{"type":"Point","coordinates":[34.558026,0.282411]},"properties":{"id":"523329963","n":"Elwakana A PD 6","t":"pdw","c":"Kakamega"}},{"type":"Feature","geometry":{"type":"Point","coordinates":[34.555982,0.274366]},"properties":{"id":"523335605","n":"Elwakana B PS 3","t":"ps","c":"Kakamega"}},{"type":"Feature","geometry":{"type":"Point","coordinates":[34.60787,0.282031]},"properties":{"id":"523345262","n":"Bwikhombero PD 19","t":"pdw","c":"Kakamega"}},{"type":"Feature","geometry":{"type":"Point","coordinates":[34.579985,0.268683]},"properties":{"id":"523341639","n":"Eshiabaka PS 2","t":"ps","c":"Kakamega"}},{"type":"Feature","geometry":{"type":"Point","coordinates":[34.55335,0.23865]},"properties":{"id":"3750470","n":"Lunza Secondary School Borehole - 4155","t":"bh","c":"Kakamega"}},{"type":"Feature","geometry":{"type":"Point","coordinates":[34.563168,0.273217]},"properties":{"id":"523297857","n":"Mwichinga A US 1","t":"us","c":"Kakamega"}},{"type":"Feature","geometry":{"type":"Point","coordinates":[34.566033,0.271053]},"properties":{"id":"523223304","n":"Mwichinga A PD 3","t":"pdw","c":"Kakamega"}},{"type":"Feature","geometry":{"type":"Point","coordinates":[34.613078,0.279211]},"properties":{"id":"523241856","n":"Eshiaka PD20","t":"pdw","c":"Kakamega"}}]}