{"type":"FeatureCollection","features":[{"type":"Feature","geometry":{"type":"Point","coordinates":[34.575297,0.323728]},"properties":{"id":"523320036","n":"Shirongo B PS1","t":"ps","c":"Kakamega"}},{"type":"Feature","geometry":{"type":"Point","coordinates":[34.583677,0.338392]},"properties":{"id":"523197696","n":"Mulambo A PS1","t":"ps","c":"Kakamega"}},{"type":"Feature","geometry":{"type":"Point","coordinates":[34.586698,0.330148]},"properties":{"id":"523250931","n":"Mwilache B PD5","t":"pdw","c":"Kakamega"}},{"type":"Feature","geometry":{"type":"Point","coordinates":[34.56845,0.346933]},"properties":{"id":"523229881","n":"Buloma C PD8","t":"pdw","c":"Kakamega"}},{"type":"Feature","geometry":{"type":"Point","coordinates":[34.565185,0.34918]},"properties":{"id":"523343387","n":"Buloma A2 PD1","t":"pdw","c":"Kakamega"}},{"type":"Feature","geometry":{"type":"Point","coordinates":[34.586869,0.317475]},"properties":{"id":"523310857","n":"Emashebwebwe A PD'5","t":"pdw","c":"Kakamega"}},{"type":"Feature","geometry":{"type":"Point","coordinates":[34.539662,0.34071]},"properties":{"id":"523282903","n":"Ematete PS2","t":"ps","c":"Kakamega"}},{"type":"Feature","geometry":{"type":"Point","coordinates":[34.577537,0.38729]},"properties":{"id":"523255644","n":"Abamwaya PD Ibrahim Chanda","t":"pdw","c":"Kakamega"}},{"type":"Feature","geometry":{"type":"Point","coordinates":[34.581256,0.326041]},"properties":{"id":"523315515","n":"Shirongo A PD 3","t":"pdw","c":"Kakamega"}},{"type":"Feature","geometry":{"type":"Point","coordinates":[34.581783,0.318402]},"properties":{"id":"523307747","n":"Emashebwebwe A PS' 2","t":"ps","c":"Kakamega"}},{"type":"Feature","geometry":{"type":"Point","coordinates":[34.566338,0.356597]},"properties":{"id":"523229719","n":"Mung'ang'a PD9","t":"pdw","c":"Kakamega"}},{"type":"Feature","geometry":{"type":"Point","coordinates":[34.585522,0.319705]},"properties":{"id":"523276869","n":"Musangaro B2 PS2","t":"ps","c":"Kakamega"}},{"type":"Feature","geometry":{"type":"Point","coordinates":[34.578914,0.324919]},"properties":{"id":"523218247","n":"ShirongoA PD 7","t":"pdw","c":"Kakamega"}},{"type":"Feature","geometry":{"type":"Point","coordinates":[34.587396,0.333088]},"properties":{"id":"523194552","n":"Mwilache A PD11","t":"pdw","c":"Kakamega"}},{"type":"Feature","geometry":{"type":"Point","coordinates":[34.536283,0.342892]},"properties":{"id":"523284211","n":"Ematete PD6","t":"pdw","c":"Kakamega"}},{"type":"Feature","geometry":{"type":"Point","coordinates":[34.565932,0.353763]},"properties":{"id":"523290874","n":"Buloma A1 PD","t":"pdw","c":"Kakamega"}},{"type":"Feature","geometry":{"type":"Point","coordinates":[34.563852,0.362405]},"properties":{"id":"523338529","n":"Khabalwe B PD1","t":"pdw","c":"Kakamega"}},{"type":"Feature","geometry":{"type":"Point","coordinates":[34.595024,0.343658]},"properties":{"id":"523317359","n":"Ebubere A2 PD9","t":"pdw","c":"Kakamega"}},{"type":"Feature","geometry":{"type":"Point","coordinates":[34.605466,0.34882]},"properties":{"id":"523302618","n":"Muroni B, PD, 12","t":"pdw","c":"Kakamega"}},{"type":"Feature","geometry":{"type":"Point","coordinates":[34.603245,0.344174]},"properties":{"id":"523239510","n":"Esikura B PD6","t":"pdw","c":"Kakamega"}},{"type":"Feature","geometry":{"type":"Point","coordinates":[34.563724,0.333659]},"properties":{"id":"523224556","n":"Ekafisi PD 7","t":"pdw","c":"Kakamega"}},{"type":"Feature","geometry":{"type":"Point","coordinates":[34.590668,0.326029]},"properties":{"id":"523210782","n":"Musangaro A1 PS3","t":"ps","c":"Kakamega"}},{"type":"Feature","geometry":{"type":"Point","coordinates":[34.595107,0.333653]},"properties":{"id":"523313214","n":"Bumini A PD8","t":"pdw","c":"Kakamega"}},{"type":"Feature","geometry":{"type":"Point","coordinates":[34.545768,0.33317]},"properties":{"id":"523256102","n":"Mukhweso PS1","t":"ps","c":"Kakamega"}},{"type":"Feature","geometry":{"type":"Point","coordinates":[34.586394,0.341096]},"properties":{"id":"523193829","n":"Mulambo B PD5","t":"pdw","c":"Kakamega"}},{"type":"Feature","geometry":{"type":"Point","coordinates":[34.595447,0.343718]},"properties":{"id":"523338608","n":"Ebubere A3 PD11","t":"pdw","c":"Kakamega"}},{"type":"Feature","geometry":{"type":"Point","coordinates":[34.57973,0.357525]},"properties":{"id":"523270870","n":"Bulechia A PD1","t":"pdw","c":"Kakamega"}},{"type":"Feature","geometry":{"type":"Point","coordinates":[34.543345,0.335025]},"properties":{"id":"523285346","n":"Mulimani PD9","t":"pdw","c":"Kakamega"}},{"type":"Feature","geometry":{"type":"Point","coordinates":[34.590282,0.376762]},"properties":{"id":"523195625","n":"Bukhathi BH 4","t":"bh","c":"Kakamega"}},{"type":"Feature","geometry":{"type":"Point","coordinates":[34.573902,0.391373]},"properties":{"id":"523259590","n":"Abakalivo PD Aura Omusotsi","t":"pdw","c":"Kakamega"}},{"type":"Feature","geometry":{"type":"Point","coordinates":[34.54248,0.334832]},"properties":{"id":"523274032","n":"Eshikumulo PD7","t":"pdw","c":"Kakamega"}},{"type":"Feature","geometry":{"type":"Point","coordinates":[34.577947,0.382625]},"properties":{"id":"523255383","n":"Abashitsetse PD Justus Manya","t":"pdw","c":"Kakamega"}},{"type":"Feature","geometry":{"type":"Point","coordinates":[34.578193,0.387774]},"properties":{"id":"523308858","n":"Abamwaya US Nuruh Wanyama","t":"us","c":"Kakamega"}},{"type":"Feature","geometry":{"type":"Point","coordinates":[34.600864,0.342197]},"properties":{"id":"523338268","n":"Esikura B PD13","t":"pdw","c":"Kakamega"}},{"type":"Feature","geometry":{"type":"Point","coordinates":[34.59822,0.358059]},"properties":{"id":"523354983","n":"Talamuti, PD, 15","t":"pdw","c":"Kakamega"}},{"type":"Feature","geometry":{"type":"Point","coordinates":[34.570443,0.35735]},"properties":{"id":"523245238","n":"Mung'ang'a PD23","t":"pdw","c":"Kakamega"}},{"type":"Feature","geometry":{"type":"Point","coordinates":[34.586481,0.325121]},"properties":{"id":"523343129","n":"Musangaro B1 PD5","t":"pdw","c":"Kakamega"}},{"type":"Feature","geometry":{"type":"Point","coordinates":[34.578268,0.337832]},"properties":{"id":"523327882","n":"Mwikali B PD6","t":"pdw","c":"Kakamega"}},{"type":"Feature","geometry":{"type":"Point","coordinates":[34.597356,0.335286]},"properties":{"id":"523325615","n":"Bumini A PD12","t":"pdw","c":"Kakamega"}},{"type":"Feature","geometry":{"type":"Point","coordinates":[34.604611,0.343414]},"properties":{"id":"523321927","n":"Esikura B PD4","t":"pdw","c":"Kakamega"}},{"type":"Feature","geometry":{"type":"Point","coordinates":[34.56237,0.33112]},"properties":{"id":"272019759","n":"UCC 2024 - St. Peter's Khabakaya Primary School - 21360","t":"bh","c":"Kakamega","d":80.0}},{"type":"Feature","geometry":{"type":"Point","coordinates":[34.596826,0.341816]},"properties":{"id":"523208415","n":"Ebubere A3 PD9","t":"pdw","c":"Kakamega"}},{"type":"Feature","geometry":{"type":"Point","coordinates":[34.595764,0.334162]},"properties":{"id":"523290111","n":"Bumini A PD9","t":"pdw","c":"Kakamega"}},{"type":"Feature","geometry":{"type":"Point","coordinates":[34.576333,0.316982]},"properties":{"id":"523227717","n":"Shilarumwa PD'19","t":"pdw","c":"Kakamega"}},{"type":"Feature","geometry":{"type":"Point","coordinates":[34.557229,0.388774]},"properties":{"id":"523310620","n":"Abashitsetse PD Harrison Makokha Asakhani","t":"pdw","c":"Kakamega"}},{"type":"Feature","geometry":{"type":"Point","coordinates":[34.568663,0.39335]},"properties":{"id":"523216173","n":"Abavere PS Osundwa Ombasi","t":"ps","c":"Kakamega"}},{"type":"Feature","geometry":{"type":"Point","coordinates":[34.556438,0.349235]},"properties":{"id":"523330923","n":"Buloma A2 PS2","t":"ps","c":"Kakamega"}},{"type":"Feature","geometry":{"type":"Point","coordinates":[34.581471,0.332655]},"properties":{"id":"523321446","n":"Mwilache B PD16","t":"pdw","c":"Kakamega"}},{"type":"Feature","geometry":{"type":"Point","coordinates":[34.587963,0.326482]},"properties":{"id":"523291181","n":"Musangaro A1 PS2","t":"ps","c":"Kakamega"}},{"type":"Feature","geometry":{"type":"Point","coordinates":[34.57149,0.361588]},"properties":{"id":"523318202","n":"Lunyiko PD8","t":"pdw","c":"Kakamega"}},{"type":"Feature","geometry":{"type":"Point","coordinates":[34.570707,0.366907]},"properties":{"id":"523235138","n":"Lunyiko PD12","t":"pdw","c":"Kakamega"}},{"type":"Feature","geometry":{"type":"Point","coordinates":[34.583985,0.350974]},"properties":{"id":"523264066","n":"Ebulechia B PS1","t":"ps","c":"Kakamega"}},{"type":"Feature","geometry":{"type":"Point","coordinates":[34.597667,0.371028]},"properties":{"id":"523350518","n":"Butunyi PD 8","t":"pdw","c":"Kakamega"}},{"type":"Feature","geometry":{"type":"Point","coordinates":[34.566375,0.344232]},"properties":{"id":"523266965","n":"Buloma C PD5","t":"pdw","c":"Kakamega"}},{"type":"Feature","geometry":{"type":"Point","coordinates":[34.574678,0.371054]},"properties":{"id":"523219303","n":"Ababokho US Joel Okumu Zakayo","t":"us","c":"Kakamega"}},{"type":"Feature","geometry":{"type":"Point","coordinates":[34.584543,0.333281]},"properties":{"id":"523332255","n":"Mwilache B PD13","t":"pdw","c":"Kakamega"}},{"type":"Feature","geometry":{"type":"Point","coordinates":[34.577241,0.394837]},"properties":{"id":"523235152","n":"Abakalivo PD Charles Otiangala","t":"pdw","c":"Kakamega"}},{"type":"Feature","geometry":{"type":"Point","coordinates":[34.572452,0.356698]},"properties":{"id":"523307754","n":"Lunyiko PD2","t":"pdw","c":"Kakamega"}},{"type":"Feature","geometry":{"type":"Point","coordinates":[34.587764,0.34532]},"properties":{"id":"523342214","n":"Ebulechia B PS3","t":"ps","c":"Kakamega"}},{"type":"Feature","geometry":{"type":"Point","coordinates":[34.579008,0.376761]},"properties":{"id":"523254526","n":"Abauma PD Casim Walala","t":"pdw","c":"Kakamega"}},{"type":"Feature","geometry":{"type":"Point","coordinates":[34.562634,0.386317]},"properties":{"id":"523350824","n":"Abashitsetse PD Peter Matsakhwe","t":"udw","c":"Kakamega"}},{"type":"Feature","geometry":{"type":"Point","coordinates":[34.566403,0.362888]},"properties":{"id":"523260756","n":"Khabalwe A PS2","t":"ps","c":"Kakamega"}},{"type":"Feature","geometry":{"type":"Point","coordinates":[34.579727,0.325313]},"properties":{"id":"523325361","n":"ShirongoA PD 5","t":"pdw","c":"Kakamega"}},{"type":"Feature","geometry":{"type":"Point","coordinates":[34.59612,0.340472]},"properties":{"id":"523281036","n":"Manyasa A PD6","t":"pdw","c":"Kakamega"}},{"type":"Feature","geometry":{"type":"Point","coordinates":[34.588631,0.351716]},"properties":{"id":"523217064","n":"Ebubere A1 PD11","t":"pdw","c":"Kakamega"}},{"type":"Feature","geometry":{"type":"Point","coordinates":[34.558833,0.350407]},"properties":{"id":"523265500","n":"Buloma A2 PD6","t":"pdw","c":"Kakamega"}},{"type":"Feature","geometry":{"type":"Point","coordinates":[34.576605,0.3169]},"properties":{"id":"523197586","n":"Shilarumwa PD'17","t":"pdw","c":"Kakamega"}},{"type":"Feature","geometry":{"type":"Point","coordinates":[34.588562,0.32732]},"properties":{"id":"523216056","n":"BuminiB US2","t":"us","c":"Kakamega"}},{"type":"Feature","geometry":{"type":"Point","coordinates":[34.577615,0.315808]},"properties":{"id":"523262521","n":"Shilarumwa PD'9","t":"pdw","c":"Kakamega"}},{"type":"Feature","geometry":{"type":"Point","coordinates":[34.561243,0.351205]},"properties":{"id":"523245915","n":"Buloma A2 PD4","t":"pdw","c":"Kakamega"}},{"type":"Feature","geometry":{"type":"Point","coordinates":[34.562598,0.336908]},"properties":{"id":"523278270","n":"Ekafisi PS 1","t":"ps","c":"Kakamega"}},{"type":"Feature","geometry":{"type":"Point","coordinates":[34.573122,0.326149]},"properties":{"id":"523248626","n":"Busimbiro PS 1","t":"ps","c":"Kakamega"}},{"type":"Feature","geometry":{"type":"Point","coordinates":[34.567503,0.348465]},"properties":{"id":"523198202","n":"Buloma A1 PD9","t":"pdw","c":"Kakamega"}},{"type":"Feature","geometry":{"type":"Point","coordinates":[34.607042,0.371658]},"properties":{"id":"523335966","n":"Khabondi B PD 14","t":"pdw","c":"Kakamega"}},{"type":"Feature","geometry":{"type":"Point","coordinates":[34.591965,0.350563]},"properties":{"id":"523195539","n":"Ebubere A1 PD14","t":"pdw","c":"Kakamega"}},{"type":"Feature","geometry":{"type":"Point","coordinates":[34.571173,0.350052]},"properties":{"id":"523314583","n":"Mukhweso UD2","t":"udw","c":"Kakamega"}},{"type":"Feature","geometry":{"type":"Point","coordinates":[34.565268,0.337695]},"properties":{"id":"523304108","n":"Ikhonje PD 8","t":"pdw","c":"Kakamega"}},{"type":"Feature","geometry":{"type":"Point","coordinates":[34.590672,0.35022]},"properties":{"id":"523311889","n":"Ebubere A1 PD13","t":"pdw","c":"Kakamega"}},{"type":"Feature","geometry":{"type":"Point","coordinates":[34.599533,0.340937]},"properties":{"id":"523295305","n":"Esikura A PD2","t":"pdw","c":"Kakamega"}},{"type":"Feature","geometry":{"type":"Point","coordinates":[34.561111,0.333934]},"properties":{"id":"523340418","n":"Musango A PS3","t":"ps","c":"Kakamega"}},{"type":"Feature","geometry":{"type":"Point","coordinates":[34.5813,0.351707]},"properties":{"id":"523217442","n":"BulechiaA PD7","t":"pdw","c":"Kakamega"}},{"type":"Feature","geometry":{"type":"Point","coordinates":[34.572919,0.378938]},"properties":{"id":"523279185","n":"Abamwaya PD Swalik Khasesi","t":"pdw","c":"Kakamega"}},{"type":"Feature","geometry":{"type":"Point","coordinates":[34.584463,0.379767]},"properties":{"id":"523297668","n":"Khaunga Township PD 3","t":"pdw","c":"Kakamega"}},{"type":"Feature","geometry":{"type":"Point","coordinates":[34.541685,0.334985]},"properties":{"id":"523348904","n":"Eshikumulo US 2","t":"ps","c":"Kakamega"}},{"type":"Feature","geometry":{"type":"Point","coordinates":[34.604215,0.344154]},"properties":{"id":"523269157","n":"Esikura B PD5","t":"pdw","c":"Kakamega"}},{"type":"Feature","geometry":{"type":"Point","coordinates":[34.534395,0.335995]},"properties":{"id":"523233040","n":"Emayala PD11","t":"pdw","c":"Kakamega"}},{"type":"Feature","geometry":{"type":"Point","coordinates":[34.59209,0.351532]},"properties":{"id":"523231763","n":"Ebubere A1 PD1","t":"pdw","c":"Kakamega"}},{"type":"Feature","geometry":{"type":"Point","coordinates":[34.568452,0.356577]},"properties":{"id":"523308061","n":"Mung'ang'a PD3","t":"pdw","c":"Kakamega"}},{"type":"Feature","geometry":{"type":"Point","coordinates":[34.564341,0.38797]},"properties":{"id":"523256346","n":"Abasia PD Amin Shisia Okumu","t":"pdw","c":"Kakamega"}},{"type":"Feature","geometry":{"type":"Point","coordinates":[34.573051,0.379858]},"properties":{"id":"523232867","n":"Abamwaya PD Mateo","t":"pdw","c":"Kakamega"}},{"type":"Feature","geometry":{"type":"Point","coordinates":[34.52723,0.338518]},"properties":{"id":"523346593","n":"Eshimuli PD6","t":"pdw","c":"Kakamega"}},{"type":"Feature","geometry":{"type":"Point","coordinates":[34.574517,0.382166]},"properties":{"id":"523230229","n":"Abasacha PD Chrisantos Malala 2","t":"pdw","c":"Kakamega"}},{"type":"Feature","geometry":{"type":"Point","coordinates":[34.596589,0.373527]},"properties":{"id":"523307613","n":"Bukhathi PD 12","t":"pdw","c":"Kakamega"}},{"type":"Feature","geometry":{"type":"Point","coordinates":[34.59706,0.338873]},"properties":{"id":"523206808","n":"Emusiresire B PD2","t":"pdw","c":"Kakamega"}},{"type":"Feature","geometry":{"type":"Point","coordinates":[34.600767,0.343224]},"properties":{"id":"523343318","n":"Esikura B","t":"pdw","c":"Kakamega"}},{"type":"Feature","geometry":{"type":"Point","coordinates":[34.592012,0.337775]},"properties":{"id":"523352486","n":"Mulambo B PD1","t":"pdw","c":"Kakamega"}},{"type":"Feature","geometry":{"type":"Point","coordinates":[34.590539,0.34424]},"properties":{"id":"523233923","n":"Manyasa A PD12","t":"pdw","c":"Kakamega"}},{"type":"Feature","geometry":{"type":"Point","coordinates":[34.593699,0.375323]},"properties":{"id":"523288837","n":"Bukhathi PD 8","t":"pdw","c":"Kakamega"}},{"type":"Feature","geometry":{"type":"Point","coordinates":[34.595961,0.347514]},"properties":{"id":"523347099","n":"Ebubere B2 PD1","t":"pdw","c":"Kakamega"}},{"type":"Feature","geometry":{"type":"Point","coordinates":[34.576312,0.34862]},"properties":{"id":"523271527","n":"BulechiaA2 PS14","t":"pdw","c":"Kakamega"}},{"type":"Feature","geometry":{"type":"Point","coordinates":[34.600792,0.373852]},"properties":{"id":"523264444","n":"Kulumwoyo PS 4","t":"ps","c":"Kakamega"}},{"type":"Feature","geometry":{"type":"Point","coordinates":[34.571015,0.357072]},"properties":{"id":"523226730","n":"Mung'ang'a PD24","t":"pdw","c":"Kakamega"}},{"type":"Feature","geometry":{"type":"Point","coordinates":[34.577161,0.39481]},"properties":{"id":"523311456","n":"Abakalivo PD Ruhesh Okumu 1","t":"pdw","c":"Kakamega"}},{"type":"Feature","geometry":{"type":"Point","coordinates":[34.569828,0.39179]},"properties":{"id":"523320359","n":"Abavere PD Joseph Ambwere","t":"pdw","c":"Kakamega"}},{"type":"Feature","geometry":{"type":"Point","coordinates":[34.597591,0.343532]},"properties":{"id":"523316729","n":"Ebubere A3 PD4","t":"pdw","c":"Kakamega"}},{"type":"Feature","geometry":{"type":"Point","coordinates":[34.573483,0.360832]},"properties":{"id":"523340896","n":"Lunyiko PD5","t":"pdw","c":"Kakamega"}},{"type":"Feature","geometry":{"type":"Point","coordinates":[34.568885,0.356487]},"properties":{"id":"523335667","n":"Mung'ang'a PD2","t":"pdw","c":"Kakamega"}},{"type":"Feature","geometry":{"type":"Point","coordinates":[34.579725,0.323965]},"properties":{"id":"523292773","n":"Shirongo A PS 1","t":"ps","c":"Kakamega"}},{"type":"Feature","geometry":{"type":"Point","coordinates":[34.575538,0.35164]},"properties":{"id":"523321989","n":"BulechiaA2 PD4","t":"pdw","c":"Kakamega"}},{"type":"Feature","geometry":{"type":"Point","coordinates":[34.591396,0.374113]},"properties":{"id":"523329585","n":"Namwaya PD 5","t":"pdw","c":"Kakamega"}},{"type":"Feature","geometry":{"type":"Point","coordinates":[34.564092,0.367577]},"properties":{"id":"523208240","n":"Khabalwe A PD3","t":"pdw","c":"Kakamega"}},{"type":"Feature","geometry":{"type":"Point","coordinates":[34.585285,0.377251]},"properties":{"id":"523241454","n":"Khaunga Township PD 9","t":"pdw","c":"Kakamega"}},{"type":"Feature","geometry":{"type":"Point","coordinates":[34.528382,0.333657]},"properties":{"id":"523344986","n":"Mwitoti UD","t":"pdw","c":"Kakamega"}},{"type":"Feature","geometry":{"type":"Point","coordinates":[34.565896,0.384043]},"properties":{"id":"523234577","n":"Abatetso PD Washuma","t":"pdw","c":"Kakamega"}},{"type":"Feature","geometry":{"type":"Point","coordinates":[34.576616,0.314195]},"properties":{"id":"523257062","n":"Shilarumwa PD'1","t":"pdw","c":"Kakamega"}},{"type":"Feature","geometry":{"type":"Point","coordinates":[34.55969,0.347483]},"properties":{"id":"523321288","n":"Buloma PD5","t":"pdw","c":"Kakamega"}},{"type":"Feature","geometry":{"type":"Point","coordinates":[34.58201,0.348867]},"properties":{"id":"523239637","n":"Ebulechia B PD3","t":"pdw","c":"Kakamega"}},{"type":"Feature","geometry":{"type":"Point","coordinates":[34.567973,0.34774]},"properties":{"id":"523266154","n":"Buloma A1 PD8","t":"pdw","c":"Kakamega"}},{"type":"Feature","geometry":{"type":"Point","coordinates":[34.597871,0.343475]},"properties":{"id":"523216623","n":"Ebubere A3 PD4","t":"pdw","c":"Kakamega"}},{"type":"Feature","geometry":{"type":"Point","coordinates":[34.596183,0.334915]},"properties":{"id":"523279848","n":"Bumini A PD11","t":"pdw","c":"Kakamega"}},{"type":"Feature","geometry":{"type":"Point","coordinates":[34.588193,0.320423]},"properties":{"id":"523303035","n":"Musangaro B2 PD1","t":"pdw","c":"Kakamega"}},{"type":"Feature","geometry":{"type":"Point","coordinates":[34.588413,0.319778]},"properties":{"id":"523293152","n":"Musangaro B2 PD2","t":"pdw","c":"Kakamega"}},{"type":"Feature","geometry":{"type":"Point","coordinates":[34.584089,0.313248]},"properties":{"id":"523256999","n":"EmashebwebweB PD'16","t":"pdw","c":"Kakamega"}},{"type":"Feature","geometry":{"type":"Point","coordinates":[34.580215,0.316958]},"properties":{"id":"523320287","n":"EmashebwebweA PD'11","t":"pdw","c":"Kakamega"}},{"type":"Feature","geometry":{"type":"Point","coordinates":[34.576473,0.356658]},"properties":{"id":"523313135","n":"BulechiaA2 PD8","t":"pdw","c":"Kakamega"}},{"type":"Feature","geometry":{"type":"Point","coordinates":[34.595236,0.349904]},"properties":{"id":"523262143","n":"Ebubere B2 PD4","t":"udw","c":"Kakamega"}},{"type":"Feature","geometry":{"type":"Point","coordinates":[34.556876,0.386038]},"properties":{"id":"523203362","n":"Abashitsetse PD Angeline Nambwaya","t":"us","c":"Kakamega"}},{"type":"Feature","geometry":{"type":"Point","coordinates":[34.569798,0.383135]},"properties":{"id":"523310479","n":"Abasacha PD Mahola Primary School","t":"pdw","c":"Kakamega"}},{"type":"Feature","geometry":{"type":"Point","coordinates":[34.566438,0.368495]},"properties":{"id":"523255747","n":"Khabalwe A PD5","t":"pdw","c":"Kakamega"}},{"type":"Feature","geometry":{"type":"Point","coordinates":[34.583064,0.329862]},"properties":{"id":"523320122","n":"Mwilache B PS3","t":"ps","c":"Kakamega"}},{"type":"Feature","geometry":{"type":"Point","coordinates":[34.564024,0.390121]},"properties":{"id":"523295271","n":"Abashitsetse UD Colli","t":"udw","c":"Kakamega"}},{"type":"Feature","geometry":{"type":"Point","coordinates":[34.599592,0.342813]},"properties":{"id":"523223672","n":"Esikura PD15","t":"pdw","c":"Kakamega"}},{"type":"Feature","geometry":{"type":"Point","coordinates":[34.54933,0.332982]},"properties":{"id":"523269322","n":"Emusoma PD 14","t":"pdw","c":"Kakamega"}},{"type":"Feature","geometry":{"type":"Point","coordinates":[34.566717,0.358248]},"properties":{"id":"523319210","n":"Mung'ang'a PD14","t":"pdw","c":"Kakamega"}},{"type":"Feature","geometry":{"type":"Point","coordinates":[34.589353,0.329623]},"properties":{"id":"523348021","n":"BuminiB PD6","t":"pdw","c":"Kakamega"}},{"type":"Feature","geometry":{"type":"Point","coordinates":[34.578056,0.395387]},"properties":{"id":"523348344","n":"Abakalivo PD Mary Otiangala","t":"pdw","c":"Kakamega"}},{"type":"Feature","geometry":{"type":"Point","coordinates":[34.586411,0.32682]},"properties":{"id":"523308188","n":"Musangaro A1 Dw1","t":"pdw","c":"Kakamega"}},{"type":"Feature","geometry":{"type":"Point","coordinates":[34.558527,0.384833]},"properties":{"id":"523265641","n":"Abashitsetse US Nuclear","t":"us","c":"Kakamega"}},{"type":"Feature","geometry":{"type":"Point","coordinates":[34.575504,0.316239]},"properties":{"id":"523232348","n":"Shainda B PD 11","t":"pdw","c":"Kakamega"}},{"type":"Feature","geometry":{"type":"Point","coordinates":[34.593698,0.338341]},"properties":{"id":"523268015","n":"Manyasa A PD2","t":"pdw","c":"Kakamega"}},{"type":"Feature","geometry":{"type":"Point","coordinates":[34.542862,0.335523]},"properties":{"id":"523324676","n":"Ematete PD15","t":"pdw","c":"Kakamega"}},{"type":"Feature","geometry":{"type":"Point","coordinates":[34.588217,0.347053]},"properties":{"id":"523271974","n":"Manyasa A PS2","t":"ps","c":"Kakamega"}},{"type":"Feature","geometry":{"type":"Point","coordinates":[34.596239,0.34359]},"properties":{"id":"523304380","n":"Ebubere A3 UP1","t":"udw","c":"Kakamega"}},{"type":"Feature","geometry":{"type":"Point","coordinates":[34.571652,0.383469]},"properties":{"id":"523306863","n":"Abasacha PD Erick Malina Wekulo","t":"pdw","c":"Kakamega"}},{"type":"Feature","geometry":{"type":"Point","coordinates":[34.570365,0.349925]},"properties":{"id":"523199447","n":"Mukhweso PD7","t":"pdw","c":"Kakamega"}},{"type":"Feature","geometry":{"type":"Point","coordinates":[34.565083,0.359812]},"properties":{"id":"523345860","n":"Mung'ang'a PD16","t":"pdw","c":"Kakamega"}},{"type":"Feature","geometry":{"type":"Point","coordinates":[34.545733,0.339512]},"properties":{"id":"523350570","n":"Efundula PD3","t":"pdw","c":"Kakamega"}},{"type":"Feature","geometry":{"type":"Point","coordinates":[34.59081,0.36082]},"properties":{"id":"523303176","n":"Ebusubi, PD, 14","t":"pdw","c":"Kakamega"}},{"type":"Feature","geometry":{"type":"Point","coordinates":[34.534293,0.338497]},"properties":{"id":"523341598","n":"Emayala PD9","t":"pdw","c":"Kakamega"}},{"type":"Feature","geometry":{"type":"Point","coordinates":[34.545573,0.339047]},"properties":{"id":"523241447","n":"Efundula PD4","t":"pdw","c":"Kakamega"}},{"type":"Feature","geometry":{"type":"Point","coordinates":[34.559853,0.343678]},"properties":{"id":"523197830","n":"Buloma PS2","t":"ps","c":"Kakamega"}},{"type":"Feature","geometry":{"type":"Point","coordinates":[34.548523,0.348295]},"properties":{"id":"523294524","n":"Ebung'ale PS4","t":"ps","c":"Kakamega"}},{"type":"Feature","geometry":{"type":"Point","coordinates":[34.54316,0.333023]},"properties":{"id":"523238210","n":"Mulimani PD10","t":"pdw","c":"Kakamega"}},{"type":"Feature","geometry":{"type":"Point","coordinates":[34.558833,0.343723]},"properties":{"id":"523330947","n":"Buloma B PS3","t":"ps","c":"Kakamega"}},{"type":"Feature","geometry":{"type":"Point","coordinates":[34.553417,0.345497]},"properties":{"id":"523232647","n":"Ebung'ale BH1","t":"bh","c":"Kakamega"}},{"type":"Feature","geometry":{"type":"Point","coordinates":[34.581781,0.321037]},"properties":{"id":"523286615","n":"Shirongo A PD26","t":"pdw","c":"Kakamega"}},{"type":"Feature","geometry":{"type":"Point","coordinates":[34.537303,0.33426]},"properties":{"id":"523317184","n":"Emayala PS1","t":"ps","c":"Kakamega"}},{"type":"Feature","geometry":{"type":"Point","coordinates":[34.572707,0.329958]},"properties":{"id":"523213541","n":"Khabakaya PS 5","t":"ps","c":"Kakamega"}},{"type":"Feature","geometry":{"type":"Point","coordinates":[34.594633,0.340298]},"properties":{"id":"523343765","n":"Manyasa A PD9","t":"pdw","c":"Kakamega"}},{"type":"Feature","geometry":{"type":"Point","coordinates":[34.547363,0.339268]},"properties":{"id":"523229953","n":"Efundula PS 1","t":"ps","c":"Kakamega"}},{"type":"Feature","geometry":{"type":"Point","coordinates":[34.576203,0.326223]},"properties":{"id":"523353298","n":"Shirongo B PD 11","t":"pdw","c":"Kakamega"}},{"type":"Feature","geometry":{"type":"Point","coordinates":[34.60479,0.346095]},"properties":{"id":"523354660","n":"Elusuba PD 2","t":"pdw","c":"Kakamega"}},{"type":"Feature","geometry":{"type":"Point","coordinates":[34.543688,0.345952]},"properties":{"id":"523313740","n":"Efundula PD 12","t":"pdw","c":"Kakamega"}},{"type":"Feature","geometry":{"type":"Point","coordinates":[34.585341,0.336576]},"properties":{"id":"523214432","n":"Mulambo B PS3","t":"ps","c":"Kakamega"}},{"type":"Feature","geometry":{"type":"Point","coordinates":[34.564717,0.357047]},"properties":{"id":"523309055","n":"Mung'ang'a PD12","t":"pdw","c":"Kakamega"}},{"type":"Feature","geometry":{"type":"Point","coordinates":[34.599764,0.343001]},"properties":{"id":"523298401","n":"Esikura B PD14","t":"pdw","c":"Kakamega"}},{"type":"Feature","geometry":{"type":"Point","coordinates":[34.538559,0.338676]},"properties":{"id":"661122471","n":"Muyala Community, Ongong'l Spring - 23312","t":"ps","c":"Kakamega"}},{"type":"Feature","geometry":{"type":"Point","coordinates":[34.588589,0.32006]},"properties":{"id":"523341732","n":"Musangaro B2 PD3","t":"pdw","c":"Kakamega"}},{"type":"Feature","geometry":{"type":"Point","coordinates":[34.582198,0.31039]},"properties":{"id":"523263278","n":"Shilarumwa PS'2","t":"ps","c":"Kakamega"}},{"type":"Feature","geometry":{"type":"Point","coordinates":[34.572712,0.381914]},"properties":{"id":"523210689","n":"Abasacha PD Chrisantos Malala","t":"pdw","c":"Kakamega"}},{"type":"Feature","geometry":{"type":"Point","coordinates":[34.59012,0.347971]},"properties":{"id":"523246545","n":"Ebubere A2 PS1","t":"ps","c":"Kakamega"}},{"type":"Feature","geometry":{"type":"Point","coordinates":[34.569337,0.339645]},"properties":{"id":"523315838","n":"Mwikali A PS1","t":"ps","c":"Kakamega"}},{"type":"Feature","geometry":{"type":"Point","coordinates":[34.587408,0.320073]},"properties":{"id":"523344106","n":"Musangaro B2 PD5","t":"pdw","c":"Kakamega"}},{"type":"Feature","geometry":{"type":"Point","coordinates":[34.601348,0.377725]},"properties":{"id":"523287355","n":"Kulumwoyo PD 9","t":"pdw","c":"Kakamega"}},{"type":"Feature","geometry":{"type":"Point","coordinates":[34.56657,0.358397]},"properties":{"id":"523196932","n":"Mung'ang'a PD15","t":"pdw","c":"Kakamega"}},{"type":"Feature","geometry":{"type":"Point","coordinates":[34.521417,0.334678]},"properties":{"id":"523345035","n":"Ebwayi PD7","t":"pdw","c":"Kakamega"}},{"type":"Feature","geometry":{"type":"Point","coordinates":[34.605913,0.347628]},"properties":{"id":"523245719","n":"Elusuba PD 14","t":"pdw","c":"Kakamega"}},{"type":"Feature","geometry":{"type":"Point","coordinates":[34.585145,0.328699]},"properties":{"id":"523212423","n":"Mwilache B PS1","t":"ps","c":"Kakamega"}},{"type":"Feature","geometry":{"type":"Point","coordinates":[34.568359,0.392509]},"properties":{"id":"523222846","n":"Abavere PD Angelina Makokha","t":"pdw","c":"Kakamega"}},{"type":"Feature","geometry":{"type":"Point","coordinates":[34.58743,0.36114]},"properties":{"id":"876535","n":"Epanja Primary School - 4129","t":"pdw","c":"Kakamega"}},{"type":"Feature","geometry":{"type":"Point","coordinates":[34.567285,0.350717]},"properties":{"id":"523220284","n":"Buloma A1 PD6","t":"pdw","c":"Kakamega"}},{"type":"Feature","geometry":{"type":"Point","coordinates":[34.523732,0.335215]},"properties":{"id":"523270485","n":"Eshimuli PD16","t":"pdw","c":"Kakamega"}},{"type":"Feature","geometry":{"type":"Point","coordinates":[34.541287,0.34482]},"properties":{"id":"523226754","n":"Ematete BH1","t":"bh","c":"Kakamega"}},{"type":"Feature","geometry":{"type":"Point","coordinates":[34.599829,0.34621]},"properties":{"id":"523204703","n":"Ebubere B1 PD7","t":"pdw","c":"Kakamega"}},{"type":"Feature","geometry":{"type":"Point","coordinates":[34.588111,0.330226]},"properties":{"id":"523306478","n":"BuminiB PD8","t":"pdw","c":"Kakamega"}},{"type":"Feature","geometry":{"type":"Point","coordinates":[34.573723,0.388648]},"properties":{"id":"523238454","n":"Abashitsetse PD Alfred Omonyo Kuluvi","t":"pdw","c":"Kakamega"}},{"type":"Feature","geometry":{"type":"Point","coordinates":[34.599487,0.338033]},"properties":{"id":"523296825","n":"Emusiresire B PD4","t":"pdw","c":"Kakamega"}},{"type":"Feature","geometry":{"type":"Point","coordinates":[34.577855,0.380436]},"properties":{"id":"523294177","n":"Abashitsetse PD Charles Omoro Owenga","t":"pdw","c":"Kakamega"}},{"type":"Feature","geometry":{"type":"Point","coordinates":[34.597103,0.338353]},"properties":{"id":"523307118","n":"Emusiresire B PD1","t":"pdw","c":"Kakamega"}},{"type":"Feature","geometry":{"type":"Point","coordinates":[34.571067,0.389807]},"properties":{"id":"523304830","n":"Abashitsetse UD Nicholas Wamukoya","t":"udw","c":"Kakamega"}},{"type":"Feature","geometry":{"type":"Point","coordinates":[34.575393,0.355218]},"properties":{"id":"523328577","n":"BulechiaA2 PD7","t":"pdw","c":"Kakamega"}},{"type":"Feature","geometry":{"type":"Point","coordinates":[34.539722,0.335427]},"properties":{"id":"523218412","n":"Eshikumulo PS1","t":"ps","c":"Kakamega"}},{"type":"Feature","geometry":{"type":"Point","coordinates":[34.601568,0.341572]},"properties":{"id":"523233112","n":"Esikura A PD3","t":"pdw","c":"Kakamega"}},{"type":"Feature","geometry":{"type":"Point","coordinates":[34.578053,0.376545]},"properties":{"id":"523198350","n":"Abamwaya PD Hosea Khamala","t":"pdw","c":"Kakamega"}},{"type":"Feature","geometry":{"type":"Point","coordinates":[34.524842,0.33868]},"properties":{"id":"523240367","n":"Eshimuli PD3","t":"pdw","c":"Kakamega"}},{"type":"Feature","geometry":{"type":"Point","coordinates":[34.55576,0.346402]},"properties":{"id":"523274496","n":"Ebung'ale PD1","t":"pdw","c":"Kakamega"}},{"type":"Feature","geometry":{"type":"Point","coordinates":[34.589877,0.33858]},"properties":{"id":"523232953","n":"Mulambo B PD3","t":"pdw","c":"Kakamega"}},{"type":"Feature","geometry":{"type":"Point","coordinates":[34.565167,0.362347]},"properties":{"id":"523211525","n":"Khabalwe A PD10","t":"pdw","c":"Kakamega"}},{"type":"Feature","geometry":{"type":"Point","coordinates":[34.564542,0.345602]},"properties":{"id":"523248987","n":"Buloma PD13","t":"pdw","c":"Kakamega"}},{"type":"Feature","geometry":{"type":"Point","coordinates":[34.58481,0.321896]},"properties":{"id":"523349493","n":"Musangaro B1 PS2","t":"ps","c":"Kakamega"}},{"type":"Feature","geometry":{"type":"Point","coordinates":[34.56769,0.378529]},"properties":{"id":"523237879","n":"Abaseya PS Josephat Nyongesa","t":"ps","c":"Kakamega"}},{"type":"Feature","geometry":{"type":"Point","coordinates":[34.602007,0.377253]},"properties":{"id":"523303152","n":"Kulumwoyo PD 8","t":"pdw","c":"Kakamega"}},{"type":"Feature","geometry":{"type":"Point","coordinates":[34.57354,0.33812]},"properties":{"id":"523343394","n":"Mwikali A US1","t":"us","c":"Kakamega"}},{"type":"Feature","geometry":{"type":"Point","coordinates":[34.566957,0.368572]},"properties":{"id":"523220961","n":"Khabalwe A PD6","t":"pdw","c":"Kakamega"}},{"type":"Feature","geometry":{"type":"Point","coordinates":[34.58704,0.347775]},"properties":{"id":"523288136","n":"Ebulechia B PS2","t":"ps","c":"Kakamega"}},{"type":"Feature","geometry":{"type":"Point","coordinates":[34.57891,0.342497]},"properties":{"id":"523304854","n":"Mulambo A PD9","t":"pdw","c":"Kakamega"}},{"type":"Feature","geometry":{"type":"Point","coordinates":[34.565227,0.34727]},"properties":{"id":"523263821","n":"Buloma B PD1","t":"pdw","c":"Kakamega"}},{"type":"Feature","geometry":{"type":"Point","coordinates":[34.588498,0.330754]},"properties":{"id":"523199203","n":"BuminiB PD9","t":"pdw","c":"Kakamega"}},{"type":"Feature","geometry":{"type":"Point","coordinates":[34.59482,0.343454]},"properties":{"id":"523306258","n":"Manyasa A PD1","t":"pdw","c":"Kakamega"}},{"type":"Feature","geometry":{"type":"Point","coordinates":[34.594627,0.33743]},"properties":{"id":"523232049","n":"Manyasa A PD3","t":"pdw","c":"Kakamega"}},{"type":"Feature","geometry":{"type":"Point","coordinates":[34.567567,0.343303]},"properties":{"id":"523293042","n":"Buloma C PD6","t":"pdw","c":"Kakamega"}},{"type":"Feature","geometry":{"type":"Point","coordinates":[34.591232,0.349626]},"properties":{"id":"523264420","n":"Ebubere A1 PD18","t":"pdw","c":"Kakamega"}},{"type":"Feature","geometry":{"type":"Point","coordinates":[34.602528,0.343115]},"properties":{"id":"523209643","n":"Esikura B PD9","t":"pdw","c":"Kakamega"}},{"type":"Feature","geometry":{"type":"Point","coordinates":[34.550492,0.346797]},"properties":{"id":"523252043","n":"Ebung'ale PD6","t":"pdw","c":"Kakamega"}},{"type":"Feature","geometry":{"type":"Point","coordinates":[34.58905,0.355352]},"properties":{"id":"523309127","n":"Ebubere A1 PD6","t":"pdw","c":"Kakamega"}},{"type":"Feature","geometry":{"type":"Point","coordinates":[34.573023,0.36067]},"properties":{"id":"523342197","n":"Lunyiko PD6","t":"pdw","c":"Kakamega"}},{"type":"Feature","geometry":{"type":"Point","coordinates":[34.59172,0.35507]},"properties":{"id":"523343631","n":"Ebubere 1 PS1","t":"ps","c":"Kakamega"}},{"type":"Feature","geometry":{"type":"Point","coordinates":[34.524927,0.334473]},"properties":{"id":"523239613","n":"Eshimuli PD 12","t":"pdw","c":"Kakamega"}},{"type":"Feature","geometry":{"type":"Point","coordinates":[34.586888,0.319543]},"properties":{"id":"523284503","n":"Musangaro B2 PD7","t":"pdw","c":"Kakamega"}},{"type":"Feature","geometry":{"type":"Point","coordinates":[34.576694,0.32857]},"properties":{"id":"523281160","n":"Shirongo B PD 13","t":"pdw","c":"Kakamega"}},{"type":"Feature","geometry":{"type":"Point","coordinates":[34.581352,0.383035]},"properties":{"id":"523315027","n":"Abakolwe Vachirinya PS Neolola Spring","t":"ps","c":"Kakamega"}},{"type":"Feature","geometry":{"type":"Point","coordinates":[34.564677,0.360578]},"properties":{"id":"523281373","n":"Mung'ang'a PD17","t":"pdw","c":"Kakamega"}},{"type":"Feature","geometry":{"type":"Point","coordinates":[34.586964,0.325152]},"properties":{"id":"523282910","n":"Musangaro B1 PD6","t":"pdw","c":"Kakamega"}},{"type":"Feature","geometry":{"type":"Point","coordinates":[34.539448,0.333148]},"properties":{"id":"523293073","n":"Eshikumulo PD6","t":"pdw","c":"Kakamega"}},{"type":"Feature","geometry":{"type":"Point","coordinates":[34.573534,0.377279]},"properties":{"id":"523209289","n":"Abamwaya PD Halima Wesonga","t":"pdw","c":"Kakamega"}},{"type":"Feature","geometry":{"type":"Point","coordinates":[34.570662,0.360408]},"properties":{"id":"523346414","n":"Mung'ang'a PD21","t":"pdw","c":"Kakamega"}},{"type":"Feature","geometry":{"type":"Point","coordinates":[34.57338,0.378454]},"properties":{"id":"523299103","n":"Abauma PS. Silvano Majengo","t":"ps","c":"Kakamega"}},{"type":"Feature","geometry":{"type":"Point","coordinates":[34.603924,0.350264]},"properties":{"id":"523195247","n":"Muroni A, PD, 9","t":"pdw","c":"Kakamega"}},{"type":"Feature","geometry":{"type":"Point","coordinates":[34.570298,0.348848]},"properties":{"id":"523223249","n":"Mukhweso PD10","t":"pdw","c":"Kakamega"}},{"type":"Feature","geometry":{"type":"Point","coordinates":[34.589897,0.335393]},"properties":{"id":"523259129","n":"Mwilache A PD4","t":"pdw","c":"Kakamega"}},{"type":"Feature","geometry":{"type":"Point","coordinates":[34.589748,0.331068]},"properties":{"id":"523350611","n":"BuminiB PD11","t":"pdw","c":"Kakamega"}},{"type":"Feature","geometry":{"type":"Point","coordinates":[34.571212,0.340798]},"properties":{"id":"523242981","n":"Mwikali A PD3","t":"pdw","c":"Kakamega"}},{"type":"Feature","geometry":{"type":"Point","coordinates":[34.562103,0.334159]},"properties":{"id":"523261063","n":"Ekafisi PD 8","t":"pdw","c":"Kakamega"}},{"type":"Feature","geometry":{"type":"Point","coordinates":[34.589351,0.332689]},"properties":{"id":"523281469","n":"Mwilache A PD6","t":"pdw","c":"Kakamega"}},{"type":"Feature","geometry":{"type":"Point","coordinates":[34.55356,0.34643]},"properties":{"id":"523323259","n":"Ebung'ale PD3","t":"pdw","c":"Kakamega"}},{"type":"Feature","geometry":{"type":"Point","coordinates":[34.58424,0.313905]},"properties":{"id":"523341512","n":"EmashebwebweB PD'17","t":"pdw","c":"Kakamega"}},{"type":"Feature","geometry":{"type":"Point","coordinates":[34.563473,0.342148]},"properties":{"id":"523263003","n":"Buloma PS1","t":"ps","c":"Kakamega"}},{"type":"Feature","geometry":{"type":"Point","coordinates":[34.5872,0.334017]},"properties":{"id":"523214762","n":"Mwilache A PD12","t":"pdw","c":"Kakamega"}},{"type":"Feature","geometry":{"type":"Point","coordinates":[34.579517,0.321117]},"properties":{"id":"523278830","n":"Shirongo A PS 2","t":"ps","c":"Kakamega"}},{"type":"Feature","geometry":{"type":"Point","coordinates":[34.571298,0.326929]},"properties":{"id":"523286268","n":"Busimbiro PD 12","t":"pdw","c":"Kakamega"}},{"type":"Feature","geometry":{"type":"Point","coordinates":[34.578008,0.324228]},"properties":{"id":"523345925","n":"Shirongo A PD 12","t":"pdw","c":"Kakamega"}},{"type":"Feature","geometry":{"type":"Point","coordinates":[34.583334,0.37549]},"properties":{"id":"523205759","n":"Mwichinga PD 10","t":"pdw","c":"Kakamega"}},{"type":"Feature","geometry":{"type":"Point","coordinates":[34.59655,0.37436]},"properties":{"id":"523221065","n":"Bukhathi PD 11","t":"pdw","c":"Kakamega"}},{"type":"Feature","geometry":{"type":"Point","coordinates":[34.525538,0.331973]},"properties":{"id":"523288466","n":"Eshifuyo B PD1","t":"pdw","c":"Kakamega"}},{"type":"Feature","geometry":{"type":"Point","coordinates":[34.591106,0.304319]},"properties":{"id":"523231945","n":"Eshiakhulo B US 5","t":"us","c":"Kakamega"}},{"type":"Feature","geometry":{"type":"Point","coordinates":[34.57631,0.364355]},"properties":{"id":"523314394","n":"Lunyiko PD14","t":"pdw","c":"Kakamega"}},{"type":"Feature","geometry":{"type":"Point","coordinates":[34.578747,0.312455]},"properties":{"id":"523344319","n":"Shilarumwa PS'2","t":"ps","c":"Kakamega"}},{"type":"Feature","geometry":{"type":"Point","coordinates":[34.590862,0.348963]},"properties":{"id":"523332334","n":"Ebubere A2 PD1","t":"pdw","c":"Kakamega"}},{"type":"Feature","geometry":{"type":"Point","coordinates":[34.552005,0.339072]},"properties":{"id":"523209409","n":"Musango A PD 8","t":"pdw","c":"Kakamega"}},{"type":"Feature","geometry":{"type":"Point","coordinates":[34.542197,0.336222]},"properties":{"id":"523324786","n":"Ematete PD14","t":"pdw","c":"Kakamega"}},{"type":"Feature","geometry":{"type":"Point","coordinates":[34.59587,0.338758]},"properties":{"id":"523332406","n":"Manyasa A PD4","t":"pdw","c":"Kakamega"}},{"type":"Feature","geometry":{"type":"Point","coordinates":[34.600015,0.34074]},"properties":{"id":"523220820","n":"Esikura A PS2","t":"ps","c":"Kakamega"}},{"type":"Feature","geometry":{"type":"Point","coordinates":[34.567418,0.333337]},"properties":{"id":"523318855","n":"Ikhonje PD 1","t":"pdw","c":"Kakamega"}},{"type":"Feature","geometry":{"type":"Point","coordinates":[34.588238,0.319848]},"properties":{"id":"523265830","n":"Musangaro B2 PD4","t":"pdw","c":"Kakamega"}},{"type":"Feature","geometry":{"type":"Point","coordinates":[34.526083,0.33508]},"properties":{"id":"523291727","n":"Eshimuli PD10","t":"pdw","c":"Kakamega"}},{"type":"Feature","geometry":{"type":"Point","coordinates":[34.559197,0.336285]},"properties":{"id":"523224044","n":"Musango A PD 1","t":"pdw","c":"Kakamega"}},{"type":"Feature","geometry":{"type":"Point","coordinates":[34.587404,0.38191]},"properties":{"id":"84830517","n":"Khaunga A Community, Murutu Spring - 21305","t":"ps","c":"Kakamega"}},{"type":"Feature","geometry":{"type":"Point","coordinates":[34.59806,0.336713]},"properties":{"id":"523285061","n":"Emusiresire A PD2","t":"pdw","c":"Kakamega"}},{"type":"Feature","geometry":{"type":"Point","coordinates":[34.586468,0.330392]},"properties":{"id":"523262576","n":"Mwilache B PD6","t":"pdw","c":"Kakamega"}},{"type":"Feature","geometry":{"type":"Point","coordinates":[34.576743,0.394138]},"properties":{"id":"523198336","n":"Abakalivo PD Ruhesh Okumu 3","t":"pdw","c":"Kakamega"}},{"type":"Feature","geometry":{"type":"Point","coordinates":[34.593938,0.376626]},"properties":{"id":"523233167","n":"Bukhathi PD 6","t":"pdw","c":"Kakamega"}},{"type":"Feature","geometry":{"type":"Point","coordinates":[34.598168,0.348582]},"properties":{"id":"523298810","n":"Ebubere B1 PS2","t":"ps","c":"Kakamega"}},{"type":"Feature","geometry":{"type":"Point","coordinates":[34.591428,0.300778]},"properties":{"id":"523284871","n":"Eshiakhulo B PS 4","t":"ps","c":"Kakamega"}},{"type":"Feature","geometry":{"type":"Point","coordinates":[34.577528,0.322633]},"properties":{"id":"523240264","n":"Shirongo A PD 15","t":"pdw","c":"Kakamega"}},{"type":"Feature","geometry":{"type":"Point","coordinates":[34.575422,0.320297]},"properties":{"id":"523195216","n":"Shirongo A PD 35","t":"pdw","c":"Kakamega"}},{"type":"Feature","geometry":{"type":"Point","coordinates":[34.584876,0.379675]},"properties":{"id":"523255015","n":"Khaunga Township PD 2","t":"pdw","c":"Kakamega"}},{"type":"Feature","geometry":{"type":"Point","coordinates":[34.566212,0.341942]},"properties":{"id":"523348478","n":"Buloma C PD3","t":"pdw","c":"Kakamega"}},{"type":"Feature","geometry":{"type":"Point","coordinates":[34.58304,0.344703]},"properties":{"id":"523342025","n":"Manyasa B PD2","t":"pdw","c":"Kakamega"}},{"type":"Feature","geometry":{"type":"Point","coordinates":[34.566608,0.358232]},"properties":{"id":"523338598","n":"Mung'ang'a UD1","t":"udw","c":"Kakamega"}},{"type":"Feature","geometry":{"type":"Point","coordinates":[34.602682,0.349748]},"properties":{"id":"523208329","n":"Muroni B, PD, 6","t":"pdw","c":"Kakamega"}},{"type":"Feature","geometry":{"type":"Point","coordinates":[34.589608,0.350557]},"properties":{"id":"523249029","n":"Ebubere A1 PD10","t":"pdw","c":"Kakamega"}},{"type":"Feature","geometry":{"type":"Point","coordinates":[34.581057,0.355362]},"properties":{"id":"523297912","n":"Bulechia A PS1","t":"ps","c":"Kakamega"}},{"type":"Feature","geometry":{"type":"Point","coordinates":[34.597387,0.344649]},"properties":{"id":"523238430","n":"Ebubere A3 PD2","t":"pdw","c":"Kakamega"}},{"type":"Feature","geometry":{"type":"Point","coordinates":[34.593051,0.33019]},"properties":{"id":"523232063","n":"Bumini A PS2","t":"ps","c":"Kakamega"}},{"type":"Feature","geometry":{"type":"Point","coordinates":[34.521548,0.333623]},"properties":{"id":"523203513","n":"Ebwayi PD5","t":"udw","c":"Kakamega"}},{"type":"Feature","geometry":{"type":"Point","coordinates":[34.582915,0.33284]},"properties":{"id":"523214054","n":"Mwilache B PD19","t":"pdw","c":"Kakamega"}},{"type":"Feature","geometry":{"type":"Point","coordinates":[34.570811,0.333618]},"properties":{"id":"523275734","n":"Ikhonje PD 5","t":"pdw","c":"Kakamega"}},{"type":"Feature","geometry":{"type":"Point","coordinates":[34.56918,0.342713]},"properties":{"id":"523297785","n":"Mwikali A US3","t":"us","c":"Kakamega"}},{"type":"Feature","geometry":{"type":"Point","coordinates":[34.559702,0.34958]},"properties":{"id":"523275260","n":"Buloma A2 PD5","t":"pdw","c":"Kakamega"}},{"type":"Feature","geometry":{"type":"Point","coordinates":[34.593048,0.356866]},"properties":{"id":"523354990","n":"Ebusubi, PS, 4","t":"ps","c":"Kakamega"}},{"type":"Feature","geometry":{"type":"Point","coordinates":[34.599964,0.344059]},"properties":{"id":"523301590","n":"Ebubere B1 PD8","t":"pdw","c":"Kakamega"}},{"type":"Feature","geometry":{"type":"Point","coordinates":[34.568632,0.35913]},"properties":{"id":"523303839","n":"Mung'ang'a UD2","t":"udw","c":"Kakamega"}},{"type":"Feature","geometry":{"type":"Point","coordinates":[34.594974,0.335587]},"properties":{"id":"523309031","n":"Bumini A PD14","t":"pdw","c":"Kakamega"}},{"type":"Feature","geometry":{"type":"Point","coordinates":[34.543032,0.340403]},"properties":{"id":"523324865","n":"Ematete PD9","t":"pdw","c":"Kakamega"}},{"type":"Feature","geometry":{"type":"Point","coordinates":[34.577862,0.354382]},"properties":{"id":"523331151","n":"BulechiaA PD3","t":"udw","c":"Kakamega"}},{"type":"Feature","geometry":{"type":"Point","coordinates":[34.566168,0.341828]},"properties":{"id":"523194514","n":"Buloma PD2","t":"pdw","c":"Kakamega"}},{"type":"Feature","geometry":{"type":"Point","coordinates":[34.59359,0.326403]},"properties":{"id":"523227580","n":"Bumini B UP1","t":"us","c":"Kakamega"}},{"type":"Feature","geometry":{"type":"Point","coordinates":[34.581829,0.326626]},"properties":{"id":"523277176","n":"Musangaro B1 DW1","t":"pdw","c":"Kakamega"}},{"type":"Feature","geometry":{"type":"Point","coordinates":[34.566953,0.347028]},"properties":{"id":"523242967","n":"Buloma C PD10","t":"pdw","c":"Kakamega"}},{"type":"Feature","geometry":{"type":"Point","coordinates":[34.579828,0.351908]},"properties":{"id":"523342726","n":"BulechiaA PD10","t":"pdw","c":"Kakamega"}},{"type":"Feature","geometry":{"type":"Point","coordinates":[34.592718,0.352423]},"properties":{"id":"523223854","n":"Ebubere B2PD7","t":"pdw","c":"Kakamega"}},{"type":"Feature","geometry":{"type":"Point","coordinates":[34.604628,0.3459]},"properties":{"id":"523217947","n":"Elusuba PD 1","t":"pdw","c":"Kakamega"}},{"type":"Feature","geometry":{"type":"Point","coordinates":[34.592047,0.352068]},"properties":{"id":"523226558","n":"Ebubere A1 PD2","t":"pdw","c":"Kakamega"}},{"type":"Feature","geometry":{"type":"Point","coordinates":[34.572262,0.361092]},"properties":{"id":"523223713","n":"Lunyiko PD7","t":"pdw","c":"Kakamega"}},{"type":"Feature","geometry":{"type":"Point","coordinates":[34.567767,0.342737]},"properties":{"id":"523294452","n":"Buloma C PD7","t":"pdw","c":"Kakamega"}},{"type":"Feature","geometry":{"type":"Point","coordinates":[34.562378,0.330953]},"properties":{"id":"523318680","n":"Khabakaya BH 1","t":"bh","c":"Kakamega"}},{"type":"Feature","geometry":{"type":"Point","coordinates":[34.586772,0.330875]},"properties":{"id":"523212155","n":"Mwilache B PD7","t":"pdw","c":"Kakamega"}},{"type":"Feature","geometry":{"type":"Point","coordinates":[34.583116,0.325921]},"properties":{"id":"523238980","n":"Musangaro B1 DW2","t":"pdw","c":"Kakamega"}},{"type":"Feature","geometry":{"type":"Point","coordinates":[34.527097,0.341758]},"properties":{"id":"523281177","n":"Eshimuli PD6","t":"pdw","c":"Kakamega"}},{"type":"Feature","geometry":{"type":"Point","coordinates":[34.57916,0.358758]},"properties":{"id":"523253824","n":"BulechiaA2 PD12","t":"pdw","c":"Kakamega"}},{"type":"Feature","geometry":{"type":"Point","coordinates":[34.5619,0.365677]},"properties":{"id":"523257464","n":"Khabalwe B PD6","t":"pdw","c":"Kakamega"}},{"type":"Feature","geometry":{"type":"Point","coordinates":[34.555752,0.384986]},"properties":{"id":"523316798","n":"Abakubwai US Edwards Matsakhala","t":"us","c":"Kakamega"}},{"type":"Feature","geometry":{"type":"Point","coordinates":[34.590923,0.359504]},"properties":{"id":"523214009","n":"Ebusubi, PD, 16","t":"udw","c":"Kakamega"}},{"type":"Feature","geometry":{"type":"Point","coordinates":[34.601017,0.345628]},"properties":{"id":"523339726","n":"Ebubere B1 PD2","t":"pdw","c":"Kakamega"}},{"type":"Feature","geometry":{"type":"Point","coordinates":[34.572027,0.344455]},"properties":{"id":"523323039","n":"Mukhweso PS2","t":"ps","c":"Kakamega"}},{"type":"Feature","geometry":{"type":"Point","coordinates":[34.571312,0.334376]},"properties":{"id":"523269298","n":"Ikhonje PS 1","t":"ps","c":"Kakamega"}},{"type":"Feature","geometry":{"type":"Point","coordinates":[34.577216,0.31592]},"properties":{"id":"523257581","n":"Shilarumwa PD'6","t":"pdw","c":"Kakamega"}},{"type":"Feature","geometry":{"type":"Point","coordinates":[34.575001,0.314387]},"properties":{"id":"523239039","n":"Shianda Ba PD 6","t":"pdw","c":"Kakamega"}},{"type":"Feature","geometry":{"type":"Point","coordinates":[34.526918,0.334695]},"properties":{"id":"523350972","n":"Mwitoti PD 1","t":"pdw","c":"Kakamega"}},{"type":"Feature","geometry":{"type":"Point","coordinates":[34.58104,0.319042]},"properties":{"id":"523350460","n":"EmashebwebweA PS '3","t":"ps","c":"Kakamega"}},{"type":"Feature","geometry":{"type":"Point","coordinates":[34.554462,0.348442]},"properties":{"id":"523316004","n":"Ebung'ale PS1","t":"ps","c":"Kakamega"}},{"type":"Feature","geometry":{"type":"Point","coordinates":[34.569417,0.355147]},"properties":{"id":"523302261","n":"Mung'ang'a PD25","t":"pdw","c":"Kakamega"}},{"type":"Feature","geometry":{"type":"Point","coordinates":[34.578951,0.316531]},"properties":{"id":"523231952","n":"EmashebwebweA PD'12","t":"pdw","c":"Kakamega"}},{"type":"Feature","geometry":{"type":"Point","coordinates":[34.528653,0.337378]},"properties":{"id":"523342582","n":"Eshimuli PS2","t":"ps","c":"Kakamega"}},{"type":"Feature","geometry":{"type":"Point","coordinates":[34.524092,0.334948]},"properties":{"id":"523326726","n":"Eshimuli PD15","t":"pdw","c":"Kakamega"}},{"type":"Feature","geometry":{"type":"Point","coordinates":[34.56641,0.382694]},"properties":{"id":"523268400","n":"Abatetso PD Malala","t":"pdw","c":"Kakamega"}},{"type":"Feature","geometry":{"type":"Point","coordinates":[34.576448,0.342]},"properties":{"id":"523316839","n":"Mwikali B PS1","t":"ps","c":"Kakamega"}},{"type":"Feature","geometry":{"type":"Point","coordinates":[34.590426,0.359296]},"properties":{"id":"523355018","n":"Ebusubi, PD, 15","t":"pdw","c":"Kakamega"}},{"type":"Feature","geometry":{"type":"Point","coordinates":[34.584198,0.305942]},"properties":{"id":"523267069","n":"Mungakha PD'4","t":"pdw","c":"Kakamega"}},{"type":"Feature","geometry":{"type":"Point","coordinates":[34.561262,0.38374]},"properties":{"id":"523207586","n":"Abashitsetse US Wanabaka","t":"us","c":"Kakamega"}},{"type":"Feature","geometry":{"type":"Point","coordinates":[34.588017,0.377209]},"properties":{"id":"523195890","n":"Khaunga Township PD 15","t":"pdw","c":"Kakamega"}},{"type":"Feature","geometry":{"type":"Point","coordinates":[34.604085,0.341703]},"properties":{"id":"523331838","n":"Esikura B PD2","t":"pdw","c":"Kakamega"}},{"type":"Feature","geometry":{"type":"Point","coordinates":[34.586231,0.331133]},"properties":{"id":"523276326","n":"Mwilache B PD3","t":"pdw","c":"Kakamega"}},{"type":"Feature","geometry":{"type":"Point","coordinates":[34.589992,0.332145]},"properties":{"id":"523332561","n":"BuminiB BH1","t":"bh","c":"Kakamega"}},{"type":"Feature","geometry":{"type":"Point","coordinates":[34.577414,0.320215]},"properties":{"id":"523192811","n":"ShirongoA PD 33","t":"pdw","c":"Kakamega"}},{"type":"Feature","geometry":{"type":"Point","coordinates":[34.571435,0.357682]},"properties":{"id":"523311779","n":"Lunyiko PD1","t":"pdw","c":"Kakamega"}},{"type":"Feature","geometry":{"type":"Point","coordinates":[34.567737,0.353085]},"properties":{"id":"523278809","n":"Mung'ang'a BH1","t":"bh","c":"Kakamega"}},{"type":"Feature","geometry":{"type":"Point","coordinates":[34.577277,0.385157]},"properties":{"id":"523348117","n":"Abakolwe Abamale PD Paul Mwenje","t":"pdw","c":"Kakamega"}},{"type":"Feature","geometry":{"type":"Point","coordinates":[34.581073,0.355375]},"properties":{"id":"661122385","n":"Ebulechia Community, Mbembe Spring - 420001","t":"ps","c":"Kakamega"}},{"type":"Feature","geometry":{"type":"Point","coordinates":[34.565993,0.34389]},"properties":{"id":"523226644","n":"Buloma PD4","t":"pdw","c":"Kakamega"}},{"type":"Feature","geometry":{"type":"Point","coordinates":[34.565392,0.38136]},"properties":{"id":"523267825","n":"Abatetso PS Dorcas Naliaka","t":"ps","c":"Kakamega"}},{"type":"Feature","geometry":{"type":"Point","coordinates":[34.592001,0.302409]},"properties":{"id":"523210270","n":"Eshiakhulo B PD 3","t":"pdw","c":"Kakamega"}},{"type":"Feature","geometry":{"type":"Point","coordinates":[34.563383,0.33454]},"properties":{"id":"523232726","n":"Ekafisi PD 5","t":"pdw","c":"Kakamega"}},{"type":"Feature","geometry":{"type":"Point","coordinates":[34.567648,0.3468]},"properties":{"id":"523193740","n":"Buloma PD9","t":"pdw","c":"Kakamega"}},{"type":"Feature","geometry":{"type":"Point","coordinates":[34.521923,0.33278]},"properties":{"id":"523261867","n":"Eshimuli PD18","t":"pdw","c":"Kakamega"}},{"type":"Feature","geometry":{"type":"Point","coordinates":[34.586629,0.357988]},"properties":{"id":"523317452","n":"Epanja, PS, 1","t":"ps","c":"Kakamega"}},{"type":"Feature","geometry":{"type":"Point","coordinates":[34.593673,0.375781]},"properties":{"id":"523280798","n":"Bukhathi PD 7","t":"pdw","c":"Kakamega"}},{"type":"Feature","geometry":{"type":"Point","coordinates":[34.563403,0.34546]},"properties":{"id":"523347202","n":"Buloma B PD2","t":"pdw","c":"Kakamega"}},{"type":"Feature","geometry":{"type":"Point","coordinates":[34.57559,0.358727]},"properties":{"id":"523349974","n":"Lunyiko PS3","t":"ps","c":"Kakamega"}},{"type":"Feature","geometry":{"type":"Point","coordinates":[34.589159,0.331838]},"properties":{"id":"523257471","n":"Mwilache A PD8","t":"pdw","c":"Kakamega"}},{"type":"Feature","geometry":{"type":"Point","coordinates":[34.590492,0.351353]},"properties":{"id":"523219073","n":"Ebubere A1","t":"pdw","c":"Kakamega"}},{"type":"Feature","geometry":{"type":"Point","coordinates":[34.603342,0.349574]},"properties":{"id":"523239792","n":"Muroni B, PD, 7","t":"pdw","c":"Kakamega"}},{"type":"Feature","geometry":{"type":"Point","coordinates":[34.584111,0.345257]},"properties":{"id":"523271242","n":"Manyasa B PD1","t":"pdw","c":"Kakamega"}},{"type":"Feature","geometry":{"type":"Point","coordinates":[34.575203,0.349705]},"properties":{"id":"523195780","n":"BulechiaA2 PS1","t":"ps","c":"Kakamega"}},{"type":"Feature","geometry":{"type":"Point","coordinates":[34.573663,0.349425]},"properties":{"id":"523212959","n":"Mukhweso PS3","t":"ps","c":"Kakamega"}},{"type":"Feature","geometry":{"type":"Point","coordinates":[34.59332,0.331494]},"properties":{"id":"523198752","n":"Bumini PD17","t":"pdw","c":"Kakamega"}},{"type":"Feature","geometry":{"type":"Point","coordinates":[34.564887,0.348803]},"properties":{"id":"523307651","n":"Buloma A2 PD2","t":"pdw","c":"Kakamega"}},{"type":"Feature","geometry":{"type":"Point","coordinates":[34.540165,0.344617]},"properties":{"id":"523304562","n":"Ematete BH2","t":"bh","c":"Kakamega"}},{"type":"Feature","geometry":{"type":"Point","coordinates":[34.594253,0.327555]},"properties":{"id":"523205319","n":"Bumini PS3","t":"ps","c":"Kakamega"}},{"type":"Feature","geometry":{"type":"Point","coordinates":[34.585558,0.307463]},"properties":{"id":"523215024","n":"Mungakha PS'1","t":"ps","c":"Kakamega"}},{"type":"Feature","geometry":{"type":"Point","coordinates":[34.592668,0.34516]},"properties":{"id":"523246631","n":"Ebubere A1 PD8","t":"pdw","c":"Kakamega"}},{"type":"Feature","geometry":{"type":"Point","coordinates":[34.535285,0.333877]},"properties":{"id":"523300348","n":"Emayala PD3","t":"pdw","c":"Kakamega"}},{"type":"Feature","geometry":{"type":"Point","coordinates":[34.57083,0.343653]},"properties":{"id":"523212124","n":"Mwikali A PD4","t":"pdw","c":"Kakamega"}},{"type":"Feature","geometry":{"type":"Point","coordinates":[34.562162,0.365307]},"properties":{"id":"523210335","n":"Mwikali B PD4","t":"pdw","c":"Kakamega"}},{"type":"Feature","geometry":{"type":"Point","coordinates":[34.58953,0.332777]},"properties":{"id":"523232805","n":"Mwilache A PD5","t":"pdw","c":"Kakamega"}},{"type":"Feature","geometry":{"type":"Point","coordinates":[34.544762,0.338553]},"properties":{"id":"523322492","n":"Efundula PD1","t":"pdw","c":"Kakamega"}},{"type":"Feature","geometry":{"type":"Point","coordinates":[34.569595,0.360805]},"properties":{"id":"523193506","n":"Mung'ang'a PD20","t":"pdw","c":"Kakamega"}},{"type":"Feature","geometry":{"type":"Point","coordinates":[34.526695,0.341087]},"properties":{"id":"523229063","n":"Eshimuli PD5","t":"pdw","c":"Kakamega"}},{"type":"Feature","geometry":{"type":"Point","coordinates":[34.541065,0.340385]},"properties":{"id":"523242149","n":"Ematete PD7","t":"pdw","c":"Kakamega"}},{"type":"Feature","geometry":{"type":"Point","coordinates":[34.581644,0.307572]},"properties":{"id":"523285834","n":"Shilarumwa PD'2","t":"bh","c":"Kakamega"}},{"type":"Feature","geometry":{"type":"Point","coordinates":[34.563822,0.364002]},"properties":{"id":"523239871","n":"Khabalwe A PD9","t":"pdw","c":"Kakamega"}},{"type":"Feature","geometry":{"type":"Point","coordinates":[34.591034,0.352364]},"properties":{"id":"523236696","n":"Ebubere A1 P9","t":"pdw","c":"Kakamega"}},{"type":"Feature","geometry":{"type":"Point","coordinates":[34.571216,0.389694]},"properties":{"id":"523301514","n":"Abashitsetse PD","t":"pdw","c":"Kakamega"}},{"type":"Feature","geometry":{"type":"Point","coordinates":[34.597764,0.373384]},"properties":{"id":"523275370","n":"Bukhathi PD 13","t":"pdw","c":"Kakamega"}},{"type":"Feature","geometry":{"type":"Point","coordinates":[34.547105,0.341398]},"properties":{"id":"523294139","n":"Efundula PD6","t":"pdw","c":"Kakamega"}},{"type":"Feature","geometry":{"type":"Point","coordinates":[34.578805,0.383674]},"properties":{"id":"523296124","n":"Abashitsetse PD Zebedia Osundwa","t":"pdw","c":"Kakamega"}},{"type":"Feature","geometry":{"type":"Point","coordinates":[34.596528,0.338121]},"properties":{"id":"523195467","n":"Emusiresire A PD1","t":"pdw","c":"Kakamega"}},{"type":"Feature","geometry":{"type":"Point","coordinates":[34.563449,0.384367]},"properties":{"id":"523212258","n":"Abashitsetse PD Temesi","t":"pdw","c":"Kakamega"}},{"type":"Feature","geometry":{"type":"Point","coordinates":[34.588571,0.379704]},"properties":{"id":"523230494","n":"Bukhathi PD 1","t":"pdw","c":"Kakamega"}},{"type":"Feature","geometry":{"type":"Point","coordinates":[34.58364,0.316983]},"properties":{"id":"523255091","n":"Emashebwebwe A PS'4","t":"ps","c":"Kakamega"}},{"type":"Feature","geometry":{"type":"Point","coordinates":[34.582552,0.379483]},"properties":{"id":"523328450","n":"Abakwera PD Edwin Zachariah Murunga","t":"pdw","c":"Kakamega"}},{"type":"Feature","geometry":{"type":"Point","coordinates":[34.51956,0.336488]},"properties":{"id":"523319595","n":"Ebwayi PD9","t":"pdw","c":"Kakamega"}},{"type":"Feature","geometry":{"type":"Point","coordinates":[34.572335,0.344665]},"properties":{"id":"523217459","n":"Mwikali A US4","t":"us","c":"Kakamega"}},{"type":"Feature","geometry":{"type":"Point","coordinates":[34.57552,0.347047]},"properties":{"id":"523265902","n":"BulechiaA2 PD15","t":"pdw","c":"Kakamega"}},{"type":"Feature","geometry":{"type":"Point","coordinates":[34.576483,0.38796]},"properties":{"id":"523307417","n":"Abashitsetse PD Linex Lumbasi","t":"pdw","c":"Kakamega"}},{"type":"Feature","geometry":{"type":"Point","coordinates":[34.591177,0.352056]},"properties":{"id":"563537553","n":"Ebubere Primary School - 22410","t":"bh","c":"Kakamega","d":80.0}},{"type":"Feature","geometry":{"type":"Point","coordinates":[34.569613,0.383373]},"properties":{"id":"316006589","n":"Mahola Primary School - 21364","t":"bh","c":"Kakamega","d":80.0}},{"type":"Feature","geometry":{"type":"Point","coordinates":[34.5666,0.355692]},"properties":{"id":"523232283","n":"Mung'ang'a PD10","t":"pdw","c":"Kakamega"}},{"type":"Feature","geometry":{"type":"Point","coordinates":[34.582995,0.331896]},"properties":{"id":"523246215","n":"Mwilache B PD18","t":"pdw","c":"Kakamega"}},{"type":"Feature","geometry":{"type":"Point","coordinates":[34.594467,0.331623]},"properties":{"id":"523318305","n":"Bumini A PD17","t":"pdw","c":"Kakamega"}},{"type":"Feature","geometry":{"type":"Point","coordinates":[34.584693,0.329659]},"properties":{"id":"523232939","n":"Mwilache B PS2","t":"ps","c":"Kakamega"}},{"type":"Feature","geometry":{"type":"Point","coordinates":[34.568305,0.354018]},"properties":{"id":"523255149","n":"Mung'ang'a PD1","t":"pdw","c":"Kakamega"}},{"type":"Feature","geometry":{"type":"Point","coordinates":[34.58771,0.311472]},"properties":{"id":"523216726","n":"Emashebwebwe B, PS1","t":"ps","c":"Kakamega"}},{"type":"Feature","geometry":{"type":"Point","coordinates":[34.598917,0.34195]},"properties":{"id":"523212650","n":"Esikura B PD15","t":"pdw","c":"Kakamega"}},{"type":"Feature","geometry":{"type":"Point","coordinates":[34.548957,0.333273]},"properties":{"id":"523305893","n":"Emukhweso PD","t":"pdw","c":"Kakamega"}},{"type":"Feature","geometry":{"type":"Point","coordinates":[34.597445,0.343111]},"properties":{"id":"523289405","n":"Ebubere A3 PD5","t":"pdw","c":"Kakamega"}},{"type":"Feature","geometry":{"type":"Point","coordinates":[34.581352,0.313686]},"properties":{"id":"523222035","n":"Shilarumwa PD'12","t":"pdw","c":"Kakamega"}},{"type":"Feature","geometry":{"type":"Point","coordinates":[34.577725,0.351473]},"properties":{"id":"523200297","n":"BulechiaA PD11","t":"pdw","c":"Kakamega"}},{"type":"Feature","geometry":{"type":"Point","coordinates":[34.573953,0.374077]},"properties":{"id":"523282343","n":"Ababokho PD Luke Waswa Malala","t":"pdw","c":"Kakamega"}},{"type":"Feature","geometry":{"type":"Point","coordinates":[34.568482,0.392156]},"properties":{"id":"523269346","n":"Abavere PD Kalistus Ombasi","t":"pdw","c":"Kakamega"}},{"type":"Feature","geometry":{"type":"Point","coordinates":[34.587383,0.312136]},"properties":{"id":"523228646","n":"EmashebwebweB PD 7","t":"pdw","c":"Kakamega"}},{"type":"Feature","geometry":{"type":"Point","coordinates":[34.528457,0.340472]},"properties":{"id":"523329365","n":"Eshimuli PS1","t":"ps","c":"Kakamega"}},{"type":"Feature","geometry":{"type":"Point","coordinates":[34.582669,0.321416]},"properties":{"id":"523350271","n":"Musangaro B1","t":"us","c":"Kakamega"}},{"type":"Feature","geometry":{"type":"Point","coordinates":[34.547017,0.339848]},"properties":{"id":"523211178","n":"Efundula PD5","t":"pdw","c":"Kakamega"}},{"type":"Feature","geometry":{"type":"Point","coordinates":[34.571886,0.393763]},"properties":{"id":"523323376","n":"Abakalivo PD Thomas Mukabana","t":"pdw","c":"Kakamega"}},{"type":"Feature","geometry":{"type":"Point","coordinates":[34.566578,0.352713]},"properties":{"id":"523219729","n":"Buloma A1 PD5","t":"pdw","c":"Kakamega"}},{"type":"Feature","geometry":{"type":"Point","coordinates":[34.591275,0.332466]},"properties":{"id":"523225818","n":"BuminiB PD12","t":"pdw","c":"Kakamega"}},{"type":"Feature","geometry":{"type":"Point","coordinates":[34.595189,0.36118]},"properties":{"id":"523266446","n":"Ebusubi, PD, 5","t":"pdw","c":"Kakamega"}},{"type":"Feature","geometry":{"type":"Point","coordinates":[34.597618,0.336588]},"properties":{"id":"523348430","n":"Emusiresire A PD3","t":"pdw","c":"Kakamega"}},{"type":"Feature","geometry":{"type":"Point","coordinates":[34.593111,0.348439]},"properties":{"id":"523241038","n":"Ebubere A2 PD4","t":"pdw","c":"Kakamega"}},{"type":"Feature","geometry":{"type":"Point","coordinates":[34.572535,0.345875]},"properties":{"id":"523256463","n":"Mukhweso PD12","t":"pdw","c":"Kakamega"}},{"type":"Feature","geometry":{"type":"Point","coordinates":[34.592265,0.348342]},"properties":{"id":"523197098","n":"Ebubere A2 PD3","t":"pdw","c":"Kakamega"}},{"type":"Feature","geometry":{"type":"Point","coordinates":[34.585905,0.341143]},"properties":{"id":"523208006","n":"Mulambo B","t":"pdw","c":"Kakamega"}},{"type":"Feature","geometry":{"type":"Point","coordinates":[34.583616,0.341666]},"properties":{"id":"523297558","n":"Mulambo A PD5","t":"bh","c":"Kakamega"}},{"type":"Feature","geometry":{"type":"Point","coordinates":[34.579077,0.340146]},"properties":{"id":"523349981","n":"Mulambo A PD10","t":"pdw","c":"Kakamega"}},{"type":"Feature","geometry":{"type":"Point","coordinates":[34.579718,0.341657]},"properties":{"id":"523203393","n":"Mulambo A PD7","t":"pdw","c":"Kakamega"}},{"type":"Feature","geometry":{"type":"Point","coordinates":[34.577109,0.394608]},"properties":{"id":"523206389","n":"Abakalivo PD Ruhesh OKumu 2","t":"pdw","c":"Kakamega"}},{"type":"Feature","geometry":{"type":"Point","coordinates":[34.574915,0.339275]},"properties":{"id":"523313283","n":"Mwikali B PS4","t":"ps","c":"Kakamega"}},{"type":"Feature","geometry":{"type":"Point","coordinates":[34.58661,0.36314]},"properties":{"id":"523211927","n":"Epanja, PS, 2","t":"ps","c":"Kakamega"}},{"type":"Feature","geometry":{"type":"Point","coordinates":[34.586538,0.324367]},"properties":{"id":"523229465","n":"Musangaro B1 DW3","t":"pdw","c":"Kakamega"}},{"type":"Feature","geometry":{"type":"Point","coordinates":[34.582515,0.331928]},"properties":{"id":"523231062","n":"Mwilache B PD17 exactly when","t":"pdw","c":"Kakamega"}},{"type":"Feature","geometry":{"type":"Point","coordinates":[34.600013,0.350336]},"properties":{"id":"523321415","n":"Muroni B, PS, 3","t":"ps","c":"Kakamega"}},{"type":"Feature","geometry":{"type":"Point","coordinates":[34.592791,0.342461]},"properties":{"id":"523333562","n":"Munyasa A PD10","t":"pdw","c":"Kakamega"}},{"type":"Feature","geometry":{"type":"Point","coordinates":[34.596367,0.355392]},"properties":{"id":"523346304","n":"Ebusubi, PD, 1","t":"pdw","c":"Kakamega"}},{"type":"Feature","geometry":{"type":"Point","coordinates":[34.571261,0.375181]},"properties":{"id":"523240288","n":"Ababonwe PS Oyula","t":"ps","c":"Kakamega"}},{"type":"Feature","geometry":{"type":"Point","coordinates":[34.582257,0.308798]},"properties":{"id":"523196097","n":"Shilarumwa PD'1","t":"bh","c":"Kakamega"}},{"type":"Feature","geometry":{"type":"Point","coordinates":[34.585987,0.333101]},"properties":{"id":"523205065","n":"Mwilache B PD1","t":"pdw","c":"Kakamega"}},{"type":"Feature","geometry":{"type":"Point","coordinates":[34.576984,0.376407]},"properties":{"id":"523249359","n":"Abamwaya PD Cyrus Makhano","t":"pdw","c":"Kakamega"}},{"type":"Feature","geometry":{"type":"Point","coordinates":[34.57554,0.336482]},"properties":{"id":"523211044","n":"Mwikali B PS2","t":"ps","c":"Kakamega"}},{"type":"Feature","geometry":{"type":"Point","coordinates":[34.601976,0.370834]},"properties":{"id":"523281799","n":"Khabondi B PD 6","t":"pdw","c":"Kakamega"}},{"type":"Feature","geometry":{"type":"Point","coordinates":[34.587035,0.308242]},"properties":{"id":"523308803","n":"Mungakha PD'1","t":"pdw","c":"Kakamega"}},{"type":"Feature","geometry":{"type":"Point","coordinates":[34.56215,0.365325]},"properties":{"id":"523240745","n":"Mwikali B PD3","t":"pdw","c":"Kakamega"}},{"type":"Feature","geometry":{"type":"Point","coordinates":[34.567029,0.339078]},"properties":{"id":"523294995","n":"Ikhonje PS 3","t":"ps","c":"Kakamega"}},{"type":"Feature","geometry":{"type":"Point","coordinates":[34.580963,0.33748]},"properties":{"id":"523283595","n":"Mulambo A PS2","t":"ps","c":"Kakamega"}},{"type":"Feature","geometry":{"type":"Point","coordinates":[34.573862,0.365383]},"properties":{"id":"523222358","n":"Lunyiko PS1","t":"ps","c":"Kakamega"}},{"type":"Feature","geometry":{"type":"Point","coordinates":[34.58566,0.308653]},"properties":{"id":"523262899","n":"Mungakha PD'2","t":"pdw","c":"Kakamega"}},{"type":"Feature","geometry":{"type":"Point","coordinates":[34.581423,0.348216]},"properties":{"id":"523222705","n":"Ebulechia B PD4","t":"pdw","c":"Kakamega"}},{"type":"Feature","geometry":{"type":"Point","coordinates":[34.568702,0.360198]},"properties":{"id":"523220662","n":"Mung'ang'a UD3","t":"udw","c":"Kakamega"}},{"type":"Feature","geometry":{"type":"Point","coordinates":[34.541712,0.338327]},"properties":{"id":"523270997","n":"Ematete PD11","t":"pdw","c":"Kakamega"}},{"type":"Feature","geometry":{"type":"Point","coordinates":[34.57846,0.373837]},"properties":{"id":"523329705","n":"Ababokho PD Morris Wanzala","t":"pdw","c":"Kakamega"}},{"type":"Feature","geometry":{"type":"Point","coordinates":[34.579453,0.353827]},"properties":{"id":"523274788","n":"BulechiaA PD5","t":"pdw","c":"Kakamega"}},{"type":"Feature","geometry":{"type":"Point","coordinates":[34.563228,0.363878]},"properties":{"id":"523312402","n":"Mwikali B PD2","t":"pdw","c":"Kakamega"}},{"type":"Feature","geometry":{"type":"Point","coordinates":[34.603038,0.343251]},"properties":{"id":"523205539","n":"Esikura B PD11","t":"pdw","c":"Kakamega"}},{"type":"Feature","geometry":{"type":"Point","coordinates":[34.601988,0.343942]},"properties":{"id":"523228615","n":"Esikura B PD8","t":"pdw","c":"Kakamega"}},{"type":"Feature","geometry":{"type":"Point","coordinates":[34.578248,0.325228]},"properties":{"id":"523247962","n":"ShirongoB PD 7","t":"pdw","c":"Kakamega"}},{"type":"Feature","geometry":{"type":"Point","coordinates":[34.56523,0.381826]},"properties":{"id":"523221663","n":"Abatetso PS Matsotso","t":"ps","c":"Kakamega"}},{"type":"Feature","geometry":{"type":"Point","coordinates":[34.577284,0.380933]},"properties":{"id":"523226132","n":"Abauma PD Joseph Malala","t":"pdw","c":"Kakamega"}},{"type":"Feature","geometry":{"type":"Point","coordinates":[34.561112,0.333922]},"properties":{"id":"523309938","n":"Ekafisi PS 3","t":"ps","c":"Kakamega"}},{"type":"Feature","geometry":{"type":"Point","coordinates":[34.601859,0.342114]},"properties":{"id":"523348753","n":"Esikura B PD12","t":"pdw","c":"Kakamega"}},{"type":"Feature","geometry":{"type":"Point","coordinates":[34.60689,0.37795]},"properties":{"id":"272019814","n":"Khabondi Community, Wandati Spring - 21326","t":"ps","c":"Kakamega"}},{"type":"Feature","geometry":{"type":"Point","coordinates":[34.59649,0.376095]},"properties":{"id":"523327143","n":"Kulumwoyo PD 12","t":"pdw","c":"Kakamega"}},{"type":"Feature","geometry":{"type":"Point","coordinates":[34.579051,0.314366]},"properties":{"id":"523219176","n":"Shilarumwa PD'10","t":"pdw","c":"Kakamega"}},{"type":"Feature","geometry":{"type":"Point","coordinates":[34.576312,0.390404]},"properties":{"id":"523249232","n":"Abashitsetse PD Pascal Netia","t":"pdw","c":"Kakamega"}},{"type":"Feature","geometry":{"type":"Point","coordinates":[34.588792,0.30127]},"properties":{"id":"523326197","n":"Mungakha PS","t":"ps","c":"Kakamega"}},{"type":"Feature","geometry":{"type":"Point","coordinates":[34.572763,0.34051]},"properties":{"id":"523290764","n":"Mwikali A PD2","t":"pdw","c":"Kakamega"}},{"type":"Feature","geometry":{"type":"Point","coordinates":[34.594747,0.375038]},"properties":{"id":"523198594","n":"Bukhathi PD 9","t":"pdw","c":"Kakamega"}},{"type":"Feature","geometry":{"type":"Point","coordinates":[34.580512,0.35081]},"properties":{"id":"523295707","n":"BulechiaA PD8","t":"pdw","c":"Kakamega"}},{"type":"Feature","geometry":{"type":"Point","coordinates":[34.584747,0.332432]},"properties":{"id":"523193290","n":"Mwilache B PD12","t":"pdw","c":"Kakamega"}},{"type":"Feature","geometry":{"type":"Point","coordinates":[34.576495,0.31633]},"properties":{"id":"523267296","n":"Shilarumwa BH'1","t":"bh","c":"Kakamega"}},{"type":"Feature","geometry":{"type":"Point","coordinates":[34.576068,0.322518]},"properties":{"id":"523304593","n":"Shirongo PD 1","t":"pdw","c":"Kakamega"}},{"type":"Feature","geometry":{"type":"Point","coordinates":[34.578647,0.34098]},"properties":{"id":"523194569","n":"Mulambo A PD8","t":"pdw","c":"Kakamega"}},{"type":"Feature","geometry":{"type":"Point","coordinates":[34.565303,0.346567]},"properties":{"id":"523303066","n":"Buloma PD12","t":"pdw","c":"Kakamega"}},{"type":"Feature","geometry":{"type":"Point","coordinates":[34.57196,0.33783]},"properties":{"id":"523306296","n":"Mwikali A PD1","t":"pdw","c":"Kakamega"}},{"type":"Feature","geometry":{"type":"Point","coordinates":[34.535228,0.334148]},"properties":{"id":"523262466","n":"Emayala PD2","t":"pdw","c":"Kakamega"}},{"type":"Feature","geometry":{"type":"Point","coordinates":[34.580082,0.361738]},"properties":{"id":"523322052","n":"Epanja, PS, 8","t":"ps","c":"Kakamega"}},{"type":"Feature","geometry":{"type":"Point","coordinates":[34.606238,0.37647]},"properties":{"id":"523203063","n":"Khabondi B PD 10","t":"pdw","c":"Kakamega"}},{"type":"Feature","geometry":{"type":"Point","coordinates":[34.579163,0.327388]},"properties":{"id":"523261922","n":"Shirongo B PD 26","t":"pdw","c":"Kakamega"}},{"type":"Feature","geometry":{"type":"Point","coordinates":[34.597332,0.342184]},"properties":{"id":"523335791","n":"Ebubere A3 PD9","t":"pdw","c":"Kakamega"}},{"type":"Feature","geometry":{"type":"Point","coordinates":[34.569054,0.335659]},"properties":{"id":"523350116","n":"Ikhoje PS 2","t":"ps","c":"Kakamega"}},{"type":"Feature","geometry":{"type":"Point","coordinates":[34.558427,0.330571]},"properties":{"id":"523309880","n":"Musango B PS 2","t":"ps","c":"Kakamega"}},{"type":"Feature","geometry":{"type":"Point","coordinates":[34.583665,0.336409]},"properties":{"id":"523285504","n":"Mwilache B US","t":"us","c":"Kakamega"}},{"type":"Feature","geometry":{"type":"Point","coordinates":[34.572394,0.383025]},"properties":{"id":"523251444","n":"Abasacha PD Dominic Mateba Bamba","t":"pdw","c":"Kakamega"}},{"type":"Feature","geometry":{"type":"Point","coordinates":[34.601309,0.341499]},"properties":{"id":"523284792","n":"Esikura A PD4","t":"pdw","c":"Kakamega"}},{"type":"Feature","geometry":{"type":"Point","coordinates":[34.564488,0.355235]},"properties":{"id":"523206451","n":"Mung'ang'a PD11","t":"pdw","c":"Kakamega"}},{"type":"Feature","geometry":{"type":"Point","coordinates":[34.577743,0.358518]},"properties":{"id":"523335588","n":"BulechiaA2 PD11","t":"pdw","c":"Kakamega"}},{"type":"Feature","geometry":{"type":"Point","coordinates":[34.572743,0.34264]},"properties":{"id":"523311078","n":"Mwikali A UD1","t":"udw","c":"Kakamega"}},{"type":"Feature","geometry":{"type":"Point","coordinates":[34.576975,0.382182]},"properties":{"id":"523223225","n":"Abashitsetse PD Aron Simiyu","t":"pdw","c":"Kakamega"}},{"type":"Feature","geometry":{"type":"Point","coordinates":[34.57867,0.347073]},"properties":{"id":"523320445","n":"BulechiaA2 BH","t":"bh","c":"Kakamega"}},{"type":"Feature","geometry":{"type":"Point","coordinates":[34.588117,0.378698]},"properties":{"id":"523272243","n":"Bukhathi UD 2","t":"udw","c":"Kakamega"}},{"type":"Feature","geometry":{"type":"Point","coordinates":[34.533368,0.341063]},"properties":{"id":"523230803","n":"Emayala PD8","t":"pdw","c":"Kakamega"}},{"type":"Feature","geometry":{"type":"Point","coordinates":[34.583709,0.379957]},"properties":{"id":"523309457","n":"Khaunga Township PD 4","t":"pdw","c":"Kakamega"}},{"type":"Feature","geometry":{"type":"Point","coordinates":[34.543788,0.34034]},"properties":{"id":"523335959","n":"Efundula PD7","t":"pdw","c":"Kakamega"}},{"type":"Feature","geometry":{"type":"Point","coordinates":[34.581607,0.325305]},"properties":{"id":"523327820","n":"Musangaro B1 DW2","t":"pdw","c":"Kakamega"}},{"type":"Feature","geometry":{"type":"Point","coordinates":[34.571978,0.351958]},"properties":{"id":"523197108","n":"Mukhweso PD3","t":"pdw","c":"Kakamega"}},{"type":"Feature","geometry":{"type":"Point","coordinates":[34.56346,0.367268]},"properties":{"id":"523342331","n":"Khabalwe A PD2","t":"pdw","c":"Kakamega"}},{"type":"Feature","geometry":{"type":"Point","coordinates":[34.596034,0.334225]},"properties":{"id":"523272030","n":"Bumini A PD10","t":"pdw","c":"Kakamega"}},{"type":"Feature","geometry":{"type":"Point","coordinates":[34.521543,0.335137]},"properties":{"id":"523240068","n":"Ebwayi PD8","t":"pdw","c":"Kakamega"}},{"type":"Feature","geometry":{"type":"Point","coordinates":[34.574915,0.342722]},"properties":{"id":"523204150","n":"Mwikali B PD1","t":"ps","c":"Kakamega"}},{"type":"Feature","geometry":{"type":"Point","coordinates":[34.600011,0.347247]},"properties":{"id":"523203142","n":"Ebubere B1 PS1","t":"pdw","c":"Kakamega"}},{"type":"Feature","geometry":{"type":"Point","coordinates":[34.606095,0.346835]},"properties":{"id":"523194356","n":"Elusuba PD 5","t":"pdw","c":"Kakamega"}},{"type":"Feature","geometry":{"type":"Point","coordinates":[34.555043,0.388029]},"properties":{"id":"523309471","n":"Abashitsetse PD Jackson Osendo","t":"pdw","c":"Kakamega"}},{"type":"Feature","geometry":{"type":"Point","coordinates":[34.603191,0.375514]},"properties":{"id":"523235554","n":"Kulumwoyo PD 6","t":"pdw","c":"Kakamega"}},{"type":"Feature","geometry":{"type":"Point","coordinates":[34.571745,0.342152]},"properties":{"id":"523342269","n":"Mwikali A PD6","t":"pdw","c":"Kakamega"}},{"type":"Feature","geometry":{"type":"Point","coordinates":[34.555988,0.344523]},"properties":{"id":"523344065","n":"Ebung'ale PD4","t":"pdw","c":"Kakamega"}},{"type":"Feature","geometry":{"type":"Point","coordinates":[34.573852,0.388169]},"properties":{"id":"523226228","n":"Abashitsetse PD Phanuel Kuluvi","t":"pdw","c":"Kakamega"}},{"type":"Feature","geometry":{"type":"Point","coordinates":[34.541923,0.333433]},"properties":{"id":"523198147","n":"Eshikumulo PD8","t":"pdw","c":"Kakamega"}},{"type":"Feature","geometry":{"type":"Point","coordinates":[34.578907,0.33316]},"properties":{"id":"523314404","n":"Shirongo B PD 20","t":"pdw","c":"Kakamega"}},{"type":"Feature","geometry":{"type":"Point","coordinates":[34.586353,0.329836]},"properties":{"id":"523196561","n":"Mwilache B PD8","t":"pdw","c":"Kakamega"}},{"type":"Feature","geometry":{"type":"Point","coordinates":[34.57159,0.394068]},"properties":{"id":"523236823","n":"Abakalivo PD Antanina Mukabana","t":"pdw","c":"Kakamega"}},{"type":"Feature","geometry":{"type":"Point","coordinates":[34.589475,0.323665]},"properties":{"id":"523298975","n":"Musangaro A2 UD1","t":"udw","c":"Kakamega"}},{"type":"Feature","geometry":{"type":"Point","coordinates":[34.601307,0.372817]},"properties":{"id":"523248554","n":"Kulumwoyo PD 3","t":"pdw","c":"Kakamega"}},{"type":"Feature","geometry":{"type":"Point","coordinates":[34.603032,0.37078]},"properties":{"id":"523319894","n":"Khabondi B PD 5","t":"pdw","c":"Kakamega"}},{"type":"Feature","geometry":{"type":"Point","coordinates":[34.542718,0.333055]},"properties":{"id":"523280097","n":"Mulimani PD7","t":"pdw","c":"Kakamega"}},{"type":"Feature","geometry":{"type":"Point","coordinates":[34.593077,0.34774]},"properties":{"id":"523295587","n":"Ebubere A2 PD5","t":"pdw","c":"Kakamega"}},{"type":"Feature","geometry":{"type":"Point","coordinates":[34.553462,0.34215]},"properties":{"id":"523283234","n":"Ebung'ale PS2","t":"ps","c":"Kakamega"}},{"type":"Feature","geometry":{"type":"Point","coordinates":[34.579314,0.327885]},"properties":{"id":"679035363","n":"Buloma C Community, Angwero Spring - 420005","t":"ps","c":"Kakamega"}},{"type":"Feature","geometry":{"type":"Point","coordinates":[34.53435,0.336623]},"properties":{"id":"523227054","n":"Emayala village","t":"pdw","c":"Kakamega"}},{"type":"Feature","geometry":{"type":"Point","coordinates":[34.605362,0.34659]},"properties":{"id":"523214779","n":"Elusuba PD 3","t":"pdw","c":"Kakamega"}},{"type":"Feature","geometry":{"type":"Point","coordinates":[34.598265,0.347824]},"properties":{"id":"523291631","n":"Ebubere B1 PD4","t":"pdw","c":"Kakamega"}},{"type":"Feature","geometry":{"type":"Point","coordinates":[34.596739,0.340245]},"properties":{"id":"523326568","n":"Manyasa A PD5","t":"pdw","c":"Kakamega"}},{"type":"Feature","geometry":{"type":"Point","coordinates":[34.595914,0.342711]},"properties":{"id":"523278854","n":"Ebubere A3 PD10","t":"pdw","c":"Kakamega"}},{"type":"Feature","geometry":{"type":"Point","coordinates":[34.577913,0.381865]},"properties":{"id":"523272267","n":"Abashitsetse PD Elizabeth Oyenga","t":"pdw","c":"Kakamega"}},{"type":"Feature","geometry":{"type":"Point","coordinates":[34.582045,0.3543]},"properties":{"id":"523249665","n":"BulechiaA PD6","t":"pdw","c":"Kakamega"}},{"type":"Feature","geometry":{"type":"Point","coordinates":[34.565493,0.353248]},"properties":{"id":"523205429","n":"Buloma A1 PD3","t":"pdw","c":"Kakamega"}},{"type":"Feature","geometry":{"type":"Point","coordinates":[34.585808,0.330807]},"properties":{"id":"523309622","n":"Mwilache B PD4","t":"pdw","c":"Kakamega"}},{"type":"Feature","geometry":{"type":"Point","coordinates":[34.606953,0.348831]},"properties":{"id":"523221137","n":"Muroni A, PD, 1","t":"pdw","c":"Kakamega"}},{"type":"Feature","geometry":{"type":"Point","coordinates":[34.585566,0.31593]},"properties":{"id":"523271716","n":"EmashebwebweB PD'3","t":"pdw","c":"Kakamega"}},{"type":"Feature","geometry":{"type":"Point","coordinates":[34.56772,0.35308]},"properties":{"id":"876573","n":"Mung'ang'a Primary School Borehole - 4107","t":"bh","c":"Kakamega"}},{"type":"Feature","geometry":{"type":"Point","coordinates":[34.524995,0.33236]},"properties":{"id":"523243999","n":"Eshifuyo B PD2","t":"pdw","c":"Kakamega"}},{"type":"Feature","geometry":{"type":"Point","coordinates":[34.562562,0.351312]},"properties":{"id":"523233428","n":"Buloma A2 PS1","t":"ps","c":"Kakamega"}},{"type":"Feature","geometry":{"type":"Point","coordinates":[34.586112,0.329309]},"properties":{"id":"523352534","n":"Mwilache B PD9","t":"pdw","c":"Kakamega"}},{"type":"Feature","geometry":{"type":"Point","coordinates":[34.571207,0.375203]},"properties":{"id":"84829540","n":"Mahola Community, Oyula Spring - 20010","t":"ps","c":"Kakamega"}},{"type":"Feature","geometry":{"type":"Point","coordinates":[34.544832,0.342335]},"properties":{"id":"523251860","n":"Efundula PD9","t":"pdw","c":"Kakamega"}},{"type":"Feature","geometry":{"type":"Point","coordinates":[34.568603,0.34842]},"properties":{"id":"523252610","n":"Buloma A1 PD7","t":"pdw","c":"Kakamega"}},{"type":"Feature","geometry":{"type":"Point","coordinates":[34.592703,0.351626]},"properties":{"id":"523193946","n":"Ebubere B2 PD6","t":"pdw","c":"Kakamega"}},{"type":"Feature","geometry":{"type":"Point","coordinates":[34.545795,0.333111]},"properties":{"id":"84829461","n":"Mukhweso Community, Shemema Spring - 20032","t":"ps","c":"Kakamega"}},{"type":"Feature","geometry":{"type":"Point","coordinates":[34.582411,0.377413]},"properties":{"id":"523194435","n":"Khaunga Township PD 5","t":"pdw","c":"Kakamega"}},{"type":"Feature","geometry":{"type":"Point","coordinates":[34.585897,0.341405]},"properties":{"id":"523334295","n":"Mulambo B PD4","t":"pdw","c":"Kakamega"}},{"type":"Feature","geometry":{"type":"Point","coordinates":[34.595617,0.35996]},"properties":{"id":"523296014","n":"Ebusubi, PD, 6","t":"pdw","c":"Kakamega"}},{"type":"Feature","geometry":{"type":"Point","coordinates":[34.576678,0.340812]},"properties":{"id":"523278184","n":"Mwikali B PD3","t":"pdw","c":"Kakamega"}},{"type":"Feature","geometry":{"type":"Point","coordinates":[34.578742,0.387013]},"properties":{"id":"523311872","n":"Abakolwe Abamale PD George Munyanya","t":"pdw","c":"Kakamega"}},{"type":"Feature","geometry":{"type":"Point","coordinates":[34.586421,0.324902]},"properties":{"id":"523252153","n":"Musangaro B1 PD4","t":"pdw","c":"Kakamega"}},{"type":"Feature","geometry":{"type":"Point","coordinates":[34.598447,0.37353]},"properties":{"id":"523344144","n":"Bukhathi PD 14","t":"pdw","c":"Kakamega"}},{"type":"Feature","geometry":{"type":"Point","coordinates":[34.571909,0.387926]},"properties":{"id":"523267193","n":"Abashitsetse PS Peter Omukoya","t":"ps","c":"Kakamega"}},{"type":"Feature","geometry":{"type":"Point","coordinates":[34.577348,0.315573]},"properties":{"id":"523306519","n":"Shilarumwa PD'7","t":"pdw","c":"Kakamega"}},{"type":"Feature","geometry":{"type":"Point","coordinates":[34.568007,0.36825]},"properties":{"id":"523251080","n":"Khabalwe A PD7","t":"pdw","c":"Kakamega"}},{"type":"Feature","geometry":{"type":"Point","coordinates":[34.532003,0.334043]},"properties":{"id":"523267674","n":"Emayala PS2","t":"ps","c":"Kakamega"}},{"type":"Feature","geometry":{"type":"Point","coordinates":[34.600692,0.344564]},"properties":{"id":"523229025","n":"Ebubere B1 PD1","t":"pdw","c":"Kakamega"}},{"type":"Feature","geometry":{"type":"Point","coordinates":[34.595896,0.332177]},"properties":{"id":"523293750","n":"Bumini A PD7","t":"pdw","c":"Kakamega"}},{"type":"Feature","geometry":{"type":"Point","coordinates":[34.570453,0.391475]},"properties":{"id":"523327796","n":"Abakalivo PD Peter Wavuli","t":"pdw","c":"Kakamega"}},{"type":"Feature","geometry":{"type":"Point","coordinates":[34.568493,0.359177]},"properties":{"id":"523231440","n":"Mung'ang'a PD19","t":"pdw","c":"Kakamega"}},{"type":"Feature","geometry":{"type":"Point","coordinates":[34.565053,0.36796]},"properties":{"id":"523290087","n":"Khabalwe A PD4","t":"pdw","c":"Kakamega"}},{"type":"Feature","geometry":{"type":"Point","coordinates":[34.572099,0.327674]},"properties":{"id":"523339757","n":"Busimbiro PD 10","t":"pdw","c":"Kakamega"}},{"type":"Feature","geometry":{"type":"Point","coordinates":[34.5866,0.343397]},"properties":{"id":"523210115","n":"Manyasa B PD5","t":"pdw","c":"Kakamega"}},{"type":"Feature","geometry":{"type":"Point","coordinates":[34.595285,0.341324]},"properties":{"id":"523303169","n":"Manyasa A PD8","t":"pdw","c":"Kakamega"}},{"type":"Feature","geometry":{"type":"Point","coordinates":[34.587162,0.316612]},"properties":{"id":"523203032","n":"Emashebwebwe A PD'6","t":"pdw","c":"Kakamega"}},{"type":"Feature","geometry":{"type":"Point","coordinates":[34.579205,0.324447]},"properties":{"id":"523349565","n":"Shirongo A PD 10","t":"pdw","c":"Kakamega"}},{"type":"Feature","geometry":{"type":"Point","coordinates":[34.58827,0.331647]},"properties":{"id":"523282769","n":"Mwilache A PD9","t":"pdw","c":"Kakamega"}},{"type":"Feature","geometry":{"type":"Point","coordinates":[34.570412,0.34822]},"properties":{"id":"523337102","n":"Mukhweso PD11","t":"pdw","c":"Kakamega"}},{"type":"Feature","geometry":{"type":"Point","coordinates":[34.566053,0.347058]},"properties":{"id":"523327923","n":"Buloma PD11","t":"pdw","c":"Kakamega"}},{"type":"Feature","geometry":{"type":"Point","coordinates":[34.564855,0.333755]},"properties":{"id":"523194370","n":"Ekafisi PD 3","t":"pdw","c":"Kakamega"}},{"type":"Feature","geometry":{"type":"Point","coordinates":[34.57664,0.391073]},"properties":{"id":"523327521","n":"Abashitsetse Akungwi PD","t":"pdw","c":"Kakamega"}},{"type":"Feature","geometry":{"type":"Point","coordinates":[34.591288,0.342801]},"properties":{"id":"523214119","n":"Manyasa A PD11","t":"pdw","c":"Kakamega"}},{"type":"Feature","geometry":{"type":"Point","coordinates":[34.575817,0.388784]},"properties":{"id":"523298793","n":"Abashitsetse PD Namulanda Kuluvi","t":"pdw","c":"Kakamega"}},{"type":"Feature","geometry":{"type":"Point","coordinates":[34.578227,0.340688]},"properties":{"id":"523294397","n":"Mwikali B PD4","t":"pdw","c":"Kakamega"}},{"type":"Feature","geometry":{"type":"Point","coordinates":[34.563754,0.392085]},"properties":{"id":"523230157","n":"Abashitsetse PD John Ndunde Were","t":"pdw","c":"Kakamega"}},{"type":"Feature","geometry":{"type":"Point","coordinates":[34.577387,0.34793]},"properties":{"id":"523291693","n":"BulechiaA2 PD2","t":"pdw","c":"Kakamega"}},{"type":"Feature","geometry":{"type":"Point","coordinates":[34.560972,0.36735]},"properties":{"id":"523321697","n":"Khabalwe B UD1","t":"udw","c":"Kakamega"}},{"type":"Feature","geometry":{"type":"Point","coordinates":[34.573609,0.392112]},"properties":{"id":"523271637","n":"Abakalivo PD Ishmael Musotsi","t":"pdw","c":"Kakamega"}},{"type":"Feature","geometry":{"type":"Point","coordinates":[34.593141,0.333618]},"properties":{"id":"523295903","n":"Bumini A PD15","t":"pdw","c":"Kakamega"}},{"type":"Feature","geometry":{"type":"Point","coordinates":[34.56855,0.384034]},"properties":{"id":"523250618","n":"Abakhami PD Mahola Mixed Secondary School","t":"pdw","c":"Kakamega"}},{"type":"Feature","geometry":{"type":"Point","coordinates":[34.593728,0.347753]},"properties":{"id":"523332774","n":"Ebubere A2 PD6","t":"pdw","c":"Kakamega"}},{"type":"Feature","geometry":{"type":"Point","coordinates":[34.578083,0.373945]},"properties":{"id":"523207902","n":"Ababokho PD Bernard Waswa","t":"pdw","c":"Kakamega"}},{"type":"Feature","geometry":{"type":"Point","coordinates":[34.569328,0.370037]},"properties":{"id":"523271606","n":"Khabalwe A US1","t":"us","c":"Kakamega"}},{"type":"Feature","geometry":{"type":"Point","coordinates":[34.602294,0.350893]},"properties":{"id":"523293255","n":"Muroni A, PD, 12","t":"pdw","c":"Kakamega"}},{"type":"Feature","geometry":{"type":"Point","coordinates":[34.56689,0.356627]},"properties":{"id":"523344704","n":"Mung'ang'a PD8","t":"pdw","c":"Kakamega"}},{"type":"Feature","geometry":{"type":"Point","coordinates":[34.54299,0.33895]},"properties":{"id":"523281548","n":"Ematete PD10","t":"pdw","c":"Kakamega"}},{"type":"Feature","geometry":{"type":"Point","coordinates":[34.568641,0.389685]},"properties":{"id":"523199306","n":"Abashitsetse PS Jared Kokoyo","t":"ps","c":"Kakamega"}},{"type":"Feature","geometry":{"type":"Point","coordinates":[34.598822,0.347257]},"properties":{"id":"523272377","n":"Ebubere B1 PD3","t":"pdw","c":"Kakamega"}},{"type":"Feature","geometry":{"type":"Point","coordinates":[34.59066,0.330712]},"properties":{"id":"523278579","n":"BuminiB PD10","t":"pdw","c":"Kakamega"}},{"type":"Feature","geometry":{"type":"Point","coordinates":[34.580955,0.310643]},"properties":{"id":"523331340","n":"Shilarumwa US'1","t":"us","c":"Kakamega"}},{"type":"Feature","geometry":{"type":"Point","coordinates":[34.572405,0.330782]},"properties":{"id":"523260938","n":"Khabakaya PS 4","t":"ps","c":"Kakamega"}},{"type":"Feature","geometry":{"type":"Point","coordinates":[34.56361,0.355972]},"properties":{"id":"523281964","n":"Mung'ang'a PS1","t":"ps","c":"Kakamega"}},{"type":"Feature","geometry":{"type":"Point","coordinates":[34.57089,0.365185]},"properties":{"id":"523222808","n":"Lunyiko PD13","t":"pdw","c":"Kakamega"}},{"type":"Feature","geometry":{"type":"Point","coordinates":[34.605022,0.376083]},"properties":{"id":"523270904","n":"Khabondi B PD 8","t":"pdw","c":"Kakamega"}},{"type":"Feature","geometry":{"type":"Point","coordinates":[34.577067,0.32228]},"properties":{"id":"523244134","n":"Shirongo A PD 32","t":"pdw","c":"Kakamega"}},{"type":"Feature","geometry":{"type":"Point","coordinates":[34.570367,0.388998]},"properties":{"id":"523318594","n":"Abashitsetse PS Bernard Wafula","t":"ps","c":"Kakamega"}},{"type":"Feature","geometry":{"type":"Point","coordinates":[34.56064,0.391574]},"properties":{"id":"523251365","n":"Abashitsetse PS Mahola Spring","t":"ps","c":"Kakamega"}},{"type":"Feature","geometry":{"type":"Point","coordinates":[34.580227,0.325822]},"properties":{"id":"523228385","n":"Shirongo A PD 4","t":"pdw","c":"Kakamega"}},{"type":"Feature","geometry":{"type":"Point","coordinates":[34.591088,0.33514]},"properties":{"id":"523338440","n":"Mwilache A PD2","t":"pdw","c":"Kakamega"}},{"type":"Feature","geometry":{"type":"Point","coordinates":[34.598906,0.375535]},"properties":{"id":"523308140","n":"Bukhathi PD 16","t":"udw","c":"Kakamega"}},{"type":"Feature","geometry":{"type":"Point","coordinates":[34.588423,0.307533]},"properties":{"id":"523349376","n":"Mungakha PD'3","t":"pdw","c":"Kakamega"}},{"type":"Feature","geometry":{"type":"Point","coordinates":[34.600101,0.3483]},"properties":{"id":"523241849","n":"Muroni, B, 5","t":"pdw","c":"Kakamega"}},{"type":"Feature","geometry":{"type":"Point","coordinates":[34.572617,0.343742]},"properties":{"id":"523216094","n":"Mwikali A PD8","t":"pdw","c":"Kakamega"}},{"type":"Feature","geometry":{"type":"Point","coordinates":[34.596775,0.346538]},"properties":{"id":"523352462","n":"Ebubere B1 PS3","t":"ps","c":"Kakamega"}},{"type":"Feature","geometry":{"type":"Point","coordinates":[34.587489,0.352952]},"properties":{"id":"523344292","n":"Ebubere A1 PD12","t":"pdw","c":"Kakamega"}},{"type":"Feature","geometry":{"type":"Point","coordinates":[34.54839,0.33509]},"properties":{"id":"523304043","n":"Emukhweso PD3","t":"pdw","c":"Kakamega"}},{"type":"Feature","geometry":{"type":"Point","coordinates":[34.578293,0.356853]},"properties":{"id":"523301617","n":"BulechiaA2 PD13","t":"pdw","c":"Kakamega"}},{"type":"Feature","geometry":{"type":"Point","coordinates":[34.59576,0.347874]},"properties":{"id":"523270382","n":"Ebubere B2 PD2","t":"pdw","c":"Kakamega"}},{"type":"Feature","geometry":{"type":"Point","coordinates":[34.590663,0.326462]},"properties":{"id":"523338873","n":"Bumini B PS1","t":"ps","c":"Kakamega"}},{"type":"Feature","geometry":{"type":"Point","coordinates":[34.559498,0.346442]},"properties":{"id":"523298580","n":"Buloma PD4","t":"pdw","c":"Kakamega"}},{"type":"Feature","geometry":{"type":"Point","coordinates":[34.568406,0.331262]},"properties":{"id":"523259758","n":"Ikhonje PD 3","t":"pdw","c":"Kakamega"}},{"type":"Feature","geometry":{"type":"Point","coordinates":[34.569754,0.383163]},"properties":{"id":"523247838","n":"Abasacha BH Mahola Primary School","t":"bh","c":"Kakamega"}},{"type":"Feature","geometry":{"type":"Point","coordinates":[34.583623,0.353242]},"properties":{"id":"523298267","n":"Ebulechia B PD1","t":"pdw","c":"Kakamega"}},{"type":"Feature","geometry":{"type":"Point","coordinates":[34.597967,0.344864]},"properties":{"id":"523305776","n":"Ebubere A3 PD1","t":"pdw","c":"Kakamega"}},{"type":"Feature","geometry":{"type":"Point","coordinates":[34.50176,0.320933]},"properties":{"id":"523213754","n":"EBUJWANG'A A PD 7","t":"pdw","c":"Kakamega"}},{"type":"Feature","geometry":{"type":"Point","coordinates":[34.547462,0.309159]},"properties":{"id":"523229252","n":"Wetsetse PD 8","t":"pdw","c":"Kakamega"}},{"type":"Feature","geometry":{"type":"Point","coordinates":[34.498799,0.297238]},"properties":{"id":"523341440","n":"EMAHANGA A PS 7","t":"ps","c":"Kakamega"}},{"type":"Feature","geometry":{"type":"Point","coordinates":[34.518437,0.311937]},"properties":{"id":"523317177","n":"ENYAMOSO PS 10","t":"ps","c":"Kakamega"}},{"type":"Feature","geometry":{"type":"Point","coordinates":[34.506504,0.292998]},"properties":{"id":"615206916","n":"Kamashia Primary School - 22412","t":"bh","c":"Kakamega","d":60.0}},{"type":"Feature","geometry":{"type":"Point","coordinates":[34.503224,0.31165]},"properties":{"id":"523336091","n":"EBWALIRO A PD 20","t":"pdw","c":"Kakamega"}},{"type":"Feature","geometry":{"type":"Point","coordinates":[34.569268,0.313587]},"properties":{"id":"523287465","n":"Mwisasia PD 14","t":"pdw","c":"Kakamega"}},{"type":"Feature","geometry":{"type":"Point","coordinates":[34.50992,0.292025]},"properties":{"id":"523263292","n":"Khwiondwe B PD 7","t":"pdw","c":"Kakamega"}},{"type":"Feature","geometry":{"type":"Point","coordinates":[34.498209,0.308612]},"properties":{"id":"385569518","n":"Ebwaliro Primary School - 22407","t":"bh","c":"Kakamega","d":90.0}},{"type":"Feature","geometry":{"type":"Point","coordinates":[34.55187,0.320878]},"properties":{"id":"523278263","n":"EBUCHIMBE PD 4","t":"pdw","c":"Kakamega"}},{"type":"Feature","geometry":{"type":"Point","coordinates":[34.565897,0.324062]},"properties":{"id":"523318398","n":"Busimbiro PD 28","t":"pdw","c":"Kakamega"}},{"type":"Feature","geometry":{"type":"Point","coordinates":[34.525791,0.321394]},"properties":{"id":"523209674","n":"BUTUNYI PD 8","t":"pdw","c":"Kakamega"}},{"type":"Feature","geometry":{"type":"Point","coordinates":[34.499497,0.306928]},"properties":{"id":"523225313","n":"EBWALIRO A PD 12","t":"pdw","c":"Kakamega"}},{"type":"Feature","geometry":{"type":"Point","coordinates":[34.571253,0.319884]},"properties":{"id":"523351571","n":"MWIMANYE PD 46","t":"pdw","c":"Kakamega"}},{"type":"Feature","geometry":{"type":"Point","coordinates":[34.561535,0.300692]},"properties":{"id":"523299024","n":"Mshikulu B HD 11","t":"pdw","c":"Kakamega"}},{"type":"Feature","geometry":{"type":"Point","coordinates":[34.537069,0.288367]},"properties":{"id":"523230951","n":"Mwikabaniro PD 11","t":"pdw","c":"Kakamega"}},{"type":"Feature","geometry":{"type":"Point","coordinates":[34.526818,0.303592]},"properties":{"id":"523325732","n":"Emuberi north PD 7","t":"pdw","c":"Kakamega"}},{"type":"Feature","geometry":{"type":"Point","coordinates":[34.55102,0.30776]},"properties":{"id":"3749764","n":"Decommissioned 2016 - Njirinya Community - 4104","t":"pdw","c":"Kakamega"}},{"type":"Feature","geometry":{"type":"Point","coordinates":[34.533903,0.301544]},"properties":{"id":"523347439","n":"Liyala PD 7","t":"pdw","c":"Kakamega"}},{"type":"Feature","geometry":{"type":"Point","coordinates":[34.51405,0.310258]},"properties":{"id":"523221106","n":"EMATSANZA PD 12","t":"pdw","c":"Kakamega"}},{"type":"Feature","geometry":{"type":"Point","coordinates":[34.512482,0.293275]},"properties":{"id":"523241313","n":"Khwiondwe PD 10","t":"pdw","c":"Kakamega"}},{"type":"Feature","geometry":{"type":"Point","coordinates":[34.503566,0.32063]},"properties":{"id":"523228873","n":"EKERO A BH 16","t":"bh","c":"Kakamega"}},{"type":"Feature","geometry":{"type":"Point","coordinates":[34.549088,0.286812]},"properties":{"id":"523295044","n":"Shibinga B PD 6","t":"pdw","c":"Kakamega"}},{"type":"Feature","geometry":{"type":"Point","coordinates":[34.551364,0.310977]},"properties":{"id":"523321123","n":"Wetsetse PD 10","t":"pdw","c":"Kakamega"}},{"type":"Feature","geometry":{"type":"Point","coordinates":[34.543498,0.299876]},"properties":{"id":"523286055","n":"Shinambande PD2","t":"pdw","c":"Kakamega"}},{"type":"Feature","geometry":{"type":"Point","coordinates":[34.549504,0.299243]},"properties":{"id":"523223218","n":"Shibinga US 1","t":"us","c":"Kakamega"}},{"type":"Feature","geometry":{"type":"Point","coordinates":[34.505351,0.321607]},"properties":{"id":"523195388","n":"EKERO B PD 12","t":"pdw","c":"Kakamega"}},{"type":"Feature","geometry":{"type":"Point","coordinates":[34.505212,0.320033]},"properties":{"id":"523247780","n":"EKERO B PD 18","t":"pdw","c":"Kakamega"}},{"type":"Feature","geometry":{"type":"Point","coordinates":[34.565538,0.293641]},"properties":{"id":"523315632","n":"Emalingana PD 6","t":"pdw","c":"Kakamega"}},{"type":"Feature","geometry":{"type":"Point","coordinates":[34.520905,0.313658]},"properties":{"id":"523351454","n":"EMALISHIRA PD 27","t":"pdw","c":"Kakamega"}},{"type":"Feature","geometry":{"type":"Point","coordinates":[34.522937,0.313813]},"properties":{"id":"523233909","n":"EMALISHIRA PD 20","t":"pdw","c":"Kakamega"}},{"type":"Feature","geometry":{"type":"Point","coordinates":[34.550522,0.306755]},"properties":{"id":"523264190","n":"Mwikunda PD 6","t":"pdw","c":"Kakamega"}},{"type":"Feature","geometry":{"type":"Point","coordinates":[34.502888,0.311096]},"properties":{"id":"523282790","n":"EBWALIRO A PD 21","t":"pdw","c":"Kakamega"}},{"type":"Feature","geometry":{"type":"Point","coordinates":[34.532258,0.327082]},"properties":{"id":"523287472","n":"Khulwanda PD1","t":"pdw","c":"Kakamega"}},{"type":"Feature","geometry":{"type":"Point","coordinates":[34.537271,0.304483]},"properties":{"id":"523343026","n":"Lusheya east PD 6","t":"pdw","c":"Kakamega"}},{"type":"Feature","geometry":{"type":"Point","coordinates":[34.520903,0.313967]},"properties":{"id":"523252919","n":"EMALISHIRA PD 28","t":"pdw","c":"Kakamega"}},{"type":"Feature","geometry":{"type":"Point","coordinates":[34.497939,0.306739]},"properties":{"id":"523300331","n":"EBWALIRO A PD 8","t":"pdw","c":"Kakamega"}},{"type":"Feature","geometry":{"type":"Point","coordinates":[34.500336,0.318317]},"properties":{"id":"523337470","n":"EBUJWANG'A A PD 16","t":"pdw","c":"Kakamega"}},{"type":"Feature","geometry":{"type":"Point","coordinates":[34.51997,0.319528]},"properties":{"id":"523288514","n":"ESHIKOMOLO PD 8","t":"pdw","c":"Kakamega"}},{"type":"Feature","geometry":{"type":"Point","coordinates":[34.546772,0.332193]},"properties":{"id":"523272418","n":"Emukhweso UD1","t":"udw","c":"Kakamega"}},{"type":"Feature","geometry":{"type":"Point","coordinates":[34.531672,0.322634]},"properties":{"id":"523343040","n":"MWITOTI A PD 7","t":"pdw","c":"Kakamega"}},{"type":"Feature","geometry":{"type":"Point","coordinates":[34.557221,0.296873]},"properties":{"id":"523305422","n":"Emulakha PD 16","t":"pdw","c":"Kakamega"}},{"type":"Feature","geometry":{"type":"Point","coordinates":[34.534308,0.330337]},"properties":{"id":"523331498","n":"Khulwanda PD11","t":"pdw","c":"Kakamega"}},{"type":"Feature","geometry":{"type":"Point","coordinates":[34.545056,0.301263]},"properties":{"id":"523323352","n":"Shinambande PS 2","t":"ps","c":"Kakamega"}},{"type":"Feature","geometry":{"type":"Point","coordinates":[34.521511,0.318923]},"properties":{"id":"523333342","n":"ENYAMOSO PD 4","t":"pdw","c":"Kakamega"}},{"type":"Feature","geometry":{"type":"Point","coordinates":[34.498092,0.293911]},"properties":{"id":"523229094","n":"Eshikufu PD 9","t":"pdw","c":"Kakamega"}},{"type":"Feature","geometry":{"type":"Point","coordinates":[34.5153,0.290285]},"properties":{"id":"523195137","n":"Ebumalere PD 3","t":"pdw","c":"Kakamega"}},{"type":"Feature","geometry":{"type":"Point","coordinates":[34.571534,0.300794]},"properties":{"id":"523233576","n":"Mushirongo PD 5","t":"pdw","c":"Kakamega"}},{"type":"Feature","geometry":{"type":"Point","coordinates":[34.565197,0.30981]},"properties":{"id":"523211226","n":"Lubinu PD 7","t":"pdw","c":"Kakamega"}},{"type":"Feature","geometry":{"type":"Point","coordinates":[34.533458,0.288755]},"properties":{"id":"523225911","n":"MWIKABANIRO US 1","t":"us","c":"Kakamega"}},{"type":"Feature","geometry":{"type":"Point","coordinates":[34.50318,0.309711]},"properties":{"id":"523304232","n":"EBWALIRO A PD 22","t":"pdw","c":"Kakamega"}},{"type":"Feature","geometry":{"type":"Point","coordinates":[34.576934,0.310096]},"properties":{"id":"523307572","n":"Shilarumwa PD,13","t":"pdw","c":"Kakamega"}},{"type":"Feature","geometry":{"type":"Point","coordinates":[34.533119,0.316885]},"properties":{"id":"523303846","n":"EMAKOMBE PD 7","t":"pdw","c":"Kakamega"}},{"type":"Feature","geometry":{"type":"Point","coordinates":[34.513234,0.2834]},"properties":{"id":"523194442","n":"Ebulembo US 9","t":"us","c":"Kakamega"}},{"type":"Feature","geometry":{"type":"Point","coordinates":[34.569151,0.313638]},"properties":{"id":"523229795","n":"Mwisasia PD 15","t":"pdw","c":"Kakamega"}},{"type":"Feature","geometry":{"type":"Point","coordinates":[34.538388,0.28863]},"properties":{"id":"523302340","n":"MWIKABANIRO PD 9","t":"pdw","c":"Kakamega"}},{"type":"Feature","geometry":{"type":"Point","coordinates":[34.570842,0.296834]},"properties":{"id":"523288923","n":"Emalingana PD 19","t":"pdw","c":"Kakamega"}},{"type":"Feature","geometry":{"type":"Point","coordinates":[34.499729,0.304799]},"properties":{"id":"523293839","n":"EBULINJI PD 5","t":"pdw","c":"Kakamega"}},{"type":"Feature","geometry":{"type":"Point","coordinates":[34.548816,0.318045]},"properties":{"id":"523193953","n":"Mwiyala PD 3","t":"pdw","c":"Kakamega"}},{"type":"Feature","geometry":{"type":"Point","coordinates":[34.520407,0.32158]},"properties":{"id":"523351337","n":"ESHIKOMOLO PD 13","t":"pdw","c":"Kakamega"}},{"type":"Feature","geometry":{"type":"Point","coordinates":[34.53434,0.326734]},"properties":{"id":"523269999","n":"EMAKOMBE PD 17","t":"pdw","c":"Kakamega"}},{"type":"Feature","geometry":{"type":"Point","coordinates":[34.517532,0.30517]},"properties":{"id":"523218292","n":"MULUSIOLO PD 15","t":"pdw","c":"Kakamega"}},{"type":"Feature","geometry":{"type":"Point","coordinates":[34.516823,0.290574]},"properties":{"id":"523212416","n":"Ebumalere PD 6","t":"ps","c":"Kakamega"}},{"type":"Feature","geometry":{"type":"Point","coordinates":[34.549748,0.322885]},"properties":{"id":"523216300","n":"KISUMU NDOGO PD 19","t":"pdw","c":"Kakamega"}},{"type":"Feature","geometry":{"type":"Point","coordinates":[34.489715,0.302417]},"properties":{"id":"523242015","n":"ICHINGO US 4","t":"us","c":"Kakamega"}},{"type":"Feature","geometry":{"type":"Point","coordinates":[34.537848,0.332575]},"properties":{"id":"523253147","n":"Emayala PD1","t":"pdw","c":"Kakamega"}},{"type":"Feature","geometry":{"type":"Point","coordinates":[34.549797,0.291412]},"properties":{"id":"523197067","n":"Shibinga B PD 5","t":"pdw","c":"Kakamega"}},{"type":"Feature","geometry":{"type":"Point","coordinates":[34.557926,0.314969]},"properties":{"id":"523230786","n":"Musoma PD 13","t":"pdw","c":"Kakamega"}},{"type":"Feature","geometry":{"type":"Point","coordinates":[34.566249,0.313061]},"properties":{"id":"523287300","n":"Mwisasia PD 7","t":"pdw","c":"Kakamega"}},{"type":"Feature","geometry":{"type":"Point","coordinates":[34.559224,0.294597]},"properties":{"id":"523291105","n":"Emulakha PD 14","t":"pdw","c":"Kakamega"}},{"type":"Feature","geometry":{"type":"Point","coordinates":[34.503967,0.322864]},"properties":{"id":"523351997","n":"EKERO A PD 7","t":"pdw","c":"Kakamega"}},{"type":"Feature","geometry":{"type":"Point","coordinates":[34.57386,0.291634]},"properties":{"id":"523324140","n":"Mulwanda BH 16","t":"bh","c":"Kakamega"}},{"type":"Feature","geometry":{"type":"Point","coordinates":[34.499572,0.309255]},"properties":{"id":"523315106","n":"EBWALIRO A PD 4","t":"pdw","c":"Kakamega"}},{"type":"Feature","geometry":{"type":"Point","coordinates":[34.564794,0.320452]},"properties":{"id":"523250986","n":"MWIMANYE PD 8","t":"pdw","c":"Kakamega"}},{"type":"Feature","geometry":{"type":"Point","coordinates":[34.494869,0.313584]},"properties":{"id":"523336242","n":"IKOSHE PD 10","t":"pdw","c":"Kakamega"}},{"type":"Feature","geometry":{"type":"Point","coordinates":[34.571475,0.322525]},"properties":{"id":"523223232","n":"Shianda PD 29","t":"pdw","c":"Kakamega"}},{"type":"Feature","geometry":{"type":"Point","coordinates":[34.559585,0.308442]},"properties":{"id":"523239479","n":"Lubinu PS 23","t":"ps","c":"Kakamega"}},{"type":"Feature","geometry":{"type":"Point","coordinates":[34.569613,0.296779]},"properties":{"id":"523324164","n":"Emalingana PD 19","t":"pdw","c":"Kakamega"}},{"type":"Feature","geometry":{"type":"Point","coordinates":[34.570362,0.318082]},"properties":{"id":"523331584","n":"Shianda A PD 1","t":"pdw","c":"Kakamega"}},{"type":"Feature","geometry":{"type":"Point","coordinates":[34.503769,0.309382]},"properties":{"id":"523259174","n":"ESHIKWENYI PD 25","t":"pdw","c":"Kakamega"}},{"type":"Feature","geometry":{"type":"Point","coordinates":[34.559858,0.29809]},"properties":{"id":"523244127","n":"Mushikulu A US 14","t":"us","c":"Kakamega"}},{"type":"Feature","geometry":{"type":"Point","coordinates":[34.500631,0.303497]},"properties":{"id":"523351825","n":"EBULINJI PD 3","t":"pdw","c":"Kakamega"}},{"type":"Feature","geometry":{"type":"Point","coordinates":[34.552783,0.326518]},"properties":{"id":"523264994","n":"Enyera PD","t":"pdw","c":"Kakamega"}},{"type":"Feature","geometry":{"type":"Point","coordinates":[34.568,0.316451]},"properties":{"id":"523252438","n":"Mwisasia PD 21","t":"pdw","c":"Kakamega"}},{"type":"Feature","geometry":{"type":"Point","coordinates":[34.536021,0.310438]},"properties":{"id":"523226046","n":"Mulufu PD 6","t":"pdw","c":"Kakamega"}},{"type":"Feature","geometry":{"type":"Point","coordinates":[34.518389,0.286998]},"properties":{"id":"523258506","n":"Mukhome PD 5","t":"pdw","c":"Kakamega"}},{"type":"Feature","geometry":{"type":"Point","coordinates":[34.53838,0.286726]},"properties":{"id":"523217758","n":"Mwikabaniro US 3","t":"us","c":"Kakamega"}},{"type":"Feature","geometry":{"type":"Point","coordinates":[34.534394,0.326004]},"properties":{"id":"523344618","n":"EMAKOMBE PD 14","t":"pdw","c":"Kakamega"}},{"type":"Feature","geometry":{"type":"Point","coordinates":[34.489528,0.301735]},"properties":{"id":"523265809","n":"Elubonga B US 2","t":"us","c":"Kakamega"}},{"type":"Feature","geometry":{"type":"Point","coordinates":[34.544422,0.30324]},"properties":{"id":"523331371","n":"Shinambande PD 5","t":"pdw","c":"Kakamega"}},{"type":"Feature","geometry":{"type":"Point","coordinates":[34.571198,0.319779]},"properties":{"id":"523305628","n":"MWIMANYE 47","t":"pdw","c":"Kakamega"}},{"type":"Feature","geometry":{"type":"Point","coordinates":[34.556567,0.295123]},"properties":{"id":"523326544","n":"Emulakha PD 19","t":"pdw","c":"Kakamega"}},{"type":"Feature","geometry":{"type":"Point","coordinates":[34.54614,0.289707]},"properties":{"id":"523197672","n":"Shibinga B PD 10","t":"pdw","c":"Kakamega"}},{"type":"Feature","geometry":{"type":"Point","coordinates":[34.523438,0.283692]},"properties":{"id":"523258922","n":"Indangalasia PS 1","t":"ps","c":"Kakamega"}},{"type":"Feature","geometry":{"type":"Point","coordinates":[34.553996,0.283453]},"properties":{"id":"523217150","n":"Elwakana B PD 3","t":"pdw","c":"Kakamega"}},{"type":"Feature","geometry":{"type":"Point","coordinates":[34.502184,0.316283]},"properties":{"id":"523339771","n":"IKOSHE PD 26","t":"pdw","c":"Kakamega"}},{"type":"Feature","geometry":{"type":"Point","coordinates":[34.497617,0.302884]},"properties":{"id":"523350549","n":"EBULINJI PD 10","t":"pdw","c":"Kakamega"}},{"type":"Feature","geometry":{"type":"Point","coordinates":[34.503724,0.313523]},"properties":{"id":"523204428","n":"ESHIKWENYI PD 13","t":"pdw","c":"Kakamega"}},{"type":"Feature","geometry":{"type":"Point","coordinates":[34.549736,0.313467]},"properties":{"id":"523290939","n":"Khwihondwe PD 8","t":"pdw","c":"Kakamega"}},{"type":"Feature","geometry":{"type":"Point","coordinates":[34.528153,0.328825]},"properties":{"id":"523289742","n":"Mwitoti PS1","t":"ps","c":"Kakamega"}},{"type":"Feature","geometry":{"type":"Point","coordinates":[34.499037,0.31422]},"properties":{"id":"523222925","n":"IKOSHE PD 16","t":"pdw","c":"Kakamega"}},{"type":"Feature","geometry":{"type":"Point","coordinates":[34.492822,0.30217]},"properties":{"id":"523263807","n":"EBWALIRO A PD 2","t":"pdw","c":"Kakamega"}},{"type":"Feature","geometry":{"type":"Point","coordinates":[34.529912,0.31494]},"properties":{"id":"523352761","n":"Mulufu PS 3","t":"ps","c":"Kakamega"}},{"type":"Feature","geometry":{"type":"Point","coordinates":[34.548033,0.331808]},"properties":{"id":"523277169","n":"Emusoma PD 12","t":"pdw","c":"Kakamega"}},{"type":"Feature","geometry":{"type":"Point","coordinates":[34.514375,0.285848]},"properties":{"id":"523287829","n":"Ebulembo PD 2","t":"pdw","c":"Kakamega"}},{"type":"Feature","geometry":{"type":"Point","coordinates":[34.552835,0.309006]},"properties":{"id":"523298731","n":"Wetsetse PD 13","t":"pdw","c":"Kakamega"}},{"type":"Feature","geometry":{"type":"Point","coordinates":[34.572344,0.290068]},"properties":{"id":"523284620","n":"Emusaka PS 15","t":"ps","c":"Kakamega"}},{"type":"Feature","geometry":{"type":"Point","coordinates":[34.571485,0.303493]},"properties":{"id":"523237477","n":"Mushirongo US 7","t":"us","c":"Kakamega"}},{"type":"Feature","geometry":{"type":"Point","coordinates":[34.502386,0.305158]},"properties":{"id":"523266659","n":"EMAHANGA B PD 8","t":"pdw","c":"Kakamega"}},{"type":"Feature","geometry":{"type":"Point","coordinates":[34.555317,0.291834]},"properties":{"id":"523298865","n":"Emulakha PS 2","t":"ps","c":"Kakamega"}},{"type":"Feature","geometry":{"type":"Point","coordinates":[34.547539,0.315807]},"properties":{"id":"523342757","n":"Shanderema PD 1","t":"pdw","c":"Kakamega"}},{"type":"Feature","geometry":{"type":"Point","coordinates":[34.549015,0.304309]},"properties":{"id":"523340700","n":"Mwikunda PD 3","t":"pdw","c":"Kakamega"}},{"type":"Feature","geometry":{"type":"Point","coordinates":[34.569994,0.305833]},"properties":{"id":"523267423","n":"Khunyiri US 1","t":"us","c":"Kakamega"}},{"type":"Feature","geometry":{"type":"Point","coordinates":[34.534912,0.289646]},"properties":{"id":"523348825","n":"Mwikabaniro 12 PD","t":"pdw","c":"Kakamega"}},{"type":"Feature","geometry":{"type":"Point","coordinates":[34.501822,0.314013]},"properties":{"id":"523325505","n":"IKOSHE PD 24","t":"pdw","c":"Kakamega"}},{"type":"Feature","geometry":{"type":"Point","coordinates":[34.522,0.310352]},"properties":{"id":"523351447","n":"EMALISHIRA PD 25","t":"pdw","c":"Kakamega"}},{"type":"Feature","geometry":{"type":"Point","coordinates":[34.533119,0.322893]},"properties":{"id":"523250333","n":"MWITOTI A PD 9","t":"ps","c":"Kakamega"}},{"type":"Feature","geometry":{"type":"Point","coordinates":[34.541949,0.289796]},"properties":{"id":"523329310","n":"Indoli UD 1","t":"udw","c":"Kakamega"}},{"type":"Feature","geometry":{"type":"Point","coordinates":[34.499566,0.293221]},"properties":{"id":"523204844","n":"Eshikufu PD 14","t":"pdw","c":"Kakamega"}},{"type":"Feature","geometry":{"type":"Point","coordinates":[34.52227,0.31849]},"properties":{"id":"523319973","n":"ENYAMOSO PD 5","t":"pdw","c":"Kakamega"}},{"type":"Feature","geometry":{"type":"Point","coordinates":[34.566108,0.324474]},"properties":{"id":"523218515","n":"Busimbiro PD 27","t":"pdw","c":"Kakamega"}},{"type":"Feature","geometry":{"type":"Point","coordinates":[34.550418,0.327307]},"properties":{"id":"523344168","n":"Enyera UD","t":"udw","c":"Kakamega"}},{"type":"Feature","geometry":{"type":"Point","coordinates":[34.551965,0.282208]},"properties":{"id":"523291569","n":"Eshiambale PD 6","t":"pdw","c":"Kakamega"}},{"type":"Feature","geometry":{"type":"Point","coordinates":[34.514328,0.292246]},"properties":{"id":"523269717","n":"Ebumalere PD 8","t":"pdw","c":"Kakamega"}},{"type":"Feature","geometry":{"type":"Point","coordinates":[34.523793,0.299472]},"properties":{"id":"523271936","n":"ENYANGERA CENTRAL PD 3","t":"pdw","c":"Kakamega"}},{"type":"Feature","geometry":{"type":"Point","coordinates":[34.56342,0.299627]},"properties":{"id":"523329358","n":"Mushikulu B PS 4","t":"ps","c":"Kakamega"}},{"type":"Feature","geometry":{"type":"Point","coordinates":[34.542607,0.331938]},"properties":{"id":"523323314","n":"Mulimani PD5","t":"pdw","c":"Kakamega"}},{"type":"Feature","geometry":{"type":"Point","coordinates":[34.515303,0.299458]},"properties":{"id":"523351650","n":"EBUBOLE B PD 5","t":"pdw","c":"Kakamega"}},{"type":"Feature","geometry":{"type":"Point","coordinates":[34.50394,0.321568]},"properties":{"id":"523332028","n":"EKERO A PD 13","t":"pdw","c":"Kakamega"}},{"type":"Feature","geometry":{"type":"Point","coordinates":[34.521696,0.283131]},"properties":{"id":"523264956","n":"Indoli PS 1","t":"ps","c":"Kakamega"}},{"type":"Feature","geometry":{"type":"Point","coordinates":[34.505259,0.318161]},"properties":{"id":"523351382","n":"EBUTINGO PD 9","t":"pdw","c":"Kakamega"}},{"type":"Feature","geometry":{"type":"Point","coordinates":[34.499686,0.315098]},"properties":{"id":"523334312","n":"IKOSHE PD 18","t":"pdw","c":"Kakamega"}},{"type":"Feature","geometry":{"type":"Point","coordinates":[34.539955,0.305254]},"properties":{"id":"523305271","n":"Lusheya east PD 1","t":"pdw","c":"Kakamega"}},{"type":"Feature","geometry":{"type":"Point","coordinates":[34.574755,0.303873]},"properties":{"id":"523213864","n":"Shitoto A PD 2","t":"pdw","c":"Kakamega"}},{"type":"Feature","geometry":{"type":"Point","coordinates":[34.560443,0.29138]},"properties":{"id":"523244103","n":"Shibinga A PD 13","t":"pdw","c":"Kakamega"}},{"type":"Feature","geometry":{"type":"Point","coordinates":[34.574721,0.312982]},"properties":{"id":"523264224","n":"Shianda B PD 5","t":"pdw","c":"Kakamega"}},{"type":"Feature","geometry":{"type":"Point","coordinates":[34.559204,0.292861]},"properties":{"id":"523199193","n":"Shibinga A PD 14","t":"pdw","c":"Kakamega"}},{"type":"Feature","geometry":{"type":"Point","coordinates":[34.567002,0.321386]},"properties":{"id":"523252957","n":"MWIMANYE PD 35","t":"pdw","c":"Kakamega"}},{"type":"Feature","geometry":{"type":"Point","coordinates":[34.504223,0.309169]},"properties":{"id":"523351966","n":"ESHIKWENYI PD 24","t":"pdw","c":"Kakamega"}},{"type":"Feature","geometry":{"type":"Point","coordinates":[34.55194,0.290897]},"properties":{"id":"523216661","n":"Shibinga A PD 5","t":"pdw","c":"Kakamega"}},{"type":"Feature","geometry":{"type":"Point","coordinates":[34.505124,0.322446]},"properties":{"id":"523308171","n":"EKERO B PD 22","t":"pdw","c":"Kakamega"}},{"type":"Feature","geometry":{"type":"Point","coordinates":[34.500371,0.301221]},"properties":{"id":"523269401","n":"EMAHANGA A PD 3","t":"pdw","c":"Kakamega"}},{"type":"Feature","geometry":{"type":"Point","coordinates":[34.504561,0.309268]},"properties":{"id":"523351959","n":"ESHIKWENYI PD 23","t":"pdw","c":"Kakamega"}},{"type":"Feature","geometry":{"type":"Point","coordinates":[34.528848,0.323408]},"properties":{"id":"523256690","n":"MWITOTI B PD 15","t":"pdw","c":"Kakamega"}},{"type":"Feature","geometry":{"type":"Point","coordinates":[34.565412,0.318741]},"properties":{"id":"523279374","n":"MWIMANYE PD 13","t":"pdw","c":"Kakamega"}},{"type":"Feature","geometry":{"type":"Point","coordinates":[34.523592,0.311736]},"properties":{"id":"523284132","n":"MWITOTI B PD 14","t":"pdw","c":"Kakamega"}},{"type":"Feature","geometry":{"type":"Point","coordinates":[34.539742,0.283927]},"properties":{"id":"523321271","n":"Indoli PD 3","t":"pdw","c":"Kakamega"}},{"type":"Feature","geometry":{"type":"Point","coordinates":[34.573067,0.303167]},"properties":{"id":"278902851","n":"Mushirongo Community, Eshikhanda Spring - 21315","t":"ps","c":"Kakamega"}},{"type":"Feature","geometry":{"type":"Point","coordinates":[34.502647,0.322119]},"properties":{"id":"523324236","n":"EBUJWANG'A A PD 1","t":"pdw","c":"Kakamega"}},{"type":"Feature","geometry":{"type":"Point","coordinates":[34.519859,0.294673]},"properties":{"id":"523303372","n":"ENYANGERA SOUTH US 6","t":"us","c":"Kakamega"}},{"type":"Feature","geometry":{"type":"Point","coordinates":[34.547058,0.328345]},"properties":{"id":"523266611","n":"Emusoma PD7","t":"pdw","c":"Kakamega"}},{"type":"Feature","geometry":{"type":"Point","coordinates":[34.500847,0.299672]},"properties":{"id":"523316925","n":"EMAHANGA A PD 8","t":"pdw","c":"Kakamega"}},{"type":"Feature","geometry":{"type":"Point","coordinates":[34.565631,0.321806]},"properties":{"id":"523341244","n":"MWIMANYE PD 17","t":"pdw","c":"Kakamega"}},{"type":"Feature","geometry":{"type":"Point","coordinates":[34.55988,0.316945]},"properties":{"id":"523234096","n":"Musoma PD 4","t":"pdw","c":"Kakamega"}},{"type":"Feature","geometry":{"type":"Point","coordinates":[34.53584,0.326028]},"properties":{"id":"523292003","n":"KHABUNENE PS 4","t":"ps","c":"Kakamega"}},{"type":"Feature","geometry":{"type":"Point","coordinates":[34.509928,0.318667]},"properties":{"id":"523350161","n":"MWIKALI PD 8","t":"pdw","c":"Kakamega"}},{"type":"Feature","geometry":{"type":"Point","coordinates":[34.571557,0.302518]},"properties":{"id":"523244749","n":"Mushirongo PS 6","t":"ps","c":"Kakamega"}},{"type":"Feature","geometry":{"type":"Point","coordinates":[34.569749,0.320258]},"properties":{"id":"523247807","n":"MWIMANYE PD 53","t":"pdw","c":"Kakamega"}},{"type":"Feature","geometry":{"type":"Point","coordinates":[34.566375,0.324876]},"properties":{"id":"523229403","n":"Busimbiro 21","t":"pdw","c":"Kakamega"}},{"type":"Feature","geometry":{"type":"Point","coordinates":[34.541032,0.326967]},"properties":{"id":"523224305","n":"Mulimani PD","t":"udw","c":"Kakamega"}},{"type":"Feature","geometry":{"type":"Point","coordinates":[34.563548,0.306195]},"properties":{"id":"523213431","n":"Lubinu PD 5","t":"pdw","c":"Kakamega"}},{"type":"Feature","geometry":{"type":"Point","coordinates":[34.530162,0.321185]},"properties":{"id":"523237642","n":"MWITOTI B PD 9","t":"pdw","c":"Kakamega"}},{"type":"Feature","geometry":{"type":"Point","coordinates":[34.578423,0.304451]},"properties":{"id":"523217600","n":"Shitoto A PD 15","t":"pdw","c":"Kakamega"}},{"type":"Feature","geometry":{"type":"Point","coordinates":[34.538938,0.320012]},"properties":{"id":"523313056","n":"Khulwanda PS 1","t":"ps","c":"Kakamega"}},{"type":"Feature","geometry":{"type":"Point","coordinates":[34.543156,0.319735]},"properties":{"id":"523295233","n":"Shanderema BH 1","t":"bh","c":"Kakamega"}},{"type":"Feature","geometry":{"type":"Point","coordinates":[34.567169,0.321632]},"properties":{"id":"523351526","n":"MWIMANYE PD 36","t":"pdw","c":"Kakamega"}},{"type":"Feature","geometry":{"type":"Point","coordinates":[34.547953,0.315867]},"properties":{"id":"523220631","n":"Mwiyala PD 1","t":"pdw","c":"Kakamega"}},{"type":"Feature","geometry":{"type":"Point","coordinates":[34.558058,0.291784]},"properties":{"id":"523247869","n":"Shibinga A PS 2","t":"ps","c":"Kakamega"}},{"type":"Feature","geometry":{"type":"Point","coordinates":[34.506856,0.314991]},"properties":{"id":"523313472","n":"MWIKALI PD 13","t":"pdw","c":"Kakamega"}},{"type":"Feature","geometry":{"type":"Point","coordinates":[34.506637,0.302195]},"properties":{"id":"523291583","n":"EBUYONI PS 9","t":"ps","c":"Kakamega"}},{"type":"Feature","geometry":{"type":"Point","coordinates":[34.520422,0.297686]},"properties":{"id":"523322818","n":"ENYANGERA SOUTH PD 10","t":"pdw","c":"Kakamega"}},{"type":"Feature","geometry":{"type":"Point","coordinates":[34.557134,0.317338]},"properties":{"id":"523325299","n":"Musoma PD 21","t":"pdw","c":"Kakamega"}},{"type":"Feature","geometry":{"type":"Point","coordinates":[34.525172,0.281618]},"properties":{"id":"523284163","n":"Indangalasia PD 3","t":"pdw","c":"Kakamega"}},{"type":"Feature","geometry":{"type":"Point","coordinates":[34.517661,0.316224]},"properties":{"id":"523253398","n":"MWITOLOKO PD 3","t":"pdw","c":"Kakamega"}},{"type":"Feature","geometry":{"type":"Point","coordinates":[34.543362,0.291513]},"properties":{"id":"523294847","n":"INDOLI PS 1","t":"ps","c":"Kakamega"}},{"type":"Feature","geometry":{"type":"Point","coordinates":[34.536972,0.280427]},"properties":{"id":"523240824","n":"Inaya PD 1","t":"pdw","c":"Kakamega"}},{"type":"Feature","geometry":{"type":"Point","coordinates":[34.524707,0.279648]},"properties":{"id":"523277846","n":"Indangalasia PD 8","t":"pdw","c":"Kakamega"}},{"type":"Feature","geometry":{"type":"Point","coordinates":[34.544303,0.275914]},"properties":{"id":"523339070","n":"Mwitibira PD 1","t":"pdw","c":"Kakamega"}},{"type":"Feature","geometry":{"type":"Point","coordinates":[34.542502,0.309207]},"properties":{"id":"523352792","n":"Eshitoyi PS 1","t":"ps","c":"Kakamega"}},{"type":"Feature","geometry":{"type":"Point","coordinates":[34.567679,0.320298]},"properties":{"id":"523197438","n":"MWIMANYE PD 29","t":"pdw","c":"Kakamega"}},{"type":"Feature","geometry":{"type":"Point","coordinates":[34.546967,0.306715]},"properties":{"id":"523251334","n":"Wetsetse PD 1","t":"pdw","c":"Kakamega"}},{"type":"Feature","geometry":{"type":"Point","coordinates":[34.522444,0.297093]},"properties":{"id":"523232881","n":"ENYANGERA SOUTH PD 12","t":"pdw","c":"Kakamega"}},{"type":"Feature","geometry":{"type":"Point","coordinates":[34.573327,0.310451]},"properties":{"id":"523249933","n":"Shianda B PD 2","t":"pdw","c":"Kakamega"}},{"type":"Feature","geometry":{"type":"Point","coordinates":[34.531179,0.288285]},"properties":{"id":"523310369","n":"Mwikabaniro PD 5","t":"pdw","c":"Kakamega"}},{"type":"Feature","geometry":{"type":"Point","coordinates":[34.542538,0.330365]},"properties":{"id":"523229685","n":"Mulimani PD4","t":"pdw","c":"Kakamega"}},{"type":"Feature","geometry":{"type":"Point","coordinates":[34.501949,0.314097]},"properties":{"id":"523249988","n":"IKOSHE PD 25","t":"pdw","c":"Kakamega"}},{"type":"Feature","geometry":{"type":"Point","coordinates":[34.525757,0.323381]},"properties":{"id":"523254818","n":"BUTUNYI PD 17","t":"pdw","c":"Kakamega"}},{"type":"Feature","geometry":{"type":"Point","coordinates":[34.551444,0.290545]},"properties":{"id":"523234546","n":"Shibinga A PD 7","t":"pdw","c":"Kakamega"}},{"type":"Feature","geometry":{"type":"Point","coordinates":[34.504667,0.312281]},"properties":{"id":"523351928","n":"ESHIKWENYI PD 14","t":"pdw","c":"Kakamega"}},{"type":"Feature","geometry":{"type":"Point","coordinates":[34.551778,0.321811]},"properties":{"id":"523207926","n":"EBUCHIMBE PD 7","t":"pdw","c":"Kakamega"}},{"type":"Feature","geometry":{"type":"Point","coordinates":[34.532323,0.312675]},"properties":{"id":"523292333","n":"Mulufu PD 13","t":"pdw","c":"Kakamega"}},{"type":"Feature","geometry":{"type":"Point","coordinates":[34.520683,0.315729]},"properties":{"id":"523345932","n":"ENYAMOSO PD 8","t":"pdw","c":"Kakamega"}},{"type":"Feature","geometry":{"type":"Point","coordinates":[34.54535,0.289227]},"properties":{"id":"523253673","n":"Shibinga B PD 9","t":"pdw","c":"Kakamega"}},{"type":"Feature","geometry":{"type":"Point","coordinates":[34.5414,0.329]},"properties":{"id":"523262002","n":"Mulimani PD3","t":"pdw","c":"Kakamega"}},{"type":"Feature","geometry":{"type":"Point","coordinates":[34.572642,0.323424]},"properties":{"id":"523338952","n":"Shianda PD 15","t":"pdw","c":"Kakamega"}},{"type":"Feature","geometry":{"type":"Point","coordinates":[34.55917,0.288865]},"properties":{"id":"523323170","n":"Shibinga A PD 9","t":"pdw","c":"Kakamega"}},{"type":"Feature","geometry":{"type":"Point","coordinates":[34.505592,0.302877]},"properties":{"id":"523259325","n":"EBUYONI PD 5","t":"pdw","c":"Kakamega"}},{"type":"Feature","geometry":{"type":"Point","coordinates":[34.499073,0.328412]},"properties":{"id":"3749458","n":"St. Mary's Mumias Girls' School Borehole Well - 422","t":"bh","c":"Kakamega"}},{"type":"Feature","geometry":{"type":"Point","coordinates":[34.487984,0.300531]},"properties":{"id":"523252658","n":"Elubonga B PD 1","t":"pdw","c":"Kakamega"}},{"type":"Feature","geometry":{"type":"Point","coordinates":[34.507315,0.320801]},"properties":{"id":"523283289","n":"EBUTINGO PD 15","t":"pdw","c":"Kakamega"}},{"type":"Feature","geometry":{"type":"Point","coordinates":[34.516288,0.291086]},"properties":{"id":"523256810","n":"Ebumalere PD 5","t":"pdw","c":"Kakamega"}},{"type":"Feature","geometry":{"type":"Point","coordinates":[34.531261,0.321027]},"properties":{"id":"523311683","n":"MWITOTI B PD 8","t":"pdw","c":"Kakamega"}},{"type":"Feature","geometry":{"type":"Point","coordinates":[34.493919,0.313771]},"properties":{"id":"523304050","n":"IKOSHE PD 9","t":"pdw","c":"Kakamega"}},{"type":"Feature","geometry":{"type":"Point","coordinates":[34.520383,0.310391]},"properties":{"id":"523263869","n":"MULUSIOLO PD 3","t":"pdw","c":"Kakamega"}},{"type":"Feature","geometry":{"type":"Point","coordinates":[34.504447,0.315842]},"properties":{"id":"523279051","n":"ESHIKWENYI BH 3","t":"bh","c":"Kakamega"}},{"type":"Feature","geometry":{"type":"Point","coordinates":[34.540122,0.327408]},"properties":{"id":"523212887","n":"Eshikumulo PD1","t":"pdw","c":"Kakamega"}},{"type":"Feature","geometry":{"type":"Point","coordinates":[34.496808,0.3024]},"properties":{"id":"523250601","n":"EBULINJI PD 13","t":"pdw","c":"Kakamega"}},{"type":"Feature","geometry":{"type":"Point","coordinates":[34.567913,0.3132]},"properties":{"id":"523297723","n":"Mwisasia PD 10","t":"pdw","c":"Kakamega"}},{"type":"Feature","geometry":{"type":"Point","coordinates":[34.517707,0.322623]},"properties":{"id":"523256449","n":"ESHIKOMOLO PD 13","t":"pdw","c":"Kakamega"}},{"type":"Feature","geometry":{"type":"Point","coordinates":[34.568876,0.315816]},"properties":{"id":"523239864","n":"Mwisasia PD 19","t":"pdw","c":"Kakamega"}},{"type":"Feature","geometry":{"type":"Point","coordinates":[34.547612,0.321977]},"properties":{"id":"523309859","n":"KISUMU NDOGO PS 15","t":"ps","c":"Kakamega"}},{"type":"Feature","geometry":{"type":"Point","coordinates":[34.490367,0.303801]},"properties":{"id":"523196413","n":"ICHINGO PD 5","t":"pdw","c":"Kakamega"}},{"type":"Feature","geometry":{"type":"Point","coordinates":[34.529772,0.325297]},"properties":{"id":"523309062","n":"MWITOTI B 6","t":"pdw","c":"Kakamega"}},{"type":"Feature","geometry":{"type":"Point","coordinates":[34.555016,0.295678]},"properties":{"id":"523344443","n":"Emulakha PD 20","t":"pdw","c":"Kakamega"}},{"type":"Feature","geometry":{"type":"Point","coordinates":[34.523132,0.327833]},"properties":{"id":"523275820","n":"Shifuyo A PD12","t":"pdw","c":"Kakamega"}},{"type":"Feature","geometry":{"type":"Point","coordinates":[34.562076,0.297702]},"properties":{"id":"523275497","n":"Mushikulu B PD 3","t":"pdw","c":"Kakamega"}},{"type":"Feature","geometry":{"type":"Point","coordinates":[34.533992,0.316406]},"properties":{"id":"523278964","n":"Mulufu PD 16","t":"pdw","c":"Kakamega"}},{"type":"Feature","geometry":{"type":"Point","coordinates":[34.519005,0.306913]},"properties":{"id":"523321824","n":"MULUSIOLO PD 12","t":"pdw","c":"Kakamega"}},{"type":"Feature","geometry":{"type":"Point","coordinates":[34.502534,0.311367]},"properties":{"id":"523242840","n":"IKOSHE PS 37","t":"ps","c":"Kakamega"}},{"type":"Feature","geometry":{"type":"Point","coordinates":[34.517538,0.31594]},"properties":{"id":"523270131","n":"MWITOLOKO PD 4","t":"pdw","c":"Kakamega"}},{"type":"Feature","geometry":{"type":"Point","coordinates":[34.537702,0.285863]},"properties":{"id":"523259844","n":"MWIKABANIRO PD 8","t":"pdw","c":"Kakamega"}},{"type":"Feature","geometry":{"type":"Point","coordinates":[34.552305,0.291586]},"properties":{"id":"523230896","n":"Shibinga A PD 4","t":"pdw","c":"Kakamega"}},{"type":"Feature","geometry":{"type":"Point","coordinates":[34.508761,0.298978]},"properties":{"id":"523335825","n":"EMWANDA PD 4","t":"pdw","c":"Kakamega"}},{"type":"Feature","geometry":{"type":"Point","coordinates":[34.497475,0.30238]},"properties":{"id":"523281201","n":"EBULINJI PD 14","t":"pdw","c":"Kakamega"}},{"type":"Feature","geometry":{"type":"Point","coordinates":[34.556865,0.295172]},"properties":{"id":"523242187","n":"Emulakha PD 18","t":"pdw","c":"Kakamega"}},{"type":"Feature","geometry":{"type":"Point","coordinates":[34.523405,0.32129]},"properties":{"id":"523351423","n":"EMALISHIRA PD 12","t":"pdw","c":"Kakamega"}},{"type":"Feature","geometry":{"type":"Point","coordinates":[34.558974,0.282963]},"properties":{"id":"523213046","n":"Elwakana A PD 2","t":"pdw","c":"Kakamega"}},{"type":"Feature","geometry":{"type":"Point","coordinates":[34.518755,0.318229]},"properties":{"id":"523199416","n":"ESHIKOMOLO PD 5","t":"pdw","c":"Kakamega"}},{"type":"Feature","geometry":{"type":"Point","coordinates":[34.504628,0.322855]},"properties":{"id":"523263780","n":"EKERO A PD 9","t":"pdw","c":"Kakamega"}},{"type":"Feature","geometry":{"type":"Point","coordinates":[34.522138,0.295108]},"properties":{"id":"523240484","n":"ENYANGERA SOUTH PD 4","t":"pdw","c":"Kakamega"}},{"type":"Feature","geometry":{"type":"Point","coordinates":[34.513531,0.295943]},"properties":{"id":"523236995","n":"EBUBOLE B PS 7","t":"ps","c":"Kakamega"}},{"type":"Feature","geometry":{"type":"Point","coordinates":[34.507216,0.30497]},"properties":{"id":"523316176","n":"EMASINDE PD 5","t":"pdw","c":"Kakamega"}},{"type":"Feature","geometry":{"type":"Point","coordinates":[34.53347,0.288741]},"properties":{"id":"574294379","n":"Mwikabaniro Community, Kanenje Spring - 23310","t":"ps","c":"Kakamega"}},{"type":"Feature","geometry":{"type":"Point","coordinates":[34.498286,0.293945]},"properties":{"id":"523309165","n":"Eshikufu PD 10","t":"pdw","c":"Kakamega"}},{"type":"Feature","geometry":{"type":"Point","coordinates":[34.530985,0.311508]},"properties":{"id":"523240381","n":"Mulufu PD 3","t":"pdw","c":"Kakamega"}},{"type":"Feature","geometry":{"type":"Point","coordinates":[34.505449,0.320036]},"properties":{"id":"523229836","n":"EBUTINGO PD 12","t":"pdw","c":"Kakamega"}},{"type":"Feature","geometry":{"type":"Point","coordinates":[34.520659,0.299061]},"properties":{"id":"523328917","n":"ENYANGERA CENTRAL PD 9","t":"pdw","c":"Kakamega"}},{"type":"Feature","geometry":{"type":"Point","coordinates":[34.529023,0.32461]},"properties":{"id":"523260859","n":"MWITOTI B PD 3","t":"pdw","c":"Kakamega"}},{"type":"Feature","geometry":{"type":"Point","coordinates":[34.563968,0.29684]},"properties":{"id":"523332815","n":"Mushikulu B US 1","t":"us","c":"Kakamega"}},{"type":"Feature","geometry":{"type":"Point","coordinates":[34.568574,0.298472]},"properties":{"id":"523228419","n":"Emalingana PS 22","t":"ps","c":"Kakamega"}},{"type":"Feature","geometry":{"type":"Point","coordinates":[34.569833,0.317575]},"properties":{"id":"523298281","n":"Mwisasia PD 31","t":"pdw","c":"Kakamega"}},{"type":"Feature","geometry":{"type":"Point","coordinates":[34.496428,0.309697]},"properties":{"id":"523227645","n":"EBWALIRO A PD 12","t":"pdw","c":"Kakamega"}},{"type":"Feature","geometry":{"type":"Point","coordinates":[34.499219,0.294025]},"properties":{"id":"523216829","n":"Eshikufu PD 13","t":"pdw","c":"Kakamega"}},{"type":"Feature","geometry":{"type":"Point","coordinates":[34.560412,0.303573]},"properties":{"id":"523196437","n":"Lubinu PS 1","t":"ps","c":"Kakamega"}},{"type":"Feature","geometry":{"type":"Point","coordinates":[34.504184,0.320866]},"properties":{"id":"523278153","n":"EKERO A BH 17","t":"pdw","c":"Kakamega"}},{"type":"Feature","geometry":{"type":"Point","coordinates":[34.557465,0.304899]},"properties":{"id":"523245568","n":"Lubinu PD 18","t":"pdw","c":"Kakamega"}},{"type":"Feature","geometry":{"type":"Point","coordinates":[34.528174,0.29702]},"properties":{"id":"523305996","n":"Liyala PD 3","t":"pdw","c":"Kakamega"}},{"type":"Feature","geometry":{"type":"Point","coordinates":[34.504959,0.301759]},"properties":{"id":"523351791","n":"EBUYONI PD 7","t":"pdw","c":"Kakamega"}},{"type":"Feature","geometry":{"type":"Point","coordinates":[34.524986,0.323192]},"properties":{"id":"523309505","n":"BUTUNYI PD 12","t":"pdw","c":"Kakamega"}},{"type":"Feature","geometry":{"type":"Point","coordinates":[34.551558,0.293552]},"properties":{"id":"523280059","n":"Emulakha PD 3","t":"pdw","c":"Kakamega"}},{"type":"Feature","geometry":{"type":"Point","coordinates":[34.550276,0.323969]},"properties":{"id":"523214494","n":"KISUMU NDOGO PD 17","t":"pdw","c":"Kakamega"}},{"type":"Feature","geometry":{"type":"Point","coordinates":[34.571393,0.315593]},"properties":{"id":"523294232","n":"Shianda A PD 11","t":"pdw","c":"Kakamega"}},{"type":"Feature","geometry":{"type":"Point","coordinates":[34.55941,0.32231]},"properties":{"id":"523299323","n":"EBUCHIMBE PD 16","t":"pdw","c":"Kakamega"}},{"type":"Feature","geometry":{"type":"Point","coordinates":[34.542401,0.325828]},"properties":{"id":"523233916","n":"KISUMU NDOGO PD 8","t":"pdw","c":"Kakamega"}},{"type":"Feature","geometry":{"type":"Point","coordinates":[34.551173,0.297314]},"properties":{"id":"523214133","n":"Shibinga PD 6","t":"pdw","c":"Kakamega"}},{"type":"Feature","geometry":{"type":"Point","coordinates":[34.553039,0.285221]},"properties":{"id":"523342795","n":"Elwakana A PD 1","t":"pdw","c":"Kakamega"}},{"type":"Feature","geometry":{"type":"Point","coordinates":[34.554564,0.311144]},"properties":{"id":"523288246","n":"Wetsetse PS 2","t":"ps","c":"Kakamega"}},{"type":"Feature","geometry":{"type":"Point","coordinates":[34.521895,0.310884]},"properties":{"id":"523292759","n":"EMALISHIRA PD 26","t":"pdw","c":"Kakamega"}},{"type":"Feature","geometry":{"type":"Point","coordinates":[34.551779,0.298927]},"properties":{"id":"523275875","n":"Shibinga PD 9","t":"pdw","c":"Kakamega"}},{"type":"Feature","geometry":{"type":"Point","coordinates":[34.567588,0.31983]},"properties":{"id":"523291923","n":"MWIMANYE PD 28","t":"pdw","c":"Kakamega"}},{"type":"Feature","geometry":{"type":"Point","coordinates":[34.517261,0.286925]},"properties":{"id":"523285872","n":"Mukhome PD 6","t":"pdw","c":"Kakamega"}},{"type":"Feature","geometry":{"type":"Point","coordinates":[34.568786,0.314552]},"properties":{"id":"523194806","n":"Mwisasia PD 18","t":"pdw","c":"Kakamega"}},{"type":"Feature","geometry":{"type":"Point","coordinates":[34.551311,0.29378]},"properties":{"id":"523195670","n":"Emulakha PD 2","t":"pdw","c":"Kakamega"}},{"type":"Feature","geometry":{"type":"Point","coordinates":[34.50568,0.303317]},"properties":{"id":"523270461","n":"EBUYONI PD 4","t":"pdw","c":"Kakamega"}},{"type":"Feature","geometry":{"type":"Point","coordinates":[34.487961,0.303656]},"properties":{"id":"523259655","n":"ICHINGO US 3","t":"us","c":"Kakamega"}},{"type":"Feature","geometry":{"type":"Point","coordinates":[34.550435,0.283621]},"properties":{"id":"523259071","n":"Eshiambale PD 4","t":"pdw","c":"Kakamega"}},{"type":"Feature","geometry":{"type":"Point","coordinates":[34.56856,0.316833]},"properties":{"id":"523246600","n":"Mwisasia PD 25","t":"pdw","c":"Kakamega"}},{"type":"Feature","geometry":{"type":"Point","coordinates":[34.54348,0.330753]},"properties":{"id":"523234560","n":"Mulimani PD11","t":"pdw","c":"Kakamega"}},{"type":"Feature","geometry":{"type":"Point","coordinates":[34.527875,0.331947]},"properties":{"id":"523315137","n":"Mwitoti PD 6","t":"pdw","c":"Kakamega"}},{"type":"Feature","geometry":{"type":"Point","coordinates":[34.575974,0.297261]},"properties":{"id":"523283753","n":"Mulwanda US 19","t":"us","c":"Kakamega"}},{"type":"Feature","geometry":{"type":"Point","coordinates":[34.572411,0.313747]},"properties":{"id":"523339881","n":"Shianda A PD 24","t":"pdw","c":"Kakamega"}},{"type":"Feature","geometry":{"type":"Point","coordinates":[34.509179,0.300967]},"properties":{"id":"523228763","n":"EMWANDA PD 10","t":"pdw","c":"Kakamega"}},{"type":"Feature","geometry":{"type":"Point","coordinates":[34.550094,0.283102]},"properties":{"id":"523245032","n":"Eshiambale PD 5","t":"pdw","c":"Kakamega"}},{"type":"Feature","geometry":{"type":"Point","coordinates":[34.533413,0.329575]},"properties":{"id":"523311724","n":"Khulwanda PD10","t":"pdw","c":"Kakamega"}},{"type":"Feature","geometry":{"type":"Point","coordinates":[34.5408,0.332022]},"properties":{"id":"523194057","n":"Eshikumulo PD5","t":"pdw","c":"Kakamega"}},{"type":"Feature","geometry":{"type":"Point","coordinates":[34.580778,0.30573]},"properties":{"id":"523330064","n":"Shilarumwa PD'4","t":"pdw","c":"Kakamega"}},{"type":"Feature","geometry":{"type":"Point","coordinates":[34.506807,0.293383]},"properties":{"id":"416580958","n":"Kamashia Health Centre - 22416","t":"bh","c":"Kakamega","d":80.0}},{"type":"Feature","geometry":{"type":"Point","coordinates":[34.511475,0.292595]},"properties":{"id":"523224037","n":"Khwiondwe B PD 11","t":"pdw","c":"Kakamega"}},{"type":"Feature","geometry":{"type":"Point","coordinates":[34.516996,0.30952]},"properties":{"id":"523248767","n":"EMWAKU PS 15","t":"ps","c":"Kakamega"}},{"type":"Feature","geometry":{"type":"Point","coordinates":[34.506098,0.320974]},"properties":{"id":"523351399","n":"EBUTINGO PD 14","t":"pdw","c":"Kakamega"}},{"type":"Feature","geometry":{"type":"Point","coordinates":[34.503874,0.315758]},"properties":{"id":"523251932","n":"ESHIKWENYI PD 5","t":"pdw","c":"Kakamega"}},{"type":"Feature","geometry":{"type":"Point","coordinates":[34.531007,0.292773]},"properties":{"id":"523273701","n":"Liyala PD2","t":"pdw","c":"Kakamega"}},{"type":"Feature","geometry":{"type":"Point","coordinates":[34.54277,0.325868]},"properties":{"id":"523330208","n":"KISUMU NDOGO PD 7","t":"pdw","c":"Kakamega"}},{"type":"Feature","geometry":{"type":"Point","coordinates":[34.524043,0.32197]},"properties":{"id":"523311425","n":"EMALISHIRA PD 11","t":"pdw","c":"Kakamega"}},{"type":"Feature","geometry":{"type":"Point","coordinates":[34.501156,0.319475]},"properties":{"id":"523234553","n":"EBUJWANG'A A PD 12","t":"pdw","c":"Kakamega"}},{"type":"Feature","geometry":{"type":"Point","coordinates":[34.558051,0.312114]},"properties":{"id":"523326465","n":"Musoma PD 11","t":"pdw","c":"Kakamega"}},{"type":"Feature","geometry":{"type":"Point","coordinates":[34.571751,0.321352]},"properties":{"id":"523266989","n":"Shianda PD 26","t":"pdw","c":"Kakamega"}},{"type":"Feature","geometry":{"type":"Point","coordinates":[34.581454,0.298048]},"properties":{"id":"523333256","n":"Shitoto B PD 21","t":"pdw","c":"Kakamega"}},{"type":"Feature","geometry":{"type":"Point","coordinates":[34.56753,0.319271]},"properties":{"id":"523324470","n":"MWIMANYE PD 26","t":"pdw","c":"Kakamega"}},{"type":"Feature","geometry":{"type":"Point","coordinates":[34.528063,0.309688]},"properties":{"id":"523303918","n":"Mulufu PS 1","t":"ps","c":"Kakamega"}},{"type":"Feature","geometry":{"type":"Point","coordinates":[34.571125,0.292132]},"properties":{"id":"523319784","n":"Emusaka PS 13","t":"pdw","c":"Kakamega"}},{"type":"Feature","geometry":{"type":"Point","coordinates":[34.55848,0.316236]},"properties":{"id":"523218474","n":"Musoma PD 18","t":"pdw","c":"Kakamega"}},{"type":"Feature","geometry":{"type":"Point","coordinates":[34.562614,0.316728]},"properties":{"id":"523259136","n":"Khulwanda PD 12","t":"pdw","c":"Kakamega"}},{"type":"Feature","geometry":{"type":"Point","coordinates":[34.578307,0.30921]},"properties":{"id":"523346043","n":"Shilarumwa PD'2","t":"pdw","c":"Kakamega"}},{"type":"Feature","geometry":{"type":"Point","coordinates":[34.569052,0.32454]},"properties":{"id":"523323981","n":"Busimbiro PD 16","t":"pdw","c":"Kakamega"}},{"type":"Feature","geometry":{"type":"Point","coordinates":[34.539803,0.288865]},"properties":{"id":"523195649","n":"Indoli PD 3","t":"pdw","c":"Kakamega"}},{"type":"Feature","geometry":{"type":"Point","coordinates":[34.525641,0.313785]},"properties":{"id":"523316107","n":"EMALISHIRA PS 18","t":"ps","c":"Kakamega"}},{"type":"Feature","geometry":{"type":"Point","coordinates":[34.572576,0.306481]},"properties":{"id":"523294706","n":"Khunyiri PD 6","t":"pdw","c":"Kakamega"}},{"type":"Feature","geometry":{"type":"Point","coordinates":[34.510158,0.307442]},"properties":{"id":"523245881","n":"EMWAKU PS 5","t":"ps","c":"Kakamega"}},{"type":"Feature","geometry":{"type":"Point","coordinates":[34.532407,0.283291]},"properties":{"id":"523219279","n":"Indangalasia US 1","t":"us","c":"Kakamega"}},{"type":"Feature","geometry":{"type":"Point","coordinates":[34.527819,0.300761]},"properties":{"id":"523197751","n":"Emuberi south 5","t":"pdw","c":"Kakamega"}},{"type":"Feature","geometry":{"type":"Point","coordinates":[34.57549,0.295305]},"properties":{"id":"523256786","n":"Mulwanda PH 19","t":"pdw","c":"Kakamega"}},{"type":"Feature","geometry":{"type":"Point","coordinates":[34.496534,0.310753]},"properties":{"id":"523261386","n":"EBWALIRO A PD 13","t":"pdw","c":"Kakamega"}},{"type":"Feature","geometry":{"type":"Point","coordinates":[34.545312,0.286214]},"properties":{"id":"523276711","n":"Mufisi PS 1","t":"ps","c":"Kakamega"}},{"type":"Feature","geometry":{"type":"Point","coordinates":[34.514561,0.302052]},"properties":{"id":"523322423","n":"EBUBOLE A PD 6","t":"pdw","c":"Kakamega"}},{"type":"Feature","geometry":{"type":"Point","coordinates":[34.516933,0.310609]},"properties":{"id":"523277310","n":"EMWAKU PD 16","t":"pdw","c":"Kakamega"}},{"type":"Feature","geometry":{"type":"Point","coordinates":[34.524107,0.317174]},"properties":{"id":"523240233","n":"EMALISHIRA PD 3","t":"pdw","c":"Kakamega"}},{"type":"Feature","geometry":{"type":"Point","coordinates":[34.574017,0.31169]},"properties":{"id":"523193063","n":"Shianda B PS 3","t":"ps","c":"Kakamega"}},{"type":"Feature","geometry":{"type":"Point","coordinates":[34.570446,0.293115]},"properties":{"id":"523279556","n":"Emalingana PD 14","t":"pdw","c":"Kakamega"}},{"type":"Feature","geometry":{"type":"Point","coordinates":[34.519504,0.306844]},"properties":{"id":"523204992","n":"MULUSIOLO PD 17","t":"pdw","c":"Kakamega"}},{"type":"Feature","geometry":{"type":"Point","coordinates":[34.498994,0.29261]},"properties":{"id":"523200613","n":"Eshikufu PD 12","t":"pdw","c":"Kakamega"}},{"type":"Feature","geometry":{"type":"Point","coordinates":[34.528284,0.323069]},"properties":{"id":"523268826","n":"MWITOTI B PD 12","t":"pdw","c":"Kakamega"}},{"type":"Feature","geometry":{"type":"Point","coordinates":[34.578272,0.300078]},"properties":{"id":"523329248","n":"Shitoto A PS 11","t":"ps","c":"Kakamega"}},{"type":"Feature","geometry":{"type":"Point","coordinates":[34.526353,0.294966]},"properties":{"id":"523342740","n":"Liyala PS 1","t":"ps","c":"Kakamega"}},{"type":"Feature","geometry":{"type":"Point","coordinates":[34.516434,0.316762]},"properties":{"id":"523239668","n":"ESHIKOMOLO PD 1","t":"pdw","c":"Kakamega"}}]}