{"type":"FeatureCollection","features":[{"type":"Feature","geometry":{"type":"Point","coordinates":[34.850151,0.376246]},"properties":{"id":"523271558","n":"Sasala PD 26","t":"pdw","c":"Kakamega"}},{"type":"Feature","geometry":{"type":"Point","coordinates":[34.781657,0.370375]},"properties":{"id":"523255194","n":"Kwava PD 6","t":"pdw","c":"Kakamega"}},{"type":"Feature","geometry":{"type":"Point","coordinates":[34.824962,0.400903]},"properties":{"id":"523195900","n":"Wetesa PD8","t":"pdw","c":"Kakamega"}},{"type":"Feature","geometry":{"type":"Point","coordinates":[34.783937,0.379478]},"properties":{"id":"523222248","n":"Ngaywa US 4","t":"us","c":"Kakamega"}},{"type":"Feature","geometry":{"type":"Point","coordinates":[34.844765,0.370995]},"properties":{"id":"523221553","n":"Sasala PD 95","t":"pdw","c":"Kakamega"}},{"type":"Feature","geometry":{"type":"Point","coordinates":[34.820957,0.39695]},"properties":{"id":"523261221","n":"Shing'ondo PS3","t":"ps","c":"Kakamega"}},{"type":"Feature","geometry":{"type":"Point","coordinates":[34.795752,0.346384]},"properties":{"id":"523243535","n":"Mulwanda PD 6","t":"pdw","c":"Kakamega"}},{"type":"Feature","geometry":{"type":"Point","coordinates":[34.78554,0.395216]},"properties":{"id":"506970447","n":"Shihome Primary School - 22211","t":"bh","c":"Kakamega","d":70.0}},{"type":"Feature","geometry":{"type":"Point","coordinates":[34.798393,0.425512]},"properties":{"id":"523249098","n":"Lusumu US4","t":"us","c":"Kakamega"}},{"type":"Feature","geometry":{"type":"Point","coordinates":[34.825422,0.394195]},"properties":{"id":"523308559","n":"Shiruma US4","t":"us","c":"Kakamega"}},{"type":"Feature","geometry":{"type":"Point","coordinates":[34.850763,0.376595]},"properties":{"id":"523301985","n":"Sasala PD 21","t":"pdw","c":"Kakamega"}},{"type":"Feature","geometry":{"type":"Point","coordinates":[34.831265,0.3768]},"properties":{"id":"523318570","n":"Luokho PD 1","t":"pdw","c":"Kakamega"}},{"type":"Feature","geometry":{"type":"Point","coordinates":[34.799273,0.430545]},"properties":{"id":"523271170","n":"Sundulo B PD 4","t":"pdw","c":"Kakamega"}},{"type":"Feature","geometry":{"type":"Point","coordinates":[34.844772,0.399863]},"properties":{"id":"523304074","n":"Kware A PD4","t":"pdw","c":"Kakamega"}},{"type":"Feature","geometry":{"type":"Point","coordinates":[34.844109,0.376526]},"properties":{"id":"523292168","n":"Sasala PD 68","t":"pdw","c":"Kakamega"}},{"type":"Feature","geometry":{"type":"Point","coordinates":[34.81748,0.375758]},"properties":{"id":"523234704","n":"Makale B BH 1","t":"bh","c":"Kakamega"}},{"type":"Feature","geometry":{"type":"Point","coordinates":[34.801655,0.398267]},"properties":{"id":"523284912","n":"Shianda US1","t":"us","c":"Kakamega"}},{"type":"Feature","geometry":{"type":"Point","coordinates":[34.83685,0.382163]},"properties":{"id":"523274922","n":"Alufu PD3","t":"pdw","c":"Kakamega"}},{"type":"Feature","geometry":{"type":"Point","coordinates":[34.83604,0.399685]},"properties":{"id":"523215206","n":"Kware B PD2","t":"pdw","c":"Kakamega"}},{"type":"Feature","geometry":{"type":"Point","coordinates":[34.792035,0.35952]},"properties":{"id":"523331175","n":"Lukunza US 2","t":"us","c":"Kakamega"}},{"type":"Feature","geometry":{"type":"Point","coordinates":[34.806189,0.414685]},"properties":{"id":"523312488","n":"Ikhanyi US1","t":"us","c":"Kakamega"}},{"type":"Feature","geometry":{"type":"Point","coordinates":[34.829528,0.380273]},"properties":{"id":"523261393","n":"Shiruma US2","t":"us","c":"Kakamega"}},{"type":"Feature","geometry":{"type":"Point","coordinates":[34.793942,0.394355]},"properties":{"id":"523269906","n":"Shiuna B US 5","t":"us","c":"Kakamega"}},{"type":"Feature","geometry":{"type":"Point","coordinates":[34.787637,0.35419]},"properties":{"id":"523204624","n":"Lumunyasi PD 2","t":"pdw","c":"Kakamega"}},{"type":"Feature","geometry":{"type":"Point","coordinates":[34.809429,0.392493]},"properties":{"id":"523288772","n":"Mayungu","t":"pdw","c":"Kakamega"}},{"type":"Feature","geometry":{"type":"Point","coordinates":[34.787362,0.356732]},"properties":{"id":"523242194","n":"Lumunyasi US 1","t":"us","c":"Kakamega"}},{"type":"Feature","geometry":{"type":"Point","coordinates":[34.818669,0.34641]},"properties":{"id":"523258867","n":"Shilalunga B PS 7","t":"ps","c":"Kakamega"}},{"type":"Feature","geometry":{"type":"Point","coordinates":[34.80659,0.375963]},"properties":{"id":"523277107","n":"Echemo PD 7","t":"pdw","c":"Kakamega"}},{"type":"Feature","geometry":{"type":"Point","coordinates":[34.828798,0.370695]},"properties":{"id":"523293451","n":"Luokho PS 8","t":"ps","c":"Kakamega"}},{"type":"Feature","geometry":{"type":"Point","coordinates":[34.823007,0.401392]},"properties":{"id":"523262679","n":"Wetesa PD7","t":"pdw","c":"Kakamega"}},{"type":"Feature","geometry":{"type":"Point","coordinates":[34.765911,0.44107]},"properties":{"id":"523207830","n":"Kamuchisu B PS 18","t":"ps","c":"Kakamega"}},{"type":"Feature","geometry":{"type":"Point","coordinates":[34.776266,0.429658]},"properties":{"id":"523279745","n":"Lusumu B UD 4","t":"udw","c":"Kakamega"}},{"type":"Feature","geometry":{"type":"Point","coordinates":[34.75396,0.40834]},"properties":{"id":"876298","n":"Namirama Friends Primary School - 4262","t":"bh","c":"Kakamega"}},{"type":"Feature","geometry":{"type":"Point","coordinates":[34.765769,0.403943]},"properties":{"id":"523270337","n":"Lukala C PD 4","t":"pdw","c":"Kakamega"}},{"type":"Feature","geometry":{"type":"Point","coordinates":[34.795372,0.414308]},"properties":{"id":"523247395","n":"Luasi PD4","t":"pdw","c":"Kakamega"}},{"type":"Feature","geometry":{"type":"Point","coordinates":[34.736164,0.401311]},"properties":{"id":"523292838","n":"Nakhayaka B US 2","t":"us","c":"Kakamega"}},{"type":"Feature","geometry":{"type":"Point","coordinates":[34.732598,0.426527]},"properties":{"id":"523246291","n":"Mukangu PS 2","t":"pdw","c":"Kakamega"}},{"type":"Feature","geometry":{"type":"Point","coordinates":[34.783135,0.405249]},"properties":{"id":"523242565","n":"Shikutse C US 2","t":"us","c":"Kakamega"}},{"type":"Feature","geometry":{"type":"Point","coordinates":[34.724638,0.398612]},"properties":{"id":"523249438","n":"Nakhayaka A PS 3","t":"ps","c":"Kakamega"}},{"type":"Feature","geometry":{"type":"Point","coordinates":[34.773052,0.436894]},"properties":{"id":"523293774","n":"Lutinye PD 5","t":"pdw","c":"Kakamega"}},{"type":"Feature","geometry":{"type":"Point","coordinates":[34.744571,0.429178]},"properties":{"id":"523304146","n":"Lukhuna PD 8","t":"pdw","c":"Kakamega"}},{"type":"Feature","geometry":{"type":"Point","coordinates":[34.780354,0.414343]},"properties":{"id":"523192897","n":"Lusumu A PD 6","t":"pdw","c":"Kakamega"}},{"type":"Feature","geometry":{"type":"Point","coordinates":[34.772929,0.434652]},"properties":{"id":"523235578","n":"Lutinye PS 9","t":"ps","c":"Kakamega"}},{"type":"Feature","geometry":{"type":"Point","coordinates":[34.758835,0.419074]},"properties":{"id":"523269700","n":"Mukoko PS 16","t":"ps","c":"Kakamega"}},{"type":"Feature","geometry":{"type":"Point","coordinates":[34.730711,0.400819]},"properties":{"id":"523309512","n":"Nakhayaka A PS 1","t":"ps","c":"Kakamega"}},{"type":"Feature","geometry":{"type":"Point","coordinates":[34.791655,0.404646]},"properties":{"id":"84829667","n":"Indulusia Community, Osanya Spring - 21024","t":"ps","c":"Kakamega"}},{"type":"Feature","geometry":{"type":"Point","coordinates":[34.753882,0.39628]},"properties":{"id":"523227092","n":"Lukume A PS 4","t":"ps","c":"Kakamega"}},{"type":"Feature","geometry":{"type":"Point","coordinates":[34.768564,0.449337]},"properties":{"id":"1027466","n":"Kalenda Primary School - 4347","t":"pdw","c":"Kakamega"}},{"type":"Feature","geometry":{"type":"Point","coordinates":[34.763343,0.447677]},"properties":{"id":"523208154","n":"Kamuchisu B PD 3","t":"pdw","c":"Kakamega"}},{"type":"Feature","geometry":{"type":"Point","coordinates":[34.784001,0.429801]},"properties":{"id":"523197177","n":"Kainanga UD 13","t":"udw","c":"Kakamega"}},{"type":"Feature","geometry":{"type":"Point","coordinates":[34.745816,0.407913]},"properties":{"id":"523212052","n":"Mwiyala PS 3","t":"ps","c":"Kakamega"}},{"type":"Feature","geometry":{"type":"Point","coordinates":[34.735376,0.431751]},"properties":{"id":"523343992","n":"Lukorido PD 2","t":"pdw","c":"Kakamega"}},{"type":"Feature","geometry":{"type":"Point","coordinates":[34.77757,0.439128]},"properties":{"id":"523302742","n":"Shikokwe PD 5","t":"pdw","c":"Kakamega"}},{"type":"Feature","geometry":{"type":"Point","coordinates":[34.773203,0.417053]},"properties":{"id":"523314631","n":"Bulupi C PD 7","t":"pdw","c":"Kakamega"}},{"type":"Feature","geometry":{"type":"Point","coordinates":[34.749769,0.440977]},"properties":{"id":"523274393","n":"Kawere PD 8","t":"pdw","c":"Kakamega"}},{"type":"Feature","geometry":{"type":"Point","coordinates":[34.77367,0.408131]},"properties":{"id":"523301992","n":"Shikutse B PS 9","t":"ps","c":"Kakamega"}},{"type":"Feature","geometry":{"type":"Point","coordinates":[34.778831,0.403586]},"properties":{"id":"523244062","n":"Shikutse A PS 18","t":"ps","c":"Kakamega"}},{"type":"Feature","geometry":{"type":"Point","coordinates":[34.783095,0.429344]},"properties":{"id":"523233026","n":"Kainanga PD 12","t":"pdw","c":"Kakamega"}},{"type":"Feature","geometry":{"type":"Point","coordinates":[34.797706,0.399763]},"properties":{"id":"523251578","n":"Shiuna A PS 14","t":"ps","c":"Kakamega"}},{"type":"Feature","geometry":{"type":"Point","coordinates":[34.752966,0.408736]},"properties":{"id":"523207081","n":"Mwiyala BH 8","t":"bh","c":"Kakamega"}},{"type":"Feature","geometry":{"type":"Point","coordinates":[34.759415,0.433705]},"properties":{"id":"523239211","n":"Kamuchisu A PS 13","t":"ps","c":"Kakamega"}},{"type":"Feature","geometry":{"type":"Point","coordinates":[34.764866,0.424955]},"properties":{"id":"523270193","n":"Bulupi B PS 3","t":"ps","c":"Kakamega"}},{"type":"Feature","geometry":{"type":"Point","coordinates":[34.757843,0.421186]},"properties":{"id":"523291040","n":"Mukoko PD 17","t":"pdw","c":"Kakamega"}},{"type":"Feature","geometry":{"type":"Point","coordinates":[34.755347,0.403599]},"properties":{"id":"523311449","n":"Mundovela PD 8","t":"pdw","c":"Kakamega"}},{"type":"Feature","geometry":{"type":"Point","coordinates":[34.737526,0.438942]},"properties":{"id":"876188","n":"Mutsuma Primary School - 4344","t":"bh","c":"Kakamega"}},{"type":"Feature","geometry":{"type":"Point","coordinates":[34.73743,0.398094]},"properties":{"id":"523230872","n":"Siere PS 2","t":"ps","c":"Kakamega"}},{"type":"Feature","geometry":{"type":"Point","coordinates":[34.776798,0.440578]},"properties":{"id":"523346218","n":"Kalenda South PD 15","t":"pdw","c":"Kakamega"}},{"type":"Feature","geometry":{"type":"Point","coordinates":[34.766588,0.448193]},"properties":{"id":"523197768","n":"Kamuchisu B PD 9","t":"pdw","c":"Kakamega"}},{"type":"Feature","geometry":{"type":"Point","coordinates":[34.751146,0.400421]},"properties":{"id":"736923033","n":"Lukume A community, Lishindu spring - 410031","t":"ps","c":"Kakamega"}},{"type":"Feature","geometry":{"type":"Point","coordinates":[34.77575,0.428783]},"properties":{"id":"523262356","n":"Lusumu B US 5","t":"us","c":"Kakamega"}},{"type":"Feature","geometry":{"type":"Point","coordinates":[34.79193,0.402363]},"properties":{"id":"523236036","n":"Indulusia B PD 1","t":"pdw","c":"Kakamega"}},{"type":"Feature","geometry":{"type":"Point","coordinates":[34.753444,0.441165]},"properties":{"id":"523304579","n":"Kawere PD 1","t":"pdw","c":"Kakamega"}},{"type":"Feature","geometry":{"type":"Point","coordinates":[34.74814,0.4305]},"properties":{"id":"523308700","n":"Lukhuna PD 5","t":"pdw","c":"Kakamega"}},{"type":"Feature","geometry":{"type":"Point","coordinates":[34.748358,0.452535]},"properties":{"id":"523294263","n":"Chombeli North PD 7","t":"pdw","c":"Kakamega"}},{"type":"Feature","geometry":{"type":"Point","coordinates":[34.731997,0.431776]},"properties":{"id":"523268589","n":"Lukorido US 6","t":"us","c":"Kakamega"}},{"type":"Feature","geometry":{"type":"Point","coordinates":[34.778017,0.440448]},"properties":{"id":"523237783","n":"Shikokwe PD 7","t":"pdw","c":"Kakamega"}},{"type":"Feature","geometry":{"type":"Point","coordinates":[34.772282,0.426625]},"properties":{"id":"523289979","n":"Bulupi B PS 12","t":"ps","c":"Kakamega"}},{"type":"Feature","geometry":{"type":"Point","coordinates":[34.751434,0.424783]},"properties":{"id":"523286017","n":"Lishindu PD 6","t":"pdw","c":"Kakamega"}},{"type":"Feature","geometry":{"type":"Point","coordinates":[34.751366,0.403261]},"properties":{"id":"523270416","n":"Mukhulutsi US 6","t":"us","c":"Kakamega"}},{"type":"Feature","geometry":{"type":"Point","coordinates":[34.737257,0.43232]},"properties":{"id":"523282965","n":"Muriri B PD 11","t":"pdw","c":"Kakamega"}},{"type":"Feature","geometry":{"type":"Point","coordinates":[34.735721,0.420242]},"properties":{"id":"523346098","n":"Mulwanda PD 1","t":"pdw","c":"Kakamega"}},{"type":"Feature","geometry":{"type":"Point","coordinates":[34.768526,0.403937]},"properties":{"id":"523234711","n":"Lukala B PS 8","t":"ps","c":"Kakamega"}},{"type":"Feature","geometry":{"type":"Point","coordinates":[34.785883,0.428999]},"properties":{"id":"523221450","n":"Kainanga US 15","t":"us","c":"Kakamega"}},{"type":"Feature","geometry":{"type":"Point","coordinates":[34.737081,0.396057]},"properties":{"id":"523308676","n":"Siere PS 1","t":"ps","c":"Kakamega"}},{"type":"Feature","geometry":{"type":"Point","coordinates":[34.782393,0.426963]},"properties":{"id":"523213871","n":"Kainanga PD 3","t":"pdw","c":"Kakamega"}},{"type":"Feature","geometry":{"type":"Point","coordinates":[34.748097,0.43632]},"properties":{"id":"3487170","n":"Burundu Community Water Project - 4320","t":"bh","c":"Kakamega"}},{"type":"Feature","geometry":{"type":"Point","coordinates":[34.755208,0.42473]},"properties":{"id":"84829746","n":"Mukoko Community, Zebedayo Mutsotsi Spring - 21040","t":"ps","c":"Kakamega"}},{"type":"Feature","geometry":{"type":"Point","coordinates":[34.788261,0.405256]},"properties":{"id":"523302096","n":"Mukongolo US 1","t":"us","c":"Kakamega"}},{"type":"Feature","geometry":{"type":"Point","coordinates":[34.780487,0.406446]},"properties":{"id":"523208958","n":"Shikutse C US 4","t":"us","c":"Kakamega"}},{"type":"Feature","geometry":{"type":"Point","coordinates":[34.791163,0.408878]},"properties":{"id":"523282697","n":"Indulusia B PS 12","t":"ps","c":"Kakamega"}},{"type":"Feature","geometry":{"type":"Point","coordinates":[34.756783,0.423761]},"properties":{"id":"523322478","n":"Mukoko PD 7","t":"pdw","c":"Kakamega"}},{"type":"Feature","geometry":{"type":"Point","coordinates":[34.76911,0.432535]},"properties":{"id":"523270784","n":"Lutinye PS 11","t":"ps","c":"Kakamega"}},{"type":"Feature","geometry":{"type":"Point","coordinates":[34.797782,0.397621]},"properties":{"id":"523239912","n":"Shiuna A PD 13","t":"pdw","c":"Kakamega"}},{"type":"Feature","geometry":{"type":"Point","coordinates":[34.743531,0.412302]},"properties":{"id":"523262150","n":"Mukaniro PD 4","t":"pdw","c":"Kakamega"}},{"type":"Feature","geometry":{"type":"Point","coordinates":[34.75514,0.412929]},"properties":{"id":"523234955","n":"Imbiakalo PS 5","t":"ps","c":"Kakamega"}},{"type":"Feature","geometry":{"type":"Point","coordinates":[34.729578,0.43102]},"properties":{"id":"523331560","n":"Lukorido PD 14","t":"pdw","c":"Kakamega"}},{"type":"Feature","geometry":{"type":"Point","coordinates":[34.767993,0.4276]},"properties":{"id":"523231811","n":"Bulupi B PS 7","t":"ps","c":"Kakamega"}},{"type":"Feature","geometry":{"type":"Point","coordinates":[34.77277,0.434716]},"properties":{"id":"84828707","n":"Litinye Community, Shivina Spring - 20172","t":"ps","c":"Kakamega"}},{"type":"Feature","geometry":{"type":"Point","coordinates":[34.754208,0.418912]},"properties":{"id":"523284194","n":"Mukoko PD 1","t":"pdw","c":"Kakamega"}},{"type":"Feature","geometry":{"type":"Point","coordinates":[34.771262,0.432402]},"properties":{"id":"523261245","n":"Lutinye US 10","t":"us","c":"Kakamega"}},{"type":"Feature","geometry":{"type":"Point","coordinates":[34.751174,0.400491]},"properties":{"id":"523304926","n":"Lukume A US 1","t":"us","c":"Kakamega"}},{"type":"Feature","geometry":{"type":"Point","coordinates":[34.780041,0.422035]},"properties":{"id":"523296148","n":"Lusumu C PS 6","t":"ps","c":"Kakamega"}},{"type":"Feature","geometry":{"type":"Point","coordinates":[34.76548,0.430739]},"properties":{"id":"523256229","n":"Kamuchisu A PD 4","t":"pdw","c":"Kakamega"}},{"type":"Feature","geometry":{"type":"Point","coordinates":[34.78312,0.405207]},"properties":{"id":"523342159","n":"Shikutse C PS 1","t":"ps","c":"Kakamega"}},{"type":"Feature","geometry":{"type":"Point","coordinates":[34.768786,0.412357]},"properties":{"id":"523268369","n":"Bulupi A PD 5","t":"pdw","c":"Kakamega"}},{"type":"Feature","geometry":{"type":"Point","coordinates":[34.792903,0.405465]},"properties":{"id":"523295680","n":"Indulusia B PD 5","t":"pdw","c":"Kakamega"}},{"type":"Feature","geometry":{"type":"Point","coordinates":[34.729759,0.40367]},"properties":{"id":"699571610","n":"Wambani Community, Lukhafwa Spring - 410015","t":"ps","c":"Kakamega"}},{"type":"Feature","geometry":{"type":"Point","coordinates":[34.781014,0.425733]},"properties":{"id":"523279752","n":"Lusumu C UD 3","t":"udw","c":"Kakamega"}},{"type":"Feature","geometry":{"type":"Point","coordinates":[34.739738,0.407696]},"properties":{"id":"416580886","n":"Mukaniro Community, Libuyi Spring - 22058","t":"ps","c":"Kakamega"}},{"type":"Feature","geometry":{"type":"Point","coordinates":[34.781547,0.428334]},"properties":{"id":"523248516","n":"Kainanga PD 5","t":"pdw","c":"Kakamega"}},{"type":"Feature","geometry":{"type":"Point","coordinates":[34.788222,0.416093]},"properties":{"id":"523228677","n":"Mukongolo PS 8","t":"ps","c":"Kakamega"}},{"type":"Feature","geometry":{"type":"Point","coordinates":[34.753796,0.417441]},"properties":{"id":"523346775","n":"Imbiakalo PD 11","t":"pdw","c":"Kakamega"}},{"type":"Feature","geometry":{"type":"Point","coordinates":[34.781424,0.424244]},"properties":{"id":"523279288","n":"Lusumu C PD 4","t":"pdw","c":"Kakamega"}},{"type":"Feature","geometry":{"type":"Point","coordinates":[34.745738,0.421894]},"properties":{"id":"523221216","n":"Lishindu PD 2","t":"pdw","c":"Kakamega"}},{"type":"Feature","geometry":{"type":"Point","coordinates":[34.755036,0.437542]},"properties":{"id":"523295862","n":"Burundu PD 7","t":"pdw","c":"Kakamega"}},{"type":"Feature","geometry":{"type":"Point","coordinates":[34.738566,0.434125]},"properties":{"id":"523282006","n":"Muriri B PD 13","t":"pdw","c":"Kakamega"}},{"type":"Feature","geometry":{"type":"Point","coordinates":[34.732246,0.432325]},"properties":{"id":"523286536","n":"Lukorido US 7","t":"us","c":"Kakamega"}},{"type":"Feature","geometry":{"type":"Point","coordinates":[34.740697,0.415153]},"properties":{"id":"523197933","n":"Mukaniro PD 1","t":"pdw","c":"Kakamega"}},{"type":"Feature","geometry":{"type":"Point","coordinates":[34.730183,0.409096]},"properties":{"id":"523348612","n":"Wambani PD 2","t":"pdw","c":"Kakamega"}},{"type":"Feature","geometry":{"type":"Point","coordinates":[34.7368,0.414761]},"properties":{"id":"523264011","n":"Mulwanda PD 4","t":"pdw","c":"Kakamega"}},{"type":"Feature","geometry":{"type":"Point","coordinates":[34.783085,0.404361]},"properties":{"id":"523264396","n":"Shikutse A US 22","t":"us","c":"Kakamega"}},{"type":"Feature","geometry":{"type":"Point","coordinates":[34.765016,0.417433]},"properties":{"id":"523215402","n":"Mukoko US 8","t":"us","c":"Kakamega"}},{"type":"Feature","geometry":{"type":"Point","coordinates":[34.797507,0.407007]},"properties":{"id":"412744561","n":"Indulusia Community, Abuyeka Spring - 22085","t":"ps","c":"Kakamega"}},{"type":"Feature","geometry":{"type":"Point","coordinates":[34.764202,0.399603]},"properties":{"id":"523267337","n":"Mundovela US 3","t":"us","c":"Kakamega"}},{"type":"Feature","geometry":{"type":"Point","coordinates":[34.794749,0.412483]},"properties":{"id":"523311982","n":"Luasi US2","t":"us","c":"Kakamega"}},{"type":"Feature","geometry":{"type":"Point","coordinates":[34.790436,0.409007]},"properties":{"id":"523276089","n":"Mukongolo PS 5","t":"ps","c":"Kakamega"}},{"type":"Feature","geometry":{"type":"Point","coordinates":[34.763142,0.403015]},"properties":{"id":"523301727","n":"Mundovela PS 4","t":"ps","c":"Kakamega"}},{"type":"Feature","geometry":{"type":"Point","coordinates":[34.762429,0.430943]},"properties":{"id":"523294689","n":"Kamuchisu A US 8","t":"us","c":"Kakamega"}},{"type":"Feature","geometry":{"type":"Point","coordinates":[34.754019,0.423778]},"properties":{"id":"523248547","n":"Mukoko PS 5","t":"ps","c":"Kakamega"}},{"type":"Feature","geometry":{"type":"Point","coordinates":[34.781343,0.405855]},"properties":{"id":"523278452","n":"Shikutse C BH 3","t":"bh","c":"Kakamega"}},{"type":"Feature","geometry":{"type":"Point","coordinates":[34.728501,0.40983]},"properties":{"id":"523339331","n":"Wambani PS 7","t":"ps","c":"Kakamega"}},{"type":"Feature","geometry":{"type":"Point","coordinates":[34.753282,0.434197]},"properties":{"id":"523291208","n":"Burundu PS 6","t":"ps","c":"Kakamega"}},{"type":"Feature","geometry":{"type":"Point","coordinates":[34.769087,0.432586]},"properties":{"id":"366925261","n":"Litinye Community, Mutumamu Spring - 22001","t":"ps","c":"Kakamega"}},{"type":"Feature","geometry":{"type":"Point","coordinates":[34.780441,0.430334]},"properties":{"id":"523211587","n":"Kainanga PD 7","t":"pdw","c":"Kakamega"}},{"type":"Feature","geometry":{"type":"Point","coordinates":[34.770885,0.440847]},"properties":{"id":"523238021","n":"Kalenda South PD 20","t":"pdw","c":"Kakamega"}},{"type":"Feature","geometry":{"type":"Point","coordinates":[34.752854,0.410189]},"properties":{"id":"523345327","n":"Mukaniro PD 7","t":"pdw","c":"Kakamega"}},{"type":"Feature","geometry":{"type":"Point","coordinates":[34.77699,0.41607]},"properties":{"id":"523302917","n":"Lusumu A UD 2","t":"udw","c":"Kakamega"}},{"type":"Feature","geometry":{"type":"Point","coordinates":[34.733958,0.420986]},"properties":{"id":"523267612","n":"Mulimani PD 3","t":"pdw","c":"Kakamega"}},{"type":"Feature","geometry":{"type":"Point","coordinates":[34.778522,0.425576]},"properties":{"id":"523215426","n":"Lusumu D PS 4","t":"ps","c":"Kakamega"}},{"type":"Feature","geometry":{"type":"Point","coordinates":[34.745664,0.443609]},"properties":{"id":"523293970","n":"Muriri A PS 3","t":"ps","c":"Kakamega"}},{"type":"Feature","geometry":{"type":"Point","coordinates":[34.784927,0.436258]},"properties":{"id":"523316774","n":"Chiterezi US 7","t":"us","c":"Kakamega"}},{"type":"Feature","geometry":{"type":"Point","coordinates":[34.737732,0.426911]},"properties":{"id":"523242211","n":"Mukangu PD 8","t":"pdw","c":"Kakamega"}},{"type":"Feature","geometry":{"type":"Point","coordinates":[34.734286,0.434509]},"properties":{"id":"523240343","n":"Mutsuma PD 3","t":"pdw","c":"Kakamega"}},{"type":"Feature","geometry":{"type":"Point","coordinates":[34.766529,0.410092]},"properties":{"id":"523349369","n":"Bulupi A US 2","t":"us","c":"Kakamega"}},{"type":"Feature","geometry":{"type":"Point","coordinates":[34.756699,0.416837]},"properties":{"id":"523316767","n":"Imbiakalo PD 12","t":"pdw","c":"Kakamega"}},{"type":"Feature","geometry":{"type":"Point","coordinates":[34.755471,0.444505]},"properties":{"id":"523252775","n":"Kawere PD 2","t":"pdw","c":"Kakamega"}},{"type":"Feature","geometry":{"type":"Point","coordinates":[34.721258,0.417945]},"properties":{"id":"506970612","n":"Tengeti Community, Tengeti B Spring - 23112","t":"ps","c":"Kakamega"}},{"type":"Feature","geometry":{"type":"Point","coordinates":[34.771536,0.400876]},"properties":{"id":"523291002","n":"Lukala B PD 2","t":"pdw","c":"Kakamega"}},{"type":"Feature","geometry":{"type":"Point","coordinates":[34.763962,0.407912]},"properties":{"id":"523274795","n":"Lukala C PS 11","t":"ps","c":"Kakamega"}},{"type":"Feature","geometry":{"type":"Point","coordinates":[34.729955,0.434942]},"properties":{"id":"523336204","n":"Mutsuma PD 5","t":"pdw","c":"Kakamega"}},{"type":"Feature","geometry":{"type":"Point","coordinates":[34.780753,0.407771]},"properties":{"id":"523275284","n":"Shikutse C PS 7","t":"ps","c":"Kakamega"}},{"type":"Feature","geometry":{"type":"Point","coordinates":[34.748302,0.403007]},"properties":{"id":"523284273","n":"Mukhulutsi PD 8","t":"pdw","c":"Kakamega"}},{"type":"Feature","geometry":{"type":"Point","coordinates":[34.791617,0.404787]},"properties":{"id":"523281713","n":"Indulusia B PS 3","t":"ps","c":"Kakamega"}},{"type":"Feature","geometry":{"type":"Point","coordinates":[34.771693,0.419568]},"properties":{"id":"519979257","n":"Bulupi Community, David Andika Spring - 23114","t":"ps","c":"Kakamega"}},{"type":"Feature","geometry":{"type":"Point","coordinates":[34.77777,0.41901]},"properties":{"id":"432093427","n":"Lusumu A Community, Marko Luvale spring - 22096","t":"ps","c":"Kakamega"}},{"type":"Feature","geometry":{"type":"Point","coordinates":[34.782896,0.419468]},"properties":{"id":"523234649","n":"Lusumu C PS 10","t":"ps","c":"Kakamega"}},{"type":"Feature","geometry":{"type":"Point","coordinates":[34.751393,0.403476]},"properties":{"id":"523349266","n":"Mukhulutsi PS 5","t":"ps","c":"Kakamega"}},{"type":"Feature","geometry":{"type":"Point","coordinates":[34.728513,0.427603]},"properties":{"id":"523244505","n":"Lukorido PS 17","t":"ps","c":"Kakamega"}},{"type":"Feature","geometry":{"type":"Point","coordinates":[34.763838,0.433375]},"properties":{"id":"523255596","n":"Kamuchisu A PD 9","t":"pdw","c":"Kakamega"}},{"type":"Feature","geometry":{"type":"Point","coordinates":[34.764927,0.445314]},"properties":{"id":"523310321","n":"Kamuchisu B PD 5","t":"pdw","c":"Kakamega"}},{"type":"Feature","geometry":{"type":"Point","coordinates":[34.750455,0.432825]},"properties":{"id":"539195824","n":"Lukhuna Community, Burundu Wangolo Spring - 23118","t":"ps","c":"Kakamega"}},{"type":"Feature","geometry":{"type":"Point","coordinates":[34.73656,0.44556]},"properties":{"id":"7458332","n":"Mukhonje, Ogola Spring - 4585","t":"ps","c":"Kakamega"}},{"type":"Feature","geometry":{"type":"Point","coordinates":[34.729149,0.43226]},"properties":{"id":"523324353","n":"Lukorido PD 13","t":"pdw","c":"Kakamega"}},{"type":"Feature","geometry":{"type":"Point","coordinates":[34.753879,0.421581]},"properties":{"id":"523269212","n":"Mukoko PD 4","t":"pdw","c":"Kakamega"}},{"type":"Feature","geometry":{"type":"Point","coordinates":[34.733045,0.409743]},"properties":{"id":"523337597","n":"Wambani PS 8","t":"ps","c":"Kakamega"}},{"type":"Feature","geometry":{"type":"Point","coordinates":[34.750243,0.432561]},"properties":{"id":"523341134","n":"Lukhuna PS 3","t":"ps","c":"Kakamega"}},{"type":"Feature","geometry":{"type":"Point","coordinates":[34.76549,0.416682]},"properties":{"id":"523298009","n":"Mukoko US 10","t":"us","c":"Kakamega"}},{"type":"Feature","geometry":{"type":"Point","coordinates":[34.798576,0.39731]},"properties":{"id":"523305769","n":"Shiuna A BH 12","t":"bh","c":"Kakamega"}},{"type":"Feature","geometry":{"type":"Point","coordinates":[34.729101,0.42406]},"properties":{"id":"523270540","n":"Mwikhupo PS 2","t":"ps","c":"Kakamega"}},{"type":"Feature","geometry":{"type":"Point","coordinates":[34.764568,0.433695]},"properties":{"id":"523229513","n":"Kamuchisu A PD 10","t":"pdw","c":"Kakamega"}},{"type":"Feature","geometry":{"type":"Point","coordinates":[34.776676,0.426699]},"properties":{"id":"523291497","n":"Lusumu D PS 3","t":"ps","c":"Kakamega"}},{"type":"Feature","geometry":{"type":"Point","coordinates":[34.794301,0.400236]},"properties":{"id":"523305611","n":"Shiuna B BH 3","t":"bh","c":"Kakamega"}},{"type":"Feature","geometry":{"type":"Point","coordinates":[34.732713,0.430137]},"properties":{"id":"523301497","n":"Lukorido PD 5","t":"pdw","c":"Kakamega"}},{"type":"Feature","geometry":{"type":"Point","coordinates":[34.724636,0.428612]},"properties":{"id":"523288497","n":"Lukorido PS 16","t":"ps","c":"Kakamega"}},{"type":"Feature","geometry":{"type":"Point","coordinates":[34.769884,0.420023]},"properties":{"id":"523244471","n":"Bulupi B PS 1","t":"ps","c":"Kakamega"}},{"type":"Feature","geometry":{"type":"Point","coordinates":[34.754039,0.420018]},"properties":{"id":"523271008","n":"Mukoko PD 3","t":"pdw","c":"Kakamega"}},{"type":"Feature","geometry":{"type":"Point","coordinates":[34.736837,0.4247]},"properties":{"id":"523243542","n":"Mukangu PS 9","t":"ps","c":"Kakamega"}},{"type":"Feature","geometry":{"type":"Point","coordinates":[34.759825,0.438493]},"properties":{"id":"523243339","n":"Wechinia US 9","t":"us","c":"Kakamega"}},{"type":"Feature","geometry":{"type":"Point","coordinates":[34.792992,0.41859]},"properties":{"id":"523240783","n":"Luasi Community PS1","t":"ps","c":"Kakamega"}},{"type":"Feature","geometry":{"type":"Point","coordinates":[34.783023,0.436]},"properties":{"id":"523302890","n":"Shikokwe US 2","t":"us","c":"Kakamega"}},{"type":"Feature","geometry":{"type":"Point","coordinates":[34.737776,0.40474]},"properties":{"id":"523288260","n":"Bukhakunga PS 2","t":"ps","c":"Kakamega"}},{"type":"Feature","geometry":{"type":"Point","coordinates":[34.735444,0.414398]},"properties":{"id":"523235877","n":"Mulimani PD 5","t":"pdw","c":"Kakamega"}},{"type":"Feature","geometry":{"type":"Point","coordinates":[34.778119,0.419072]},"properties":{"id":"523348337","n":"Lusumu A PS 1","t":"ps","c":"Kakamega"}},{"type":"Feature","geometry":{"type":"Point","coordinates":[34.735116,0.414111]},"properties":{"id":"290455324","n":"Bukhakunga Primary School - 21270","t":"bh","c":"Kakamega","d":80.0}},{"type":"Feature","geometry":{"type":"Point","coordinates":[34.763372,0.419995]},"properties":{"id":"523319935","n":"Mukoko US 6","t":"us","c":"Kakamega"}},{"type":"Feature","geometry":{"type":"Point","coordinates":[34.744966,0.439614]},"properties":{"id":"523309828","n":"Kawere PS 11","t":"ps","c":"Kakamega"}},{"type":"Feature","geometry":{"type":"Point","coordinates":[34.72278,0.41065]},"properties":{"id":"876281","n":"Musidi Primary School Borehole - 4339","t":"bh","c":"Kakamega"}},{"type":"Feature","geometry":{"type":"Point","coordinates":[34.747463,0.440432]},"properties":{"id":"523290386","n":"Kawere PS 10","t":"ps","c":"Kakamega"}},{"type":"Feature","geometry":{"type":"Point","coordinates":[34.722017,0.416525]},"properties":{"id":"493192707","n":"Tengeti Community, Tengeti A Spring - 23117","t":"ps","c":"Kakamega"}},{"type":"Feature","geometry":{"type":"Point","coordinates":[34.775795,0.411454]},"properties":{"id":"523287362","n":"Bulupi A PS 7","t":"ps","c":"Kakamega"}},{"type":"Feature","geometry":{"type":"Point","coordinates":[34.793518,0.401701]},"properties":{"id":"523326032","n":"Shiuna B PD 2","t":"pdw","c":"Kakamega"}},{"type":"Feature","geometry":{"type":"Point","coordinates":[34.739187,0.436035]},"properties":{"id":"523212014","n":"Muriri B PD 2","t":"pdw","c":"Kakamega"}},{"type":"Feature","geometry":{"type":"Point","coordinates":[34.789148,0.405175]},"properties":{"id":"423406715","n":"Indulusia Community, Chisaina Spring - 22115","t":"ps","c":"Kakamega"}},{"type":"Feature","geometry":{"type":"Point","coordinates":[34.766256,0.449543]},"properties":{"id":"523250498","n":"Kamuchisu B PD 7","t":"pdw","c":"Kakamega"}},{"type":"Feature","geometry":{"type":"Point","coordinates":[34.770319,0.439073]},"properties":{"id":"523306791","n":"Lutinye BH 1","t":"bh","c":"Kakamega"}},{"type":"Feature","geometry":{"type":"Point","coordinates":[34.782706,0.430124]},"properties":{"id":"523241337","n":"Kainanga PD 11","t":"pdw","c":"Kakamega"}},{"type":"Feature","geometry":{"type":"Point","coordinates":[34.765881,0.414914]},"properties":{"id":"523284204","n":"Mukoko US 12","t":"us","c":"Kakamega"}},{"type":"Feature","geometry":{"type":"Point","coordinates":[34.725902,0.420725]},"properties":{"id":"523221182","n":"Lusumu PD 3","t":"pdw","c":"Kakamega"}},{"type":"Feature","geometry":{"type":"Point","coordinates":[34.792055,0.404852]},"properties":{"id":"84830634","n":"Indulusia Community, Wanyama Spring - 21015","t":"ps","c":"Kakamega"}},{"type":"Feature","geometry":{"type":"Point","coordinates":[34.745566,0.415558]},"properties":{"id":"523320957","n":"Mukaniro PS 5","t":"ps","c":"Kakamega"}},{"type":"Feature","geometry":{"type":"Point","coordinates":[34.740774,0.416581]},"properties":{"id":"523341189","n":"Mulwanda PS 3","t":"ps","c":"Kakamega"}},{"type":"Feature","geometry":{"type":"Point","coordinates":[34.769318,0.403347]},"properties":{"id":"523286299","n":"Lukala B US 7","t":"us","c":"Kakamega"}},{"type":"Feature","geometry":{"type":"Point","coordinates":[34.767253,0.450482]},"properties":{"id":"523306911","n":"Kalenda North PS 23","t":"ps","c":"Kakamega"}},{"type":"Feature","geometry":{"type":"Point","coordinates":[34.774325,0.401104]},"properties":{"id":"523228354","n":"Lukala A US 6","t":"us","c":"Kakamega"}},{"type":"Feature","geometry":{"type":"Point","coordinates":[34.768552,0.40395]},"properties":{"id":"84828824","n":"Lukala C Community, Livaha Spring - 20247","t":"ps","c":"Kakamega"}},{"type":"Feature","geometry":{"type":"Point","coordinates":[34.764765,0.404899]},"properties":{"id":"523196657","n":"Lukala C US 8","t":"us","c":"Kakamega"}},{"type":"Feature","geometry":{"type":"Point","coordinates":[34.770038,0.403729]},"properties":{"id":"523233507","n":"Lukala B US 5","t":"us","c":"Kakamega"}},{"type":"Feature","geometry":{"type":"Point","coordinates":[34.748425,0.432508]},"properties":{"id":"523289333","n":"Lukhuna PD 11","t":"pdw","c":"Kakamega"}},{"type":"Feature","geometry":{"type":"Point","coordinates":[34.789233,0.40148]},"properties":{"id":"523253068","n":"Indulusia A PD 7","t":"pdw","c":"Kakamega"}},{"type":"Feature","geometry":{"type":"Point","coordinates":[34.777833,0.405555]},"properties":{"id":"523200792","n":"Shikutse C PD 6","t":"pdw","c":"Kakamega"}},{"type":"Feature","geometry":{"type":"Point","coordinates":[34.773649,0.422973]},"properties":{"id":"523242730","n":"Bulupi B PD 9","t":"pdw","c":"Kakamega"}},{"type":"Feature","geometry":{"type":"Point","coordinates":[34.758727,0.426444]},"properties":{"id":"523290128","n":"Mukoko PD 9","t":"pdw","c":"Kakamega"}},{"type":"Feature","geometry":{"type":"Point","coordinates":[34.769576,0.441814]},"properties":{"id":"523291686","n":"Kamuchisu B PD 13","t":"pdw","c":"Kakamega"}},{"type":"Feature","geometry":{"type":"Point","coordinates":[34.753388,0.436453]},"properties":{"id":"523292182","n":"Lukhuna PS 2","t":"ps","c":"Kakamega"}},{"type":"Feature","geometry":{"type":"Point","coordinates":[34.786712,0.413121]},"properties":{"id":"523221917","n":"Mukongolo PS 9","t":"ps","c":"Kakamega"}},{"type":"Feature","geometry":{"type":"Point","coordinates":[34.722721,0.423583]},"properties":{"id":"523300111","n":"Lusumu US 1","t":"us","c":"Kakamega"}},{"type":"Feature","geometry":{"type":"Point","coordinates":[34.756717,0.402617]},"properties":{"id":"523206554","n":"Mundovela PS 6","t":"ps","c":"Kakamega"}},{"type":"Feature","geometry":{"type":"Point","coordinates":[34.792609,0.411668]},"properties":{"id":"523320751","n":"Indulusia B PD 10","t":"pdw","c":"Kakamega"}},{"type":"Feature","geometry":{"type":"Point","coordinates":[34.770914,0.426809]},"properties":{"id":"523239895","n":"Bulupi B US 13","t":"us","c":"Kakamega"}},{"type":"Feature","geometry":{"type":"Point","coordinates":[34.739906,0.428878]},"properties":{"id":"316006565","n":"Mukangu Community, Werabukaya Spring - 21031","t":"ps","c":"Kakamega"}},{"type":"Feature","geometry":{"type":"Point","coordinates":[34.72873,0.405791]},"properties":{"id":"523327985","n":"Wambani PS 5","t":"ps","c":"Kakamega"}},{"type":"Feature","geometry":{"type":"Point","coordinates":[34.741821,0.423136]},"properties":{"id":"523251114","n":"Sawawa PS 8","t":"ps","c":"Kakamega"}},{"type":"Feature","geometry":{"type":"Point","coordinates":[34.784398,0.412636]},"properties":{"id":"523206114","n":"Mukongolo PD 10","t":"pdw","c":"Kakamega"}},{"type":"Feature","geometry":{"type":"Point","coordinates":[34.764521,0.441134]},"properties":{"id":"523211109","n":"Kamuchisu B PS 17","t":"ps","c":"Kakamega"}},{"type":"Feature","geometry":{"type":"Point","coordinates":[34.774404,0.420164]},"properties":{"id":"523327545","n":"Lusumu D PD 1","t":"pdw","c":"Kakamega"}},{"type":"Feature","geometry":{"type":"Point","coordinates":[34.770475,0.450817]},"properties":{"id":"523236191","n":"Kalenda South PD 2","t":"pdw","c":"Kakamega"}},{"type":"Feature","geometry":{"type":"Point","coordinates":[34.772632,0.440507]},"properties":{"id":"523303932","n":"Kalenda South PD 18","t":"pdw","c":"Kakamega"}},{"type":"Feature","geometry":{"type":"Point","coordinates":[34.788379,0.404331]},"properties":{"id":"523329059","n":"Indulusia A US 9","t":"us","c":"Kakamega"}},{"type":"Feature","geometry":{"type":"Point","coordinates":[34.767988,0.409113]},"properties":{"id":"523350491","n":"Bulupi A US 3","t":"us","c":"Kakamega"}},{"type":"Feature","geometry":{"type":"Point","coordinates":[34.750928,0.442696]},"properties":{"id":"523259246","n":"Kawere PD 6","t":"pdw","c":"Kakamega"}},{"type":"Feature","geometry":{"type":"Point","coordinates":[34.750176,0.408897]},"properties":{"id":"523352280","n":"Mwiyala PD 4","t":"pdw","c":"Kakamega"}},{"type":"Feature","geometry":{"type":"Point","coordinates":[34.788725,0.420847]},"properties":{"id":"539195721","n":"Mukongolo Community, Isaac Mukaramoja Spring - 23123","t":"ps","c":"Kakamega"}},{"type":"Feature","geometry":{"type":"Point","coordinates":[34.782659,0.423604]},"properties":{"id":"523310709","n":"Lusumu C UD 7","t":"udw","c":"Kakamega"}},{"type":"Feature","geometry":{"type":"Point","coordinates":[34.72185,0.416404]},"properties":{"id":"523250711","n":"Tengeti PS 6","t":"ps","c":"Kakamega"}},{"type":"Feature","geometry":{"type":"Point","coordinates":[34.779312,0.418437]},"properties":{"id":"523228574","n":"Lusumu C US 11","t":"us","c":"Kakamega"}},{"type":"Feature","geometry":{"type":"Point","coordinates":[34.772222,0.403724]},"properties":{"id":"523241461","n":"Lukala B PS 3","t":"ps","c":"Kakamega"}},{"type":"Feature","geometry":{"type":"Point","coordinates":[34.782905,0.419659]},"properties":{"id":"523238014","n":"Lusumu C PS 9","t":"ps","c":"Kakamega"}},{"type":"Feature","geometry":{"type":"Point","coordinates":[34.767945,0.421855]},"properties":{"id":"523329750","n":"Bulupi B US 2","t":"us","c":"Kakamega"}},{"type":"Feature","geometry":{"type":"Point","coordinates":[34.788328,0.404265]},"properties":{"id":"523221694","n":"Indulusia A PS 8","t":"ps","c":"Kakamega"}},{"type":"Feature","geometry":{"type":"Point","coordinates":[34.730582,0.39819]},"properties":{"id":"523349486","n":"Nakhayaka B PD 4","t":"pdw","c":"Kakamega"}},{"type":"Feature","geometry":{"type":"Point","coordinates":[34.759413,0.439778]},"properties":{"id":"563537656","n":"Wechinia Community, Oliver Shikuku Spring - 23113","t":"ps","c":"Kakamega"}},{"type":"Feature","geometry":{"type":"Point","coordinates":[34.774774,0.415571]},"properties":{"id":"523205405","n":"Bulupi C BH 2","t":"bh","c":"Kakamega"}},{"type":"Feature","geometry":{"type":"Point","coordinates":[34.720567,0.412845]},"properties":{"id":"876308","n":"Musidi Community - 4319","t":"bh","c":"Kakamega"}},{"type":"Feature","geometry":{"type":"Point","coordinates":[34.727306,0.433218]},"properties":{"id":"523324683","n":"Lukorido PD 10","t":"pdw","c":"Kakamega"}},{"type":"Feature","geometry":{"type":"Point","coordinates":[34.776431,0.411217]},"properties":{"id":"523329729","n":"Bulupi A PS 8","t":"ps","c":"Kakamega"}},{"type":"Feature","geometry":{"type":"Point","coordinates":[34.77854,0.42553]},"properties":{"id":"272020063","n":"Lusumu D Community, Obuya Spring - 21038","t":"ps","c":"Kakamega"}},{"type":"Feature","geometry":{"type":"Point","coordinates":[34.766826,0.43301]},"properties":{"id":"523251482","n":"Kamuchisu A BH 1","t":"bh","c":"Kakamega"}},{"type":"Feature","geometry":{"type":"Point","coordinates":[34.785963,0.407034]},"properties":{"id":"523328175","n":"Mukongolo US 3","t":"us","c":"Kakamega"}},{"type":"Feature","geometry":{"type":"Point","coordinates":[34.74311,0.451813]},"properties":{"id":"523276838","n":"Chombeli North US 4","t":"us","c":"Kakamega"}},{"type":"Feature","geometry":{"type":"Point","coordinates":[34.772045,0.417443]},"properties":{"id":"523244811","n":"Bulupi C PS 8","t":"ps","c":"Kakamega"}},{"type":"Feature","geometry":{"type":"Point","coordinates":[34.777757,0.439345]},"properties":{"id":"523345396","n":"Shikokwe PD 6","t":"pdw","c":"Kakamega"}},{"type":"Feature","geometry":{"type":"Point","coordinates":[34.751738,0.426364]},"properties":{"id":"523333146","n":"Lishindu PS 5","t":"ps","c":"Kakamega"}},{"type":"Feature","geometry":{"type":"Point","coordinates":[34.74178,0.406298]},"properties":{"id":"385569628","n":"Mukaniro Community, Christopher Spring - 22046","t":"ps","c":"Kakamega"}},{"type":"Feature","geometry":{"type":"Point","coordinates":[34.753933,0.438185]},"properties":{"id":"523315711","n":"Burundu US 8","t":"us","c":"Kakamega"}},{"type":"Feature","geometry":{"type":"Point","coordinates":[34.779565,0.439657]},"properties":{"id":"523256157","n":"Shikokwe PD 7","t":"pdw","c":"Kakamega"}},{"type":"Feature","geometry":{"type":"Point","coordinates":[34.737785,0.4047]},"properties":{"id":"563537663","n":"Mukhulutsi Community, Petro Spring - 23129","t":"ps","c":"Kakamega"}},{"type":"Feature","geometry":{"type":"Point","coordinates":[34.751562,0.444926]},"properties":{"id":"523230023","n":"Kawere PS 5","t":"ps","c":"Kakamega"}},{"type":"Feature","geometry":{"type":"Point","coordinates":[34.782707,0.403738]},"properties":{"id":"523212351","n":"Shikutse A PS 20","t":"ps","c":"Kakamega"}},{"type":"Feature","geometry":{"type":"Point","coordinates":[34.79163,0.40463]},"properties":{"id":"272020128","n":"Indulusia Community, Molenje Spring - 21025","t":"ps","c":"Kakamega"}},{"type":"Feature","geometry":{"type":"Point","coordinates":[34.769096,0.415978]},"properties":{"id":"523237257","n":"Mukoko PD 13","t":"pdw","c":"Kakamega"}},{"type":"Feature","geometry":{"type":"Point","coordinates":[34.784818,0.430909]},"properties":{"id":"523227793","n":"Kainanga US 14","t":"us","c":"Kakamega"}},{"type":"Feature","geometry":{"type":"Point","coordinates":[34.793931,0.39631]},"properties":{"id":"523220480","n":"Shiuna B US 7","t":"us","c":"Kakamega"}},{"type":"Feature","geometry":{"type":"Point","coordinates":[34.736294,0.400027]},"properties":{"id":"523281926","n":"Nakhayaka B PS 1","t":"ps","c":"Kakamega"}},{"type":"Feature","geometry":{"type":"Point","coordinates":[34.758174,0.44892]},"properties":{"id":"523227171","n":"Kawere US 3","t":"us","c":"Kakamega"}},{"type":"Feature","geometry":{"type":"Point","coordinates":[34.783887,0.424937]},"properties":{"id":"523347484","n":"Kainanga BH 2","t":"bh","c":"Kakamega"}},{"type":"Feature","geometry":{"type":"Point","coordinates":[34.716581,0.419118]},"properties":{"id":"523223407","n":"Musidi PS 1","t":"ps","c":"Kakamega"}},{"type":"Feature","geometry":{"type":"Point","coordinates":[34.785419,0.41776]},"properties":{"id":"523238708","n":"Mukongolo US 13","t":"us","c":"Kakamega"}},{"type":"Feature","geometry":{"type":"Point","coordinates":[34.765985,0.432905]},"properties":{"id":"290455441","n":"Kamuchisu Primary School - 21248","t":"bh","c":"Kakamega","d":90.0}},{"type":"Feature","geometry":{"type":"Point","coordinates":[34.796875,0.412803]},"properties":{"id":"523308016","n":"Luasi PD3","t":"pdw","c":"Kakamega"}},{"type":"Feature","geometry":{"type":"Point","coordinates":[34.766506,0.437335]},"properties":{"id":"523208594","n":"Kamuchisu B PS 16","t":"ps","c":"Kakamega"}},{"type":"Feature","geometry":{"type":"Point","coordinates":[34.726977,0.416924]},"properties":{"id":"523346366","n":"Lusumu PD 5","t":"pdw","c":"Kakamega"}},{"type":"Feature","geometry":{"type":"Point","coordinates":[34.755709,0.41989]},"properties":{"id":"523334408","n":"Mukoko PD 19","t":"pdw","c":"Kakamega"}},{"type":"Feature","geometry":{"type":"Point","coordinates":[34.746083,0.4066]},"properties":{"id":"416580783","n":"Mukhulutsi Community, Kokonyo Spring - 22048","t":"ps","c":"Kakamega"}},{"type":"Feature","geometry":{"type":"Point","coordinates":[34.785977,0.409813]},"properties":{"id":"523227690","n":"Mukongolo PD 4","t":"pdw","c":"Kakamega"}},{"type":"Feature","geometry":{"type":"Point","coordinates":[34.763313,0.440201]},"properties":{"id":"523346483","n":"Wechinia PD 7","t":"pdw","c":"Kakamega"}},{"type":"Feature","geometry":{"type":"Point","coordinates":[34.757852,0.435271]},"properties":{"id":"523289443","n":"Burundu PS 4","t":"ps","c":"Kakamega"}},{"type":"Feature","geometry":{"type":"Point","coordinates":[34.739184,0.437072]},"properties":{"id":"523308913","n":"Muriri B PD 1","t":"pdw","c":"Kakamega"}},{"type":"Feature","geometry":{"type":"Point","coordinates":[34.756492,0.418994]},"properties":{"id":"523215275","n":"Mukoko PD 20","t":"pdw","c":"Kakamega"}},{"type":"Feature","geometry":{"type":"Point","coordinates":[34.769953,0.42002]},"properties":{"id":"493192604","n":"Bulupi Community, Jeremiah Iyadi Spring - 23107","t":"ps","c":"Kakamega"}},{"type":"Feature","geometry":{"type":"Point","coordinates":[34.748796,0.42729]},"properties":{"id":"459133728","n":"Lishindu Community, Fred Avomba Spring - 22140","t":"ps","c":"Kakamega"}},{"type":"Feature","geometry":{"type":"Point","coordinates":[34.732689,0.428338]},"properties":{"id":"523210964","n":"Lukorido PD 3","t":"pdw","c":"Kakamega"}},{"type":"Feature","geometry":{"type":"Point","coordinates":[34.733637,0.429784]},"properties":{"id":"523332138","n":"Lukorido PD 4","t":"pdw","c":"Kakamega"}},{"type":"Feature","geometry":{"type":"Point","coordinates":[34.761231,0.443076]},"properties":{"id":"523233332","n":"Wechinia PD 4","t":"pdw","c":"Kakamega"}},{"type":"Feature","geometry":{"type":"Point","coordinates":[34.764333,0.421308]},"properties":{"id":"523309464","n":"Mukoko US 3","t":"us","c":"Kakamega"}},{"type":"Feature","geometry":{"type":"Point","coordinates":[34.768492,0.445348]},"properties":{"id":"523320579","n":"Kamuchisu B PD 12","t":"pdw","c":"Kakamega"}},{"type":"Feature","geometry":{"type":"Point","coordinates":[34.764478,0.402529]},"properties":{"id":"523349015","n":"Lukala C PD 6","t":"pdw","c":"Kakamega"}},{"type":"Feature","geometry":{"type":"Point","coordinates":[34.745023,0.452185]},"properties":{"id":"523323651","n":"Chombeli North PD 5","t":"pdw","c":"Kakamega"}},{"type":"Feature","geometry":{"type":"Point","coordinates":[34.752922,0.400993]},"properties":{"id":"523242637","n":"Mukhulutsi PD 2","t":"pdw","c":"Kakamega"}},{"type":"Feature","geometry":{"type":"Point","coordinates":[34.75013,0.431221]},"properties":{"id":"523241289","n":"Lukhuna US 4","t":"us","c":"Kakamega"}},{"type":"Feature","geometry":{"type":"Point","coordinates":[34.757873,0.43813]},"properties":{"id":"523340009","n":"Burundu US 2","t":"us","c":"Kakamega"}},{"type":"Feature","geometry":{"type":"Point","coordinates":[34.752675,0.451909]},"properties":{"id":"416580927","n":"Chombeli Community, Peter Shakava Spring - 22028","t":"ps","c":"Kakamega"}},{"type":"Feature","geometry":{"type":"Point","coordinates":[34.744399,0.446571]},"properties":{"id":"523266549","n":"Muriri A PD 1","t":"pdw","c":"Kakamega"}},{"type":"Feature","geometry":{"type":"Point","coordinates":[34.730447,0.413924]},"properties":{"id":"523210359","n":"Tengeti PD 1","t":"pdw","c":"Kakamega"}},{"type":"Feature","geometry":{"type":"Point","coordinates":[34.769521,0.403226]},"properties":{"id":"523305642","n":"Lukala B US 6","t":"us","c":"Kakamega"}},{"type":"Feature","geometry":{"type":"Point","coordinates":[34.778669,0.411326]},"properties":{"id":"523287393","n":"Shikutse B UD 4","t":"udw","c":"Kakamega"}},{"type":"Feature","geometry":{"type":"Point","coordinates":[34.728302,0.433075]},"properties":{"id":"523307314","n":"Lukorido BH 9","t":"bh","c":"Kakamega"}},{"type":"Feature","geometry":{"type":"Point","coordinates":[34.740502,0.436166]},"properties":{"id":"523303884","n":"Muriri B PD 3","t":"pdw","c":"Kakamega"}},{"type":"Feature","geometry":{"type":"Point","coordinates":[34.79061,0.402462]},"properties":{"id":"523282934","n":"Indulusia A US 11","t":"us","c":"Kakamega"}},{"type":"Feature","geometry":{"type":"Point","coordinates":[34.768496,0.439332]},"properties":{"id":"523262978","n":"Kamuchisu B PD 14","t":"pdw","c":"Kakamega"}},{"type":"Feature","geometry":{"type":"Point","coordinates":[34.738939,0.41301]},"properties":{"id":"523305219","n":"Mulwanda PD 7","t":"pdw","c":"Kakamega"}},{"type":"Feature","geometry":{"type":"Point","coordinates":[34.763978,0.420081]},"properties":{"id":"523212595","n":"Mukoko US 7","t":"us","c":"Kakamega"}},{"type":"Feature","geometry":{"type":"Point","coordinates":[34.801525,0.392627]},"properties":{"id":"523343411","n":"Shiuna A PS 3","t":"ps","c":"Kakamega"}},{"type":"Feature","geometry":{"type":"Point","coordinates":[34.763774,0.430507]},"properties":{"id":"523226981","n":"Kamuchisu A PD 7","t":"pdw","c":"Kakamega"}},{"type":"Feature","geometry":{"type":"Point","coordinates":[34.75838,0.447513]},"properties":{"id":"523218041","n":"Wechinia PD 13","t":"pdw","c":"Kakamega"}},{"type":"Feature","geometry":{"type":"Point","coordinates":[34.757651,0.42417]},"properties":{"id":"523282855","n":"Mukoko PD 8","t":"pdw","c":"Kakamega"}},{"type":"Feature","geometry":{"type":"Point","coordinates":[34.790622,0.414244]},"properties":{"id":"523215048","n":"Mukongolo US 7","t":"us","c":"Kakamega"}},{"type":"Feature","geometry":{"type":"Point","coordinates":[34.791404,0.408139]},"properties":{"id":"366925405","n":"Indulusia Community, Alfunce Shiroya Spring - 22033","t":"ps","c":"Kakamega"}},{"type":"Feature","geometry":{"type":"Point","coordinates":[34.73961,0.428484]},"properties":{"id":"523222509","n":"Mukangu PS 7","t":"ps","c":"Kakamega"}},{"type":"Feature","geometry":{"type":"Point","coordinates":[34.771828,0.418929]},"properties":{"id":"523324762","n":"Bulupi C US 9","t":"us","c":"Kakamega"}},{"type":"Feature","geometry":{"type":"Point","coordinates":[34.7301,0.411707]},"properties":{"id":"523209997","n":"Wambani PD 1","t":"pdw","c":"Kakamega"}},{"type":"Feature","geometry":{"type":"Point","coordinates":[34.758531,0.41123]},"properties":{"id":"523208336","n":"Imbiakalo PS 4","t":"ps","c":"Kakamega"}},{"type":"Feature","geometry":{"type":"Point","coordinates":[34.769201,0.436673]},"properties":{"id":"523228488","n":"Lutinye PS 3","t":"ps","c":"Kakamega"}},{"type":"Feature","geometry":{"type":"Point","coordinates":[34.731768,0.422157]},"properties":{"id":"403751758","n":"Mulwanda Community, Shaban Maikuva Spring - 22051","t":"ps","c":"Kakamega"}},{"type":"Feature","geometry":{"type":"Point","coordinates":[34.764081,0.447526]},"properties":{"id":"523273213","n":"Kamuchisu B PD 4","t":"pdw","c":"Kakamega"}},{"type":"Feature","geometry":{"type":"Point","coordinates":[34.741241,0.400975]},"properties":{"id":"523325835","n":"Siere US 3","t":"us","c":"Kakamega"}},{"type":"Feature","geometry":{"type":"Point","coordinates":[34.741124,0.405555]},"properties":{"id":"523257983","n":"Mukaniro PS 1","t":"ps","c":"Kakamega"}},{"type":"Feature","geometry":{"type":"Point","coordinates":[34.76292,0.449517]},"properties":{"id":"523321013","n":"Kamuchisu B US 1","t":"us","c":"Kakamega"}},{"type":"Feature","geometry":{"type":"Point","coordinates":[34.772845,0.404239]},"properties":{"id":"523229496","n":"Shikutse B US 11","t":"us","c":"Kakamega"}},{"type":"Feature","geometry":{"type":"Point","coordinates":[34.745589,0.443525]},"properties":{"id":"552713900","n":"Mutsuma community, Likuyi Spring - 23124","t":"ps","c":"Kakamega"}},{"type":"Feature","geometry":{"type":"Point","coordinates":[34.744138,0.398953]},"properties":{"id":"84830593","n":"Mayuge Community, Ucheka Spring - 21035","t":"ps","c":"Kakamega"}},{"type":"Feature","geometry":{"type":"Point","coordinates":[34.791283,0.40988]},"properties":{"id":"523311315","n":"Indulusia B PS 11","t":"ps","c":"Kakamega"}},{"type":"Feature","geometry":{"type":"Point","coordinates":[34.796773,0.409353]},"properties":{"id":"523319904","n":"Indulusia B US 7","t":"us","c":"Kakamega"}},{"type":"Feature","geometry":{"type":"Point","coordinates":[34.789169,0.40507]},"properties":{"id":"523271448","n":"Indulusia A PS 10","t":"ps","c":"Kakamega"}},{"type":"Feature","geometry":{"type":"Point","coordinates":[34.762252,0.434905]},"properties":{"id":"523198824","n":"Kamuchisu A BH 11","t":"bh","c":"Kakamega"}},{"type":"Feature","geometry":{"type":"Point","coordinates":[34.765715,0.431712]},"properties":{"id":"523257914","n":"Kamuchisu A US 3","t":"us","c":"Kakamega"}},{"type":"Feature","geometry":{"type":"Point","coordinates":[34.790643,0.41653]},"properties":{"id":"523256913","n":"Luasi US1","t":"us","c":"Kakamega"}},{"type":"Feature","geometry":{"type":"Point","coordinates":[34.79932,0.402658]},"properties":{"id":"523325220","n":"Shianda PD4","t":"pdw","c":"Kakamega"}},{"type":"Feature","geometry":{"type":"Point","coordinates":[34.782784,0.422884]},"properties":{"id":"523275459","n":"Lusumu C PD 8","t":"pdw","c":"Kakamega"}},{"type":"Feature","geometry":{"type":"Point","coordinates":[34.725364,0.413502]},"properties":{"id":"523255974","n":"Tengeti PD 2","t":"pdw","c":"Kakamega"}},{"type":"Feature","geometry":{"type":"Point","coordinates":[34.75896,0.442052]},"properties":{"id":"523261410","n":"Wechinia PD 11","t":"pdw","c":"Kakamega"}},{"type":"Feature","geometry":{"type":"Point","coordinates":[34.775028,0.409176]},"properties":{"id":"523243308","n":"Shikutse B PD 7","t":"pdw","c":"Kakamega"}},{"type":"Feature","geometry":{"type":"Point","coordinates":[34.735448,0.429941]},"properties":{"id":"523310747","n":"Mukangu PD 4","t":"pdw","c":"Kakamega"}},{"type":"Feature","geometry":{"type":"Point","coordinates":[34.741433,0.433348]},"properties":{"id":"523287173","n":"Muriri B PS 6","t":"ps","c":"Kakamega"}},{"type":"Feature","geometry":{"type":"Point","coordinates":[34.774508,0.414633]},"properties":{"id":"403751789","n":"Friends Bulupi Secondary School - 22279","t":"bh","c":"Kakamega","d":85.0}},{"type":"Feature","geometry":{"type":"Point","coordinates":[34.780253,0.410976]},"properties":{"id":"523281751","n":"Shikutse B PD 2","t":"pdw","c":"Kakamega"}},{"type":"Feature","geometry":{"type":"Point","coordinates":[34.754946,0.418116]},"properties":{"id":"523216520","n":"Mukoko PD 21","t":"pdw","c":"Kakamega"}},{"type":"Feature","geometry":{"type":"Point","coordinates":[34.737224,0.432415]},"properties":{"id":"523335715","n":"Muriri B BH 12","t":"bh","c":"Kakamega"}},{"type":"Feature","geometry":{"type":"Point","coordinates":[34.734155,0.396981]},"properties":{"id":"523289498","n":"Nakhayaka B PD 3","t":"pdw","c":"Kakamega"}},{"type":"Feature","geometry":{"type":"Point","coordinates":[34.75079,0.396972]},"properties":{"id":"523230377","n":"Lukume A PS 3","t":"ps","c":"Kakamega"}},{"type":"Feature","geometry":{"type":"Point","coordinates":[34.7803,0.412924]},"properties":{"id":"523314909","n":"Lusumu A PD 7","t":"pdw","c":"Kakamega"}},{"type":"Feature","geometry":{"type":"Point","coordinates":[34.76142,0.440449]},"properties":{"id":"523231158","n":"Wechinia PS 6","t":"ps","c":"Kakamega"}},{"type":"Feature","geometry":{"type":"Point","coordinates":[34.7538,0.418695]},"properties":{"id":"523349637","n":"Lishindu PD 7","t":"pdw","c":"Kakamega"}},{"type":"Feature","geometry":{"type":"Point","coordinates":[34.753851,0.40836]},"properties":{"id":"661122402","n":"Imbiakhalo Primary School - 22255","t":"bh","c":"Kakamega","d":80.0}},{"type":"Feature","geometry":{"type":"Point","coordinates":[34.761505,0.424233]},"properties":{"id":"523291095","n":"Mukoko US 13","t":"us","c":"Kakamega"}},{"type":"Feature","geometry":{"type":"Point","coordinates":[34.738831,0.428575]},"properties":{"id":"563537625","n":"Mukangu Community, Ibrahim Werabukaya Spring - 23126","t":"ps","c":"Kakamega"}},{"type":"Feature","geometry":{"type":"Point","coordinates":[34.728696,0.409777]},"properties":{"id":"506970571","n":"Wambani Community, Achimba Spring - 23115","t":"ps","c":"Kakamega"}},{"type":"Feature","geometry":{"type":"Point","coordinates":[34.732567,0.407019]},"properties":{"id":"523320995","n":"Wambani PS 3","t":"ps","c":"Kakamega"}},{"type":"Feature","geometry":{"type":"Point","coordinates":[34.735926,0.427157]},"properties":{"id":"523308133","n":"Mukangu PS 3","t":"pdw","c":"Kakamega"}},{"type":"Feature","geometry":{"type":"Point","coordinates":[34.741263,0.431136]},"properties":{"id":"523331302","n":"Muriri B PD 7","t":"pdw","c":"Kakamega"}},{"type":"Feature","geometry":{"type":"Point","coordinates":[34.762391,0.44805]},"properties":{"id":"523312608","n":"Wechinia PD 1","t":"pdw","c":"Kakamega"}},{"type":"Feature","geometry":{"type":"Point","coordinates":[34.748438,0.429543]},"properties":{"id":"523233648","n":"Lukhuna PS 6","t":"ps","c":"Kakamega"}},{"type":"Feature","geometry":{"type":"Point","coordinates":[34.759678,0.427745]},"properties":{"id":"523237264","n":"Mukoko PS 10","t":"ps","c":"Kakamega"}},{"type":"Feature","geometry":{"type":"Point","coordinates":[34.756724,0.422188]},"properties":{"id":"523317641","n":"Mukoko PD 18","t":"pdw","c":"Kakamega"}},{"type":"Feature","geometry":{"type":"Point","coordinates":[34.782666,0.403829]},"properties":{"id":"523260653","n":"Shikutse A US 21","t":"us","c":"Kakamega"}},{"type":"Feature","geometry":{"type":"Point","coordinates":[34.744267,0.409846]},"properties":{"id":"523235956","n":"Mukaniro PD 3","t":"pdw","c":"Kakamega"}},{"type":"Feature","geometry":{"type":"Point","coordinates":[34.795603,0.404259]},"properties":{"id":"523211972","n":"Shiuna B BH 1","t":"bh","c":"Kakamega"}},{"type":"Feature","geometry":{"type":"Point","coordinates":[34.740209,0.431527]},"properties":{"id":"523293523","n":"Muriri B PD 9","t":"pdw","c":"Kakamega"}},{"type":"Feature","geometry":{"type":"Point","coordinates":[34.77985,0.414141]},"properties":{"id":"523255125","n":"Lusumu A PD 5","t":"pdw","c":"Kakamega"}},{"type":"Feature","geometry":{"type":"Point","coordinates":[34.755107,0.424746]},"properties":{"id":"523193331","n":"Mukoko PS 6","t":"ps","c":"Kakamega"}},{"type":"Feature","geometry":{"type":"Point","coordinates":[34.741022,0.439549]},"properties":{"id":"523237570","n":"Muriri A PS 4","t":"ps","c":"Kakamega"}},{"type":"Feature","geometry":{"type":"Point","coordinates":[34.760598,0.425142]},"properties":{"id":"523261829","n":"Mukoko US 12","t":"us","c":"Kakamega"}},{"type":"Feature","geometry":{"type":"Point","coordinates":[34.754721,0.419742]},"properties":{"id":"523217291","n":"Mukoko PD 2","t":"pdw","c":"Kakamega"}},{"type":"Feature","geometry":{"type":"Point","coordinates":[34.765271,0.448854]},"properties":{"id":"523212715","n":"Kamuchisu B PS 6","t":"ps","c":"Kakamega"}},{"type":"Feature","geometry":{"type":"Point","coordinates":[34.740781,0.444327]},"properties":{"id":"876171","n":"Eshikumulo Community - 4342","t":"bh","c":"Kakamega"}},{"type":"Feature","geometry":{"type":"Point","coordinates":[34.747394,0.41964]},"properties":{"id":"699571641","n":"Sawawa Primary School Water Project - 430005","t":"bh","c":"Kakamega","d":49.0}},{"type":"Feature","geometry":{"type":"Point","coordinates":[34.768852,0.412535]},"properties":{"id":"523316028","n":"Bulupi A PD 4","t":"pdw","c":"Kakamega"}},{"type":"Feature","geometry":{"type":"Point","coordinates":[34.772623,0.406367]},"properties":{"id":"523235815","n":"Shikutse B US 10","t":"us","c":"Kakamega"}},{"type":"Feature","geometry":{"type":"Point","coordinates":[34.780466,0.406461]},"properties":{"id":"523279673","n":"Shikutse C US 5","t":"us","c":"Kakamega"}},{"type":"Feature","geometry":{"type":"Point","coordinates":[34.767412,0.444459]},"properties":{"id":"523333407","n":"Kamuchisu B PD 11","t":"pdw","c":"Kakamega"}},{"type":"Feature","geometry":{"type":"Point","coordinates":[34.755841,0.443146]},"properties":{"id":"523282439","n":"Burundu PD 1","t":"pdw","c":"Kakamega"}},{"type":"Feature","geometry":{"type":"Point","coordinates":[34.736973,0.39612]},"properties":{"id":"412744592","n":"Suge Community, Alex Mulindo Spring - 22045","t":"ps","c":"Kakamega"}},{"type":"Feature","geometry":{"type":"Point","coordinates":[34.735773,0.431199]},"properties":{"id":"523224587","n":"Mukangu PD 5","t":"pdw","c":"Kakamega"}},{"type":"Feature","geometry":{"type":"Point","coordinates":[34.7691,0.426066]},"properties":{"id":"523303042","n":"Bulupi B PD 6","t":"pdw","c":"Kakamega"}},{"type":"Feature","geometry":{"type":"Point","coordinates":[34.753987,0.44112]},"properties":{"id":"876195","n":"Bulanda Community - 4341","t":"pdw","c":"Kakamega"}},{"type":"Feature","geometry":{"type":"Point","coordinates":[34.774735,0.415491]},"properties":{"id":"523294768","n":"Bulupi C PD 1","t":"pdw","c":"Kakamega"}},{"type":"Feature","geometry":{"type":"Point","coordinates":[34.750678,0.41587]},"properties":{"id":"523274647","n":"Sawawa US 2","t":"us","c":"Kakamega"}},{"type":"Feature","geometry":{"type":"Point","coordinates":[34.754975,0.440291]},"properties":{"id":"305464703","n":"Burundu Primary School - 21264","t":"bh","c":"Kakamega","d":80.0}},{"type":"Feature","geometry":{"type":"Point","coordinates":[34.74577,0.428544]},"properties":{"id":"523209612","n":"Lukhuna US 10","t":"us","c":"Kakamega"}},{"type":"Feature","geometry":{"type":"Point","coordinates":[34.75506,0.402103]},"properties":{"id":"523310792","n":"Mukhulutsi BH 1","t":"bh","c":"Kakamega"}},{"type":"Feature","geometry":{"type":"Point","coordinates":[34.742958,0.451023]},"properties":{"id":"523325653","n":"Chombeli North US 3","t":"us","c":"Kakamega"}},{"type":"Feature","geometry":{"type":"Point","coordinates":[34.764698,0.39974]},"properties":{"id":"523198453","n":"Lukala C US 1","t":"us","c":"Kakamega"}},{"type":"Feature","geometry":{"type":"Point","coordinates":[34.729835,0.407089]},"properties":{"id":"523325794","n":"Wambani PD 6","t":"pdw","c":"Kakamega"}},{"type":"Feature","geometry":{"type":"Point","coordinates":[34.77234,0.429424]},"properties":{"id":"523231653","n":"Lusumu B BH 2","t":"bh","c":"Kakamega"}},{"type":"Feature","geometry":{"type":"Point","coordinates":[34.772242,0.411675]},"properties":{"id":"523348588","n":"Bulupi A PS 6","t":"ps","c":"Kakamega"}},{"type":"Feature","geometry":{"type":"Point","coordinates":[34.759083,0.432412]},"properties":{"id":"523332626","n":"Burundu PS 5","t":"ps","c":"Kakamega"}},{"type":"Feature","geometry":{"type":"Point","coordinates":[34.78019,0.435525]},"properties":{"id":"523314569","n":"Shikokwe PD 1","t":"pdw","c":"Kakamega"}},{"type":"Feature","geometry":{"type":"Point","coordinates":[34.727629,0.40174]},"properties":{"id":"506970605","n":"Mayuge Community, Senene Spring - 23108","t":"ps","c":"Kakamega"}},{"type":"Feature","geometry":{"type":"Point","coordinates":[34.75364,0.411932]},"properties":{"id":"523270492","n":"Imbiakalo PD 8","t":"pdw","c":"Kakamega"}},{"type":"Feature","geometry":{"type":"Point","coordinates":[34.78253,0.437623]},"properties":{"id":"523237934","n":"Shikokwe PD 3","t":"pdw","c":"Kakamega"}},{"type":"Feature","geometry":{"type":"Point","coordinates":[34.744544,0.407764]},"properties":{"id":"523311009","n":"Mukaniro PS 2","t":"ps","c":"Kakamega"}},{"type":"Feature","geometry":{"type":"Point","coordinates":[34.754257,0.394367]},"properties":{"id":"523219358","n":"Lukume A PS 5","t":"ps","c":"Kakamega"}},{"type":"Feature","geometry":{"type":"Point","coordinates":[34.726681,0.414847]},"properties":{"id":"523214573","n":"Tengeti PD 3","t":"pdw","c":"Kakamega"}},{"type":"Feature","geometry":{"type":"Point","coordinates":[34.795961,0.395559]},"properties":{"id":"523242280","n":"Shiuna B PD 6","t":"pdw","c":"Kakamega"}},{"type":"Feature","geometry":{"type":"Point","coordinates":[34.779982,0.411741]},"properties":{"id":"523203128","n":"Lusumu A PD 9","t":"pdw","c":"Kakamega"}},{"type":"Feature","geometry":{"type":"Point","coordinates":[34.735962,0.417345]},"properties":{"id":"403752010","n":"Mulwanda Community, Imbofu Spring - 22057","t":"ps","c":"Kakamega"}},{"type":"Feature","geometry":{"type":"Point","coordinates":[34.752303,0.401156]},"properties":{"id":"523279989","n":"Mukhulutsi PD 3","t":"pdw","c":"Kakamega"}},{"type":"Feature","geometry":{"type":"Point","coordinates":[34.780396,0.431323]},"properties":{"id":"523237233","n":"Kainanga PD 8","t":"pdw","c":"Kakamega"}},{"type":"Feature","geometry":{"type":"Point","coordinates":[34.765215,0.433285]},"properties":{"id":"523195364","n":"Kamuchisu A US 2","t":"us","c":"Kakamega"}},{"type":"Feature","geometry":{"type":"Point","coordinates":[34.761006,0.444651]},"properties":{"id":"523277073","n":"Wechinia PS 3","t":"ps","c":"Kakamega"}},{"type":"Feature","geometry":{"type":"Point","coordinates":[34.773781,0.424406]},"properties":{"id":"523223696","n":"Bulupi B PD 10","t":"pdw","c":"Kakamega"}},{"type":"Feature","geometry":{"type":"Point","coordinates":[34.763306,0.443112]},"properties":{"id":"523254739","n":"Wechinia PD 2","t":"pdw","c":"Kakamega"}},{"type":"Feature","geometry":{"type":"Point","coordinates":[34.774718,0.426092]},"properties":{"id":"523268967","n":"Lusumu D PD 2","t":"pdw","c":"Kakamega"}},{"type":"Feature","geometry":{"type":"Point","coordinates":[34.762264,0.434931]},"properties":{"id":"75420","n":"Shipala Community - 4345","t":"bh","c":"Kakamega"}},{"type":"Feature","geometry":{"type":"Point","coordinates":[34.744717,0.450097]},"properties":{"id":"523328120","n":"Chombeli North 1","t":"pdw","c":"Kakamega"}},{"type":"Feature","geometry":{"type":"Point","coordinates":[34.766173,0.428793]},"properties":{"id":"523312031","n":"Kamuchisu A PS 5","t":"ps","c":"Kakamega"}},{"type":"Feature","geometry":{"type":"Point","coordinates":[34.734126,0.425028]},"properties":{"id":"523207658","n":"Mukangu PS 1","t":"ps","c":"Kakamega"}},{"type":"Feature","geometry":{"type":"Point","coordinates":[34.77315,0.40199]},"properties":{"id":"272020049","n":"Lukala West Community, Luka Spring - 21017","t":"ps","c":"Kakamega"}},{"type":"Feature","geometry":{"type":"Point","coordinates":[34.779051,0.430187]},"properties":{"id":"523231268","n":"Lusumu B PD 7","t":"pdw","c":"Kakamega"}},{"type":"Feature","geometry":{"type":"Point","coordinates":[34.748294,0.410921]},"properties":{"id":"523326623","n":"Mukaniro PS 4","t":"ps","c":"Kakamega"}},{"type":"Feature","geometry":{"type":"Point","coordinates":[34.788705,0.42083]},"properties":{"id":"523330150","n":"Mukongolo PS 14","t":"ps","c":"Kakamega"}},{"type":"Feature","geometry":{"type":"Point","coordinates":[34.759697,0.43556]},"properties":{"id":"523285281","n":"Wechinia US 8","t":"us","c":"Kakamega"}},{"type":"Feature","geometry":{"type":"Point","coordinates":[34.780193,0.423757]},"properties":{"id":"523315577","n":"Lusumu C US 5","t":"us","c":"Kakamega"}},{"type":"Feature","geometry":{"type":"Point","coordinates":[34.786008,0.407116]},"properties":{"id":"523225478","n":"Mukongolo PS 2","t":"ps","c":"Kakamega"}},{"type":"Feature","geometry":{"type":"Point","coordinates":[34.772107,0.423753]},"properties":{"id":"523261654","n":"Bulupi B PD 8","t":"pdw","c":"Kakamega"}},{"type":"Feature","geometry":{"type":"Point","coordinates":[34.757998,0.437911]},"properties":{"id":"523224958","n":"Burundu US 3","t":"us","c":"Kakamega"}},{"type":"Feature","geometry":{"type":"Point","coordinates":[34.742161,0.421357]},"properties":{"id":"523213149","n":"Sawawa PS 7","t":"ps","c":"Kakamega"}},{"type":"Feature","geometry":{"type":"Point","coordinates":[34.778681,0.413792]},"properties":{"id":"523197799","n":"Lusumu A BH 4","t":"bh","c":"Kakamega"}},{"type":"Feature","geometry":{"type":"Point","coordinates":[34.783308,0.431778]},"properties":{"id":"523316815","n":"Kainanga PS 10","t":"ps","c":"Kakamega"}},{"type":"Feature","geometry":{"type":"Point","coordinates":[34.744175,0.398903]},"properties":{"id":"523243061","n":"Ucheka PS 1","t":"ps","c":"Kakamega"}},{"type":"Feature","geometry":{"type":"Point","coordinates":[34.742981,0.450937]},"properties":{"id":"711144004","n":"Chombeli North Community, Haron Lironjela spring - 410014","t":"ps","c":"Kakamega"}},{"type":"Feature","geometry":{"type":"Point","coordinates":[34.770225,0.418888]},"properties":{"id":"523218072","n":"Bulupi C PD 11","t":"pdw","c":"Kakamega"}},{"type":"Feature","geometry":{"type":"Point","coordinates":[34.767491,0.405232]},"properties":{"id":"523315656","n":"Lukala C PD 10","t":"pdw","c":"Kakamega"}},{"type":"Feature","geometry":{"type":"Point","coordinates":[34.786979,0.42334]},"properties":{"id":"523220246","n":"Kainanga US 1","t":"us","c":"Kakamega"}},{"type":"Feature","geometry":{"type":"Point","coordinates":[34.745632,0.423042]},"properties":{"id":"523280822","n":"Lishindu PD 1","t":"pdw","c":"Kakamega"}},{"type":"Feature","geometry":{"type":"Point","coordinates":[34.789775,0.409964]},"properties":{"id":"523269535","n":"Mukongolo US 6","t":"us","c":"Kakamega"}},{"type":"Feature","geometry":{"type":"Point","coordinates":[34.779652,0.411129]},"properties":{"id":"523234120","n":"Shikutse B PD 3","t":"pdw","c":"Kakamega"}},{"type":"Feature","geometry":{"type":"Point","coordinates":[34.740685,0.396375]},"properties":{"id":"523287180","n":"Siere US 4","t":"us","c":"Kakamega"}},{"type":"Feature","geometry":{"type":"Point","coordinates":[34.728094,0.420822]},"properties":{"id":"523301868","n":"Mwikhupo PD 1","t":"pdw","c":"Kakamega"}},{"type":"Feature","geometry":{"type":"Point","coordinates":[34.769513,0.448917]},"properties":{"id":"523227243","n":"Kalenda South PD 1","t":"us","c":"Kakamega"}},{"type":"Feature","geometry":{"type":"Point","coordinates":[34.765783,0.450853]},"properties":{"id":"523216898","n":"Kalenda North PD 22","t":"pdw","c":"Kakamega"}},{"type":"Feature","geometry":{"type":"Point","coordinates":[34.762096,0.451212]},"properties":{"id":"523221601","n":"Kamuchisu B US 2","t":"us","c":"Kakamega"}},{"type":"Feature","geometry":{"type":"Point","coordinates":[34.750905,0.410256]},"properties":{"id":"523275569","n":"Mwiyala US 5","t":"us","c":"Kakamega"}},{"type":"Feature","geometry":{"type":"Point","coordinates":[34.769882,0.45128]},"properties":{"id":"523245142","n":"Kalenda North PD 20","t":"pdw","c":"Kakamega"}},{"type":"Feature","geometry":{"type":"Point","coordinates":[34.742225,0.405494]},"properties":{"id":"523347972","n":"Mukhulutsi PS 10","t":"ps","c":"Kakamega"}},{"type":"Feature","geometry":{"type":"Point","coordinates":[34.773647,0.408132]},"properties":{"id":"316006534","n":"Shikutse B Community, Musava Spring - 21006","t":"ps","c":"Kakamega"}},{"type":"Feature","geometry":{"type":"Point","coordinates":[34.726196,0.417251]},"properties":{"id":"523224824","n":"Lusumu PD 4","t":"pdw","c":"Kakamega"}},{"type":"Feature","geometry":{"type":"Point","coordinates":[34.755276,0.447524]},"properties":{"id":"523277860","n":"Kawere PS 4","t":"ps","c":"Kakamega"}},{"type":"Feature","geometry":{"type":"Point","coordinates":[34.730278,0.416998]},"properties":{"id":"523262174","n":"Mulimani PS 2","t":"ps","c":"Kakamega"}},{"type":"Feature","geometry":{"type":"Point","coordinates":[34.748009,0.406743]},"properties":{"id":"523316884","n":"Mwiyala PD 2","t":"pdw","c":"Kakamega"}},{"type":"Feature","geometry":{"type":"Point","coordinates":[34.746083,0.418741]},"properties":{"id":"523319265","n":"Sawawa PS 5","t":"ps","c":"Kakamega"}},{"type":"Feature","geometry":{"type":"Point","coordinates":[34.780079,0.429838]},"properties":{"id":"523250199","n":"Kainanga PD 6","t":"pdw","c":"Kakamega"}},{"type":"Feature","geometry":{"type":"Point","coordinates":[34.751442,0.401101]},"properties":{"id":"523342063","n":"Mukhulutsi PS 4","t":"ps","c":"Kakamega"}},{"type":"Feature","geometry":{"type":"Point","coordinates":[34.781618,0.409907]},"properties":{"id":"523238313","n":"Shikutse C PD 9","t":"pdw","c":"Kakamega"}},{"type":"Feature","geometry":{"type":"Point","coordinates":[34.743823,0.43397]},"properties":{"id":"523338244","n":"Muriri B US 4","t":"us","c":"Kakamega"}},{"type":"Feature","geometry":{"type":"Point","coordinates":[34.724394,0.403711]},"properties":{"id":"523261362","n":"Muchini US 2","t":"us","c":"Kakamega"}},{"type":"Feature","geometry":{"type":"Point","coordinates":[34.731043,0.420348]},"properties":{"id":"523206028","n":"Mulimani PS 1","t":"ps","c":"Kakamega"}},{"type":"Feature","geometry":{"type":"Point","coordinates":[34.775267,0.439253]},"properties":{"id":"523277695","n":"Kalenda South US 16","t":"us","c":"Kakamega"}},{"type":"Feature","geometry":{"type":"Point","coordinates":[34.756767,0.403803]},"properties":{"id":"523338330","n":"Mundovela US 7","t":"us","c":"Kakamega"}},{"type":"Feature","geometry":{"type":"Point","coordinates":[34.773089,0.401991]},"properties":{"id":"523346696","n":"Lukala B PS 1","t":"ps","c":"Kakamega"}},{"type":"Feature","geometry":{"type":"Point","coordinates":[34.773338,0.442593]},"properties":{"id":"523331395","n":"Kalenda South US 19","t":"us","c":"Kakamega"}},{"type":"Feature","geometry":{"type":"Point","coordinates":[34.766192,0.406684]},"properties":{"id":"523255503","n":"Lukala C PD 13","t":"pdw","c":"Kakamega"}},{"type":"Feature","geometry":{"type":"Point","coordinates":[34.791631,0.404633]},"properties":{"id":"84828862","n":"Indulusia Community, Yakobo Spring - 20192","t":"ps","c":"Kakamega"}},{"type":"Feature","geometry":{"type":"Point","coordinates":[34.73907,0.429508]},"properties":{"id":"523268273","n":"Mukangu PD 6","t":"pdw","c":"Kakamega"}},{"type":"Feature","geometry":{"type":"Point","coordinates":[34.773727,0.42824]},"properties":{"id":"523276254","n":"Bulupi B US 11","t":"us","c":"Kakamega"}},{"type":"Feature","geometry":{"type":"Point","coordinates":[34.79266,0.402313]},"properties":{"id":"523221577","n":"Indulusia B PD 2","t":"pdw","c":"Kakamega"}},{"type":"Feature","geometry":{"type":"Point","coordinates":[34.75953,0.42349]},"properties":{"id":"523334422","n":"Mukoko PD 14","t":"pdw","c":"Kakamega"}},{"type":"Feature","geometry":{"type":"Point","coordinates":[34.770593,0.436645]},"properties":{"id":"523316255","n":"Lutinye PD 4","t":"pdw","c":"Kakamega"}},{"type":"Feature","geometry":{"type":"Point","coordinates":[34.767439,0.450368]},"properties":{"id":"523254083","n":"Kamuchisu B PS 8","t":"ps","c":"Kakamega"}},{"type":"Feature","geometry":{"type":"Point","coordinates":[34.768277,0.453352]},"properties":{"id":"523342599","n":"Kalenda North PD 21","t":"pdw","c":"Kakamega"}},{"type":"Feature","geometry":{"type":"Point","coordinates":[34.727365,0.43401]},"properties":{"id":"523196420","n":"Mutsuma US 4","t":"us","c":"Kakamega"}},{"type":"Feature","geometry":{"type":"Point","coordinates":[34.754826,0.408954]},"properties":{"id":"523227676","n":"Imbiakalo PD 6","t":"pdw","c":"Kakamega"}},{"type":"Feature","geometry":{"type":"Point","coordinates":[34.74918,0.415457]},"properties":{"id":"523332482","n":"Mukaniro PS 6","t":"ps","c":"Kakamega"}},{"type":"Feature","geometry":{"type":"Point","coordinates":[34.766039,0.413321]},"properties":{"id":"523203946","n":"Bulupi A PS 1","t":"pdw","c":"Kakamega"}},{"type":"Feature","geometry":{"type":"Point","coordinates":[34.730651,0.437073]},"properties":{"id":"523268077","n":"Mutsuma PS 6","t":"ps","c":"Kakamega"}},{"type":"Feature","geometry":{"type":"Point","coordinates":[34.7825,0.430719]},"properties":{"id":"523224680","n":"Kainanga PD 9","t":"pdw","c":"Kakamega"}},{"type":"Feature","geometry":{"type":"Point","coordinates":[34.737377,0.430911]},"properties":{"id":"4110365","n":"Mutsuma Community Well Rehabilitation Project - 4452","t":"pdw","c":"Kakamega"}},{"type":"Feature","geometry":{"type":"Point","coordinates":[34.746842,0.395579]},"properties":{"id":"523346249","n":"Ucheka PS 2","t":"ps","c":"Kakamega"}},{"type":"Feature","geometry":{"type":"Point","coordinates":[34.745401,0.426181]},"properties":{"id":"523324229","n":"Lishindu US 3","t":"us","c":"Kakamega"}},{"type":"Feature","geometry":{"type":"Point","coordinates":[34.727863,0.433194]},"properties":{"id":"523260220","n":"Lukorido PD 11","t":"pdw","c":"Kakamega"}},{"type":"Feature","geometry":{"type":"Point","coordinates":[34.745231,0.429393]},"properties":{"id":"523204112","n":"Lukhuna PD 7","t":"pdw","c":"Kakamega"}},{"type":"Feature","geometry":{"type":"Point","coordinates":[34.777061,0.40123]},"properties":{"id":"523333586","n":"Shikutse A US 15","t":"us","c":"Kakamega"}},{"type":"Feature","geometry":{"type":"Point","coordinates":[34.774853,0.435042]},"properties":{"id":"523203867","n":"Lutinye PS 8","t":"pdw","c":"Kakamega"}},{"type":"Feature","geometry":{"type":"Point","coordinates":[34.733031,0.440932]},"properties":{"id":"523231251","n":"Mutsuma PS 7","t":"ps","c":"Kakamega"}},{"type":"Feature","geometry":{"type":"Point","coordinates":[34.760777,0.443002]},"properties":{"id":"523234625","n":"Wechinia PD 5","t":"pdw","c":"Kakamega"}},{"type":"Feature","geometry":{"type":"Point","coordinates":[34.776132,0.436163]},"properties":{"id":"523261599","n":"Kalenda South PD 15","t":"pdw","c":"Kakamega"}},{"type":"Feature","geometry":{"type":"Point","coordinates":[34.767331,0.423301]},"properties":{"id":"523314624","n":"Bulupi B BH 5","t":"bh","c":"Kakamega"}},{"type":"Feature","geometry":{"type":"Point","coordinates":[34.72599,0.403237]},"properties":{"id":"385569343","n":"Muchini Community, Nambale Spring - 22008","t":"ps","c":"Kakamega"}},{"type":"Feature","geometry":{"type":"Point","coordinates":[34.74761,0.416812]},"properties":{"id":"523283117","n":"Sawawa US 3","t":"us","c":"Kakamega"}},{"type":"Feature","geometry":{"type":"Point","coordinates":[34.780276,0.412497]},"properties":{"id":"523210641","n":"Lusumu A PD 8","t":"pdw","c":"Kakamega"}},{"type":"Feature","geometry":{"type":"Point","coordinates":[34.759303,0.43977]},"properties":{"id":"523220442","n":"Wechinia PS 10","t":"ps","c":"Kakamega"}},{"type":"Feature","geometry":{"type":"Point","coordinates":[34.784293,0.431857]},"properties":{"id":"523240037","n":"Chiterezi US 6","t":"us","c":"Kakamega"}},{"type":"Feature","geometry":{"type":"Point","coordinates":[34.78531,0.418811]},"properties":{"id":"523245960","n":"Mukongolo PD 15","t":"pdw","c":"Kakamega"}},{"type":"Feature","geometry":{"type":"Point","coordinates":[34.759435,0.411135]},"properties":{"id":"523194129","n":"Imbiakalo PS 3","t":"ps","c":"Kakamega"}},{"type":"Feature","geometry":{"type":"Point","coordinates":[34.763772,0.421531]},"properties":{"id":"523210225","n":"Mukoko US 2","t":"us","c":"Kakamega"}},{"type":"Feature","geometry":{"type":"Point","coordinates":[34.782917,0.419625]},"properties":{"id":"416580903","n":"Lusumu C Community, Weyusia Spring - 22071","t":"ps","c":"Kakamega"}},{"type":"Feature","geometry":{"type":"Point","coordinates":[34.739335,0.432602]},"properties":{"id":"523314497","n":"Muriri B PD 10","t":"pdw","c":"Kakamega"}},{"type":"Feature","geometry":{"type":"Point","coordinates":[34.75311,0.405232]},"properties":{"id":"523192512","n":"Mwiyala PD 7","t":"pdw","c":"Kakamega"}},{"type":"Feature","geometry":{"type":"Point","coordinates":[34.726352,0.429912]},"properties":{"id":"523278438","n":"Lukorido PD 15","t":"pdw","c":"Kakamega"}},{"type":"Feature","geometry":{"type":"Point","coordinates":[34.759405,0.411151]},"properties":{"id":"506970595","n":"Lukala Community, Jackton Makhoka Spring - 23106","t":"ps","c":"Kakamega"}},{"type":"Feature","geometry":{"type":"Point","coordinates":[34.739091,0.446491]},"properties":{"id":"523309732","n":"Mukhonje PD 2","t":"pdw","c":"Kakamega"}},{"type":"Feature","geometry":{"type":"Point","coordinates":[34.791345,0.414137]},"properties":{"id":"523312385","n":"Indulusia B PS 9","t":"ps","c":"Kakamega"}},{"type":"Feature","geometry":{"type":"Point","coordinates":[34.757856,0.438101]},"properties":{"id":"445268094","n":"Burundu Community, Linet Wechuli Spring - 22139","t":"ps","c":"Kakamega"}},{"type":"Feature","geometry":{"type":"Point","coordinates":[34.757828,0.401823]},"properties":{"id":"523249012","n":"Mundovela PD 5","t":"pdw","c":"Kakamega"}},{"type":"Feature","geometry":{"type":"Point","coordinates":[34.734723,0.420154]},"properties":{"id":"523307101","n":"Mulimani PD 4","t":"pdw","c":"Kakamega"}},{"type":"Feature","geometry":{"type":"Point","coordinates":[34.740321,0.431149]},"properties":{"id":"523215794","n":"Muriri B PD 8","t":"pdw","c":"Kakamega"}},{"type":"Feature","geometry":{"type":"Point","coordinates":[34.780142,0.427048]},"properties":{"id":"523293767","n":"Lusumu C PD 1","t":"pdw","c":"Kakamega"}},{"type":"Feature","geometry":{"type":"Point","coordinates":[34.746956,0.445051]},"properties":{"id":"523330758","n":"Muriri A US 2","t":"us","c":"Kakamega"}},{"type":"Feature","geometry":{"type":"Point","coordinates":[34.764003,0.401422]},"properties":{"id":"523297682","n":"Lukala C US 2","t":"us","c":"Kakamega"}},{"type":"Feature","geometry":{"type":"Point","coordinates":[34.737462,0.413455]},"properties":{"id":"523312189","n":"Mulwanda PD 5","t":"pdw","c":"Kakamega"}},{"type":"Feature","geometry":{"type":"Point","coordinates":[34.761016,0.444601]},"properties":{"id":"736923284","n":"Wechinia Community, David Wetende spring - 410058","t":"ps","c":"Kakamega"}},{"type":"Feature","geometry":{"type":"Point","coordinates":[34.735038,0.408033]},"properties":{"id":"523319124","n":"Bukhakunga US 1","t":"us","c":"Kakamega"}},{"type":"Feature","geometry":{"type":"Point","coordinates":[34.746617,0.402247]},"properties":{"id":"523273048","n":"Mukhulutsi PD 9","t":"pdw","c":"Kakamega"}},{"type":"Feature","geometry":{"type":"Point","coordinates":[34.736281,0.436129]},"properties":{"id":"523235444","n":"Mutsuma PD 1","t":"pdw","c":"Kakamega"}},{"type":"Feature","geometry":{"type":"Point","coordinates":[34.765715,0.405626]},"properties":{"id":"523304799","n":"Lukala C PD 9","t":"pdw","c":"Kakamega"}},{"type":"Feature","geometry":{"type":"Point","coordinates":[34.747586,0.44302]},"properties":{"id":"523264729","n":"Kawere PS 7","t":"ps","c":"Kakamega"}},{"type":"Feature","geometry":{"type":"Point","coordinates":[34.731206,0.401104]},"properties":{"id":"523211903","n":"Nakhayaka B PS 5","t":"ps","c":"Kakamega"}},{"type":"Feature","geometry":{"type":"Point","coordinates":[34.762363,0.429674]},"properties":{"id":"523315096","n":"Kamuchisu A PD 6","t":"pdw","c":"Kakamega"}},{"type":"Feature","geometry":{"type":"Point","coordinates":[34.790039,0.400081]},"properties":{"id":"523295130","n":"Indulusia A PD 6","t":"pdw","c":"Kakamega"}},{"type":"Feature","geometry":{"type":"Point","coordinates":[34.771394,0.40727]},"properties":{"id":"523246758","n":"Lukume B PS 4","t":"ps","c":"Kakamega"}},{"type":"Feature","geometry":{"type":"Point","coordinates":[34.734769,0.442582]},"properties":{"id":"523305532","n":"Mukhonje PS 1","t":"ps","c":"Kakamega"}},{"type":"Feature","geometry":{"type":"Point","coordinates":[34.746256,0.406451]},"properties":{"id":"523296210","n":"Mwiyala PS 1","t":"ps","c":"Kakamega"}},{"type":"Feature","geometry":{"type":"Point","coordinates":[34.742526,0.394798]},"properties":{"id":"523283430","n":"Ucheka PS 4","t":"ps","c":"Kakamega"}},{"type":"Feature","geometry":{"type":"Point","coordinates":[34.767998,0.440028]},"properties":{"id":"523266745","n":"Kamuchisu B PD 15","t":"pdw","c":"Kakamega"}},{"type":"Feature","geometry":{"type":"Point","coordinates":[34.720676,0.420915]},"properties":{"id":"523241777","n":"Lusumu PS 2","t":"ps","c":"Kakamega"}},{"type":"Feature","geometry":{"type":"Point","coordinates":[34.750566,0.436139]},"properties":{"id":"523208367","n":"Lukhuna PD 1","t":"pdw","c":"Kakamega"}},{"type":"Feature","geometry":{"type":"Point","coordinates":[34.79976,0.405075]},"properties":{"id":"523259473","n":"Shianda US2","t":"us","c":"Kakamega"}},{"type":"Feature","geometry":{"type":"Point","coordinates":[34.763448,0.404079]},"properties":{"id":"523245805","n":"Lukala C US 7","t":"us","c":"Kakamega"}},{"type":"Feature","geometry":{"type":"Point","coordinates":[34.74282,0.393544]},"properties":{"id":"523326393","n":"Ucheka PS 3","t":"ps","c":"Kakamega"}},{"type":"Feature","geometry":{"type":"Point","coordinates":[34.736539,0.434181]},"properties":{"id":"523224415","n":"Mutsuma PD 2","t":"pdw","c":"Kakamega"}},{"type":"Feature","geometry":{"type":"Point","coordinates":[34.767266,0.409652]},"properties":{"id":"523200390","n":"Lukala C US 12","t":"us","c":"Kakamega"}},{"type":"Feature","geometry":{"type":"Point","coordinates":[34.764896,0.403736]},"properties":{"id":"523197287","n":"Lukala C PD 5","t":"pdw","c":"Kakamega"}},{"type":"Feature","geometry":{"type":"Point","coordinates":[34.749567,0.439812]},"properties":{"id":"523340205","n":"Kawere PD 9","t":"pdw","c":"Kakamega"}},{"type":"Feature","geometry":{"type":"Point","coordinates":[34.77315,0.40199]},"properties":{"id":"272020173","n":"Lukala West Community, Angatia Spring - 21030","t":"ps","c":"Kakamega"}},{"type":"Feature","geometry":{"type":"Point","coordinates":[34.778357,0.430838]},"properties":{"id":"523318484","n":"Lusumu B UD 6","t":"udw","c":"Kakamega"}},{"type":"Feature","geometry":{"type":"Point","coordinates":[34.738372,0.413004]},"properties":{"id":"523305817","n":"Mulwanda PD 6","t":"pdw","c":"Kakamega"}},{"type":"Feature","geometry":{"type":"Point","coordinates":[34.761637,0.399048]},"properties":{"id":"523253082","n":"Mundovela PS 2","t":"ps","c":"Kakamega"}},{"type":"Feature","geometry":{"type":"Point","coordinates":[34.754528,0.450933]},"properties":{"id":"523196619","n":"Chombeli south PD 9","t":"pdw","c":"Kakamega"}},{"type":"Feature","geometry":{"type":"Point","coordinates":[34.773762,0.430329]},"properties":{"id":"523281586","n":"Lusumu B PS 3","t":"ps","c":"Kakamega"}},{"type":"Feature","geometry":{"type":"Point","coordinates":[34.770506,0.438278]},"properties":{"id":"523234261","n":"Lutinye PD 2","t":"pdw","c":"Kakamega"}},{"type":"Feature","geometry":{"type":"Point","coordinates":[34.781553,0.426756]},"properties":{"id":"523244983","n":"Lusumu C PD 2","t":"pdw","c":"Kakamega"}},{"type":"Feature","geometry":{"type":"Point","coordinates":[34.795432,0.410661]},"properties":{"id":"523274386","n":"Indulusia B US 8","t":"us","c":"Kakamega"}},{"type":"Feature","geometry":{"type":"Point","coordinates":[34.753889,0.417099]},"properties":{"id":"523238533","n":"Imbiakalo PD 10","t":"pdw","c":"Kakamega"}},{"type":"Feature","geometry":{"type":"Point","coordinates":[34.743889,0.412294]},"properties":{"id":"523323754","n":"Mukaniro PD 3","t":"pdw","c":"Kakamega"}},{"type":"Feature","geometry":{"type":"Point","coordinates":[34.72761,0.401704]},"properties":{"id":"523243140","n":"Nakhayaka A PS 2","t":"ps","c":"Kakamega"}},{"type":"Feature","geometry":{"type":"Point","coordinates":[34.766157,0.426003]},"properties":{"id":"523226967","n":"Bulupi B BH 4","t":"bh","c":"Kakamega"}},{"type":"Feature","geometry":{"type":"Point","coordinates":[34.738969,0.392965]},"properties":{"id":"523272188","n":"Mawa'ngi B PD 9","t":"pdw","c":"Kakamega"}},{"type":"Feature","geometry":{"type":"Point","coordinates":[34.727444,0.432064]},"properties":{"id":"523255431","n":"Lukorido PD 12","t":"pdw","c":"Kakamega"}},{"type":"Feature","geometry":{"type":"Point","coordinates":[34.75933,0.406804]},"properties":{"id":"523225715","n":"Imbiakalo PS 2","t":"ps","c":"Kakamega"}},{"type":"Feature","geometry":{"type":"Point","coordinates":[34.785578,0.433477]},"properties":{"id":"523306117","n":"Chiterezi PD 5","t":"pdw","c":"Kakamega"}},{"type":"Feature","geometry":{"type":"Point","coordinates":[34.777594,0.430282]},"properties":{"id":"523219499","n":"Lusumu B PD 1","t":"pdw","c":"Kakamega"}},{"type":"Feature","geometry":{"type":"Point","coordinates":[34.77747,0.401284]},"properties":{"id":"523196190","n":"Shikutse A US 16","t":"us","c":"Kakamega"}},{"type":"Feature","geometry":{"type":"Point","coordinates":[34.7664,0.415712]},"properties":{"id":"523262411","n":"Mukoko BH 11","t":"bh","c":"Kakamega"}},{"type":"Feature","geometry":{"type":"Point","coordinates":[34.735516,0.433222]},"properties":{"id":"523259772","n":"Lukorido PD 1","t":"pdw","c":"Kakamega"}},{"type":"Feature","geometry":{"type":"Point","coordinates":[34.775011,0.416285]},"properties":{"id":"523295659","n":"Bulupi C PD 5","t":"pdw","c":"Kakamega"}},{"type":"Feature","geometry":{"type":"Point","coordinates":[34.778706,0.416392]},"properties":{"id":"523305587","n":"Lusumu A PD 3","t":"pdw","c":"Kakamega"}},{"type":"Feature","geometry":{"type":"Point","coordinates":[34.78135,0.404627]},"properties":{"id":"523277925","n":"Shikutse A PD 19","t":"pdw","c":"Kakamega"}},{"type":"Feature","geometry":{"type":"Point","coordinates":[34.73993,0.433887]},"properties":{"id":"523270076","n":"Muriri B PD 5","t":"pdw","c":"Kakamega"}},{"type":"Feature","geometry":{"type":"Point","coordinates":[34.752561,0.405257]},"properties":{"id":"523253642","n":"Mwiyala PD 6","t":"pdw","c":"Kakamega"}},{"type":"Feature","geometry":{"type":"Point","coordinates":[34.779663,0.437865]},"properties":{"id":"523243494","n":"Shikokwe PD 4","t":"pdw","c":"Kakamega"}},{"type":"Feature","geometry":{"type":"Point","coordinates":[34.725466,0.416265]},"properties":{"id":"523289560","n":"Tengeti PD 4","t":"pdw","c":"Kakamega"}},{"type":"Feature","geometry":{"type":"Point","coordinates":[34.763159,0.438014]},"properties":{"id":"523283739","n":"Kamuchisu A PS 12","t":"ps","c":"Kakamega"}},{"type":"Feature","geometry":{"type":"Point","coordinates":[34.7474,0.419627]},"properties":{"id":"523237068","n":"Sawawa BH 4","t":"bh","c":"Kakamega"}},{"type":"Feature","geometry":{"type":"Point","coordinates":[34.745078,0.435266]},"properties":{"id":"523217387","n":"Lukhuna PS 12","t":"ps","c":"Kakamega"}},{"type":"Feature","geometry":{"type":"Point","coordinates":[34.743972,0.428782]},"properties":{"id":"523291590","n":"Lukhuna PD 9","t":"pdw","c":"Kakamega"}},{"type":"Feature","geometry":{"type":"Point","coordinates":[34.739648,0.420192]},"properties":{"id":"523199052","n":"Mulwanda PS 2","t":"ps","c":"Kakamega"}},{"type":"Feature","geometry":{"type":"Point","coordinates":[34.774881,0.436028]},"properties":{"id":"523255493","n":"Lutinye PS 6","t":"ps","c":"Kakamega"}},{"type":"Feature","geometry":{"type":"Point","coordinates":[34.765499,0.416394]},"properties":{"id":"523219145","n":"Mukoko US 9","t":"us","c":"Kakamega"}},{"type":"Feature","geometry":{"type":"Point","coordinates":[34.775498,0.408605]},"properties":{"id":"523332059","n":"Shikutse B PD 8","t":"pdw","c":"Kakamega"}},{"type":"Feature","geometry":{"type":"Point","coordinates":[34.779515,0.428401]},"properties":{"id":"523228282","n":"Lusumu B UD 8","t":"udw","c":"Kakamega"}},{"type":"Feature","geometry":{"type":"Point","coordinates":[34.778706,0.403368]},"properties":{"id":"523218821","n":"Shikutse A US 17","t":"us","c":"Kakamega"}},{"type":"Feature","geometry":{"type":"Point","coordinates":[34.773066,0.446724]},"properties":{"id":"539195738","n":"Kalenda A Community, Peter Mukangai Spring - 23104","t":"ps","c":"Kakamega"}},{"type":"Feature","geometry":{"type":"Point","coordinates":[34.781173,0.409554]},"properties":{"id":"523339173","n":"Shikutse C PD 8","t":"pdw","c":"Kakamega"}},{"type":"Feature","geometry":{"type":"Point","coordinates":[34.74943,0.403251]},"properties":{"id":"523276890","n":"Mukhulutsi PD 7","t":"pdw","c":"Kakamega"}},{"type":"Feature","geometry":{"type":"Point","coordinates":[34.744297,0.421935]},"properties":{"id":"3615302","n":"Sawawa Community Well Rehabilitation - 4361","t":"bh","c":"Kakamega"}},{"type":"Feature","geometry":{"type":"Point","coordinates":[34.741353,0.416336]},"properties":{"id":"523217648","n":"Mukaniro PD 2","t":"pdw","c":"Kakamega"}},{"type":"Feature","geometry":{"type":"Point","coordinates":[34.775009,0.435434]},"properties":{"id":"523220765","n":"Lutinye PS 7","t":"ps","c":"Kakamega"}},{"type":"Feature","geometry":{"type":"Point","coordinates":[34.750909,0.414606]},"properties":{"id":"523259538","n":"Sawawa PS 1","t":"ps","c":"Kakamega"}},{"type":"Feature","geometry":{"type":"Point","coordinates":[34.774984,0.435428]},"properties":{"id":"84830627","n":"Litinye Community, Vuyanzi Spring - 21019","t":"ps","c":"Kakamega"}},{"type":"Feature","geometry":{"type":"Point","coordinates":[34.766835,0.447425]},"properties":{"id":"523291765","n":"Kamuchisu B PD 10","t":"pdw","c":"Kakamega"}},{"type":"Feature","geometry":{"type":"Point","coordinates":[34.763426,0.424433]},"properties":{"id":"523204655","n":"Mukoko PD 1","t":"pdw","c":"Kakamega"}},{"type":"Feature","geometry":{"type":"Point","coordinates":[34.759363,0.406794]},"properties":{"id":"84829739","n":"Imbiakalo Community, Askari Spring - 21016","t":"ps","c":"Kakamega"}},{"type":"Feature","geometry":{"type":"Point","coordinates":[34.721295,0.417833]},"properties":{"id":"523266116","n":"Tengeti PS 5","t":"ps","c":"Kakamega"}},{"type":"Feature","geometry":{"type":"Point","coordinates":[34.75828,0.4229]},"properties":{"id":"523320218","n":"Mukoko PD 15","t":"pdw","c":"Kakamega"}},{"type":"Feature","geometry":{"type":"Point","coordinates":[34.77168,0.419621]},"properties":{"id":"523223641","n":"Bulupi C PS 10","t":"ps","c":"Kakamega"}},{"type":"Feature","geometry":{"type":"Point","coordinates":[34.776354,0.410198]},"properties":{"id":"523345482","n":"Shikutse B PS 6","t":"ps","c":"Kakamega"}},{"type":"Feature","geometry":{"type":"Point","coordinates":[34.725884,0.404775]},"properties":{"id":"523226503","n":"Muchini PD 3","t":"pdw","c":"Kakamega"}},{"type":"Feature","geometry":{"type":"Point","coordinates":[34.772607,0.415383]},"properties":{"id":"523313544","n":"Bulupi C PD 6","t":"pdw","c":"Kakamega"}},{"type":"Feature","geometry":{"type":"Point","coordinates":[34.521708,0.406633]},"properties":{"id":"561114600","n":"Otuya Water Spring No 1822","t":"ps","c":"Kakamega"}},{"type":"Feature","geometry":{"type":"Point","coordinates":[34.532397,0.418542]},"properties":{"id":"561114370","n":"Watiti Water Spring No","t":"ps","c":"Kakamega"}},{"type":"Feature","geometry":{"type":"Point","coordinates":[34.49222,0.46578]},"properties":{"id":"561115199","n":"Sanduku Water Spring No","t":"ps","c":"Kakamega"}},{"type":"Feature","geometry":{"type":"Point","coordinates":[34.489625,0.469303]},"properties":{"id":"561115182","n":"Njimeo Water Spring No","t":"ps","c":"Kakamega"}},{"type":"Feature","geometry":{"type":"Point","coordinates":[34.424288,0.39035]},"properties":{"id":"561114590","n":"Chirande Water Spring No 1821","t":"ps","c":"Kakamega"}},{"type":"Feature","geometry":{"type":"Point","coordinates":[34.435288,0.4001]},"properties":{"id":"561115209","n":"Rupia Water Spring No","t":"ps","c":"Kakamega"}},{"type":"Feature","geometry":{"type":"Point","coordinates":[34.44812,0.40426]},"properties":{"id":"876315","n":"Nabunulu Community - 4216","t":"pdw","c":"Kakamega"}},{"type":"Feature","geometry":{"type":"Point","coordinates":[34.40606,0.35744]},"properties":{"id":"210398986","n":"St.Maurice Mwira","t":"bh","c":"Kakamega"}},{"type":"Feature","geometry":{"type":"Point","coordinates":[34.427788,0.345513]},"properties":{"id":"3749393","n":"Ebubambula Primary School - 4246","t":"pdw","c":"Kakamega"}},{"type":"Feature","geometry":{"type":"Point","coordinates":[34.43439,0.356779]},"properties":{"id":"876566","n":"St. Mark's Imakale Secondary School Borehole - 4248","t":"bh","c":"Kakamega"}},{"type":"Feature","geometry":{"type":"Point","coordinates":[34.594133,0.349455]},"properties":{"id":"523287915","n":"Ebubere B2 PD3","t":"pdw","c":"Kakamega"}},{"type":"Feature","geometry":{"type":"Point","coordinates":[34.568122,0.360813]},"properties":{"id":"523213235","n":"Mung'ang'a PS2","t":"ps","c":"Kakamega"}},{"type":"Feature","geometry":{"type":"Point","coordinates":[34.56451,0.387179]},"properties":{"id":"523247003","n":"Abasia PD Asman Makokha Saleh","t":"pdw","c":"Kakamega"}},{"type":"Feature","geometry":{"type":"Point","coordinates":[34.55505,0.339092]},"properties":{"id":"523199423","n":"Musango A PS 3","t":"ps","c":"Kakamega"}},{"type":"Feature","geometry":{"type":"Point","coordinates":[34.566613,0.387847]},"properties":{"id":"523323510","n":"Abamalere PD Emily Okelo","t":"pdw","c":"Kakamega"}},{"type":"Feature","geometry":{"type":"Point","coordinates":[34.573653,0.347575]},"properties":{"id":"523264262","n":"Mukhweso PD15","t":"pdw","c":"Kakamega"}},{"type":"Feature","geometry":{"type":"Point","coordinates":[34.578575,0.324585]},"properties":{"id":"523347707","n":"Shirongo A PD 11","t":"pdw","c":"Kakamega"}},{"type":"Feature","geometry":{"type":"Point","coordinates":[34.576255,0.389762]},"properties":{"id":"523194208","n":"Abashitsetse PD Khavalwe Nursery","t":"pdw","c":"Kakamega"}},{"type":"Feature","geometry":{"type":"Point","coordinates":[34.578928,0.338601]},"properties":{"id":"523307383","n":"Mulambo A PD11","t":"pdw","c":"Kakamega"}},{"type":"Feature","geometry":{"type":"Point","coordinates":[34.590877,0.338015]},"properties":{"id":"523306423","n":"Mulambo B PD2","t":"pdw","c":"Kakamega"}},{"type":"Feature","geometry":{"type":"Point","coordinates":[34.572737,0.351363]},"properties":{"id":"523274678","n":"Mukhweso PD4","t":"udw","c":"Kakamega"}},{"type":"Feature","geometry":{"type":"Point","coordinates":[34.542467,0.336877]},"properties":{"id":"523300283","n":"Ematete PD13","t":"bh","c":"Kakamega"}},{"type":"Feature","geometry":{"type":"Point","coordinates":[34.587628,0.309425]},"properties":{"id":"523227085","n":"Emashebwebwe B PD 12","t":"pdw","c":"Kakamega"}},{"type":"Feature","geometry":{"type":"Point","coordinates":[34.587123,0.332614]},"properties":{"id":"523244433","n":"Mwilache A PD10","t":"pdw","c":"Kakamega"}},{"type":"Feature","geometry":{"type":"Point","coordinates":[34.592329,0.331666]},"properties":{"id":"523218010","n":"BuminiB PS2","t":"ps","c":"Kakamega"}},{"type":"Feature","geometry":{"type":"Point","coordinates":[34.562932,0.34542]},"properties":{"id":"523217514","n":"Buloma B PD3","t":"pdw","c":"Kakamega"}},{"type":"Feature","geometry":{"type":"Point","coordinates":[34.532065,0.334076]},"properties":{"id":"711143962","n":"Emayala Community, Juma spring - 420011","t":"ps","c":"Kakamega"}},{"type":"Feature","geometry":{"type":"Point","coordinates":[34.589733,0.324825]},"properties":{"id":"523280664","n":"Musangaro A1 PD2","t":"pdw","c":"Kakamega"}},{"type":"Feature","geometry":{"type":"Point","coordinates":[34.57588,0.383905]},"properties":{"id":"523247450","n":"Abakhutenga PD Makokha","t":"pdw","c":"Kakamega"}},{"type":"Feature","geometry":{"type":"Point","coordinates":[34.575434,0.315598]},"properties":{"id":"523229197","n":"Shianda B PD 12","t":"pdw","c":"Kakamega"}},{"type":"Feature","geometry":{"type":"Point","coordinates":[34.584499,0.343699]},"properties":{"id":"523311896","n":"Manyasa B PD3","t":"pdw","c":"Kakamega"}},{"type":"Feature","geometry":{"type":"Point","coordinates":[34.598689,0.339342]},"properties":{"id":"523340188","n":"Emusiresire B PS1","t":"ps","c":"Kakamega"}},{"type":"Feature","geometry":{"type":"Point","coordinates":[34.598915,0.345884]},"properties":{"id":"523326795","n":"Ebubere B1 PD6","t":"pdw","c":"Kakamega"}},{"type":"Feature","geometry":{"type":"Point","coordinates":[34.563117,0.349517]},"properties":{"id":"523331120","n":"Buloma A2 PD3","t":"pdw","c":"Kakamega"}},{"type":"Feature","geometry":{"type":"Point","coordinates":[34.601276,0.351545]},"properties":{"id":"523339427","n":"Muroni B, PD, 2","t":"pdw","c":"Kakamega"}},{"type":"Feature","geometry":{"type":"Point","coordinates":[34.588552,0.320878]},"properties":{"id":"523266374","n":"Musangaro B2 US1","t":"us","c":"Kakamega"}},{"type":"Feature","geometry":{"type":"Point","coordinates":[34.569367,0.358253]},"properties":{"id":"523342245","n":"Mung'ang'a PD22","t":"pdw","c":"Kakamega"}},{"type":"Feature","geometry":{"type":"Point","coordinates":[34.576608,0.316274]},"properties":{"id":"84829863","n":"Mukambi Baptist Primary School - 21202","t":"bh","c":"Kakamega"}},{"type":"Feature","geometry":{"type":"Point","coordinates":[34.537828,0.342635]},"properties":{"id":"523208666","n":"Ematete PD5","t":"pdw","c":"Kakamega"}},{"type":"Feature","geometry":{"type":"Point","coordinates":[34.564366,0.385129]},"properties":{"id":"523296227","n":"Abakhami PS Liner Adhiambo","t":"pdw","c":"Kakamega"}},{"type":"Feature","geometry":{"type":"Point","coordinates":[34.581267,0.333041]},"properties":{"id":"523260529","n":"Mwilache B PD15","t":"pdw","c":"Kakamega"}},{"type":"Feature","geometry":{"type":"Point","coordinates":[34.59023,0.340163]},"properties":{"id":"523290252","n":"Manyasa B PD8","t":"pdw","c":"Kakamega"}},{"type":"Feature","geometry":{"type":"Point","coordinates":[34.57149,0.327309]},"properties":{"id":"523331405","n":"Busimbiro PD 8","t":"pdw","c":"Kakamega"}},{"type":"Feature","geometry":{"type":"Point","coordinates":[34.570041,0.380893]},"properties":{"id":"523208518","n":"Abasacha PD Aggrey Mateo","t":"pdw","c":"Kakamega"}},{"type":"Feature","geometry":{"type":"Point","coordinates":[34.572016,0.394811]},"properties":{"id":"523244615","n":"Abakalivo PD Cosmas Juma","t":"pdw","c":"Kakamega"}},{"type":"Feature","geometry":{"type":"Point","coordinates":[34.575521,0.393664]},"properties":{"id":"523240714","n":"Abakalivo PD Johnston Motoka","t":"pdw","c":"Kakamega"}},{"type":"Feature","geometry":{"type":"Point","coordinates":[34.603516,0.343303]},"properties":{"id":"523228842","n":"Esikura B PD10","t":"pdw","c":"Kakamega"}},{"type":"Feature","geometry":{"type":"Point","coordinates":[34.58868,0.374911]},"properties":{"id":"523192732","n":"Namwaya PD 9","t":"pdw","c":"Kakamega"}},{"type":"Feature","geometry":{"type":"Point","coordinates":[34.574287,0.346515]},"properties":{"id":"523313434","n":"Mukhweso PD17","t":"pdw","c":"Kakamega"}},{"type":"Feature","geometry":{"type":"Point","coordinates":[34.600451,0.372869]},"properties":{"id":"523270265","n":"Kulumwoyo PS 2","t":"ps","c":"Kakamega"}},{"type":"Feature","geometry":{"type":"Point","coordinates":[34.52844,0.34048]},"properties":{"id":"272019852","n":"Eshimuli Community, Mbayi Spring - 21309","t":"ps","c":"Kakamega"}},{"type":"Feature","geometry":{"type":"Point","coordinates":[34.593867,0.345919]},"properties":{"id":"523287520","n":"Ebubere A2 PD7","t":"pdw","c":"Kakamega"}},{"type":"Feature","geometry":{"type":"Point","coordinates":[34.584454,0.364122]},"properties":{"id":"523231206","n":"Epanja, PD, 3","t":"pdw","c":"Kakamega"}},{"type":"Feature","geometry":{"type":"Point","coordinates":[34.589016,0.309343]},"properties":{"id":"523197957","n":"Eshiakhulo B PD 11","t":"pdw","c":"Kakamega"}},{"type":"Feature","geometry":{"type":"Point","coordinates":[34.561793,0.365197]},"properties":{"id":"523258946","n":"Khabalwe B PD5","t":"pdw","c":"Kakamega"}},{"type":"Feature","geometry":{"type":"Point","coordinates":[34.575533,0.354908]},"properties":{"id":"523312660","n":"BulechiaA2 PD6","t":"pdw","c":"Kakamega"}},{"type":"Feature","geometry":{"type":"Point","coordinates":[34.575276,0.380563]},"properties":{"id":"523216812","n":"Abauma PD William Barasa","t":"pdw","c":"Kakamega"}},{"type":"Feature","geometry":{"type":"Point","coordinates":[34.588452,0.337541]},"properties":{"id":"523275040","n":"Mulambo B PS2","t":"ps","c":"Kakamega"}},{"type":"Feature","geometry":{"type":"Point","coordinates":[34.580682,0.331286]},"properties":{"id":"523259404","n":"Shirongo B PS 3","t":"ps","c":"Kakamega"}},{"type":"Feature","geometry":{"type":"Point","coordinates":[34.576387,0.326937]},"properties":{"id":"523303901","n":"Shirongo B PD12","t":"pdw","c":"Kakamega"}},{"type":"Feature","geometry":{"type":"Point","coordinates":[34.582347,0.317923]},"properties":{"id":"523310417","n":"Emashebwebwe A PS'1","t":"ps","c":"Kakamega"}},{"type":"Feature","geometry":{"type":"Point","coordinates":[34.581937,0.327932]},"properties":{"id":"523237185","n":"Mwilache B BH1","t":"bh","c":"Kakamega"}},{"type":"Feature","geometry":{"type":"Point","coordinates":[34.554502,0.346498]},"properties":{"id":"523308401","n":"Ebung'ale PD2","t":"pdw","c":"Kakamega"}},{"type":"Feature","geometry":{"type":"Point","coordinates":[34.559805,0.368617]},"properties":{"id":"523207500","n":"Khabalwe B PD7","t":"pdw","c":"Kakamega"}},{"type":"Feature","geometry":{"type":"Point","coordinates":[34.606731,0.348694]},"properties":{"id":"523341251","n":"Muroni A, PD, 4","t":"pdw","c":"Kakamega"}},{"type":"Feature","geometry":{"type":"Point","coordinates":[34.562505,0.342495]},"properties":{"id":"523249885","n":"Buloma PS1","t":"ps","c":"Kakamega"}},{"type":"Feature","geometry":{"type":"Point","coordinates":[34.564448,0.341557]},"properties":{"id":"523286000","n":"Buloma C PD1","t":"pdw","c":"Kakamega"}},{"type":"Feature","geometry":{"type":"Point","coordinates":[34.567671,0.332303]},"properties":{"id":"523317191","n":"Ikhonje PD 2","t":"pdw","c":"Kakamega"}},{"type":"Feature","geometry":{"type":"Point","coordinates":[34.564328,0.393932]},"properties":{"id":"523255039","n":"Abashirotsa PD Hudson Wasumwa Wambiye","t":"pdw","c":"Kakamega"}},{"type":"Feature","geometry":{"type":"Point","coordinates":[34.585101,0.331466]},"properties":{"id":"523245269","n":"Mwilache B PD10","t":"pdw","c":"Kakamega"}},{"type":"Feature","geometry":{"type":"Point","coordinates":[34.568688,0.366885]},"properties":{"id":"523219547","n":"Khabalwe A PD8","t":"pdw","c":"Kakamega"}},{"type":"Feature","geometry":{"type":"Point","coordinates":[34.563522,0.364218]},"properties":{"id":"523350398","n":"Khabalwe A PD8","t":"pdw","c":"Kakamega"}},{"type":"Feature","geometry":{"type":"Point","coordinates":[34.598669,0.340533]},"properties":{"id":"523192804","n":"Esikura A PS1","t":"ps","c":"Kakamega"}},{"type":"Feature","geometry":{"type":"Point","coordinates":[34.542343,0.34531]},"properties":{"id":"523349503","n":"Efundula PD 14","t":"pdw","c":"Kakamega"}},{"type":"Feature","geometry":{"type":"Point","coordinates":[34.589962,0.328391]},"properties":{"id":"523281971","n":"Bumini B PD2","t":"pdw","c":"Kakamega"}},{"type":"Feature","geometry":{"type":"Point","coordinates":[34.575442,0.343618]},"properties":{"id":"523224240","n":"Mwikali B PD2","t":"pdw","c":"Kakamega"}},{"type":"Feature","geometry":{"type":"Point","coordinates":[34.591326,0.352786]},"properties":{"id":"523273086","n":"Ebubere A1 PD3","t":"pdw","c":"Kakamega"}},{"type":"Feature","geometry":{"type":"Point","coordinates":[34.57704,0.347385]},"properties":{"id":"523253006","n":"BulechiaA2 PD1","t":"pdw","c":"Kakamega"}},{"type":"Feature","geometry":{"type":"Point","coordinates":[34.534857,0.343838]},"properties":{"id":"523248619","n":"Ematete PS1","t":"ps","c":"Kakamega"}},{"type":"Feature","geometry":{"type":"Point","coordinates":[34.559268,0.365012]},"properties":{"id":"523256638","n":"Khabalwe B PS1","t":"ps","c":"Kakamega"}},{"type":"Feature","geometry":{"type":"Point","coordinates":[34.525475,0.337153]},"properties":{"id":"523303059","n":"Eshimuli PD7","t":"pdw","c":"Kakamega"}},{"type":"Feature","geometry":{"type":"Point","coordinates":[34.526092,0.334082]},"properties":{"id":"523197445","n":"Eshimuli PD11","t":"pdw","c":"Kakamega"}},{"type":"Feature","geometry":{"type":"Point","coordinates":[34.574076,0.385578]},"properties":{"id":"523337188","n":"Abakhutenga PD Stephen Erima","t":"pdw","c":"Kakamega"}},{"type":"Feature","geometry":{"type":"Point","coordinates":[34.600353,0.376186]},"properties":{"id":"523250845","n":"Kulumwoyo PS 10","t":"ps","c":"Kakamega"}},{"type":"Feature","geometry":{"type":"Point","coordinates":[34.590038,0.351938]},"properties":{"id":"523301923","n":"Ebubere A1 PD9","t":"pdw","c":"Kakamega"}},{"type":"Feature","geometry":{"type":"Point","coordinates":[34.589763,0.37542]},"properties":{"id":"523213163","n":"Namwaya PD 8","t":"pdw","c":"Kakamega"}},{"type":"Feature","geometry":{"type":"Point","coordinates":[34.572913,0.381372]},"properties":{"id":"523204686","n":"Abauma PD Geoffrey Makanda","t":"pdw","c":"Kakamega"}},{"type":"Feature","geometry":{"type":"Point","coordinates":[34.577973,0.365058]},"properties":{"id":"523351265","n":"Lunyiko PS2","t":"ps","c":"Kakamega"}},{"type":"Feature","geometry":{"type":"Point","coordinates":[34.58136,0.314158]},"properties":{"id":"523252184","n":"Shilarumwa PD,13","t":"pdw","c":"Kakamega"}},{"type":"Feature","geometry":{"type":"Point","coordinates":[34.564179,0.3871]},"properties":{"id":"523306849","n":"Abasia PD Wamukoya","t":"pdw","c":"Kakamega"}},{"type":"Feature","geometry":{"type":"Point","coordinates":[34.586852,0.376446]},"properties":{"id":"523302168","n":"Namwaya PD 11","t":"pdw","c":"Kakamega"}},{"type":"Feature","geometry":{"type":"Point","coordinates":[34.523978,0.33814]},"properties":{"id":"523347965","n":"Eshimuli PD2","t":"pdw","c":"Kakamega"}},{"type":"Feature","geometry":{"type":"Point","coordinates":[34.584048,0.342791]},"properties":{"id":"523238777","n":"Mulambo A PD4","t":"pdw","c":"Kakamega"}},{"type":"Feature","geometry":{"type":"Point","coordinates":[34.566248,0.360072]},"properties":{"id":"523304531","n":"Mung'ang'a PD18","t":"pdw","c":"Kakamega"}},{"type":"Feature","geometry":{"type":"Point","coordinates":[34.590015,0.325542]},"properties":{"id":"523318549","n":"Musangaro A1 PD3","t":"pdw","c":"Kakamega"}},{"type":"Feature","geometry":{"type":"Point","coordinates":[34.602648,0.344624]},"properties":{"id":"523253697","n":"Esikura B PD7","t":"pdw","c":"Kakamega"}},{"type":"Feature","geometry":{"type":"Point","coordinates":[34.57207,0.347795]},"properties":{"id":"523258173","n":"Mukhweso PD14","t":"pdw","c":"Kakamega"}},{"type":"Feature","geometry":{"type":"Point","coordinates":[34.523913,0.333968]},"properties":{"id":"523246088","n":"Eshimuli PD 17","t":"pdw","c":"Kakamega"}},{"type":"Feature","geometry":{"type":"Point","coordinates":[34.569249,0.384595]},"properties":{"id":"523315209","n":"Abakhami PD Joel Manya","t":"pdw","c":"Kakamega"}},{"type":"Feature","geometry":{"type":"Point","coordinates":[34.562427,0.366145]},"properties":{"id":"523320603","n":"Khabalwe A PD1","t":"pdw","c":"Kakamega"}},{"type":"Feature","geometry":{"type":"Point","coordinates":[34.593279,0.353445]},"properties":{"id":"523225980","n":"Ebubere B2PD8","t":"pdw","c":"Kakamega"}},{"type":"Feature","geometry":{"type":"Point","coordinates":[34.578577,0.35553]},"properties":{"id":"523254832","n":"Bulechia A PD2","t":"pdw","c":"Kakamega"}},{"type":"Feature","geometry":{"type":"Point","coordinates":[34.601135,0.372219]},"properties":{"id":"523244110","n":"Kulumwoyo PD 1","t":"pdw","c":"Kakamega"}},{"type":"Feature","geometry":{"type":"Point","coordinates":[34.592393,0.353775]},"properties":{"id":"523298872","n":"Ebubere B2 PD9","t":"pdw","c":"Kakamega"}},{"type":"Feature","geometry":{"type":"Point","coordinates":[34.573433,0.387895]},"properties":{"id":"523235406","n":"Abashitsetse PD Patrick Manya","t":"pdw","c":"Kakamega"}},{"type":"Feature","geometry":{"type":"Point","coordinates":[34.582785,0.380319]},"properties":{"id":"523304720","n":"Abakwera PD Edwin Zachariah Murunga","t":"pdw","c":"Kakamega"}},{"type":"Feature","geometry":{"type":"Point","coordinates":[34.59844,0.343848]},"properties":{"id":"523312880","n":"Ebubere A3 PD3","t":"pdw","c":"Kakamega"}},{"type":"Feature","geometry":{"type":"Point","coordinates":[34.525775,0.338432]},"properties":{"id":"523265926","n":"Eshimuli PD4","t":"pdw","c":"Kakamega"}},{"type":"Feature","geometry":{"type":"Point","coordinates":[34.60156,0.351589]},"properties":{"id":"523197878","n":"Muroni B, PD, 1","t":"pdw","c":"Kakamega"}},{"type":"Feature","geometry":{"type":"Point","coordinates":[34.575072,0.362902]},"properties":{"id":"523303657","n":"Lunyiko PD16","t":"pdw","c":"Kakamega"}},{"type":"Feature","geometry":{"type":"Point","coordinates":[34.561313,0.352128]},"properties":{"id":"523267526","n":"Buloma UD1","t":"udw","c":"Kakamega"}},{"type":"Feature","geometry":{"type":"Point","coordinates":[34.58884,0.335976]},"properties":{"id":"523279666","n":"Mulambo B PS1","t":"ps","c":"Kakamega"}},{"type":"Feature","geometry":{"type":"Point","coordinates":[34.578024,0.385782]},"properties":{"id":"523340676","n":"Abakolwe Abamale PD Keya","t":"pdw","c":"Kakamega"}},{"type":"Feature","geometry":{"type":"Point","coordinates":[34.578848,0.386029]},"properties":{"id":"523194466","n":"Abakolwe Abamale PS Keya","t":"ps","c":"Kakamega"}},{"type":"Feature","geometry":{"type":"Point","coordinates":[34.548225,0.344943]},"properties":{"id":"523329190","n":"Ebung'ale PS3","t":"ps","c":"Kakamega"}},{"type":"Feature","geometry":{"type":"Point","coordinates":[34.56974,0.341817]},"properties":{"id":"523257031","n":"Mwikali A PD5","t":"pdw","c":"Kakamega"}},{"type":"Feature","geometry":{"type":"Point","coordinates":[34.575119,0.389889]},"properties":{"id":"523273880","n":"Abashitsetse PD George Manya Matsakhwe","t":"pdw","c":"Kakamega"}},{"type":"Feature","geometry":{"type":"Point","coordinates":[34.585555,0.327304]},"properties":{"id":"523336084","n":"Musangaro B1 PD6","t":"pdw","c":"Kakamega"}},{"type":"Feature","geometry":{"type":"Point","coordinates":[34.594138,0.337597]},"properties":{"id":"523215244","n":"Manyasa A PD1","t":"pdw","c":"Kakamega"}},{"type":"Feature","geometry":{"type":"Point","coordinates":[34.588355,0.376177]},"properties":{"id":"523308621","n":"Namwaya PD 10","t":"pdw","c":"Kakamega"}},{"type":"Feature","geometry":{"type":"Point","coordinates":[34.567863,0.358227]},"properties":{"id":"523327772","n":"Mung'ang'a PD4","t":"pdw","c":"Kakamega"}},{"type":"Feature","geometry":{"type":"Point","coordinates":[34.607115,0.349243]},"properties":{"id":"523212739","n":"Muroni A, UD,","t":"udw","c":"Kakamega"}},{"type":"Feature","geometry":{"type":"Point","coordinates":[34.577643,0.39505]},"properties":{"id":"523266295","n":"Abakalivo PD Jane Juma","t":"pdw","c":"Kakamega"}},{"type":"Feature","geometry":{"type":"Point","coordinates":[34.541175,0.339387]},"properties":{"id":"523279714","n":"Ematete PD6","t":"pdw","c":"Kakamega"}},{"type":"Feature","geometry":{"type":"Point","coordinates":[34.579665,0.351277]},"properties":{"id":"523316853","n":"BulechiaA PD9","t":"pdw","c":"Kakamega"}},{"type":"Feature","geometry":{"type":"Point","coordinates":[34.596879,0.335883]},"properties":{"id":"523318965","n":"Bumini A PD13","t":"pdw","c":"Kakamega"}},{"type":"Feature","geometry":{"type":"Point","coordinates":[34.581451,0.321809]},"properties":{"id":"523255620","n":"ShirongoA PD24","t":"pdw","c":"Kakamega"}},{"type":"Feature","geometry":{"type":"Point","coordinates":[34.547112,0.341388]},"properties":{"id":"523345853","n":"Efundula PS 2","t":"ps","c":"Kakamega"}},{"type":"Feature","geometry":{"type":"Point","coordinates":[34.571888,0.391199]},"properties":{"id":"523222224","n":"Abavere PD Sawinja Tobino","t":"pdw","c":"Kakamega"}},{"type":"Feature","geometry":{"type":"Point","coordinates":[34.564821,0.382514]},"properties":{"id":"523265816","n":"Abatetso Keya Spring","t":"ps","c":"Kakamega"}},{"type":"Feature","geometry":{"type":"Point","coordinates":[34.57991,0.34059]},"properties":{"id":"523272827","n":"Mulambo A PD6","t":"pdw","c":"Kakamega"}},{"type":"Feature","geometry":{"type":"Point","coordinates":[34.568058,0.383195]},"properties":{"id":"523242417","n":"Abatetso PD Mukwana","t":"pdw","c":"Kakamega"}},{"type":"Feature","geometry":{"type":"Point","coordinates":[34.58982,0.322121]},"properties":{"id":"523308889","n":"Musangaro A2 PD5","t":"pdw","c":"Kakamega"}},{"type":"Feature","geometry":{"type":"Point","coordinates":[34.575077,0.352235]},"properties":{"id":"523297747","n":"BulechiaA2 PD5","t":"pdw","c":"Kakamega"}},{"type":"Feature","geometry":{"type":"Point","coordinates":[34.575697,0.390508]},"properties":{"id":"523259105","n":"Abashitsetse PD Wambunya Naika","t":"pdw","c":"Kakamega"}},{"type":"Feature","geometry":{"type":"Point","coordinates":[34.569223,0.368038]},"properties":{"id":"523271235","n":"Khabalwe A PS1","t":"ps","c":"Kakamega"}},{"type":"Feature","geometry":{"type":"Point","coordinates":[34.564595,0.334418]},"properties":{"id":"523200826","n":"Ekafisi PD 2","t":"pdw","c":"Kakamega"}},{"type":"Feature","geometry":{"type":"Point","coordinates":[34.580817,0.333803]},"properties":{"id":"523233789","n":"Mwilache B PD14","t":"pdw","c":"Kakamega"}},{"type":"Feature","geometry":{"type":"Point","coordinates":[34.581939,0.345349]},"properties":{"id":"523293585","n":"Manyasa B PD3","t":"pdw","c":"Kakamega"}},{"type":"Feature","geometry":{"type":"Point","coordinates":[34.588605,0.37756]},"properties":{"id":"523349864","n":"Bukhathi PD 3","t":"pdw","c":"Kakamega"}},{"type":"Feature","geometry":{"type":"Point","coordinates":[34.538287,0.343318]},"properties":{"id":"523237147","n":"Ematete PD3","t":"pdw","c":"Kakamega"}},{"type":"Feature","geometry":{"type":"Point","coordinates":[34.596958,0.336949]},"properties":{"id":"523227786","n":"Emusiresire A PD1","t":"pdw","c":"Kakamega"}},{"type":"Feature","geometry":{"type":"Point","coordinates":[34.589037,0.335582]},"properties":{"id":"523280499","n":"Mwilache A PS1","t":"ps","c":"Kakamega"}},{"type":"Feature","geometry":{"type":"Point","coordinates":[34.578572,0.353625]},"properties":{"id":"523294249","n":"Bulechia A PD4","t":"udw","c":"Kakamega"}},{"type":"Feature","geometry":{"type":"Point","coordinates":[34.564912,0.3347]},"properties":{"id":"523346919","n":"Ekafisi PD 1","t":"pdw","c":"Kakamega"}},{"type":"Feature","geometry":{"type":"Point","coordinates":[34.568492,0.342028]},"properties":{"id":"523344120","n":"Mwikali A US2","t":"us","c":"Kakamega"}},{"type":"Feature","geometry":{"type":"Point","coordinates":[34.585042,0.309891]},"properties":{"id":"523322519","n":"Emashebwebwe B PD 15","t":"pdw","c":"Kakamega"}},{"type":"Feature","geometry":{"type":"Point","coordinates":[34.545312,0.344823]},"properties":{"id":"523303956","n":"Efundula PS 3","t":"us","c":"Kakamega"}},{"type":"Feature","geometry":{"type":"Point","coordinates":[34.577131,0.378297]},"properties":{"id":"523315364","n":"Abauma PD Kasim Samba","t":"pdw","c":"Kakamega"}},{"type":"Feature","geometry":{"type":"Point","coordinates":[34.569823,0.361643]},"properties":{"id":"523284462","n":"Mung'ang'a UD4","t":"udw","c":"Kakamega"}},{"type":"Feature","geometry":{"type":"Point","coordinates":[34.564658,0.352068]},"properties":{"id":"523237123","n":"Buloma A1 PS2","t":"ps","c":"Kakamega"}},{"type":"Feature","geometry":{"type":"Point","coordinates":[34.565102,0.385957]},"properties":{"id":"523205993","n":"Abakhami PD Florence Mukhwana","t":"pdw","c":"Kakamega"}},{"type":"Feature","geometry":{"type":"Point","coordinates":[34.56452,0.353843]},"properties":{"id":"523288181","n":"Buloma A1 PS1","t":"ps","c":"Kakamega"}},{"type":"Feature","geometry":{"type":"Point","coordinates":[34.581142,0.326632]},"properties":{"id":"523337353","n":"Shirongo A PD 1","t":"pdw","c":"Kakamega"}},{"type":"Feature","geometry":{"type":"Point","coordinates":[34.571563,0.35165]},"properties":{"id":"523220150","n":"Mukhweso UD1","t":"udw","c":"Kakamega"}},{"type":"Feature","geometry":{"type":"Point","coordinates":[34.571742,0.350092]},"properties":{"id":"523214315","n":"Mukhweso PD8","t":"pdw","c":"Kakamega"}},{"type":"Feature","geometry":{"type":"Point","coordinates":[34.572938,0.358]},"properties":{"id":"523235217","n":"Lunyiko PD3","t":"pdw","c":"Kakamega"}},{"type":"Feature","geometry":{"type":"Point","coordinates":[34.586523,0.333287]},"properties":{"id":"523307981","n":"Mwilache A PD14","t":"pdw","c":"Kakamega"}},{"type":"Feature","geometry":{"type":"Point","coordinates":[34.526588,0.333802]},"properties":{"id":"523258609","n":"Eshimuli PD12","t":"pdw","c":"Kakamega"}},{"type":"Feature","geometry":{"type":"Point","coordinates":[34.543232,0.338415]},"properties":{"id":"523246033","n":"Ematete PD12","t":"pdw","c":"Kakamega"}},{"type":"Feature","geometry":{"type":"Point","coordinates":[34.572608,0.39257]},"properties":{"id":"523312093","n":"Abakalivo PD Moses Wafula","t":"pdw","c":"Kakamega"}},{"type":"Feature","geometry":{"type":"Point","coordinates":[34.568147,0.340898]},"properties":{"id":"523254540","n":"Mwikali A PS2","t":"ps","c":"Kakamega"}},{"type":"Feature","geometry":{"type":"Point","coordinates":[34.589068,0.340903]},"properties":{"id":"523352479","n":"Manyasa B1 PD7","t":"pdw","c":"Kakamega"}},{"type":"Feature","geometry":{"type":"Point","coordinates":[34.596228,0.340906]},"properties":{"id":"523210603","n":"Manyasa A PD7","t":"pdw","c":"Kakamega"}},{"type":"Feature","geometry":{"type":"Point","coordinates":[34.599894,0.374213]},"properties":{"id":"523321408","n":"Bukhathi PS 15","t":"ps","c":"Kakamega"}},{"type":"Feature","geometry":{"type":"Point","coordinates":[34.531617,0.336377]},"properties":{"id":"523252627","n":"Emayala PD6","t":"pdw","c":"Kakamega"}},{"type":"Feature","geometry":{"type":"Point","coordinates":[34.568053,0.352575]},"properties":{"id":"523299464","n":"Mukhweso PD1","t":"pdw","c":"Kakamega"}},{"type":"Feature","geometry":{"type":"Point","coordinates":[34.598478,0.338177]},"properties":{"id":"523248183","n":"Emusiresire B PD3","t":"pdw","c":"Kakamega"}},{"type":"Feature","geometry":{"type":"Point","coordinates":[34.587253,0.334272]},"properties":{"id":"523270605","n":"Mwilache A PD13","t":"pdw","c":"Kakamega"}},{"type":"Feature","geometry":{"type":"Point","coordinates":[34.602745,0.377138]},"properties":{"id":"523204002","n":"Kulumwoyo PD 7","t":"ps","c":"Kakamega"}},{"type":"Feature","geometry":{"type":"Point","coordinates":[34.568233,0.366495]},"properties":{"id":"523277042","n":"Khabalwe A UD1","t":"udw","c":"Kakamega"}},{"type":"Feature","geometry":{"type":"Point","coordinates":[34.574116,0.37504]},"properties":{"id":"523208934","n":"Abamwaya PS Samuel","t":"ps","c":"Kakamega"}},{"type":"Feature","geometry":{"type":"Point","coordinates":[34.591822,0.334829]},"properties":{"id":"523248262","n":"Mwilache A PD1","t":"pdw","c":"Kakamega"}},{"type":"Feature","geometry":{"type":"Point","coordinates":[34.602696,0.350461]},"properties":{"id":"523345169","n":"Muroni A, PD, 13","t":"pdw","c":"Kakamega"}},{"type":"Feature","geometry":{"type":"Point","coordinates":[34.521103,0.333855]},"properties":{"id":"523332695","n":"Ebwayi PD6","t":"pdw","c":"Kakamega"}},{"type":"Feature","geometry":{"type":"Point","coordinates":[34.586849,0.320801]},"properties":{"id":"523249816","n":"Musangaro B2 PD6","t":"pdw","c":"Kakamega"}},{"type":"Feature","geometry":{"type":"Point","coordinates":[34.57717,0.324695]},"properties":{"id":"523197847","n":"Shirongo B PD3","t":"pdw","c":"Kakamega"}},{"type":"Feature","geometry":{"type":"Point","coordinates":[34.562183,0.389574]},"properties":{"id":"523259552","n":"Abashitsetse Vitalis Makokha","t":"pdw","c":"Kakamega"}},{"type":"Feature","geometry":{"type":"Point","coordinates":[34.577732,0.357973]},"properties":{"id":"523261544","n":"BulechiaA2 PD10","t":"pdw","c":"Kakamega"}},{"type":"Feature","geometry":{"type":"Point","coordinates":[34.604185,0.375748]},"properties":{"id":"523253099","n":"Khabondi B PD 7","t":"pdw","c":"Kakamega"}},{"type":"Feature","geometry":{"type":"Point","coordinates":[34.582602,0.33755]},"properties":{"id":"523200479","n":"Mulambo A US1","t":"us","c":"Kakamega"}},{"type":"Feature","geometry":{"type":"Point","coordinates":[34.576454,0.369044]},"properties":{"id":"523230205","n":"Ababokho PS Saul Wekelo","t":"ps","c":"Kakamega"}},{"type":"Feature","geometry":{"type":"Point","coordinates":[34.56864,0.381071]},"properties":{"id":"523333098","n":"Abasacha PD Melsa Akumu","t":"pdw","c":"Kakamega"}},{"type":"Feature","geometry":{"type":"Point","coordinates":[34.577668,0.388917]},"properties":{"id":"523343284","n":"Abamwaya PD Namulanda Wawire","t":"pdw","c":"Kakamega"}},{"type":"Feature","geometry":{"type":"Point","coordinates":[34.532065,0.337482]},"properties":{"id":"523297716","n":"Emayala PD7","t":"pdw","c":"Kakamega"}},{"type":"Feature","geometry":{"type":"Point","coordinates":[34.539708,0.33644]},"properties":{"id":"523225272","n":"Eshikumulo US1","t":"us","c":"Kakamega"}},{"type":"Feature","geometry":{"type":"Point","coordinates":[34.576167,0.362038]},"properties":{"id":"523249452","n":"Lunyiko PD15","t":"pdw","c":"Kakamega"}},{"type":"Feature","geometry":{"type":"Point","coordinates":[34.567503,0.357743]},"properties":{"id":"523215330","n":"Mung'ang'a PD5","t":"pdw","c":"Kakamega"}},{"type":"Feature","geometry":{"type":"Point","coordinates":[34.582122,0.341718]},"properties":{"id":"523352527","n":"Mulambo A PD6","t":"pdw","c":"Kakamega"}},{"type":"Feature","geometry":{"type":"Point","coordinates":[34.581927,0.364213]},"properties":{"id":"523282563","n":"Epanja, PS, 6","t":"ps","c":"Kakamega"}},{"type":"Feature","geometry":{"type":"Point","coordinates":[34.545467,0.339333]},"properties":{"id":"523350958","n":"Efundula PD2","t":"pdw","c":"Kakamega"}},{"type":"Feature","geometry":{"type":"Point","coordinates":[34.574952,0.339323]},"properties":{"id":"523315670","n":"Mwikali B PS3","t":"ps","c":"Kakamega"}},{"type":"Feature","geometry":{"type":"Point","coordinates":[34.551295,0.333993]},"properties":{"id":"523196145","n":"Musango B PS 1","t":"ps","c":"Kakamega"}},{"type":"Feature","geometry":{"type":"Point","coordinates":[34.586222,0.318263]},"properties":{"id":"523299275","n":"Emashebwebwe A PS'5","t":"ps","c":"Kakamega"}},{"type":"Feature","geometry":{"type":"Point","coordinates":[34.589095,0.333391]},"properties":{"id":"523250175","n":"Mwilache A PS2","t":"ps","c":"Kakamega"}},{"type":"Feature","geometry":{"type":"Point","coordinates":[34.565064,0.393771]},"properties":{"id":"523324580","n":"Abashitsetse US Lydiah Ouma","t":"us","c":"Kakamega"}},{"type":"Feature","geometry":{"type":"Point","coordinates":[34.57723,0.389491]},"properties":{"id":"523231426","n":"Abashitsetse PD Frederick Manya","t":"pdw","c":"Kakamega"}},{"type":"Feature","geometry":{"type":"Point","coordinates":[34.542867,0.33448]},"properties":{"id":"523284682","n":"Mulimani PD8","t":"pdw","c":"Kakamega"}},{"type":"Feature","geometry":{"type":"Point","coordinates":[34.575523,0.316403]},"properties":{"id":"523282752","n":"Shainda B PD 10","t":"pdw","c":"Kakamega"}},{"type":"Feature","geometry":{"type":"Point","coordinates":[34.574965,0.330921]},"properties":{"id":"523245575","n":"ShirongoB PD 16","t":"pdw","c":"Kakamega"}},{"type":"Feature","geometry":{"type":"Point","coordinates":[34.572265,0.385619]},"properties":{"id":"523300922","n":"Abashitsetse PD Toroni Busheri","t":"ps","c":"Kakamega"}},{"type":"Feature","geometry":{"type":"Point","coordinates":[34.570333,0.394242]},"properties":{"id":"523333641","n":"Abakalivo PD Peter Nyongesa Barasa","t":"pdw","c":"Kakamega"}},{"type":"Feature","geometry":{"type":"Point","coordinates":[34.589132,0.309651]},"properties":{"id":"523324308","n":"Eshiakhulo B PD 10","t":"pdw","c":"Kakamega"}},{"type":"Feature","geometry":{"type":"Point","coordinates":[34.524562,0.335075]},"properties":{"id":"523307682","n":"Eshimuli PD13","t":"pdw","c":"Kakamega"}},{"type":"Feature","geometry":{"type":"Point","coordinates":[34.588781,0.332719]},"properties":{"id":"523298205","n":"Mwilache A PD7","t":"pdw","c":"Kakamega"}},{"type":"Feature","geometry":{"type":"Point","coordinates":[34.577619,0.379755]},"properties":{"id":"523261252","n":"Abaengere PD Justus Malala","t":"pdw","c":"Kakamega"}},{"type":"Feature","geometry":{"type":"Point","coordinates":[34.573458,0.381519]},"properties":{"id":"523343325","n":"Abauma Kasim Wawire","t":"pdw","c":"Kakamega"}},{"type":"Feature","geometry":{"type":"Point","coordinates":[34.597353,0.33555]},"properties":{"id":"523296801","n":"Bumini A PD13","t":"pdw","c":"Kakamega"}},{"type":"Feature","geometry":{"type":"Point","coordinates":[34.582025,0.377974]},"properties":{"id":"523273952","n":"Abakwera Elude Matete","t":"pdw","c":"Kakamega"}},{"type":"Feature","geometry":{"type":"Point","coordinates":[34.592754,0.350226]},"properties":{"id":"523342836","n":"Ebubere B2 PD5","t":"pdw","c":"Kakamega"}},{"type":"Feature","geometry":{"type":"Point","coordinates":[34.578637,0.325773]},"properties":{"id":"523325330","n":"Shirongo B PD 9","t":"pdw","c":"Kakamega"}},{"type":"Feature","geometry":{"type":"Point","coordinates":[34.574368,0.386172]},"properties":{"id":"523271431","n":"Abashitsetse PD Christopher Manya","t":"pdw","c":"Kakamega"}},{"type":"Feature","geometry":{"type":"Point","coordinates":[34.586602,0.332026]},"properties":{"id":"523293963","n":"Mwilache B PD2","t":"pdw","c":"Kakamega"}},{"type":"Feature","geometry":{"type":"Point","coordinates":[34.563132,0.336577]},"properties":{"id":"523298652","n":"Ekafisi PS 2","t":"ps","c":"Kakamega"}},{"type":"Feature","geometry":{"type":"Point","coordinates":[34.582703,0.340701]},"properties":{"id":"523313111","n":"Mulambo A PD5","t":"pdw","c":"Kakamega"}},{"type":"Feature","geometry":{"type":"Point","coordinates":[34.584672,0.380585]},"properties":{"id":"523343552","n":"Khaunga Township PD 1","t":"pdw","c":"Kakamega"}},{"type":"Feature","geometry":{"type":"Point","coordinates":[34.523588,0.338852]},"properties":{"id":"523257615","n":"Eshimuli PD1","t":"pdw","c":"Kakamega"}},{"type":"Feature","geometry":{"type":"Point","coordinates":[34.576841,0.391501]},"properties":{"id":"523282570","n":"Abashitsetse PD Ernest Makau","t":"pdw","c":"Kakamega"}},{"type":"Feature","geometry":{"type":"Point","coordinates":[34.565955,0.354485]},"properties":{"id":"523317263","n":"Buloma A1 PD1","t":"pdw","c":"Kakamega"}},{"type":"Feature","geometry":{"type":"Point","coordinates":[34.583162,0.380973]},"properties":{"id":"523220112","n":"Ababokho PD Wasike","t":"pdw","c":"Kakamega"}},{"type":"Feature","geometry":{"type":"Point","coordinates":[34.598143,0.342061]},"properties":{"id":"523294603","n":"Ebubere A3 PD8","t":"pdw","c":"Kakamega"}},{"type":"Feature","geometry":{"type":"Point","coordinates":[34.603142,0.34671]},"properties":{"id":"523318013","n":"Muroni B, PD, 10","t":"pdw","c":"Kakamega"}},{"type":"Feature","geometry":{"type":"Point","coordinates":[34.592007,0.327352]},"properties":{"id":"523310383","n":"Bumini B PD1","t":"pdw","c":"Kakamega"}},{"type":"Feature","geometry":{"type":"Point","coordinates":[34.582358,0.323472]},"properties":{"id":"523232427","n":"Musangaro B1 PS1","t":"ps","c":"Kakamega"}},{"type":"Feature","geometry":{"type":"Point","coordinates":[34.592301,0.333431]},"properties":{"id":"523334178","n":"Bumini A PD16","t":"pdw","c":"Kakamega"}},{"type":"Feature","geometry":{"type":"Point","coordinates":[34.565213,0.339082]},"properties":{"id":"523280633","n":"Ikhonje PD 7","t":"pdw","c":"Kakamega"}},{"type":"Feature","geometry":{"type":"Point","coordinates":[34.604525,0.378386]},"properties":{"id":"523253855","n":"Khabondi B PD 9","t":"pdw","c":"Kakamega"}},{"type":"Feature","geometry":{"type":"Point","coordinates":[34.575454,0.316616]},"properties":{"id":"523342898","n":"Shainda B PD 9","t":"pdw","c":"Kakamega"}},{"type":"Feature","geometry":{"type":"Point","coordinates":[34.603736,0.375159]},"properties":{"id":"523319337","n":"Kulumwoyo PD 5","t":"pdw","c":"Kakamega"}},{"type":"Feature","geometry":{"type":"Point","coordinates":[34.576413,0.318858]},"properties":{"id":"523257756","n":"Shirongo A PD 42","t":"pdw","c":"Kakamega"}},{"type":"Feature","geometry":{"type":"Point","coordinates":[34.538158,0.342735]},"properties":{"id":"523308872","n":"Ematete PD4","t":"pdw","c":"Kakamega"}},{"type":"Feature","geometry":{"type":"Point","coordinates":[34.58117,0.316628]},"properties":{"id":"523251633","n":"Emashebwebwe A PD'1","t":"pdw","c":"Kakamega"}},{"type":"Feature","geometry":{"type":"Point","coordinates":[34.584934,0.33205]},"properties":{"id":"523225045","n":"Mwilache B PD11","t":"pdw","c":"Kakamega"}},{"type":"Feature","geometry":{"type":"Point","coordinates":[34.583173,0.307673]},"properties":{"id":"523328168","n":"Mungakha PD'5","t":"pdw","c":"Kakamega"}},{"type":"Feature","geometry":{"type":"Point","coordinates":[34.565204,0.388163]},"properties":{"id":"523340762","n":"Abashitsetse PD Jackson Osendo","t":"pdw","c":"Kakamega"}},{"type":"Feature","geometry":{"type":"Point","coordinates":[34.571178,0.361815]},"properties":{"id":"523307840","n":"Lunyiko PD9","t":"pdw","c":"Kakamega"}},{"type":"Feature","geometry":{"type":"Point","coordinates":[34.578133,0.356062]},"properties":{"id":"574294441","n":"Ebulechia Primary School - 22402","t":"bh","c":"Kakamega","d":80.0}},{"type":"Feature","geometry":{"type":"Point","coordinates":[34.584623,0.34061]},"properties":{"id":"523337528","n":"Mulambo A PD1","t":"pdw","c":"Kakamega"}},{"type":"Feature","geometry":{"type":"Point","coordinates":[34.567145,0.357348]},"properties":{"id":"523344364","n":"Mung'ang'a PD6","t":"pdw","c":"Kakamega"}},{"type":"Feature","geometry":{"type":"Point","coordinates":[34.527258,0.333482]},"properties":{"id":"523350989","n":"Mwitoti PD 4","t":"pdw","c":"Kakamega"}},{"type":"Feature","geometry":{"type":"Point","coordinates":[34.571322,0.352158]},"properties":{"id":"523237374","n":"Mukhweso PD5","t":"pdw","c":"Kakamega"}},{"type":"Feature","geometry":{"type":"Point","coordinates":[34.580876,0.310638]},"properties":{"id":"493192594","n":"Shiralumwa Community, Chitechi Spring - 23301","t":"ps","c":"Kakamega"}},{"type":"Feature","geometry":{"type":"Point","coordinates":[34.557149,0.334097]},"properties":{"id":"523256803","n":"Musango B PD 5","t":"pdw","c":"Kakamega"}},{"type":"Feature","geometry":{"type":"Point","coordinates":[34.572518,0.34782]},"properties":{"id":"523338512","n":"Mukhweso PD13","t":"pdw","c":"Kakamega"}},{"type":"Feature","geometry":{"type":"Point","coordinates":[34.59046,0.354172]},"properties":{"id":"523324999","n":"Ebubere A1 PD7","t":"pdw","c":"Kakamega"}},{"type":"Feature","geometry":{"type":"Point","coordinates":[34.57474,0.331135]},"properties":{"id":"523340281","n":"Shirongo B PD 18","t":"pdw","c":"Kakamega"}},{"type":"Feature","geometry":{"type":"Point","coordinates":[34.606073,0.348354]},"properties":{"id":"523220198","n":"Muroni B, PD, 11","t":"pdw","c":"Kakamega"}},{"type":"Feature","geometry":{"type":"Point","coordinates":[34.574573,0.316251]},"properties":{"id":"523265799","n":"Shianda B PS 8","t":"ps","c":"Kakamega"}},{"type":"Feature","geometry":{"type":"Point","coordinates":[34.541742,0.34388]},"properties":{"id":"523319777","n":"Ematete PD1","t":"pdw","c":"Kakamega"}},{"type":"Feature","geometry":{"type":"Point","coordinates":[34.593656,0.346904]},"properties":{"id":"523344137","n":"Ebubere A2 PD6","t":"pdw","c":"Kakamega"}},{"type":"Feature","geometry":{"type":"Point","coordinates":[34.552754,0.338769]},"properties":{"id":"523276027","n":"Musango A PD 7","t":"pdw","c":"Kakamega"}},{"type":"Feature","geometry":{"type":"Point","coordinates":[34.548663,0.332612]},"properties":{"id":"523310400","n":"Emukhweso PD1","t":"pdw","c":"Kakamega"}},{"type":"Feature","geometry":{"type":"Point","coordinates":[34.587069,0.343891]},"properties":{"id":"523245348","n":"Manyasa B PD6","t":"pdw","c":"Kakamega"}},{"type":"Feature","geometry":{"type":"Point","coordinates":[34.57328,0.34666]},"properties":{"id":"523294775","n":"Mukhweso PD16","t":"pdw","c":"Kakamega"}},{"type":"Feature","geometry":{"type":"Point","coordinates":[34.59552,0.374746]},"properties":{"id":"523249971","n":"Bukhathi PD 10","t":"pdw","c":"Kakamega"}},{"type":"Feature","geometry":{"type":"Point","coordinates":[34.573793,0.377881]},"properties":{"id":"523277406","n":"Abauma PD Andrew Wechuli","t":"pdw","c":"Kakamega"}},{"type":"Feature","geometry":{"type":"Point","coordinates":[34.573822,0.379734]},"properties":{"id":"523266518","n":"Abauma PD Michael Juma","t":"pdw","c":"Kakamega"}},{"type":"Feature","geometry":{"type":"Point","coordinates":[34.558178,0.337302]},"properties":{"id":"523229771","n":"Musango A PD 3","t":"pdw","c":"Kakamega"}},{"type":"Feature","geometry":{"type":"Point","coordinates":[34.584391,0.36322]},"properties":{"id":"523338093","n":"Epanja, PS, 4","t":"ps","c":"Kakamega"}},{"type":"Feature","geometry":{"type":"Point","coordinates":[34.56587,0.357837]},"properties":{"id":"523345822","n":"Mung'ang'a PD13","t":"pdw","c":"Kakamega"}},{"type":"Feature","geometry":{"type":"Point","coordinates":[34.605624,0.373486]},"properties":{"id":"523302924","n":"Khabondi B PD 12","t":"pdw","c":"Kakamega"}},{"type":"Feature","geometry":{"type":"Point","coordinates":[34.578622,0.325317]},"properties":{"id":"523260608","n":"Shirongo B PD 8","t":"pdw","c":"Kakamega"}},{"type":"Feature","geometry":{"type":"Point","coordinates":[34.589457,0.329335]},"properties":{"id":"523340724","n":"BuminiB PD7","t":"pdw","c":"Kakamega"}},{"type":"Feature","geometry":{"type":"Point","coordinates":[34.555258,0.334052]},"properties":{"id":"523331388","n":"Musango B PD 1","t":"pdw","c":"Kakamega"}},{"type":"Feature","geometry":{"type":"Point","coordinates":[34.560277,0.336425]},"properties":{"id":"523198240","n":"Musango A US 1","t":"us","c":"Kakamega"}},{"type":"Feature","geometry":{"type":"Point","coordinates":[34.58407,0.374082]},"properties":{"id":"523328694","n":"Mwichinga PD 9","t":"pdw","c":"Kakamega"}},{"type":"Feature","geometry":{"type":"Point","coordinates":[34.59153,0.334413]},"properties":{"id":"523271455","n":"Mwilache A PD3","t":"pdw","c":"Kakamega"}},{"type":"Feature","geometry":{"type":"Point","coordinates":[34.559949,0.339863]},"properties":{"id":"523264183","n":"Musango A PS 1","t":"ps","c":"Kakamega"}},{"type":"Feature","geometry":{"type":"Point","coordinates":[34.601029,0.340001]},"properties":{"id":"523228880","n":"Esikura A PS5","t":"ps","c":"Kakamega"}},{"type":"Feature","geometry":{"type":"Point","coordinates":[34.57762,0.393231]},"properties":{"id":"523310723","n":"Abashitsetse PD Rafael Naika","t":"pdw","c":"Kakamega"}},{"type":"Feature","geometry":{"type":"Point","coordinates":[34.585398,0.341525]},"properties":{"id":"523352493","n":"Mulambo A PD3","t":"pdw","c":"Kakamega"}},{"type":"Feature","geometry":{"type":"Point","coordinates":[34.571833,0.363738]},"properties":{"id":"523328759","n":"Lunyiko PD10","t":"pdw","c":"Kakamega"}},{"type":"Feature","geometry":{"type":"Point","coordinates":[34.577262,0.339178]},"properties":{"id":"523274692","n":"Mwikali B PD5","t":"pdw","c":"Kakamega"}},{"type":"Feature","geometry":{"type":"Point","coordinates":[34.596941,0.343169]},"properties":{"id":"523273990","n":"Ebubere A3 PD6","t":"pdw","c":"Kakamega"}},{"type":"Feature","geometry":{"type":"Point","coordinates":[34.566271,0.391855]},"properties":{"id":"523200194","n":"Abashitsetse PS Makokha","t":"ps","c":"Kakamega"}},{"type":"Feature","geometry":{"type":"Point","coordinates":[34.568682,0.344138]},"properties":{"id":"523267076","n":"Buloma C PS2","t":"ps","c":"Kakamega"}},{"type":"Feature","geometry":{"type":"Point","coordinates":[34.563276,0.38353]},"properties":{"id":"523332547","n":"Abakhami PS Majengo","t":"ps","c":"Kakamega"}},{"type":"Feature","geometry":{"type":"Point","coordinates":[34.574362,0.394858]},"properties":{"id":"523262947","n":"Abakalivo PS Nafwa Maniani","t":"ps","c":"Kakamega"}},{"type":"Feature","geometry":{"type":"Point","coordinates":[34.57636,0.351315]},"properties":{"id":"523263694","n":"BulechiaA2 PD3","t":"pdw","c":"Kakamega"}},{"type":"Feature","geometry":{"type":"Point","coordinates":[34.572986,0.37488]},"properties":{"id":"523329224","n":"Ababonwe US Beatrice Namboka","t":"us","c":"Kakamega"}},{"type":"Feature","geometry":{"type":"Point","coordinates":[34.575659,0.384366]},"properties":{"id":"523340645","n":"Abakhutenga PD Dennis Wawire","t":"pdw","c":"Kakamega"}},{"type":"Feature","geometry":{"type":"Point","coordinates":[34.571553,0.364237]},"properties":{"id":"523266563","n":"Lunyiko PD11","t":"pdw","c":"Kakamega"}},{"type":"Feature","geometry":{"type":"Point","coordinates":[34.579276,0.383907]},"properties":{"id":"523328515","n":"Abashitsetse PD Albert Kweyu","t":"pdw","c":"Kakamega"}},{"type":"Feature","geometry":{"type":"Point","coordinates":[34.582272,0.33868]},"properties":{"id":"523213352","n":"Mulambo A PD11","t":"pdw","c":"Kakamega"}},{"type":"Feature","geometry":{"type":"Point","coordinates":[34.589207,0.32083]},"properties":{"id":"523211006","n":"Musangaro B2 PS1","t":"ps","c":"Kakamega"}},{"type":"Feature","geometry":{"type":"Point","coordinates":[34.554559,0.386518]},"properties":{"id":"523236878","n":"Abakubwai PD Benedict Werimo","t":"pdw","c":"Kakamega"}},{"type":"Feature","geometry":{"type":"Point","coordinates":[34.58961,0.3288]},"properties":{"id":"523245434","n":"Bumini B PD4","t":"pdw","c":"Kakamega"}},{"type":"Feature","geometry":{"type":"Point","coordinates":[34.591097,0.329402]},"properties":{"id":"523240721","n":"BuminiB PD5","t":"pdw","c":"Kakamega"}},{"type":"Feature","geometry":{"type":"Point","coordinates":[34.57261,0.353383]},"properties":{"id":"523207225","n":"Mukhweso PS1","t":"ps","c":"Kakamega"}},{"type":"Feature","geometry":{"type":"Point","coordinates":[34.594193,0.348023]},"properties":{"id":"523206970","n":"Ebubere A3 PD12","t":"pdw","c":"Kakamega"}},{"type":"Feature","geometry":{"type":"Point","coordinates":[34.59004,0.346251]},"properties":{"id":"523218168","n":"Manyasa A PS1","t":"ps","c":"Kakamega"}},{"type":"Feature","geometry":{"type":"Point","coordinates":[34.567267,0.357112]},"properties":{"id":"523313520","n":"Mung'ang'a PD7","t":"pdw","c":"Kakamega"}},{"type":"Feature","geometry":{"type":"Point","coordinates":[34.565285,0.381773]},"properties":{"id":"699571665","n":"Abatetso Community, Matsotso Spring - 420008","t":"ps","c":"Kakamega"}},{"type":"Feature","geometry":{"type":"Point","coordinates":[34.593505,0.355245]},"properties":{"id":"523282611","n":"Ebubere B2 UP1","t":"us","c":"Kakamega"}},{"type":"Feature","geometry":{"type":"Point","coordinates":[34.585547,0.375523]},"properties":{"id":"523231392","n":"Namwaya PD 12","t":"pdw","c":"Kakamega"}},{"type":"Feature","geometry":{"type":"Point","coordinates":[34.567612,0.385704]},"properties":{"id":"523331182","n":"Abakhami PD Joseph Nyongesa Ekhombe","t":"pdw","c":"Kakamega"}},{"type":"Feature","geometry":{"type":"Point","coordinates":[34.598416,0.341147]},"properties":{"id":"523216609","n":"Esikura PD1","t":"pdw","c":"Kakamega"}},{"type":"Feature","geometry":{"type":"Point","coordinates":[34.543723,0.341935]},"properties":{"id":"523218584","n":"Efundula PD8","t":"pdw","c":"Kakamega"}},{"type":"Feature","geometry":{"type":"Point","coordinates":[34.595365,0.352169]},"properties":{"id":"523230793","n":"Ebubere B2 PS1","t":"ps","c":"Kakamega"}},{"type":"Feature","geometry":{"type":"Point","coordinates":[34.581795,0.321081]},"properties":{"id":"523304775","n":"ShirongoA PD 25","t":"pdw","c":"Kakamega"}},{"type":"Feature","geometry":{"type":"Point","coordinates":[34.526433,0.337973]},"properties":{"id":"523195742","n":"Eshimuli PD7","t":"pdw","c":"Kakamega"}},{"type":"Feature","geometry":{"type":"Point","coordinates":[34.568853,0.350713]},"properties":{"id":"523300616","n":"Mukhweso PD6","t":"pdw","c":"Kakamega"}},{"type":"Feature","geometry":{"type":"Point","coordinates":[34.578263,0.384419]},"properties":{"id":"523239369","n":"Abashitsetse PD Chitechi","t":"pdw","c":"Kakamega"}},{"type":"Feature","geometry":{"type":"Point","coordinates":[34.600293,0.375825]},"properties":{"id":"523349833","n":"Kulumwoyo PS 11","t":"ps","c":"Kakamega"}},{"type":"Feature","geometry":{"type":"Point","coordinates":[34.601813,0.341538]},"properties":{"id":"523315618","n":"Esikura A PD5","t":"pdw","c":"Kakamega"}},{"type":"Feature","geometry":{"type":"Point","coordinates":[34.540122,0.344825]},"properties":{"id":"366925319","n":"Eluche Primary School - 22406","t":"bh","c":"Kakamega","d":90.0}},{"type":"Feature","geometry":{"type":"Point","coordinates":[34.5606,0.384064]},"properties":{"id":"523294823","n":"Abashitsetse PS Makura","t":"ps","c":"Kakamega"}},{"type":"Feature","geometry":{"type":"Point","coordinates":[34.535063,0.333433]},"properties":{"id":"523262961","n":"Emayala PD5","t":"pdw","c":"Kakamega"}},{"type":"Feature","geometry":{"type":"Point","coordinates":[34.566313,0.353793]},"properties":{"id":"523196860","n":"Buloma PD3","t":"pdw","c":"Kakamega"}},{"type":"Feature","geometry":{"type":"Point","coordinates":[34.571516,0.385291]},"properties":{"id":"523196901","n":"Abasacha PD Peter Wekulo","t":"pdw","c":"Kakamega"}},{"type":"Feature","geometry":{"type":"Point","coordinates":[34.570772,0.349232]},"properties":{"id":"523246332","n":"Mukhweso PD9","t":"pdw","c":"Kakamega"}},{"type":"Feature","geometry":{"type":"Point","coordinates":[34.585582,0.344634]},"properties":{"id":"523253783","n":"Manyasa B PD4","t":"pdw","c":"Kakamega"}},{"type":"Feature","geometry":{"type":"Point","coordinates":[34.53774,0.344523]},"properties":{"id":"523265775","n":"Ematete PD5","t":"pdw","c":"Kakamega"}},{"type":"Feature","geometry":{"type":"Point","coordinates":[34.591834,0.348562]},"properties":{"id":"523246569","n":"Ebubere A2 PD2","t":"pdw","c":"Kakamega"}},{"type":"Feature","geometry":{"type":"Point","coordinates":[34.539627,0.336444]},"properties":{"id":"539195666","n":"Shikumulo Community, Omurayi Spring - 23304","t":"ps","c":"Kakamega"}},{"type":"Feature","geometry":{"type":"Point","coordinates":[34.58957,0.355181]},"properties":{"id":"523269171","n":"Ebubere A1 UD1","t":"udw","c":"Kakamega"}},{"type":"Feature","geometry":{"type":"Point","coordinates":[34.576683,0.325943]},"properties":{"id":"523353281","n":"ShirongoB PD10","t":"pdw","c":"Kakamega"}},{"type":"Feature","geometry":{"type":"Point","coordinates":[34.581651,0.311624]},"properties":{"id":"523199753","n":"Shilarumwa PS'1","t":"ps","c":"Kakamega"}},{"type":"Feature","geometry":{"type":"Point","coordinates":[34.526615,0.334368]},"properties":{"id":"523233150","n":"Mwitoti PD 2","t":"pdw","c":"Kakamega"}},{"type":"Feature","geometry":{"type":"Point","coordinates":[34.573667,0.342893]},"properties":{"id":"523322162","n":"Mwikali A PD7","t":"pdw","c":"Kakamega"}},{"type":"Feature","geometry":{"type":"Point","coordinates":[34.582632,0.353185]},"properties":{"id":"523301507","n":"Ebulechia B PD2","t":"pdw","c":"Kakamega"}},{"type":"Feature","geometry":{"type":"Point","coordinates":[34.570503,0.392424]},"properties":{"id":"523281940","n":"Abavere PD Andrew Mwima","t":"pdw","c":"Kakamega"}},{"type":"Feature","geometry":{"type":"Point","coordinates":[34.573762,0.359715]},"properties":{"id":"523273691","n":"Lunyiko PD4","t":"pdw","c":"Kakamega"}}]}