{"type":"FeatureCollection","features":[{"type":"Feature","geometry":{"type":"Point","coordinates":[34.877024,0.451713]},"properties":{"id":"523302508","n":"Shitirira A PS2","t":"ps","c":"Kakamega"}},{"type":"Feature","geometry":{"type":"Point","coordinates":[34.885466,0.460929]},"properties":{"id":"523207098","n":"Lugusi US1","t":"us","c":"Kakamega"}},{"type":"Feature","geometry":{"type":"Point","coordinates":[34.818905,0.41746]},"properties":{"id":"523337573","n":"Muting'ong'o PD9","t":"pdw","c":"Kakamega"}},{"type":"Feature","geometry":{"type":"Point","coordinates":[34.831225,0.424737]},"properties":{"id":"523318381","n":"Lutali A PD 10","t":"pdw","c":"Kakamega"}},{"type":"Feature","geometry":{"type":"Point","coordinates":[34.882076,0.471567]},"properties":{"id":"523331010","n":"Mungaha US1","t":"us","c":"Kakamega"}},{"type":"Feature","geometry":{"type":"Point","coordinates":[34.896449,0.475587]},"properties":{"id":"523335722","n":"Mukhuyu PS3","t":"ps","c":"Kakamega"}},{"type":"Feature","geometry":{"type":"Point","coordinates":[34.918182,0.472153]},"properties":{"id":"523194590","n":"Lunyinya UD 2","t":"udw","c":"Kakamega"}},{"type":"Feature","geometry":{"type":"Point","coordinates":[34.855998,0.442688]},"properties":{"id":"523273543","n":"Isanjiro A PD 13","t":"pdw","c":"Kakamega"}},{"type":"Feature","geometry":{"type":"Point","coordinates":[34.852198,0.4089]},"properties":{"id":"523347130","n":"Kakoyi US5","t":"us","c":"Kakamega"}},{"type":"Feature","geometry":{"type":"Point","coordinates":[34.838907,0.40462]},"properties":{"id":"423406674","n":"Mukava Community, Benson Lumbasi Spring - 22024","t":"ps","c":"Kakamega"}},{"type":"Feature","geometry":{"type":"Point","coordinates":[34.902385,0.462747]},"properties":{"id":"523223359","n":"Malichi B PS 1","t":"ps","c":"Kakamega"}},{"type":"Feature","geometry":{"type":"Point","coordinates":[34.91186,0.431148]},"properties":{"id":"523306887","n":"Kimang'eti PD 38","t":"pdw","c":"Kakamega"}},{"type":"Feature","geometry":{"type":"Point","coordinates":[34.853217,0.413782]},"properties":{"id":"523194868","n":"Kakoyi US4","t":"us","c":"Kakamega"}},{"type":"Feature","geometry":{"type":"Point","coordinates":[34.87189,0.426508]},"properties":{"id":"523258111","n":"Jilca PD4","t":"pdw","c":"Kakamega"}},{"type":"Feature","geometry":{"type":"Point","coordinates":[34.913603,0.442782]},"properties":{"id":"523290362","n":"Kimang'eti PD 10","t":"pdw","c":"Kakamega"}},{"type":"Feature","geometry":{"type":"Point","coordinates":[34.905065,0.426799]},"properties":{"id":"523282862","n":"Makhwabuyu A PD 23","t":"pdw","c":"Kakamega"}},{"type":"Feature","geometry":{"type":"Point","coordinates":[34.879477,0.467567]},"properties":{"id":"523332729","n":"Mungaha PD24","t":"pdw","c":"Kakamega"}},{"type":"Feature","geometry":{"type":"Point","coordinates":[34.910897,0.455364]},"properties":{"id":"523223892","n":"Lutali B PD 2","t":"pdw","c":"Kakamega"}},{"type":"Feature","geometry":{"type":"Point","coordinates":[34.8265,0.413522]},"properties":{"id":"523327019","n":"Mwonyonyi PD5","t":"pdw","c":"Kakamega"}},{"type":"Feature","geometry":{"type":"Point","coordinates":[34.85745,0.444503]},"properties":{"id":"523316846","n":"Isanjiro APD 10","t":"pdw","c":"Kakamega"}},{"type":"Feature","geometry":{"type":"Point","coordinates":[34.894763,0.47185]},"properties":{"id":"523294407","n":"Mukhuyu PD10","t":"pdw","c":"Kakamega"}},{"type":"Feature","geometry":{"type":"Point","coordinates":[34.844913,0.406333]},"properties":{"id":"523224453","n":"Tumaini PD6","t":"pdw","c":"Kakamega"}},{"type":"Feature","geometry":{"type":"Point","coordinates":[34.874931,0.465987]},"properties":{"id":"523251626","n":"Mungaha UD2","t":"udw","c":"Kakamega"}},{"type":"Feature","geometry":{"type":"Point","coordinates":[34.846221,0.407828]},"properties":{"id":"523284754","n":"Tumaini PD9","t":"pdw","c":"Kakamega"}},{"type":"Feature","geometry":{"type":"Point","coordinates":[34.931875,0.429855]},"properties":{"id":"523227360","n":"Lukhokho UD 1","t":"udw","c":"Kakamega"}},{"type":"Feature","geometry":{"type":"Point","coordinates":[34.876029,0.454779]},"properties":{"id":"523341718","n":"Shitirira A PD8","t":"pdw","c":"Kakamega"}},{"type":"Feature","geometry":{"type":"Point","coordinates":[34.854537,0.427403]},"properties":{"id":"523282594","n":"Shivikhwa A US 9","t":"us","c":"Kakamega"}},{"type":"Feature","geometry":{"type":"Point","coordinates":[34.907992,0.444917]},"properties":{"id":"523317373","n":"Machemo US 1","t":"us","c":"Kakamega"}},{"type":"Feature","geometry":{"type":"Point","coordinates":[34.868592,0.433557]},"properties":{"id":"699571634","n":"Tumbeni Secondary School - 430003","t":"bh","c":"Kakamega","d":75.0}},{"type":"Feature","geometry":{"type":"Point","coordinates":[34.886768,0.461102]},"properties":{"id":"523292292","n":"Masungutsa US1","t":"us","c":"Kakamega"}},{"type":"Feature","geometry":{"type":"Point","coordinates":[34.824345,0.423468]},"properties":{"id":"523261740","n":"Musungu A US 13","t":"us","c":"Kakamega"}},{"type":"Feature","geometry":{"type":"Point","coordinates":[34.82282,0.409197]},"properties":{"id":"523235987","n":"Muting'ong'o PD5","t":"pdw","c":"Kakamega"}},{"type":"Feature","geometry":{"type":"Point","coordinates":[34.877957,0.461013]},"properties":{"id":"523290922","n":"Shitirira C UD1","t":"udw","c":"Kakamega"}},{"type":"Feature","geometry":{"type":"Point","coordinates":[34.82873,0.420864]},"properties":{"id":"41047712","n":"Lutali, Ndevera Spring - 19098","t":"ps","c":"Kakamega"}},{"type":"Feature","geometry":{"type":"Point","coordinates":[34.819797,0.424118]},"properties":{"id":"523312268","n":"Musungu B PD 3","t":"pdw","c":"Kakamega"}},{"type":"Feature","geometry":{"type":"Point","coordinates":[34.868338,0.442598]},"properties":{"id":"523222970","n":"Musingu PD9","t":"pdw","c":"Kakamega"}},{"type":"Feature","geometry":{"type":"Point","coordinates":[34.873802,0.423595]},"properties":{"id":"523224013","n":"Jilca US1","t":"us","c":"Kakamega"}},{"type":"Feature","geometry":{"type":"Point","coordinates":[34.824155,0.414467]},"properties":{"id":"523281407","n":"Muting'ong'o PS2","t":"ps","c":"Kakamega"}},{"type":"Feature","geometry":{"type":"Point","coordinates":[34.875341,0.465658]},"properties":{"id":"523217088","n":"Mungaha PD1","t":"pdw","c":"Kakamega"}},{"type":"Feature","geometry":{"type":"Point","coordinates":[34.850528,0.413153]},"properties":{"id":"523263436","n":"Kakoyi US2","t":"us","c":"Kakamega"}},{"type":"Feature","geometry":{"type":"Point","coordinates":[34.908333,0.42698]},"properties":{"id":"523327789","n":"Makhwabuyu A PD 2","t":"pdw","c":"Kakamega"}},{"type":"Feature","geometry":{"type":"Point","coordinates":[34.894113,0.446823]},"properties":{"id":"523302948","n":"Isikhu US1","t":"us","c":"Kakamega"}},{"type":"Feature","geometry":{"type":"Point","coordinates":[34.904628,0.446444]},"properties":{"id":"366925003","n":"Chimoroni Community, Maurice Luta Spring - 22055","t":"ps","c":"Kakamega"}},{"type":"Feature","geometry":{"type":"Point","coordinates":[34.921503,0.461715]},"properties":{"id":"523219994","n":"Lutali A UD 2","t":"udw","c":"Kakamega"}},{"type":"Feature","geometry":{"type":"Point","coordinates":[34.870207,0.4538]},"properties":{"id":"523198161","n":"Musingu PD15","t":"pdw","c":"Kakamega"}},{"type":"Feature","geometry":{"type":"Point","coordinates":[34.870204,0.452713]},"properties":{"id":"523290678","n":"Musingu PD14","t":"pdw","c":"Kakamega"}},{"type":"Feature","geometry":{"type":"Point","coordinates":[34.85921,0.432556]},"properties":{"id":"523294610","n":"Musalaba US1","t":"us","c":"Kakamega"}},{"type":"Feature","geometry":{"type":"Point","coordinates":[34.888129,0.43007]},"properties":{"id":"523223005","n":"Isikhu PD11","t":"pdw","c":"Kakamega"}},{"type":"Feature","geometry":{"type":"Point","coordinates":[34.848806,0.414175]},"properties":{"id":"523333359","n":"Kakoyi PD7","t":"pdw","c":"Kakamega"}},{"type":"Feature","geometry":{"type":"Point","coordinates":[34.89433,0.466394]},"properties":{"id":"523332602","n":"Munyanya PD1","t":"pdw","c":"Kakamega"}},{"type":"Feature","geometry":{"type":"Point","coordinates":[34.905502,0.436917]},"properties":{"id":"523318817","n":"Kimang'eti PD 28","t":"pdw","c":"Kakamega"}},{"type":"Feature","geometry":{"type":"Point","coordinates":[34.857817,0.447002]},"properties":{"id":"736923167","n":"Makhwabuye community, Munavi spring - 410030","t":"ps","c":"Kakamega"}},{"type":"Feature","geometry":{"type":"Point","coordinates":[34.860672,0.435508]},"properties":{"id":"523317029","n":"Musalaba PD2","t":"pdw","c":"Kakamega"}},{"type":"Feature","geometry":{"type":"Point","coordinates":[34.884812,0.447206]},"properties":{"id":"523272652","n":"Shitirira B PD21","t":"pdw","c":"Kakamega"}},{"type":"Feature","geometry":{"type":"Point","coordinates":[34.85677,0.429432]},"properties":{"id":"523231615","n":"Musalaba PD9","t":"pdw","c":"Kakamega"}},{"type":"Feature","geometry":{"type":"Point","coordinates":[34.891882,0.456282]},"properties":{"id":"523311463","n":"Masungutsa PD10","t":"pdw","c":"Kakamega"}},{"type":"Feature","geometry":{"type":"Point","coordinates":[34.836813,0.421085]},"properties":{"id":"523243786","n":"Luwaya PD16","t":"pdw","c":"Kakamega"}},{"type":"Feature","geometry":{"type":"Point","coordinates":[34.908716,0.485008]},"properties":{"id":"523230119","n":"Kulusu PD 1","t":"pdw","c":"Kakamega"}},{"type":"Feature","geometry":{"type":"Point","coordinates":[34.898985,0.433795]},"properties":{"id":"523274829","n":"Bahai US 1","t":"us","c":"Kakamega"}},{"type":"Feature","geometry":{"type":"Point","coordinates":[34.865881,0.431491]},"properties":{"id":"523263618","n":"Tumbeni PD1","t":"pdw","c":"Kakamega"}},{"type":"Feature","geometry":{"type":"Point","coordinates":[34.913154,0.435675]},"properties":{"id":"523307266","n":"Kimang'eti PD 5","t":"pdw","c":"Kakamega"}},{"type":"Feature","geometry":{"type":"Point","coordinates":[34.86019,0.43226]},"properties":{"id":"523244189","n":"Musalaba PD7","t":"pdw","c":"Kakamega"}},{"type":"Feature","geometry":{"type":"Point","coordinates":[34.835499,0.407589]},"properties":{"id":"523206310","n":"Mukhonje PS2","t":"ps","c":"Kakamega"}},{"type":"Feature","geometry":{"type":"Point","coordinates":[34.92308,0.442035]},"properties":{"id":"523328553","n":"Mukhonje A PD 4","t":"pdw","c":"Kakamega"}},{"type":"Feature","geometry":{"type":"Point","coordinates":[34.914875,0.437611]},"properties":{"id":"523210050","n":"Kimang'eti US 1","t":"us","c":"Kakamega"}},{"type":"Feature","geometry":{"type":"Point","coordinates":[34.907642,0.42851]},"properties":{"id":"523224525","n":"Makhwabuyu A UD 4","t":"udw","c":"Kakamega"}},{"type":"Feature","geometry":{"type":"Point","coordinates":[34.889005,0.469858]},"properties":{"id":"523244048","n":"Luyeshe PD1","t":"pdw","c":"Kakamega"}},{"type":"Feature","geometry":{"type":"Point","coordinates":[34.841447,0.406602]},"properties":{"id":"523348186","n":"Mukhonje PD14","t":"pdw","c":"Kakamega"}},{"type":"Feature","geometry":{"type":"Point","coordinates":[34.894396,0.448743]},"properties":{"id":"523270791","n":"Isikhu PD12","t":"pdw","c":"Kakamega"}},{"type":"Feature","geometry":{"type":"Point","coordinates":[34.828237,0.414955]},"properties":{"id":"523341550","n":"Mwonyonyi PD10","t":"pdw","c":"Kakamega"}},{"type":"Feature","geometry":{"type":"Point","coordinates":[34.929975,0.44982]},"properties":{"id":"523258410","n":"Shirulo UD 2","t":"udw","c":"Kakamega"}},{"type":"Feature","geometry":{"type":"Point","coordinates":[34.850881,0.417732]},"properties":{"id":"523344962","n":"Iyala PD18","t":"pdw","c":"Kakamega"}},{"type":"Feature","geometry":{"type":"Point","coordinates":[34.892254,0.461971]},"properties":{"id":"523314796","n":"Masungutsa UD2","t":"udw","c":"Kakamega"}},{"type":"Feature","geometry":{"type":"Point","coordinates":[34.85559,0.426798]},"properties":{"id":"523290348","n":"Shivikhwa Us 8","t":"us","c":"Kakamega"}},{"type":"Feature","geometry":{"type":"Point","coordinates":[34.862983,0.424089]},"properties":{"id":"523223452","n":"Kokoyo A BH1","t":"bh","c":"Kakamega"}},{"type":"Feature","geometry":{"type":"Point","coordinates":[34.874536,0.440643]},"properties":{"id":"523217222","n":"Shitirira B PS1","t":"ps","c":"Kakamega"}},{"type":"Feature","geometry":{"type":"Point","coordinates":[34.883932,0.470475]},"properties":{"id":"523204552","n":"Namatala PD 7","t":"ps","c":"Kakamega"}},{"type":"Feature","geometry":{"type":"Point","coordinates":[34.910476,0.457046]},"properties":{"id":"523302106","n":"Lurale PD 9","t":"pdw","c":"Kakamega"}},{"type":"Feature","geometry":{"type":"Point","coordinates":[34.885038,0.469245]},"properties":{"id":"523287269","n":"Namatala PD 11","t":"pdw","c":"Kakamega"}},{"type":"Feature","geometry":{"type":"Point","coordinates":[34.878651,0.463488]},"properties":{"id":"523291260","n":"Shitirira C PD3","t":"pdw","c":"Kakamega"}},{"type":"Feature","geometry":{"type":"Point","coordinates":[34.874921,0.430018]},"properties":{"id":"523325275","n":"Jilca PD8","t":"pdw","c":"Kakamega"}},{"type":"Feature","geometry":{"type":"Point","coordinates":[34.865365,0.42512]},"properties":{"id":"523324205","n":"Kokoyo A PD6","t":"pdw","c":"Kakamega"}},{"type":"Feature","geometry":{"type":"Point","coordinates":[34.836572,0.420632]},"properties":{"id":"523297503","n":"Luwaya UD1","t":"udw","c":"Kakamega"}},{"type":"Feature","geometry":{"type":"Point","coordinates":[34.877105,0.464513]},"properties":{"id":"523286495","n":"Shitirira C PD2","t":"pdw","c":"Kakamega"}},{"type":"Feature","geometry":{"type":"Point","coordinates":[34.8515,0.450182]},"properties":{"id":"523270753","n":"Apline PD 3","t":"pdw","c":"Kakamega"}},{"type":"Feature","geometry":{"type":"Point","coordinates":[34.814256,0.419244]},"properties":{"id":"523341196","n":"Muchemo PD8","t":"pdw","c":"Kakamega"}},{"type":"Feature","geometry":{"type":"Point","coordinates":[34.887567,0.457899]},"properties":{"id":"523243645","n":"Masungutsa PD4","t":"pdw","c":"Kakamega"}},{"type":"Feature","geometry":{"type":"Point","coordinates":[34.918747,0.461156]},"properties":{"id":"523337559","n":"Lutali A PD 2","t":"pdw","c":"Kakamega"}},{"type":"Feature","geometry":{"type":"Point","coordinates":[34.866125,0.448865]},"properties":{"id":"523304342","n":"Musingu PD11","t":"pdw","c":"Kakamega"}},{"type":"Feature","geometry":{"type":"Point","coordinates":[34.831583,0.41703]},"properties":{"id":"523304098","n":"Lusumu PD9","t":"pdw","c":"Kakamega"}},{"type":"Feature","geometry":{"type":"Point","coordinates":[34.91782,0.45018]},"properties":{"id":"523278603","n":"Chimoroni US 1","t":"us","c":"Kakamega"}},{"type":"Feature","geometry":{"type":"Point","coordinates":[34.845277,0.420695]},"properties":{"id":"523245922","n":"Luwaya PD11","t":"pdw","c":"Kakamega"}},{"type":"Feature","geometry":{"type":"Point","coordinates":[34.858548,0.435917]},"properties":{"id":"523286172","n":"Isanjiro B 2 PD 6","t":"pdw","c":"Kakamega"}},{"type":"Feature","geometry":{"type":"Point","coordinates":[34.930892,0.450659]},"properties":{"id":"523269229","n":"Shirulo PD 3","t":"pdw","c":"Kakamega"}},{"type":"Feature","geometry":{"type":"Point","coordinates":[34.883875,0.433621]},"properties":{"id":"523277736","n":"Jilca PD14","t":"pdw","c":"Kakamega"}},{"type":"Feature","geometry":{"type":"Point","coordinates":[34.846805,0.418022]},"properties":{"id":"523270155","n":"Iyala PD12","t":"pdw","c":"Kakamega"}},{"type":"Feature","geometry":{"type":"Point","coordinates":[34.854499,0.418088]},"properties":{"id":"523350628","n":"Iyala PD25","t":"pdw","c":"Kakamega"}},{"type":"Feature","geometry":{"type":"Point","coordinates":[34.874428,0.443538]},"properties":{"id":"523208075","n":"Shitirira B PD6","t":"pdw","c":"Kakamega"}},{"type":"Feature","geometry":{"type":"Point","coordinates":[34.9003,0.442032]},"properties":{"id":"523274317","n":"Machemo PD 2","t":"pdw","c":"Kakamega"}},{"type":"Feature","geometry":{"type":"Point","coordinates":[34.877626,0.470251]},"properties":{"id":"523221340","n":"Mungaha PD10","t":"pdw","c":"Kakamega"}},{"type":"Feature","geometry":{"type":"Point","coordinates":[34.866545,0.422604]},"properties":{"id":"523216238","n":"Kokoyo A PD9","t":"pdw","c":"Kakamega"}},{"type":"Feature","geometry":{"type":"Point","coordinates":[34.837605,0.417007]},"properties":{"id":"523346878","n":"Iyala PD1","t":"pdw","c":"Kakamega"}},{"type":"Feature","geometry":{"type":"Point","coordinates":[34.893551,0.455031]},"properties":{"id":"523209825","n":"Masungutsa PD13","t":"pdw","c":"Kakamega"}},{"type":"Feature","geometry":{"type":"Point","coordinates":[34.844717,0.412183]},"properties":{"id":"523230463","n":"Kakoyi US3","t":"us","c":"Kakamega"}},{"type":"Feature","geometry":{"type":"Point","coordinates":[34.908768,0.432806]},"properties":{"id":"523216207","n":"Kimang'eti PD 33","t":"pdw","c":"Kakamega"}},{"type":"Feature","geometry":{"type":"Point","coordinates":[34.872488,0.432548]},"properties":{"id":"523327507","n":"Samuluri PD4","t":"pdw","c":"Kakamega"}},{"type":"Feature","geometry":{"type":"Point","coordinates":[34.921335,0.449317]},"properties":{"id":"523246851","n":"Shirulo PD 1","t":"pdw","c":"Kakamega"}},{"type":"Feature","geometry":{"type":"Point","coordinates":[34.858282,0.42738]},"properties":{"id":"523273684","n":"Musalaba UD1","t":"udw","c":"Kakamega"}},{"type":"Feature","geometry":{"type":"Point","coordinates":[34.907625,0.46051]},"properties":{"id":"523327710","n":"Lurale US 1","t":"us","c":"Kakamega"}},{"type":"Feature","geometry":{"type":"Point","coordinates":[34.903214,0.449203]},"properties":{"id":"523335595","n":"Shilongo PD 4","t":"pdw","c":"Kakamega"}},{"type":"Feature","geometry":{"type":"Point","coordinates":[34.88427,0.472245]},"properties":{"id":"523253226","n":"Namatala UD 1","t":"udw","c":"Kakamega"}},{"type":"Feature","geometry":{"type":"Point","coordinates":[34.837483,0.41249]},"properties":{"id":"523329688","n":"Mukhonje US2","t":"us","c":"Kakamega"}},{"type":"Feature","geometry":{"type":"Point","coordinates":[34.878051,0.467876]},"properties":{"id":"523247814","n":"Mungaha PD6","t":"pdw","c":"Kakamega"}},{"type":"Feature","geometry":{"type":"Point","coordinates":[34.938322,0.438521]},"properties":{"id":"523303365","n":"Mache B PD 7","t":"pdw","c":"Kakamega"}},{"type":"Feature","geometry":{"type":"Point","coordinates":[34.861055,0.42951]},"properties":{"id":"523223108","n":"Musalaba US2","t":"us","c":"Kakamega"}},{"type":"Feature","geometry":{"type":"Point","coordinates":[34.895676,0.475123]},"properties":{"id":"523256645","n":"Mukhuyu UD3","t":"udw","c":"Kakamega"}},{"type":"Feature","geometry":{"type":"Point","coordinates":[34.857437,0.443858]},"properties":{"id":"523280389","n":"Isanjiro A PD 11","t":"pdw","c":"Kakamega"}},{"type":"Feature","geometry":{"type":"Point","coordinates":[34.924251,0.461253]},"properties":{"id":"523254746","n":"Lutali A UD 7","t":"udw","c":"Kakamega"}},{"type":"Feature","geometry":{"type":"Point","coordinates":[34.883008,0.471533]},"properties":{"id":"523310091","n":"Namatala PD 1","t":"pdw","c":"Kakamega"}},{"type":"Feature","geometry":{"type":"Point","coordinates":[34.831536,0.414016]},"properties":{"id":"523219822","n":"Lusumu PD14","t":"pdw","c":"Kakamega"}},{"type":"Feature","geometry":{"type":"Point","coordinates":[34.892172,0.4463]},"properties":{"id":"523341299","n":"Isikhu PD9","t":"pdw","c":"Kakamega"}},{"type":"Feature","geometry":{"type":"Point","coordinates":[34.847163,0.414497]},"properties":{"id":"523209533","n":"Kakoyi PD9","t":"pdw","c":"Kakamega"}},{"type":"Feature","geometry":{"type":"Point","coordinates":[34.912965,0.432896]},"properties":{"id":"84828893","n":"Kimang'eti Community, Kimang'eti Spring - 20176","t":"ps","c":"Kakamega"}},{"type":"Feature","geometry":{"type":"Point","coordinates":[34.859242,0.436738]},"properties":{"id":"523237075","n":"Isanjiro B2 PD 4","t":"pdw","c":"Kakamega"}},{"type":"Feature","geometry":{"type":"Point","coordinates":[34.853438,0.399926]},"properties":{"id":"523346438","n":"Shikulu PD9","t":"pdw","c":"Kakamega"}},{"type":"Feature","geometry":{"type":"Point","coordinates":[34.89001,0.454196]},"properties":{"id":"523241825","n":"Masungutsa PD15","t":"pdw","c":"Kakamega"}},{"type":"Feature","geometry":{"type":"Point","coordinates":[34.939243,0.43877]},"properties":{"id":"523284606","n":"Mache B PD 8","t":"pdw","c":"Kakamega"}},{"type":"Feature","geometry":{"type":"Point","coordinates":[34.868658,0.459344]},"properties":{"id":"412744547","n":"Shitirira Community, John Murumba Spring - 22098","t":"ps","c":"Kakamega"}},{"type":"Feature","geometry":{"type":"Point","coordinates":[34.909585,0.437158]},"properties":{"id":"523232836","n":"Kimang'eti PD 21","t":"pdw","c":"Kakamega"}},{"type":"Feature","geometry":{"type":"Point","coordinates":[34.899817,0.432949]},"properties":{"id":"523313238","n":"Bahai PD 9","t":"pdw","c":"Kakamega"}},{"type":"Feature","geometry":{"type":"Point","coordinates":[34.888873,0.463058]},"properties":{"id":"523301837","n":"Masungutsa PS1","t":"ps","c":"Kakamega"}},{"type":"Feature","geometry":{"type":"Point","coordinates":[34.834417,0.404439]},"properties":{"id":"523203702","n":"Mukava PD12","t":"pdw","c":"Kakamega"}},{"type":"Feature","geometry":{"type":"Point","coordinates":[34.843726,0.4061]},"properties":{"id":"523344089","n":"Tumaini PD5","t":"pdw","c":"Kakamega"}},{"type":"Feature","geometry":{"type":"Point","coordinates":[34.888848,0.474091]},"properties":{"id":"523286691","n":"Luyeshe US1","t":"us","c":"Kakamega"}},{"type":"Feature","geometry":{"type":"Point","coordinates":[34.880322,0.466258]},"properties":{"id":"523242857","n":"Lugusi PD5","t":"pdw","c":"Kakamega"}},{"type":"Feature","geometry":{"type":"Point","coordinates":[34.932708,0.430695]},"properties":{"id":"523209832","n":"Lukhokho PD 1","t":"pdw","c":"Kakamega"}},{"type":"Feature","geometry":{"type":"Point","coordinates":[34.928475,0.44244]},"properties":{"id":"523238911","n":"Mukhonje A UD 3","t":"udw","c":"Kakamega"}},{"type":"Feature","geometry":{"type":"Point","coordinates":[34.822377,0.407823]},"properties":{"id":"523210737","n":"Wetesa PD25","t":"pdw","c":"Kakamega"}},{"type":"Feature","geometry":{"type":"Point","coordinates":[34.86468,0.44138]},"properties":{"id":"523321800","n":"Musingu PD9","t":"pdw","c":"Kakamega"}},{"type":"Feature","geometry":{"type":"Point","coordinates":[34.911858,0.473488]},"properties":{"id":"523345437","n":"Malichi A UD 2","t":"udw","c":"Kakamega"}},{"type":"Feature","geometry":{"type":"Point","coordinates":[34.85203,0.415512]},"properties":{"id":"523238526","n":"Kakoyi PD6","t":"pdw","c":"Kakamega"}},{"type":"Feature","geometry":{"type":"Point","coordinates":[34.922999,0.446593]},"properties":{"id":"523287276","n":"Mukhonje A PD 1","t":"pdw","c":"Kakamega"}},{"type":"Feature","geometry":{"type":"Point","coordinates":[34.889337,0.457929]},"properties":{"id":"523340102","n":"Masungutsa PD6","t":"pdw","c":"Kakamega"}},{"type":"Feature","geometry":{"type":"Point","coordinates":[34.849657,0.414681]},"properties":{"id":"523214724","n":"Kakoyi PD6","t":"pdw","c":"Kakamega"}},{"type":"Feature","geometry":{"type":"Point","coordinates":[34.903753,0.434081]},"properties":{"id":"416580800","n":"Kimang'eti Community, Nathan Chimoi Spring - 22027","t":"ps","c":"Kakamega"}},{"type":"Feature","geometry":{"type":"Point","coordinates":[34.814419,0.418507]},"properties":{"id":"523257828","n":"Muchemo PD7","t":"pdw","c":"Kakamega"}},{"type":"Feature","geometry":{"type":"Point","coordinates":[34.878802,0.459066]},"properties":{"id":"523243566","n":"Shitirira C PS2","t":"ps","c":"Kakamega"}},{"type":"Feature","geometry":{"type":"Point","coordinates":[34.864812,0.438143]},"properties":{"id":"523343693","n":"Musingu PD3","t":"pdw","c":"Kakamega"}},{"type":"Feature","geometry":{"type":"Point","coordinates":[34.82594,0.40678]},"properties":{"id":"523247467","n":"Wetesa PD23","t":"pdw","c":"Kakamega"}},{"type":"Feature","geometry":{"type":"Point","coordinates":[34.851478,0.417133]},"properties":{"id":"523197940","n":"Iyala PD19","t":"pdw","c":"Kakamega"}},{"type":"Feature","geometry":{"type":"Point","coordinates":[34.874263,0.42794]},"properties":{"id":"523214937","n":"Jilca PD6","t":"pdw","c":"Kakamega"}},{"type":"Feature","geometry":{"type":"Point","coordinates":[34.854045,0.428055]},"properties":{"id":"523239981","n":"Shivikhwa A US 10","t":"us","c":"Kakamega"}},{"type":"Feature","geometry":{"type":"Point","coordinates":[34.878991,0.466796]},"properties":{"id":"523338172","n":"Mungaha PD25","t":"pdw","c":"Kakamega"}},{"type":"Feature","geometry":{"type":"Point","coordinates":[34.82796,0.412535]},"properties":{"id":"523210768","n":"Mwonyonyi US1","t":"us","c":"Kakamega"}},{"type":"Feature","geometry":{"type":"Point","coordinates":[34.857798,0.448715]},"properties":{"id":"523259095","n":"Isanjiro D PD 9","t":"pdw","c":"Kakamega"}},{"type":"Feature","geometry":{"type":"Point","coordinates":[34.886389,0.471671]},"properties":{"id":"523235011","n":"Luyeshe PD10","t":"pdw","c":"Kakamega"}},{"type":"Feature","geometry":{"type":"Point","coordinates":[34.877426,0.429338]},"properties":{"id":"523266367","n":"Jilca US2","t":"us","c":"Kakamega"}},{"type":"Feature","geometry":{"type":"Point","coordinates":[34.817798,0.418926]},"properties":{"id":"523344003","n":"Muchemo PD18","t":"pdw","c":"Kakamega"}},{"type":"Feature","geometry":{"type":"Point","coordinates":[34.922785,0.434735]},"properties":{"id":"523220026","n":"SDA PS 2","t":"ps","c":"Kakamega"}},{"type":"Feature","geometry":{"type":"Point","coordinates":[34.905667,0.43821]},"properties":{"id":"523335980","n":"Kimang'eti PD 26","t":"pdw","c":"Kakamega"}},{"type":"Feature","geometry":{"type":"Point","coordinates":[34.866447,0.429275]},"properties":{"id":"523231361","n":"Tumbeni US1","t":"us","c":"Kakamega"}},{"type":"Feature","geometry":{"type":"Point","coordinates":[34.821106,0.416949]},"properties":{"id":"366925278","n":"Muting'Ong'O Community, Lukasile Burudi Spring - 22011","t":"ps","c":"Kakamega"}},{"type":"Feature","geometry":{"type":"Point","coordinates":[34.921563,0.444873]},"properties":{"id":"523303743","n":"Mukhonje B UD 4","t":"udw","c":"Kakamega"}},{"type":"Feature","geometry":{"type":"Point","coordinates":[34.885388,0.446344]},"properties":{"id":"523312684","n":"Shitirira B PD20","t":"pdw","c":"Kakamega"}},{"type":"Feature","geometry":{"type":"Point","coordinates":[34.921272,0.46329]},"properties":{"id":"523269061","n":"Lutali A PD 3","t":"pdw","c":"Kakamega"}},{"type":"Feature","geometry":{"type":"Point","coordinates":[34.854308,0.44549]},"properties":{"id":"523248640","n":"Isanjiro A PD 6","t":"pdw","c":"Kakamega"}},{"type":"Feature","geometry":{"type":"Point","coordinates":[34.88254,0.468185]},"properties":{"id":"523224484","n":"Namatala PD 19","t":"pdw","c":"Kakamega"}},{"type":"Feature","geometry":{"type":"Point","coordinates":[34.882099,0.431269]},"properties":{"id":"523327590","n":"Jilca PD13","t":"pdw","c":"Kakamega"}},{"type":"Feature","geometry":{"type":"Point","coordinates":[34.911087,0.44463]},"properties":{"id":"523278641","n":"Machemo US 3","t":"us","c":"Kakamega"}},{"type":"Feature","geometry":{"type":"Point","coordinates":[34.854253,0.445328]},"properties":{"id":"523215220","n":"Isanjiro A PD 5","t":"pdw","c":"Kakamega"}},{"type":"Feature","geometry":{"type":"Point","coordinates":[34.816865,0.418668]},"properties":{"id":"523207452","n":"Muchemo PD19","t":"pdw","c":"Kakamega"}},{"type":"Feature","geometry":{"type":"Point","coordinates":[34.827565,0.40838]},"properties":{"id":"523230504","n":"Wetesa US2","t":"us","c":"Kakamega"}},{"type":"Feature","geometry":{"type":"Point","coordinates":[34.862387,0.447085]},"properties":{"id":"523344663","n":"Isanjiro C 2 PD 3","t":"pdw","c":"Kakamega"}},{"type":"Feature","geometry":{"type":"Point","coordinates":[34.90488,0.425385]},"properties":{"id":"523320177","n":"Makhwabuyu A PD 21","t":"pdw","c":"Kakamega"}},{"type":"Feature","geometry":{"type":"Point","coordinates":[34.858907,0.445477]},"properties":{"id":"523193582","n":"Isanjiro A PS 10","t":"ps","c":"Kakamega"}},{"type":"Feature","geometry":{"type":"Point","coordinates":[34.855795,0.423205]},"properties":{"id":"523210311","n":"Shivikhwa A PS 7","t":"ps","c":"Kakamega"}},{"type":"Feature","geometry":{"type":"Point","coordinates":[34.928074,0.452755]},"properties":{"id":"412744523","n":"Shirulo Primary School - 22242","t":"bh","c":"Kakamega","d":75.0}},{"type":"Feature","geometry":{"type":"Point","coordinates":[34.913032,0.430523]},"properties":{"id":"523205089","n":"Makhwabuyu B PD 1","t":"pdw","c":"Kakamega"}},{"type":"Feature","geometry":{"type":"Point","coordinates":[34.908488,0.434822]},"properties":{"id":"523240257","n":"Kimang'eti PD 20","t":"pdw","c":"Kakamega"}},{"type":"Feature","geometry":{"type":"Point","coordinates":[34.880245,0.437341]},"properties":{"id":"523287070","n":"Samuluri PS1","t":"ps","c":"Kakamega"}},{"type":"Feature","geometry":{"type":"Point","coordinates":[34.92733,0.441962]},"properties":{"id":"523229238","n":"Mukhonje A UD 4","t":"udw","c":"Kakamega"}},{"type":"Feature","geometry":{"type":"Point","coordinates":[34.825827,0.422898]},"properties":{"id":"523204772","n":"Lutali A PD 4","t":"pdw","c":"Kakamega"}},{"type":"Feature","geometry":{"type":"Point","coordinates":[34.857242,0.435283]},"properties":{"id":"523261238","n":"Isanjiro B 2 PD 9","t":"pdw","c":"Kakamega"}},{"type":"Feature","geometry":{"type":"Point","coordinates":[34.867326,0.439927]},"properties":{"id":"523267430","n":"Musingu US1","t":"us","c":"Kakamega"}},{"type":"Feature","geometry":{"type":"Point","coordinates":[34.910929,0.432851]},"properties":{"id":"523338141","n":"Kimang'eti PD 3","t":"pdw","c":"Kakamega"}},{"type":"Feature","geometry":{"type":"Point","coordinates":[34.873417,0.458616]},"properties":{"id":"523199296","n":"Shitirira A PD11","t":"pdw","c":"Kakamega"}},{"type":"Feature","geometry":{"type":"Point","coordinates":[34.868095,0.438903]},"properties":{"id":"523275648","n":"Musingu US1","t":"us","c":"Kakamega"}},{"type":"Feature","geometry":{"type":"Point","coordinates":[34.941119,0.432229]},"properties":{"id":"423406636","n":"Lukhokho K. Primary School - 22244","t":"bh","c":"Kakamega","d":90.0}},{"type":"Feature","geometry":{"type":"Point","coordinates":[34.829618,0.408509]},"properties":{"id":"523280509","n":"Wetesa PD22","t":"pdw","c":"Kakamega"}},{"type":"Feature","geometry":{"type":"Point","coordinates":[34.83491,0.409301]},"properties":{"id":"523265555","n":"Mwonyonyi PD1","t":"pdw","c":"Kakamega"}},{"type":"Feature","geometry":{"type":"Point","coordinates":[34.919942,0.431628]},"properties":{"id":"523284455","n":"SDA PD 4","t":"pdw","c":"Kakamega"}},{"type":"Feature","geometry":{"type":"Point","coordinates":[34.919112,0.460805]},"properties":{"id":"523192921","n":"Lutali A PD 1","t":"pdw","c":"Kakamega"}},{"type":"Feature","geometry":{"type":"Point","coordinates":[34.850043,0.407455]},"properties":{"id":"523220538","n":"Shikulu US1","t":"us","c":"Kakamega"}},{"type":"Feature","geometry":{"type":"Point","coordinates":[34.892275,0.475707]},"properties":{"id":"523217545","n":"Mukhuyu PD6","t":"pdw","c":"Kakamega"}},{"type":"Feature","geometry":{"type":"Point","coordinates":[34.893162,0.438343]},"properties":{"id":"523208099","n":"Isikhu PD 4","t":"pdw","c":"Kakamega"}},{"type":"Feature","geometry":{"type":"Point","coordinates":[34.899748,0.46106]},"properties":{"id":"523283045","n":"Malichi B PD 1","t":"pdw","c":"Kakamega"}},{"type":"Feature","geometry":{"type":"Point","coordinates":[34.890631,0.451178]},"properties":{"id":"523295491","n":"Isikhu PD3","t":"pdw","c":"Kakamega"}},{"type":"Feature","geometry":{"type":"Point","coordinates":[34.885125,0.464076]},"properties":{"id":"523259923","n":"Lugusi PD13","t":"pdw","c":"Kakamega"}},{"type":"Feature","geometry":{"type":"Point","coordinates":[34.916379,0.473292]},"properties":{"id":"523324841","n":"Malichi A UD 1","t":"udw","c":"Kakamega"}},{"type":"Feature","geometry":{"type":"Point","coordinates":[34.873858,0.442139]},"properties":{"id":"523214164","n":"Shitirira B PD9","t":"pdw","c":"Kakamega"}},{"type":"Feature","geometry":{"type":"Point","coordinates":[34.859856,0.434705]},"properties":{"id":"523293420","n":"Musalaba PD3","t":"pdw","c":"Kakamega"}},{"type":"Feature","geometry":{"type":"Point","coordinates":[34.938047,0.446035]},"properties":{"id":"523347611","n":"Mache B PD 2","t":"pdw","c":"Kakamega"}},{"type":"Feature","geometry":{"type":"Point","coordinates":[34.850585,0.407695]},"properties":{"id":"523326018","n":"Shikulu PD1","t":"pdw","c":"Kakamega"}},{"type":"Feature","geometry":{"type":"Point","coordinates":[34.911902,0.444735]},"properties":{"id":"432093496","n":"Machemo Community, Mashindu Spring - 22014","t":"ps","c":"Kakamega"}},{"type":"Feature","geometry":{"type":"Point","coordinates":[34.875311,0.433513]},"properties":{"id":"523227250","n":"Samuluri UD1","t":"udw","c":"Kakamega"}},{"type":"Feature","geometry":{"type":"Point","coordinates":[34.839671,0.408375]},"properties":{"id":"539195707","n":"Mukhonje Mixed Secondary School - 22214","t":"bh","c":"Kakamega","d":80.0}},{"type":"Feature","geometry":{"type":"Point","coordinates":[34.87483,0.470712]},"properties":{"id":"523209100","n":"Mungaha UD6","t":"udw","c":"Kakamega"}},{"type":"Feature","geometry":{"type":"Point","coordinates":[34.897317,0.477552]},"properties":{"id":"523309794","n":"Luanda US 2","t":"us","c":"Kakamega"}},{"type":"Feature","geometry":{"type":"Point","coordinates":[34.857915,0.434275]},"properties":{"id":"523286969","n":"Isanjiro B PD 6","t":"pdw","c":"Kakamega"}},{"type":"Feature","geometry":{"type":"Point","coordinates":[34.907788,0.479522]},"properties":{"id":"416580790","n":"Malichi Community, Tonje Karakacha Spring - 22062","t":"ps","c":"Kakamega"}},{"type":"Feature","geometry":{"type":"Point","coordinates":[34.893925,0.468747]},"properties":{"id":"523324339","n":"Munyanya US1","t":"us","c":"Kakamega"}},{"type":"Feature","geometry":{"type":"Point","coordinates":[34.834252,0.423798]},"properties":{"id":"523254533","n":"Lutali B US 7","t":"us","c":"Kakamega"}},{"type":"Feature","geometry":{"type":"Point","coordinates":[34.821312,0.411222]},"properties":{"id":"523251255","n":"Muting'ong'o PD1","t":"pdw","c":"Kakamega"}},{"type":"Feature","geometry":{"type":"Point","coordinates":[34.916368,0.444984]},"properties":{"id":"523341086","n":"Mukhonje B UD 5","t":"udw","c":"Kakamega"}},{"type":"Feature","geometry":{"type":"Point","coordinates":[34.816303,0.414608]},"properties":{"id":"523277918","n":"Muchemo PD4","t":"pdw","c":"Kakamega"}},{"type":"Feature","geometry":{"type":"Point","coordinates":[34.819918,0.410233]},"properties":{"id":"523253477","n":"Muting'ong'o BH 1","t":"bh","c":"Kakamega"}},{"type":"Feature","geometry":{"type":"Point","coordinates":[34.890965,0.456845]},"properties":{"id":"523229300","n":"Masungutsa PD8","t":"pdw","c":"Kakamega"}},{"type":"Feature","geometry":{"type":"Point","coordinates":[34.874234,0.425264]},"properties":{"id":"523227195","n":"Jilca PD1","t":"pdw","c":"Kakamega"}},{"type":"Feature","geometry":{"type":"Point","coordinates":[34.903597,0.429717]},"properties":{"id":"523313496","n":"Bahai PD 7","t":"pdw","c":"Kakamega"}},{"type":"Feature","geometry":{"type":"Point","coordinates":[34.860963,0.437463]},"properties":{"id":"523338804","n":"Isanjiro B 2 PD 2","t":"pdw","c":"Kakamega"}},{"type":"Feature","geometry":{"type":"Point","coordinates":[34.855687,0.41398]},"properties":{"id":"523352596","n":"Kakoyi PD4","t":"pdw","c":"Kakamega"}},{"type":"Feature","geometry":{"type":"Point","coordinates":[34.935043,0.438862]},"properties":{"id":"523305752","n":"Mache A US 2","t":"us","c":"Kakamega"}},{"type":"Feature","geometry":{"type":"Point","coordinates":[34.845538,0.429]},"properties":{"id":"523292106","n":"Shivikhwa B US 12","t":"us","c":"Kakamega"}},{"type":"Feature","geometry":{"type":"Point","coordinates":[34.833722,0.405722]},"properties":{"id":"523336228","n":"Mukava PD11","t":"pdw","c":"Kakamega"}},{"type":"Feature","geometry":{"type":"Point","coordinates":[34.892545,0.451241]},"properties":{"id":"523256016","n":"Isikhu PD13","t":"pdw","c":"Kakamega"}},{"type":"Feature","geometry":{"type":"Point","coordinates":[34.822845,0.41042]},"properties":{"id":"523269047","n":"Muting'ong'o PD3","t":"pdw","c":"Kakamega"}},{"type":"Feature","geometry":{"type":"Point","coordinates":[34.923288,0.464578]},"properties":{"id":"523245939","n":"Lutali A PD 4","t":"pdw","c":"Kakamega"}},{"type":"Feature","geometry":{"type":"Point","coordinates":[34.90399,0.449511]},"properties":{"id":"523213228","n":"Shilongo PD 3","t":"pdw","c":"Kakamega"}},{"type":"Feature","geometry":{"type":"Point","coordinates":[34.867373,0.437072]},"properties":{"id":"523253831","n":"Musingu PD2","t":"pdw","c":"Kakamega"}},{"type":"Feature","geometry":{"type":"Point","coordinates":[34.826183,0.416708]},"properties":{"id":"523349534","n":"Mwonyonyi PD9","t":"pdw","c":"Kakamega"}},{"type":"Feature","geometry":{"type":"Point","coordinates":[34.921113,0.456683]},"properties":{"id":"523253752","n":"Lutali A UD 1","t":"udw","c":"Kakamega"}},{"type":"Feature","geometry":{"type":"Point","coordinates":[34.819967,0.41864]},"properties":{"id":"366924806","n":"Muting'Ong'O Community, Chivuyi Spring - 22010","t":"ps","c":"Kakamega"}},{"type":"Feature","geometry":{"type":"Point","coordinates":[34.901232,0.441777]},"properties":{"id":"523205168","n":"Machemo PD 1","t":"pdw","c":"Kakamega"}},{"type":"Feature","geometry":{"type":"Point","coordinates":[34.888909,0.456572]},"properties":{"id":"523281108","n":"Masungutsa PD16","t":"pdw","c":"Kakamega"}},{"type":"Feature","geometry":{"type":"Point","coordinates":[34.880658,0.441698]},"properties":{"id":"523249249","n":"Shitirira B PD14","t":"pdw","c":"Kakamega"}},{"type":"Feature","geometry":{"type":"Point","coordinates":[34.917055,0.457397]},"properties":{"id":"523347453","n":"Lutali B UD 1","t":"udw","c":"Kakamega"}},{"type":"Feature","geometry":{"type":"Point","coordinates":[34.873841,0.45457]},"properties":{"id":"523289962","n":"Shitirira A PD5","t":"pdw","c":"Kakamega"}},{"type":"Feature","geometry":{"type":"Point","coordinates":[34.92119,0.465083]},"properties":{"id":"523319241","n":"Lutali A US 1","t":"us","c":"Kakamega"}},{"type":"Feature","geometry":{"type":"Point","coordinates":[34.904849,0.458491]},"properties":{"id":"523268132","n":"Lurale PS 1","t":"ps","c":"Kakamega"}},{"type":"Feature","geometry":{"type":"Point","coordinates":[34.850538,0.417893]},"properties":{"id":"523275693","n":"Iyala PD16","t":"pdw","c":"Kakamega"}},{"type":"Feature","geometry":{"type":"Point","coordinates":[34.885011,0.469452]},"properties":{"id":"523214229","n":"Namatala PD 10","t":"pdw","c":"Kakamega"}},{"type":"Feature","geometry":{"type":"Point","coordinates":[34.910089,0.432626]},"properties":{"id":"523278139","n":"Kimang'eti PD 2","t":"pdw","c":"Kakamega"}},{"type":"Feature","geometry":{"type":"Point","coordinates":[34.825943,0.419355]},"properties":{"id":"523306588","n":"Lusumu US2","t":"us","c":"Kakamega"}},{"type":"Feature","geometry":{"type":"Point","coordinates":[34.888304,0.450963]},"properties":{"id":"523216317","n":"Isikhu PD1","t":"pdw","c":"Kakamega"}},{"type":"Feature","geometry":{"type":"Point","coordinates":[34.917202,0.467619]},"properties":{"id":"523328405","n":"Bondeni PD 1","t":"pdw","c":"Kakamega"}},{"type":"Feature","geometry":{"type":"Point","coordinates":[34.868922,0.424358]},"properties":{"id":"523244622","n":"Kokoyo A PS1","t":"ps","c":"Kakamega"}},{"type":"Feature","geometry":{"type":"Point","coordinates":[34.833386,0.414965]},"properties":{"id":"523215165","n":"Lusumu PD11","t":"pdw","c":"Kakamega"}},{"type":"Feature","geometry":{"type":"Point","coordinates":[34.832438,0.407928]},"properties":{"id":"523267708","n":"Mukava US2","t":"us","c":"Kakamega"}},{"type":"Feature","geometry":{"type":"Point","coordinates":[34.89532,0.464545]},"properties":{"id":"523250924","n":"Munyanya PD7","t":"pdw","c":"Kakamega"}},{"type":"Feature","geometry":{"type":"Point","coordinates":[34.872074,0.441764]},"properties":{"id":"523226888","n":"Shitirira B PD1","t":"pdw","c":"Kakamega"}},{"type":"Feature","geometry":{"type":"Point","coordinates":[34.824857,0.416678]},"properties":{"id":"523243937","n":"Mwonyonyi US2","t":"us","c":"Kakamega"}},{"type":"Feature","geometry":{"type":"Point","coordinates":[34.81661,0.416887]},"properties":{"id":"523352558","n":"Muchemo PD17","t":"pdw","c":"Kakamega"}},{"type":"Feature","geometry":{"type":"Point","coordinates":[34.908665,0.469345]},"properties":{"id":"523305518","n":"Malichi A PD 6","t":"pdw","c":"Kakamega"}},{"type":"Feature","geometry":{"type":"Point","coordinates":[34.888219,0.471342]},"properties":{"id":"523286828","n":"Luyeshe PD9","t":"pdw","c":"Kakamega"}},{"type":"Feature","geometry":{"type":"Point","coordinates":[34.911389,0.474227]},"properties":{"id":"523281342","n":"Malichi A PD 1","t":"pdw","c":"Kakamega"}},{"type":"Feature","geometry":{"type":"Point","coordinates":[34.912253,0.473356]},"properties":{"id":"523266381","n":"Malichi A PD 2","t":"pdw","c":"Kakamega"}},{"type":"Feature","geometry":{"type":"Point","coordinates":[34.884808,0.456057]},"properties":{"id":"385569367","n":"Masukutse Community, Joshua Makavila Spring - 22102","t":"ps","c":"Kakamega"}},{"type":"Feature","geometry":{"type":"Point","coordinates":[34.845662,0.405477]},"properties":{"id":"523212227","n":"Tumaini PD3","t":"pdw","c":"Kakamega"}},{"type":"Feature","geometry":{"type":"Point","coordinates":[34.84801,0.413911]},"properties":{"id":"523319540","n":"Kakoyi PD8","t":"pdw","c":"Kakamega"}},{"type":"Feature","geometry":{"type":"Point","coordinates":[34.823128,0.409425]},"properties":{"id":"523312907","n":"Muting'ong'o PD6","t":"pdw","c":"Kakamega"}},{"type":"Feature","geometry":{"type":"Point","coordinates":[34.880804,0.470619]},"properties":{"id":"523349242","n":"Mungaha PD19","t":"pdw","c":"Kakamega"}},{"type":"Feature","geometry":{"type":"Point","coordinates":[34.882026,0.465273]},"properties":{"id":"523261403","n":"Lugusi PD11","t":"pdw","c":"Kakamega"}},{"type":"Feature","geometry":{"type":"Point","coordinates":[34.879087,0.469598]},"properties":{"id":"523269559","n":"Mungaha PD8","t":"pdw","c":"Kakamega"}},{"type":"Feature","geometry":{"type":"Point","coordinates":[34.858152,0.418227]},"properties":{"id":"523224714","n":"Ichina B PD21","t":"pdw","c":"Kakamega"}},{"type":"Feature","geometry":{"type":"Point","coordinates":[34.947851,0.415147]},"properties":{"id":"523214308","n":"Mulimani PS2","t":"ps","c":"Kakamega"}},{"type":"Feature","geometry":{"type":"Point","coordinates":[34.855327,0.383342]},"properties":{"id":"523224738","n":"Shikulu A UD1","t":"udw","c":"Kakamega"}},{"type":"Feature","geometry":{"type":"Point","coordinates":[34.863881,0.412927]},"properties":{"id":"523244938","n":"Inguvuli B PD14","t":"pdw","c":"Kakamega"}},{"type":"Feature","geometry":{"type":"Point","coordinates":[34.908422,0.408265]},"properties":{"id":"523304689","n":"Nangurunya A PD9","t":"pdw","c":"Kakamega"}},{"type":"Feature","geometry":{"type":"Point","coordinates":[34.897192,0.427063]},"properties":{"id":"523350037","n":"Bahai PD 11","t":"pdw","c":"Kakamega"}},{"type":"Feature","geometry":{"type":"Point","coordinates":[34.865697,0.411742]},"properties":{"id":"523337322","n":"Inguvuli B PD10","t":"pdw","c":"Kakamega"}},{"type":"Feature","geometry":{"type":"Point","coordinates":[34.886284,0.409952]},"properties":{"id":"523315481","n":"Inguvuli A PD4","t":"pdw","c":"Kakamega"}},{"type":"Feature","geometry":{"type":"Point","coordinates":[34.955605,0.390748]},"properties":{"id":"523323541","n":"Imbinga A US2","t":"us","c":"Kakamega"}},{"type":"Feature","geometry":{"type":"Point","coordinates":[34.938992,0.408942]},"properties":{"id":"523337195","n":"Chiberi A PS3","t":"ps","c":"Kakamega"}},{"type":"Feature","geometry":{"type":"Point","coordinates":[34.904547,0.411746]},"properties":{"id":"523263931","n":"Mukhonje A PD5","t":"pdw","c":"Kakamega"}},{"type":"Feature","geometry":{"type":"Point","coordinates":[34.87611,0.389569]},"properties":{"id":"523218096","n":"Furave PS2","t":"ps","c":"Kakamega"}},{"type":"Feature","geometry":{"type":"Point","coordinates":[34.95218,0.390743]},"properties":{"id":"523204978","n":"Kitui US3","t":"us","c":"Kakamega"}},{"type":"Feature","geometry":{"type":"Point","coordinates":[34.926463,0.413325]},"properties":{"id":"523223490","n":"Mwangaza PS2","t":"ps","c":"Kakamega"}},{"type":"Feature","geometry":{"type":"Point","coordinates":[34.87958,0.414365]},"properties":{"id":"523322911","n":"Ichina B PS2","t":"ps","c":"Kakamega"}},{"type":"Feature","geometry":{"type":"Point","coordinates":[34.883216,0.420526]},"properties":{"id":"523279594","n":"Ichina A PD14","t":"pdw","c":"Kakamega"}},{"type":"Feature","geometry":{"type":"Point","coordinates":[34.86722,0.380593]},"properties":{"id":"876456","n":"Shianda Community Well - 4203","t":"pdw","c":"Kakamega"}},{"type":"Feature","geometry":{"type":"Point","coordinates":[34.8724,0.389577]},"properties":{"id":"523343686","n":"Furave PD13","t":"pdw","c":"Kakamega"}},{"type":"Feature","geometry":{"type":"Point","coordinates":[34.886894,0.428811]},"properties":{"id":"523310936","n":"Isikhu PD13","t":"pdw","c":"Kakamega"}},{"type":"Feature","geometry":{"type":"Point","coordinates":[34.889925,0.409413]},"properties":{"id":"523349723","n":"Nangurunya C PD2","t":"pdw","c":"Kakamega"}},{"type":"Feature","geometry":{"type":"Point","coordinates":[34.920966,0.422192]},"properties":{"id":"84829674","n":"Makhwabuyu Community, Sayia Spring - 21029","t":"ps","c":"Kakamega"}},{"type":"Feature","geometry":{"type":"Point","coordinates":[34.931019,0.414003]},"properties":{"id":"523205364","n":"Mwangaza PS1","t":"ps","c":"Kakamega"}},{"type":"Feature","geometry":{"type":"Point","coordinates":[34.88383,0.409014]},"properties":{"id":"523337229","n":"Inguvuli A PD5","t":"pdw","c":"Kakamega"}},{"type":"Feature","geometry":{"type":"Point","coordinates":[34.894156,0.405046]},"properties":{"id":"523204576","n":"Nangurunya B PD5","t":"pdw","c":"Kakamega"}},{"type":"Feature","geometry":{"type":"Point","coordinates":[34.901595,0.408781]},"properties":{"id":"523312677","n":"Nangurunya A UD7","t":"udw","c":"Kakamega"}},{"type":"Feature","geometry":{"type":"Point","coordinates":[34.861379,0.385865]},"properties":{"id":"523263481","n":"Shikulu A PD9","t":"pdw","c":"Kakamega"}},{"type":"Feature","geometry":{"type":"Point","coordinates":[34.87054,0.383927]},"properties":{"id":"523275387","n":"Furave PD8","t":"pdw","c":"Kakamega"}},{"type":"Feature","geometry":{"type":"Point","coordinates":[34.914931,0.410771]},"properties":{"id":"523345602","n":"Webika PD9","t":"pdw","c":"Kakamega"}},{"type":"Feature","geometry":{"type":"Point","coordinates":[34.94346,0.395303]},"properties":{"id":"523340360","n":"Imbinga B PS1","t":"ps","c":"Kakamega"}},{"type":"Feature","geometry":{"type":"Point","coordinates":[34.932756,0.411233]},"properties":{"id":"523271297","n":"Tswele PD4","t":"pdw","c":"Kakamega"}},{"type":"Feature","geometry":{"type":"Point","coordinates":[34.892592,0.40259]},"properties":{"id":"523333593","n":"Nangurunya B UD8","t":"udw","c":"Kakamega"}},{"type":"Feature","geometry":{"type":"Point","coordinates":[34.877343,0.420289]},"properties":{"id":"523200534","n":"Ichina A PD4","t":"pdw","c":"Kakamega"}},{"type":"Feature","geometry":{"type":"Point","coordinates":[34.856205,0.39355]},"properties":{"id":"523248671","n":"Shikulu PD18","t":"pdw","c":"Kakamega"}},{"type":"Feature","geometry":{"type":"Point","coordinates":[34.904627,0.4065]},"properties":{"id":"523232623","n":"Nangurunya A PD2","t":"pdw","c":"Kakamega"}},{"type":"Feature","geometry":{"type":"Point","coordinates":[34.857139,0.374253]},"properties":{"id":"523314167","n":"Mukangu B PD5","t":"pdw","c":"Kakamega"}},{"type":"Feature","geometry":{"type":"Point","coordinates":[34.894442,0.411665]},"properties":{"id":"523280963","n":"Nangurunya C UD2","t":"udw","c":"Kakamega"}},{"type":"Feature","geometry":{"type":"Point","coordinates":[34.857913,0.391172]},"properties":{"id":"523331711","n":"Shikulu B US4","t":"us","c":"Kakamega"}},{"type":"Feature","geometry":{"type":"Point","coordinates":[34.952802,0.393117]},"properties":{"id":"523207304","n":"Imbinga US4","t":"us","c":"Kakamega"}},{"type":"Feature","geometry":{"type":"Point","coordinates":[34.865639,0.411524]},"properties":{"id":"523232719","n":"Inguvuli B PD11","t":"pdw","c":"Kakamega"}},{"type":"Feature","geometry":{"type":"Point","coordinates":[34.886535,0.430335]},"properties":{"id":"523346933","n":"Isikhu PD12","t":"pdw","c":"Kakamega"}},{"type":"Feature","geometry":{"type":"Point","coordinates":[34.9522,0.369152]},"properties":{"id":"523295594","n":"Makuyenze US3","t":"us","c":"Kakamega"}},{"type":"Feature","geometry":{"type":"Point","coordinates":[34.931048,0.40314]},"properties":{"id":"523283193","n":"Mashindu A UD1","t":"udw","c":"Kakamega"}},{"type":"Feature","geometry":{"type":"Point","coordinates":[34.887054,0.417957]},"properties":{"id":"523224147","n":"Ichina A PD22","t":"pdw","c":"Kakamega"}},{"type":"Feature","geometry":{"type":"Point","coordinates":[34.863755,0.379857]},"properties":{"id":"3724765","n":"UCC 2019 - Shianda Ka Community Well Rehabilitation","t":"pdw","c":"Kakamega"}},{"type":"Feature","geometry":{"type":"Point","coordinates":[34.869517,0.419933]},"properties":{"id":"523232771","n":"Murram PS3","t":"ps","c":"Kakamega"}},{"type":"Feature","geometry":{"type":"Point","coordinates":[34.891108,0.425588]},"properties":{"id":"523226194","n":"Isikhu PD5","t":"pdw","c":"Kakamega"}},{"type":"Feature","geometry":{"type":"Point","coordinates":[34.901438,0.419152]},"properties":{"id":"84829681","n":"Mukhonje B Community, Peter Yakhama Spring - 21053","t":"ps","c":"Kakamega"}},{"type":"Feature","geometry":{"type":"Point","coordinates":[34.916912,0.404782]},"properties":{"id":"523229692","n":"Mwangaza PD4","t":"pdw","c":"Kakamega"}},{"type":"Feature","geometry":{"type":"Point","coordinates":[34.954955,0.38428]},"properties":{"id":"523253329","n":"Soyi A US2","t":"us","c":"Kakamega"}},{"type":"Feature","geometry":{"type":"Point","coordinates":[34.871797,0.383682]},"properties":{"id":"523299440","n":"Lunyereria PD3","t":"pdw","c":"Kakamega"}},{"type":"Feature","geometry":{"type":"Point","coordinates":[34.873416,0.399093]},"properties":{"id":"523263979","n":"Mang'uliro A PD1","t":"pdw","c":"Kakamega"}},{"type":"Feature","geometry":{"type":"Point","coordinates":[34.880824,0.412896]},"properties":{"id":"523269195","n":"Ichina B PD7","t":"pdw","c":"Kakamega"}},{"type":"Feature","geometry":{"type":"Point","coordinates":[34.909158,0.411135]},"properties":{"id":"523254715","n":"Nangurunya A PD6","t":"pdw","c":"Kakamega"}},{"type":"Feature","geometry":{"type":"Point","coordinates":[34.861015,0.382015]},"properties":{"id":"523271620","n":"Shanda B PD4","t":"pdw","c":"Kakamega"}},{"type":"Feature","geometry":{"type":"Point","coordinates":[34.913828,0.415723]},"properties":{"id":"84828714","n":"Mukhuyu Community, Chisombe Spring - 20180","t":"ps","c":"Kakamega"}},{"type":"Feature","geometry":{"type":"Point","coordinates":[34.882258,0.419247]},"properties":{"id":"523197988","n":"Ichina A US1","t":"us","c":"Kakamega"}},{"type":"Feature","geometry":{"type":"Point","coordinates":[34.865,0.382782]},"properties":{"id":"523303303","n":"Shanda B US1","t":"us","c":"Kakamega"}},{"type":"Feature","geometry":{"type":"Point","coordinates":[34.857629,0.417408]},"properties":{"id":"523298315","n":"Ichina B PD19","t":"pdw","c":"Kakamega"}},{"type":"Feature","geometry":{"type":"Point","coordinates":[34.87785,0.388919]},"properties":{"id":"523276106","n":"Lunyereria PD17","t":"pdw","c":"Kakamega"}},{"type":"Feature","geometry":{"type":"Point","coordinates":[34.854655,0.38668]},"properties":{"id":"523338639","n":"Lumusieti A PD1","t":"pdw","c":"Kakamega"}},{"type":"Feature","geometry":{"type":"Point","coordinates":[34.856255,0.408257]},"properties":{"id":"523287984","n":"Kakoyi US1","t":"us","c":"Kakamega"}},{"type":"Feature","geometry":{"type":"Point","coordinates":[34.897204,0.408651]},"properties":{"id":"523215804","n":"Nangurunya A UD1","t":"udw","c":"Kakamega"}},{"type":"Feature","geometry":{"type":"Point","coordinates":[34.879512,0.418314]},"properties":{"id":"523225289","n":"Ichina A PD7","t":"pdw","c":"Kakamega"}},{"type":"Feature","geometry":{"type":"Point","coordinates":[34.875073,0.387042]},"properties":{"id":"523246978","n":"Lunyereria PD9","t":"pdw","c":"Kakamega"}},{"type":"Feature","geometry":{"type":"Point","coordinates":[34.925203,0.414439]},"properties":{"id":"523292261","n":"Chesero A US1","t":"us","c":"Kakamega"}},{"type":"Feature","geometry":{"type":"Point","coordinates":[34.856173,0.381854]},"properties":{"id":"523226565","n":"Shanda A PD1","t":"pdw","c":"Kakamega"}},{"type":"Feature","geometry":{"type":"Point","coordinates":[34.89471,0.40622]},"properties":{"id":"523317988","n":"Nangurunya B PD5","t":"pdw","c":"Kakamega"}},{"type":"Feature","geometry":{"type":"Point","coordinates":[34.878928,0.412398]},"properties":{"id":"523225069","n":"Inguvuli A PD24","t":"pdw","c":"Kakamega"}},{"type":"Feature","geometry":{"type":"Point","coordinates":[34.874147,0.388997]},"properties":{"id":"523283856","n":"Furave PD20","t":"pdw","c":"Kakamega"}},{"type":"Feature","geometry":{"type":"Point","coordinates":[34.887296,0.413409]},"properties":{"id":"523286275","n":"Ichina B UD1","t":"udw","c":"Kakamega"}},{"type":"Feature","geometry":{"type":"Point","coordinates":[34.918153,0.408634]},"properties":{"id":"523319519","n":"Webika PS1","t":"ps","c":"Kakamega"}},{"type":"Feature","geometry":{"type":"Point","coordinates":[34.891643,0.423444]},"properties":{"id":"523306038","n":"Isikhu PD1","t":"pdw","c":"Kakamega"}},{"type":"Feature","geometry":{"type":"Point","coordinates":[34.857292,0.392171]},"properties":{"id":"523257237","n":"Shikulu PD13","t":"pdw","c":"Kakamega"}},{"type":"Feature","geometry":{"type":"Point","coordinates":[34.893427,0.40367]},"properties":{"id":"523205821","n":"Nangurunya B PD10","t":"pdw","c":"Kakamega"}},{"type":"Feature","geometry":{"type":"Point","coordinates":[34.904692,0.414027]},"properties":{"id":"523317256","n":"Mukhonje A UD2","t":"udw","c":"Kakamega"}},{"type":"Feature","geometry":{"type":"Point","coordinates":[34.884862,0.400557]},"properties":{"id":"648682732","n":"Nangurunya B community, Daniel Musava spring - 410001","t":"ps","c":"Kakamega"}},{"type":"Feature","geometry":{"type":"Point","coordinates":[34.896733,0.412618]},"properties":{"id":"523345877","n":"Nangurunya C UD4","t":"udw","c":"Kakamega"}},{"type":"Feature","geometry":{"type":"Point","coordinates":[34.903578,0.421723]},"properties":{"id":"523309268","n":"Makhwabuyu A US 1","t":"us","c":"Kakamega"}},{"type":"Feature","geometry":{"type":"Point","coordinates":[34.891672,0.415175]},"properties":{"id":"523211408","n":"Nangurunya C US1","t":"us","c":"Kakamega"}},{"type":"Feature","geometry":{"type":"Point","coordinates":[34.898943,0.415544]},"properties":{"id":"523292649","n":"Mukhonje B UD9","t":"udw","c":"Kakamega"}},{"type":"Feature","geometry":{"type":"Point","coordinates":[34.86394,0.385527]},"properties":{"id":"523288363","n":"Shikulu A US6","t":"us","c":"Kakamega"}},{"type":"Feature","geometry":{"type":"Point","coordinates":[34.858068,0.390306]},"properties":{"id":"523198446","n":"Shikulu B US2","t":"us","c":"Kakamega"}},{"type":"Feature","geometry":{"type":"Point","coordinates":[34.893297,0.410891]},"properties":{"id":"523222956","n":"Nangurunya C PD7","t":"pdw","c":"Kakamega"}},{"type":"Feature","geometry":{"type":"Point","coordinates":[34.887111,0.419785]},"properties":{"id":"523220923","n":"Ichina A PD24","t":"pdw","c":"Kakamega"}},{"type":"Feature","geometry":{"type":"Point","coordinates":[34.902663,0.425627]},"properties":{"id":"523313850","n":"Makhwabuyu A UD 5","t":"udw","c":"Kakamega"}},{"type":"Feature","geometry":{"type":"Point","coordinates":[34.853504,0.375395]},"properties":{"id":"523343404","n":"Sasala PD 108","t":"pdw","c":"Kakamega"}},{"type":"Feature","geometry":{"type":"Point","coordinates":[34.921389,0.422098]},"properties":{"id":"305464789","n":"Makhwabuye Community, Mavututu Spring - 21079","t":"ps","c":"Kakamega"}},{"type":"Feature","geometry":{"type":"Point","coordinates":[34.889658,0.405705]},"properties":{"id":"523193128","n":"Nangurunya B UD8","t":"udw","c":"Kakamega"}},{"type":"Feature","geometry":{"type":"Point","coordinates":[34.935524,0.425661]},"properties":{"id":"523232740","n":"Shikulu PD 1","t":"pdw","c":"Kakamega"}},{"type":"Feature","geometry":{"type":"Point","coordinates":[34.890916,0.42815]},"properties":{"id":"523279381","n":"Isikhu PD10","t":"pdw","c":"Kakamega"}},{"type":"Feature","geometry":{"type":"Point","coordinates":[34.855733,0.376051]},"properties":{"id":"523292948","n":"Shanda B PD7","t":"pdw","c":"Kakamega"}},{"type":"Feature","geometry":{"type":"Point","coordinates":[34.905152,0.42224]},"properties":{"id":"523298803","n":"Makhwabuyu A PD 8","t":"pdw","c":"Kakamega"}},{"type":"Feature","geometry":{"type":"Point","coordinates":[34.851268,0.402153]},"properties":{"id":"523318934","n":"Shikulu PD4","t":"pdw","c":"Kakamega"}},{"type":"Feature","geometry":{"type":"Point","coordinates":[34.915179,0.406318]},"properties":{"id":"523221759","n":"Webika US4","t":"us","c":"Kakamega"}},{"type":"Feature","geometry":{"type":"Point","coordinates":[34.863677,0.389448]},"properties":{"id":"523285322","n":"Shikulu B PD4","t":"pdw","c":"Kakamega"}},{"type":"Feature","geometry":{"type":"Point","coordinates":[34.883021,0.4212]},"properties":{"id":"523262734","n":"Ichina A PD13","t":"pdw","c":"Kakamega"}},{"type":"Feature","geometry":{"type":"Point","coordinates":[34.898003,0.419385]},"properties":{"id":"523235750","n":"Mukhonje B PD3","t":"pdw","c":"Kakamega"}},{"type":"Feature","geometry":{"type":"Point","coordinates":[34.902114,0.404278]},"properties":{"id":"523198295","n":"Mungaha UD6","t":"udw","c":"Kakamega"}},{"type":"Feature","geometry":{"type":"Point","coordinates":[34.857379,0.384433]},"properties":{"id":"523276010","n":"Shikulu A PS1","t":"ps","c":"Kakamega"}},{"type":"Feature","geometry":{"type":"Point","coordinates":[34.873475,0.404838]},"properties":{"id":"523305594","n":"Inguvuli A PD34","t":"pdw","c":"Kakamega"}},{"type":"Feature","geometry":{"type":"Point","coordinates":[34.872214,0.391295]},"properties":{"id":"523212090","n":"Furave PD14","t":"pdw","c":"Kakamega"}},{"type":"Feature","geometry":{"type":"Point","coordinates":[34.855243,0.378471]},"properties":{"id":"523226187","n":"Shanda B PD18","t":"pdw","c":"Kakamega"}},{"type":"Feature","geometry":{"type":"Point","coordinates":[34.913398,0.417671]},"properties":{"id":"523208862","n":"Chesero B PD4","t":"pdw","c":"Kakamega"}},{"type":"Feature","geometry":{"type":"Point","coordinates":[34.853477,0.382431]},"properties":{"id":"523303578","n":"Lumusieti B PD1","t":"pdw","c":"Kakamega"}},{"type":"Feature","geometry":{"type":"Point","coordinates":[34.879507,0.413622]},"properties":{"id":"523342513","n":"Ichina B PD9","t":"pdw","c":"Kakamega"}},{"type":"Feature","geometry":{"type":"Point","coordinates":[34.856824,0.389795]},"properties":{"id":"523227724","n":"Shikulu B PD14","t":"pdw","c":"Kakamega"}},{"type":"Feature","geometry":{"type":"Point","coordinates":[34.88792,0.401793]},"properties":{"id":"523330105","n":"Nangurunya B PD9","t":"pdw","c":"Kakamega"}},{"type":"Feature","geometry":{"type":"Point","coordinates":[34.891654,0.40794]},"properties":{"id":"523254502","n":"Nangurunya B PS1","t":"ps","c":"Kakamega"}},{"type":"Feature","geometry":{"type":"Point","coordinates":[34.895485,0.407886]},"properties":{"id":"523203692","n":"Nangurunya B PD2","t":"pdw","c":"Kakamega"}},{"type":"Feature","geometry":{"type":"Point","coordinates":[34.859376,0.391678]},"properties":{"id":"523199870","n":"Shikulu B PD9","t":"pdw","c":"Kakamega"}},{"type":"Feature","geometry":{"type":"Point","coordinates":[34.945602,0.399303]},"properties":{"id":"523343349","n":"Misimo PD3","t":"pdw","c":"Kakamega"}},{"type":"Feature","geometry":{"type":"Point","coordinates":[34.898687,0.41707]},"properties":{"id":"523256133","n":"Mukhonje PD5","t":"pdw","c":"Kakamega"}},{"type":"Feature","geometry":{"type":"Point","coordinates":[34.939431,0.390824]},"properties":{"id":"523250591","n":"Ikoli PD3","t":"pdw","c":"Kakamega"}},{"type":"Feature","geometry":{"type":"Point","coordinates":[34.889358,0.407948]},"properties":{"id":"523319863","n":"Nangurunya B PD7","t":"pdw","c":"Kakamega"}},{"type":"Feature","geometry":{"type":"Point","coordinates":[34.856151,0.405296]},"properties":{"id":"523340171","n":"Shikulu PD12","t":"pdw","c":"Kakamega"}},{"type":"Feature","geometry":{"type":"Point","coordinates":[34.950515,0.391002]},"properties":{"id":"523270612","n":"Kitui US2","t":"us","c":"Kakamega"}},{"type":"Feature","geometry":{"type":"Point","coordinates":[34.934289,0.410443]},"properties":{"id":"523243054","n":"Tswele PD3","t":"pdw","c":"Kakamega"}},{"type":"Feature","geometry":{"type":"Point","coordinates":[34.875575,0.412887]},"properties":{"id":"523262112","n":"Inguvuli A PD29","t":"pdw","c":"Kakamega"}},{"type":"Feature","geometry":{"type":"Point","coordinates":[34.950205,0.390623]},"properties":{"id":"523220181","n":"Kitui PS1","t":"us","c":"Kakamega"}},{"type":"Feature","geometry":{"type":"Point","coordinates":[34.916862,0.415763]},"properties":{"id":"523279192","n":"Chesero B PD7","t":"pdw","c":"Kakamega"}},{"type":"Feature","geometry":{"type":"Point","coordinates":[34.854868,0.38504]},"properties":{"id":"523272865","n":"Shikulu A PD17","t":"pdw","c":"Kakamega"}},{"type":"Feature","geometry":{"type":"Point","coordinates":[34.890832,0.411163]},"properties":{"id":"523263364","n":"Nangurunya C PD4","t":"pdw","c":"Kakamega"}},{"type":"Feature","geometry":{"type":"Point","coordinates":[34.882032,0.411017]},"properties":{"id":"523241997","n":"Inguvuli A PD18","t":"pdw","c":"Kakamega"}},{"type":"Feature","geometry":{"type":"Point","coordinates":[34.880428,0.411003]},"properties":{"id":"523257907","n":"Inguvuli A UD2","t":"udw","c":"Kakamega"}},{"type":"Feature","geometry":{"type":"Point","coordinates":[34.875179,0.391246]},"properties":{"id":"523238760","n":"Furave PD18","t":"pdw","c":"Kakamega"}},{"type":"Feature","geometry":{"type":"Point","coordinates":[34.896057,0.409544]},"properties":{"id":"523285140","n":"Nangurunya B PS1","t":"ps","c":"Kakamega"}},{"type":"Feature","geometry":{"type":"Point","coordinates":[34.902844,0.412063]},"properties":{"id":"523286134","n":"Mukhonje A PD8","t":"pdw","c":"Kakamega"}},{"type":"Feature","geometry":{"type":"Point","coordinates":[34.954772,0.398156]},"properties":{"id":"445267842","n":"Misimo Primary School - 22250","t":"bh","c":"Kakamega","d":100.0}},{"type":"Feature","geometry":{"type":"Point","coordinates":[34.888786,0.417758]},"properties":{"id":"523192938","n":"Ichina A PD25","t":"pdw","c":"Kakamega"}},{"type":"Feature","geometry":{"type":"Point","coordinates":[34.905972,0.418453]},"properties":{"id":"523318972","n":"Makhwabuyu A PS 2","t":"ps","c":"Kakamega"}},{"type":"Feature","geometry":{"type":"Point","coordinates":[34.905013,0.40455]},"properties":{"id":"523231732","n":"Mungaha PD10","t":"pdw","c":"Kakamega"}},{"type":"Feature","geometry":{"type":"Point","coordinates":[34.942903,0.417104]},"properties":{"id":"523266996","n":"Kuvasali PS1","t":"ps","c":"Kakamega"}},{"type":"Feature","geometry":{"type":"Point","coordinates":[34.870263,0.412018]},"properties":{"id":"84828879","n":"Nguvuli Community, Busuku Spring - 20169","t":"ps","c":"Kakamega"}},{"type":"Feature","geometry":{"type":"Point","coordinates":[34.876029,0.412214]},"properties":{"id":"523321996","n":"Inguvuli A PD28","t":"pdw","c":"Kakamega"}},{"type":"Feature","geometry":{"type":"Point","coordinates":[34.924097,0.405927]},"properties":{"id":"523271981","n":"Bunuku A PS2","t":"ps","c":"Kakamega"}},{"type":"Feature","geometry":{"type":"Point","coordinates":[34.881548,0.428813]},"properties":{"id":"523282556","n":"Jilca PD12","t":"pdw","c":"Kakamega"}},{"type":"Feature","geometry":{"type":"Point","coordinates":[34.916657,0.421103]},"properties":{"id":"523338763","n":"Makhwabuyu B PD 2","t":"pdw","c":"Kakamega"}},{"type":"Feature","geometry":{"type":"Point","coordinates":[34.855148,0.391613]},"properties":{"id":"523222767","n":"Kware A PD13","t":"pdw","c":"Kakamega"}},{"type":"Feature","geometry":{"type":"Point","coordinates":[34.877877,0.414022]},"properties":{"id":"523255156","n":"Ichina B PD11","t":"pdw","c":"Kakamega"}},{"type":"Feature","geometry":{"type":"Point","coordinates":[34.903138,0.415436]},"properties":{"id":"523251822","n":"Mukhonje B UD1","t":"udw","c":"Kakamega"}},{"type":"Feature","geometry":{"type":"Point","coordinates":[34.860904,0.381232]},"properties":{"id":"523287788","n":"Shinda B PD2","t":"pdw","c":"Kakamega"}},{"type":"Feature","geometry":{"type":"Point","coordinates":[34.941925,0.40663]},"properties":{"id":"523243700","n":"Misimo US1","t":"us","c":"Kakamega"}},{"type":"Feature","geometry":{"type":"Point","coordinates":[34.883351,0.406123]},"properties":{"id":"523264516","n":"Inguvuli A PD6","t":"pdw","c":"Kakamega"}},{"type":"Feature","geometry":{"type":"Point","coordinates":[34.929352,0.401972]},"properties":{"id":"523337906","n":"Mashindu A PD5","t":"pdw","c":"Kakamega"}},{"type":"Feature","geometry":{"type":"Point","coordinates":[34.92065,0.41373]},"properties":{"id":"523279532","n":"Webika US1","t":"us","c":"Kakamega"}},{"type":"Feature","geometry":{"type":"Point","coordinates":[34.902654,0.413124]},"properties":{"id":"523293705","n":"Mukhonje A UD7","t":"udw","c":"Kakamega"}},{"type":"Feature","geometry":{"type":"Point","coordinates":[34.884756,0.418059]},"properties":{"id":"523288569","n":"Ichina A US2","t":"us","c":"Kakamega"}},{"type":"Feature","geometry":{"type":"Point","coordinates":[34.906745,0.410673]},"properties":{"id":"523289838","n":"Mukhonje A BH1","t":"bh","c":"Kakamega"}},{"type":"Feature","geometry":{"type":"Point","coordinates":[34.885436,0.425429]},"properties":{"id":"523300908","n":"Kokoyo B PD2","t":"pdw","c":"Kakamega"}},{"type":"Feature","geometry":{"type":"Point","coordinates":[34.943963,0.39158]},"properties":{"id":"523327552","n":"Kitui PD1","t":"pdw","c":"Kakamega"}},{"type":"Feature","geometry":{"type":"Point","coordinates":[34.855456,0.381503]},"properties":{"id":"736923064","n":"Fuvale Primary School - 410027","t":"bh","c":"Kakamega","d":110.0}},{"type":"Feature","geometry":{"type":"Point","coordinates":[34.949547,0.373453]},"properties":{"id":"595816859","n":"Mukhuyu Primary School - 23006","t":"bh","c":"Kakamega","d":100.0}},{"type":"Feature","geometry":{"type":"Point","coordinates":[34.910367,0.415982]},"properties":{"id":"84828697","n":"Mukhonje Community, Mausi Spring - 20168","t":"ps","c":"Kakamega"}},{"type":"Feature","geometry":{"type":"Point","coordinates":[34.927106,0.413612]},"properties":{"id":"523195065","n":"Mwangaza US3","t":"us","c":"Kakamega"}},{"type":"Feature","geometry":{"type":"Point","coordinates":[34.8786,0.414103]},"properties":{"id":"523257189","n":"Ichina B PD10","t":"pdw","c":"Kakamega"}},{"type":"Feature","geometry":{"type":"Point","coordinates":[34.870952,0.384738]},"properties":{"id":"523300757","n":"Furave PD6","t":"pdw","c":"Kakamega"}},{"type":"Feature","geometry":{"type":"Point","coordinates":[34.871416,0.395889]},"properties":{"id":"523332499","n":"Mang'uliro B PD8","t":"pdw","c":"Kakamega"}},{"type":"Feature","geometry":{"type":"Point","coordinates":[34.857861,0.377111]},"properties":{"id":"523279226","n":"Shanda B PD3","t":"pdw","c":"Kakamega"}},{"type":"Feature","geometry":{"type":"Point","coordinates":[34.943372,0.395307]},"properties":{"id":"552713890","n":"Ikoli Community, Ndochi Spring - 23105","t":"ps","c":"Kakamega"}},{"type":"Feature","geometry":{"type":"Point","coordinates":[34.898696,0.419294]},"properties":{"id":"523254959","n":"Mukhonje B PD2","t":"pdw","c":"Kakamega"}},{"type":"Feature","geometry":{"type":"Point","coordinates":[34.864898,0.3875]},"properties":{"id":"523234807","n":"Shikulu A PS3","t":"ps","c":"Kakamega"}},{"type":"Feature","geometry":{"type":"Point","coordinates":[34.90177,0.425042]},"properties":{"id":"523344515","n":"Makhwabuyu PD 20","t":"pdw","c":"Kakamega"}},{"type":"Feature","geometry":{"type":"Point","coordinates":[34.867185,0.397942]},"properties":{"id":"523227494","n":"Mang'uliro PD15","t":"pdw","c":"Kakamega"}},{"type":"Feature","geometry":{"type":"Point","coordinates":[34.862547,0.382505]},"properties":{"id":"523310826","n":"Shanda PD5","t":"pdw","c":"Kakamega"}},{"type":"Feature","geometry":{"type":"Point","coordinates":[34.913389,0.424209]},"properties":{"id":"523220404","n":"Makhwabuyu B US 1","t":"us","c":"Kakamega"}},{"type":"Feature","geometry":{"type":"Point","coordinates":[34.909465,0.423506]},"properties":{"id":"523336943","n":"Makhwabuyu A UD 2","t":"udw","c":"Kakamega"}},{"type":"Feature","geometry":{"type":"Point","coordinates":[34.881239,0.403779]},"properties":{"id":"523320878","n":"Inguvuli A US1","t":"ps","c":"Kakamega"}},{"type":"Feature","geometry":{"type":"Point","coordinates":[34.858825,0.412582]},"properties":{"id":"523194978","n":"Inguvuli B PD16","t":"pdw","c":"Kakamega"}},{"type":"Feature","geometry":{"type":"Point","coordinates":[34.889953,0.413666]},"properties":{"id":"523321707","n":"Nangurunya C PD11","t":"pdw","c":"Kakamega"}},{"type":"Feature","geometry":{"type":"Point","coordinates":[34.863445,0.377431]},"properties":{"id":"523277183","n":"Shanda B PS1","t":"ps","c":"Kakamega"}},{"type":"Feature","geometry":{"type":"Point","coordinates":[34.912742,0.409886]},"properties":{"id":"523243982","n":"Webika PD12","t":"pdw","c":"Kakamega"}},{"type":"Feature","geometry":{"type":"Point","coordinates":[34.856752,0.414493]},"properties":{"id":"523265139","n":"Kakoyi PD1","t":"pdw","c":"Kakamega"}},{"type":"Feature","geometry":{"type":"Point","coordinates":[34.859254,0.380162]},"properties":{"id":"506970423","n":"Shanda Primary School - 22282","t":"bh","c":"Kakamega","d":82.0}},{"type":"Feature","geometry":{"type":"Point","coordinates":[34.897941,0.416463]},"properties":{"id":"523205395","n":"Mukhonje B US2","t":"us","c":"Kakamega"}},{"type":"Feature","geometry":{"type":"Point","coordinates":[34.858093,0.389357]},"properties":{"id":"523229609","n":"Shikulu B US1","t":"us","c":"Kakamega"}},{"type":"Feature","geometry":{"type":"Point","coordinates":[34.903496,0.411795]},"properties":{"id":"523312055","n":"Mukhonje A PD7","t":"pdw","c":"Kakamega"}},{"type":"Feature","geometry":{"type":"Point","coordinates":[34.900596,0.412277]},"properties":{"id":"523214243","n":"Mukhonje B PD9","t":"pdw","c":"Kakamega"}},{"type":"Feature","geometry":{"type":"Point","coordinates":[34.902047,0.41223]},"properties":{"id":"523304328","n":"Mukhonje A UD6","t":"udw","c":"Kakamega"}},{"type":"Feature","geometry":{"type":"Point","coordinates":[34.87195,0.382769]},"properties":{"id":"523328436","n":"Lunyereria PD2","t":"pdw","c":"Kakamega"}},{"type":"Feature","geometry":{"type":"Point","coordinates":[34.873136,0.386395]},"properties":{"id":"523234632","n":"Lunyereria PD6","t":"pdw","c":"Kakamega"}},{"type":"Feature","geometry":{"type":"Point","coordinates":[34.89579,0.406805]},"properties":{"id":"523337999","n":"Nangurunya B UD2","t":"udw","c":"Kakamega"}},{"type":"Feature","geometry":{"type":"Point","coordinates":[34.860447,0.377682]},"properties":{"id":"523215615","n":"Shanda B PD7","t":"pdw","c":"Kakamega"}},{"type":"Feature","geometry":{"type":"Point","coordinates":[34.887457,0.41871]},"properties":{"id":"523234481","n":"Ichina A PD23","t":"pdw","c":"Kakamega"}},{"type":"Feature","geometry":{"type":"Point","coordinates":[34.942805,0.395574]},"properties":{"id":"459133649","n":"Ikoli Community, Namoso Spring - 22111","t":"ps","c":"Kakamega"}},{"type":"Feature","geometry":{"type":"Point","coordinates":[34.934771,0.395653]},"properties":{"id":"523205182","n":"Ikoli PD1","t":"pdw","c":"Kakamega"}},{"type":"Feature","geometry":{"type":"Point","coordinates":[34.870323,0.392518]},"properties":{"id":"523239194","n":"Furave PS1","t":"ps","c":"Kakamega"}},{"type":"Feature","geometry":{"type":"Point","coordinates":[34.947652,0.388897]},"properties":{"id":"523327837","n":"Kitui PS1","t":"ps","c":"Kakamega"}},{"type":"Feature","geometry":{"type":"Point","coordinates":[34.898981,0.415493]},"properties":{"id":"523349819","n":"Mukhonje B UD8","t":"udw","c":"Kakamega"}},{"type":"Feature","geometry":{"type":"Point","coordinates":[34.866186,0.390695]},"properties":{"id":"523244914","n":"Shikulu B PD6","t":"pdw","c":"Kakamega"}},{"type":"Feature","geometry":{"type":"Point","coordinates":[34.881969,0.429624]},"properties":{"id":"523308360","n":"Jilca US3","t":"us","c":"Kakamega"}},{"type":"Feature","geometry":{"type":"Point","coordinates":[34.861559,0.388533]},"properties":{"id":"523339111","n":"Shikulu A PD8","t":"pdw","c":"Kakamega"}},{"type":"Feature","geometry":{"type":"Point","coordinates":[34.857548,0.382821]},"properties":{"id":"523283313","n":"Shikulu A US1","t":"us","c":"Kakamega"}},{"type":"Feature","geometry":{"type":"Point","coordinates":[34.871778,0.387475]},"properties":{"id":"523262648","n":"Furave UD1","t":"udw","c":"Kakamega"}},{"type":"Feature","geometry":{"type":"Point","coordinates":[34.883072,0.413982]},"properties":{"id":"523304603","n":"Ichina B PD4","t":"pdw","c":"Kakamega"}},{"type":"Feature","geometry":{"type":"Point","coordinates":[34.903272,0.418416]},"properties":{"id":"523266312","n":"Mukhonje A US1","t":"us","c":"Kakamega"}},{"type":"Feature","geometry":{"type":"Point","coordinates":[34.876691,0.386512]},"properties":{"id":"523295446","n":"Lunyereria PD12","t":"pdw","c":"Kakamega"}},{"type":"Feature","geometry":{"type":"Point","coordinates":[34.856715,0.386884]},"properties":{"id":"523350178","n":"Shikulu A PD9","t":"pdw","c":"Kakamega"}},{"type":"Feature","geometry":{"type":"Point","coordinates":[34.902344,0.418603]},"properties":{"id":"523274379","n":"Mukhonje B UD3","t":"udw","c":"Kakamega"}},{"type":"Feature","geometry":{"type":"Point","coordinates":[34.856295,0.382782]},"properties":{"id":"523205498","n":"Shikulu A PD3","t":"pdw","c":"Kakamega"}},{"type":"Feature","geometry":{"type":"Point","coordinates":[34.874188,0.42064]},"properties":{"id":"523315539","n":"Kokoyo B US2","t":"us","c":"Kakamega"}},{"type":"Feature","geometry":{"type":"Point","coordinates":[34.893009,0.406344]},"properties":{"id":"523208439","n":"Nangurunya B PD12","t":"pdw","c":"Kakamega"}},{"type":"Feature","geometry":{"type":"Point","coordinates":[34.885806,0.421127]},"properties":{"id":"523200008","n":"Ichina A PD17","t":"pdw","c":"Kakamega"}},{"type":"Feature","geometry":{"type":"Point","coordinates":[34.877615,0.393967]},"properties":{"id":"523286323","n":"Mang'uliro B US3","t":"us","c":"Kakamega"}},{"type":"Feature","geometry":{"type":"Point","coordinates":[34.941098,0.41566]},"properties":{"id":"523219901","n":"Kuvasali US1","t":"us","c":"Kakamega"}},{"type":"Feature","geometry":{"type":"Point","coordinates":[34.909614,0.409531]},"properties":{"id":"523210201","n":"Nangurunya A UD11","t":"udw","c":"Kakamega"}},{"type":"Feature","geometry":{"type":"Point","coordinates":[34.897225,0.409451]},"properties":{"id":"523285418","n":"Mukhonje B PS2","t":"ps","c":"Kakamega"}},{"type":"Feature","geometry":{"type":"Point","coordinates":[34.873434,0.395089]},"properties":{"id":"523308748","n":"Mang'uliro B PD7","t":"ps","c":"Kakamega"}},{"type":"Feature","geometry":{"type":"Point","coordinates":[34.866933,0.372136]},"properties":{"id":"523200606","n":"Mukangu B PD17","t":"pdw","c":"Kakamega"}},{"type":"Feature","geometry":{"type":"Point","coordinates":[34.94037,0.423338]},"properties":{"id":"523338646","n":"Lukhokho PD 3","t":"pdw","c":"Kakamega"}},{"type":"Feature","geometry":{"type":"Point","coordinates":[34.879192,0.422063]},"properties":{"id":"523318745","n":"Kokoyo B PD5","t":"pdw","c":"Kakamega"}},{"type":"Feature","geometry":{"type":"Point","coordinates":[34.863014,0.412379]},"properties":{"id":"523330112","n":"Inguvuli B US1","t":"us","c":"Kakamega"}},{"type":"Feature","geometry":{"type":"Point","coordinates":[34.867723,0.412091]},"properties":{"id":"523282824","n":"Inguvuli B PD7","t":"pdw","c":"Kakamega"}},{"type":"Feature","geometry":{"type":"Point","coordinates":[34.904714,0.416919]},"properties":{"id":"523327624","n":"Mukhonje A PS1","t":"ps","c":"Kakamega"}},{"type":"Feature","geometry":{"type":"Point","coordinates":[34.866544,0.398434]},"properties":{"id":"523344034","n":"Mang'uliro B PD13","t":"pdw","c":"Kakamega"}},{"type":"Feature","geometry":{"type":"Point","coordinates":[34.857511,0.411482]},"properties":{"id":"523239187","n":"Inguvuli B PD17","t":"pdw","c":"Kakamega"}},{"type":"Feature","geometry":{"type":"Point","coordinates":[34.886274,0.419728]},"properties":{"id":"523330318","n":"Ichina A PD19","t":"pdw","c":"Kakamega"}},{"type":"Feature","geometry":{"type":"Point","coordinates":[34.897487,0.412773]},"properties":{"id":"523250728","n":"Mukhonje B PD12","t":"pdw","c":"Kakamega"}},{"type":"Feature","geometry":{"type":"Point","coordinates":[34.936237,0.418444]},"properties":{"id":"523252469","n":"Shikulu US 1","t":"us","c":"Kakamega"}},{"type":"Feature","geometry":{"type":"Point","coordinates":[34.885688,0.426338]},"properties":{"id":"523195175","n":"Kokoyo B PD3","t":"pdw","c":"Kakamega"}},{"type":"Feature","geometry":{"type":"Point","coordinates":[34.896149,0.408568]},"properties":{"id":"523226912","n":"Nangurunya C PD1","t":"pdw","c":"Kakamega"}},{"type":"Feature","geometry":{"type":"Point","coordinates":[34.90845,0.406953]},"properties":{"id":"523228897","n":"Nangurunya A PD10","t":"pdw","c":"Kakamega"}},{"type":"Feature","geometry":{"type":"Point","coordinates":[34.872046,0.388761]},"properties":{"id":"523235145","n":"Furave PD12","t":"pdw","c":"Kakamega"}},{"type":"Feature","geometry":{"type":"Point","coordinates":[34.855067,0.39048]},"properties":{"id":"523325237","n":"Kware A PD14","t":"pdw","c":"Kakamega"}},{"type":"Feature","geometry":{"type":"Point","coordinates":[34.906212,0.412069]},"properties":{"id":"523235482","n":"Mukhonje A PD2","t":"pdw","c":"Kakamega"}},{"type":"Feature","geometry":{"type":"Point","coordinates":[34.929381,0.410978]},"properties":{"id":"523234869","n":"Mwangaza PD2","t":"pdw","c":"Kakamega"}},{"type":"Feature","geometry":{"type":"Point","coordinates":[34.857771,0.400736]},"properties":{"id":"523285092","n":"Kwambia PD2","t":"pdw","c":"Kakamega"}},{"type":"Feature","geometry":{"type":"Point","coordinates":[34.893731,0.407289]},"properties":{"id":"523317139","n":"Nangurunya B UD7","t":"udw","c":"Kakamega"}},{"type":"Feature","geometry":{"type":"Point","coordinates":[34.866691,0.406115]},"properties":{"id":"523292601","n":"Mang'uliro A PD7","t":"pdw","c":"Kakamega"}},{"type":"Feature","geometry":{"type":"Point","coordinates":[34.854362,0.37722]},"properties":{"id":"523339661","n":"Shanda B PD14","t":"pdw","c":"Kakamega"}},{"type":"Feature","geometry":{"type":"Point","coordinates":[34.881047,0.428786]},"properties":{"id":"523199313","n":"Jilca PD11","t":"pdw","c":"Kakamega"}},{"type":"Feature","geometry":{"type":"Point","coordinates":[34.858683,0.380045]},"properties":{"id":"523311102","n":"Shanda B PD1","t":"pdw","c":"Kakamega"}},{"type":"Feature","geometry":{"type":"Point","coordinates":[34.881002,0.412094]},"properties":{"id":"523253051","n":"Inguvuli A PD1","t":"pdw","c":"Kakamega"}},{"type":"Feature","geometry":{"type":"Point","coordinates":[34.887314,0.424574]},"properties":{"id":"523325969","n":"Isikhu PD17","t":"pdw","c":"Kakamega"}},{"type":"Feature","geometry":{"type":"Point","coordinates":[34.915275,0.417792]},"properties":{"id":"523233277","n":"Chesero B PD6","t":"pdw","c":"Kakamega"}},{"type":"Feature","geometry":{"type":"Point","coordinates":[34.900524,0.41653]},"properties":{"id":"523256425","n":"Mukhonje B UD6","t":"udw","c":"Kakamega"}},{"type":"Feature","geometry":{"type":"Point","coordinates":[34.872357,0.41145]},"properties":{"id":"523312196","n":"Inguvuli A PS1","t":"ps","c":"Kakamega"}},{"type":"Feature","geometry":{"type":"Point","coordinates":[34.941397,0.404018]},"properties":{"id":"523209739","n":"Misimo PD1","t":"pdw","c":"Kakamega"}},{"type":"Feature","geometry":{"type":"Point","coordinates":[34.86809,0.413305]},"properties":{"id":"523256054","n":"Inguvuli B PD5","t":"pdw","c":"Kakamega"}},{"type":"Feature","geometry":{"type":"Point","coordinates":[34.870731,0.387285]},"properties":{"id":"523262394","n":"Furave PD4","t":"pdw","c":"Kakamega"}},{"type":"Feature","geometry":{"type":"Point","coordinates":[34.872355,0.373688]},"properties":{"id":"523292807","n":"Mukangu B PD18","t":"pdw","c":"Kakamega"}},{"type":"Feature","geometry":{"type":"Point","coordinates":[34.899478,0.417197]},"properties":{"id":"523258647","n":"Mukhonje B UD4","t":"udw","c":"Kakamega"}},{"type":"Feature","geometry":{"type":"Point","coordinates":[34.855115,0.376858]},"properties":{"id":"523245953","n":"Shanda B PD13","t":"pdw","c":"Kakamega"}},{"type":"Feature","geometry":{"type":"Point","coordinates":[34.934586,0.401202]},"properties":{"id":"523267351","n":"Mashindu B PD2","t":"pdw","c":"Kakamega"}},{"type":"Feature","geometry":{"type":"Point","coordinates":[34.853785,0.376567]},"properties":{"id":"523268541","n":"Shanda B PD8","t":"pdw","c":"Kakamega"}},{"type":"Feature","geometry":{"type":"Point","coordinates":[34.867582,0.414586]},"properties":{"id":"523209715","n":"Inguvuli B PD2","t":"pdw","c":"Kakamega"}},{"type":"Feature","geometry":{"type":"Point","coordinates":[34.862673,0.384557]},"properties":{"id":"523296186","n":"Shikulu A US5","t":"us","c":"Kakamega"}},{"type":"Feature","geometry":{"type":"Point","coordinates":[34.880571,0.410419]},"properties":{"id":"523207139","n":"Inguvuli A PD20","t":"pdw","c":"Kakamega"}},{"type":"Feature","geometry":{"type":"Point","coordinates":[34.895197,0.409783]},"properties":{"id":"290455379","n":"Nangurunya Community, Robert Musali Spring - 21002","t":"ps","c":"Kakamega"}},{"type":"Feature","geometry":{"type":"Point","coordinates":[34.859841,0.390649]},"properties":{"id":"523223081","n":"Shikulu B PD1","t":"pdw","c":"Kakamega"}},{"type":"Feature","geometry":{"type":"Point","coordinates":[34.932453,0.401797]},"properties":{"id":"523280578","n":"Mashindu A PD4","t":"pdw","c":"Kakamega"}},{"type":"Feature","geometry":{"type":"Point","coordinates":[34.90566,0.410833]},"properties":{"id":"523276429","n":"Mukhonje A PD1","t":"pdw","c":"Kakamega"}},{"type":"Feature","geometry":{"type":"Point","coordinates":[34.893665,0.424932]},"properties":{"id":"523230975","n":"Isikhu PS 1","t":"ps","c":"Kakamega"}},{"type":"Feature","geometry":{"type":"Point","coordinates":[34.869852,0.403182]},"properties":{"id":"523261018","n":"Mang'uliro A US3","t":"us","c":"Kakamega"}},{"type":"Feature","geometry":{"type":"Point","coordinates":[34.944451,0.414028]},"properties":{"id":"523341402","n":"Kuvasali PS2","t":"ps","c":"Kakamega"}},{"type":"Feature","geometry":{"type":"Point","coordinates":[34.877018,0.387647]},"properties":{"id":"523213699","n":"Lunyereria PD16","t":"pdw","c":"Kakamega"}},{"type":"Feature","geometry":{"type":"Point","coordinates":[34.901203,0.407485]},"properties":{"id":"523243731","n":"Nangurunya A UD5","t":"udw","c":"Kakamega"}},{"type":"Feature","geometry":{"type":"Point","coordinates":[34.885499,0.424131]},"properties":{"id":"523224903","n":"Kokoyo B PD1","t":"pdw","c":"Kakamega"}},{"type":"Feature","geometry":{"type":"Point","coordinates":[34.881727,0.413344]},"properties":{"id":"523310668","n":"Ichina B PD5","t":"pdw","c":"Kakamega"}},{"type":"Feature","geometry":{"type":"Point","coordinates":[34.855207,0.375461]},"properties":{"id":"523310558","n":"Shanda B PD5","t":"pdw","c":"Kakamega"}},{"type":"Feature","geometry":{"type":"Point","coordinates":[34.857416,0.378816]},"properties":{"id":"523326094","n":"Shanda B US3","t":"us","c":"Kakamega"}},{"type":"Feature","geometry":{"type":"Point","coordinates":[34.931607,0.41141]},"properties":{"id":"523338378","n":"Mwangaza PD1","t":"pdw","c":"Kakamega"}},{"type":"Feature","geometry":{"type":"Point","coordinates":[34.88177,0.420872]},"properties":{"id":"523318044","n":"Ichina A PD11","t":"pdw","c":"Kakamega"}},{"type":"Feature","geometry":{"type":"Point","coordinates":[34.88958,0.410789]},"properties":{"id":"523281263","n":"Nangurunya C PD1","t":"pdw","c":"Kakamega"}},{"type":"Feature","geometry":{"type":"Point","coordinates":[34.861091,0.388805]},"properties":{"id":"523344728","n":"Shikulu PD3","t":"pdw","c":"Kakamega"}},{"type":"Feature","geometry":{"type":"Point","coordinates":[34.856858,0.418638]},"properties":{"id":"523305398","n":"Luwaya PD3","t":"pdw","c":"Kakamega"}},{"type":"Feature","geometry":{"type":"Point","coordinates":[34.95577,0.393855]},"properties":{"id":"523248413","n":"Imbinga A community","t":"us","c":"Kakamega"}},{"type":"Feature","geometry":{"type":"Point","coordinates":[34.871145,0.402214]},"properties":{"id":"523262301","n":"Mang'uliro A PD2","t":"pdw","c":"Kakamega"}},{"type":"Feature","geometry":{"type":"Point","coordinates":[34.866836,0.422307]},"properties":{"id":"523285298","n":"Kokoyo A PD8","t":"pdw","c":"Kakamega"}},{"type":"Feature","geometry":{"type":"Point","coordinates":[34.877884,0.418882]},"properties":{"id":"523324133","n":"Ichina A PD5","t":"pdw","c":"Kakamega"}},{"type":"Feature","geometry":{"type":"Point","coordinates":[34.883221,0.395741]},"properties":{"id":"385569439","n":"Mang'Uliro Community, Mang'Uliro Spring - 22060","t":"ps","c":"Kakamega"}},{"type":"Feature","geometry":{"type":"Point","coordinates":[34.935602,0.411158]},"properties":{"id":"523263333","n":"Tswele UD1","t":"udw","c":"Kakamega"}},{"type":"Feature","geometry":{"type":"Point","coordinates":[34.856831,0.39156]},"properties":{"id":"523238337","n":"Shikulu B PD15","t":"pdw","c":"Kakamega"}},{"type":"Feature","geometry":{"type":"Point","coordinates":[34.855166,0.386033]},"properties":{"id":"523288789","n":"Shikulu A PD14","t":"pdw","c":"Kakamega"}},{"type":"Feature","geometry":{"type":"Point","coordinates":[34.861601,0.405201]},"properties":{"id":"523266226","n":"Mang'uliro A PD13","t":"pdw","c":"Kakamega"}},{"type":"Feature","geometry":{"type":"Point","coordinates":[34.87007,0.399372]},"properties":{"id":"523342283","n":"Mang'uliro B PD11","t":"pdw","c":"Kakamega"}},{"type":"Feature","geometry":{"type":"Point","coordinates":[34.906606,0.424085]},"properties":{"id":"523200259","n":"Makhwabuyu A PD 17","t":"pdw","c":"Kakamega"}},{"type":"Feature","geometry":{"type":"Point","coordinates":[34.857526,0.400491]},"properties":{"id":"523319368","n":"Kwambia PD1","t":"pdw","c":"Kakamega"}},{"type":"Feature","geometry":{"type":"Point","coordinates":[34.952195,0.399492]},"properties":{"id":"523339496","n":"Misimo US5","t":"us","c":"Kakamega"}},{"type":"Feature","geometry":{"type":"Point","coordinates":[34.903709,0.411269]},"properties":{"id":"523221209","n":"Mukhonje A UD4","t":"udw","c":"Kakamega"}},{"type":"Feature","geometry":{"type":"Point","coordinates":[34.879139,0.398315]},"properties":{"id":"523282367","n":"Mang'uliro B PD4","t":"pdw","c":"Kakamega"}},{"type":"Feature","geometry":{"type":"Point","coordinates":[34.852872,0.400765]},"properties":{"id":"523226022","n":"Shikulu PD8","t":"pdw","c":"Kakamega"}},{"type":"Feature","geometry":{"type":"Point","coordinates":[34.888155,0.42383]},"properties":{"id":"523225540","n":"Isikhu PD2","t":"pdw","c":"Kakamega"}},{"type":"Feature","geometry":{"type":"Point","coordinates":[34.865382,0.408067]},"properties":{"id":"523311865","n":"Mang'uliro A US4","t":"us","c":"Kakamega"}},{"type":"Feature","geometry":{"type":"Point","coordinates":[34.872796,0.387069]},"properties":{"id":"523234766","n":"Furave PD10","t":"pdw","c":"Kakamega"}},{"type":"Feature","geometry":{"type":"Point","coordinates":[34.937673,0.413294]},"properties":{"id":"523296818","n":"Kuvasali PD2","t":"pdw","c":"Kakamega"}},{"type":"Feature","geometry":{"type":"Point","coordinates":[34.885655,0.420357]},"properties":{"id":"523299354","n":"Ichina A PD18","t":"pdw","c":"Kakamega"}},{"type":"Feature","geometry":{"type":"Point","coordinates":[34.87866,0.388604]},"properties":{"id":"523197902","n":"Lunyereria PD18","t":"pdw","c":"Kakamega"}},{"type":"Feature","geometry":{"type":"Point","coordinates":[34.854914,0.377099]},"properties":{"id":"523316200","n":"Shanda B PD11","t":"pdw","c":"Kakamega"}},{"type":"Feature","geometry":{"type":"Point","coordinates":[34.874594,0.404777]},"properties":{"id":"523330394","n":"Inguvuli A PD33","t":"pdw","c":"Kakamega"}},{"type":"Feature","geometry":{"type":"Point","coordinates":[34.860845,0.398787]},"properties":{"id":"523286897","n":"Kwambia PD3","t":"pdw","c":"Kakamega"}},{"type":"Feature","geometry":{"type":"Point","coordinates":[34.947908,0.401493]},"properties":{"id":"523272463","n":"Misimo US4","t":"us","c":"Kakamega"}},{"type":"Feature","geometry":{"type":"Point","coordinates":[34.864665,0.372432]},"properties":{"id":"523232111","n":"Mukangu B US1","t":"us","c":"Kakamega"}},{"type":"Feature","geometry":{"type":"Point","coordinates":[34.889829,0.425679]},"properties":{"id":"523332671","n":"Isikhu PD6","t":"pdw","c":"Kakamega"}},{"type":"Feature","geometry":{"type":"Point","coordinates":[34.938211,0.412448]},"properties":{"id":"523220576","n":"Kuvasali PD1","t":"pdw","c":"Kakamega"}},{"type":"Feature","geometry":{"type":"Point","coordinates":[34.89055,0.427975]},"properties":{"id":"523342867","n":"Isikhu PD9","t":"pdw","c":"Kakamega"}},{"type":"Feature","geometry":{"type":"Point","coordinates":[34.897005,0.411812]},"properties":{"id":"523208460","n":"Mukhonje B PD13","t":"pdw","c":"Kakamega"}},{"type":"Feature","geometry":{"type":"Point","coordinates":[34.886438,0.413182]},"properties":{"id":"523193812","n":"Ichina B PD2","t":"pdw","c":"Kakamega"}},{"type":"Feature","geometry":{"type":"Point","coordinates":[34.875503,0.419046]},"properties":{"id":"523345619","n":"Ichina A PD1","t":"pdw","c":"Kakamega"}},{"type":"Feature","geometry":{"type":"Point","coordinates":[34.854848,0.391932]},"properties":{"id":"523315821","n":"Kware A PD11","t":"pdw","c":"Kakamega"}},{"type":"Feature","geometry":{"type":"Point","coordinates":[34.901763,0.414723]},"properties":{"id":"523271149","n":"Mukhonje A UD9","t":"udw","c":"Kakamega"}},{"type":"Feature","geometry":{"type":"Point","coordinates":[34.944782,0.402065]},"properties":{"id":"523322399","n":"Misimo US3","t":"us","c":"Kakamega"}},{"type":"Feature","geometry":{"type":"Point","coordinates":[34.931257,0.41453]},"properties":{"id":"523291514","n":"Mwangaza US1","t":"us","c":"Kakamega"}},{"type":"Feature","geometry":{"type":"Point","coordinates":[34.906397,0.408078]},"properties":{"id":"523320689","n":"Nangurunya A PD3","t":"pdw","c":"Kakamega"}},{"type":"Feature","geometry":{"type":"Point","coordinates":[34.854506,0.390259]},"properties":{"id":"523250467","n":"Kware A PD15","t":"pdw","c":"Kakamega"}},{"type":"Feature","geometry":{"type":"Point","coordinates":[34.947634,0.418431]},"properties":{"id":"523303468","n":"Mulimani PD2","t":"pdw","c":"Kakamega"}},{"type":"Feature","geometry":{"type":"Point","coordinates":[34.877383,0.40754]},"properties":{"id":"523335753","n":"Inguvuli A UD3","t":"udw","c":"Kakamega"}},{"type":"Feature","geometry":{"type":"Point","coordinates":[34.863726,0.412366]},"properties":{"id":"523276917","n":"Inguvuli B PD13","t":"pdw","c":"Kakamega"}},{"type":"Feature","geometry":{"type":"Point","coordinates":[34.947635,0.412383]},"properties":{"id":"523290915","n":"Chiberi A US2","t":"us","c":"Kakamega"}},{"type":"Feature","geometry":{"type":"Point","coordinates":[34.955397,0.401833]},"properties":{"id":"523332743","n":"Misimo US6","t":"us","c":"Kakamega"}},{"type":"Feature","geometry":{"type":"Point","coordinates":[34.887806,0.425561]},"properties":{"id":"523225777","n":"Isikhu PD16","t":"pdw","c":"Kakamega"}},{"type":"Feature","geometry":{"type":"Point","coordinates":[34.924787,0.410608]},"properties":{"id":"523309770","n":"Mwangaza PD5","t":"pdw","c":"Kakamega"}},{"type":"Feature","geometry":{"type":"Point","coordinates":[34.87537,0.411291]},"properties":{"id":"523350381","n":"Inguvuli A PD32","t":"pdw","c":"Kakamega"}},{"type":"Feature","geometry":{"type":"Point","coordinates":[34.876653,0.395749]},"properties":{"id":"523348502","n":"Mang'uliro B PD5","t":"pdw","c":"Kakamega"}},{"type":"Feature","geometry":{"type":"Point","coordinates":[34.9049,0.402163]},"properties":{"id":"523284785","n":"Mungaha PD9","t":"pdw","c":"Kakamega"}},{"type":"Feature","geometry":{"type":"Point","coordinates":[34.863169,0.416204]},"properties":{"id":"523282109","n":"Ichina B PS3","t":"ps","c":"Kakamega"}},{"type":"Feature","geometry":{"type":"Point","coordinates":[34.873452,0.371145]},"properties":{"id":"523274070","n":"Mukangu B US2","t":"us","c":"Kakamega"}},{"type":"Feature","geometry":{"type":"Point","coordinates":[34.862491,0.396408]},"properties":{"id":"523304823","n":"Kwambia PD4","t":"pdw","c":"Kakamega"}},{"type":"Feature","geometry":{"type":"Point","coordinates":[34.866255,0.412756]},"properties":{"id":"523277066","n":"Inguvuli B PD8","t":"pdw","c":"Kakamega"}},{"type":"Feature","geometry":{"type":"Point","coordinates":[34.85746,0.380585]},"properties":{"id":"523248523","n":"Shanda B PD2","t":"pdw","c":"Kakamega"}},{"type":"Feature","geometry":{"type":"Point","coordinates":[34.935207,0.396488]},"properties":{"id":"523338660","n":"Ikoli US1","t":"us","c":"Kakamega"}},{"type":"Feature","geometry":{"type":"Point","coordinates":[34.910526,0.41148]},"properties":{"id":"523325581","n":"Nangurunya A PD7","t":"pdw","c":"Kakamega"}},{"type":"Feature","geometry":{"type":"Point","coordinates":[34.934468,0.403654]},"properties":{"id":"523341804","n":"Mashindu B PD1","t":"pdw","c":"Kakamega"}},{"type":"Feature","geometry":{"type":"Point","coordinates":[34.855861,0.395397]},"properties":{"id":"3724758","n":"Kwambiha Community Well Rehabilitation - 4512","t":"pdw","c":"Kakamega"}},{"type":"Feature","geometry":{"type":"Point","coordinates":[34.887373,0.425686]},"properties":{"id":"523289539","n":"Isikhu PD15","t":"pdw","c":"Kakamega"}},{"type":"Feature","geometry":{"type":"Point","coordinates":[34.853861,0.400613]},"properties":{"id":"523256205","n":"Shikulu PD9","t":"pdw","c":"Kakamega"}},{"type":"Feature","geometry":{"type":"Point","coordinates":[34.880706,0.405571]},"properties":{"id":"523304115","n":"Inguvuli A PD11","t":"pdw","c":"Kakamega"}},{"type":"Feature","geometry":{"type":"Point","coordinates":[34.890506,0.424559]},"properties":{"id":"523230133","n":"Isikhu PD3","t":"pdw","c":"Kakamega"}},{"type":"Feature","geometry":{"type":"Point","coordinates":[34.877274,0.401665]},"properties":{"id":"523289144","n":"Mang'uliro A US2","t":"us","c":"Kakamega"}},{"type":"Feature","geometry":{"type":"Point","coordinates":[34.873854,0.401222]},"properties":{"id":"366925412","n":"Manguliro Community, Kharinda Spring - 22005","t":"ps","c":"Kakamega"}},{"type":"Feature","geometry":{"type":"Point","coordinates":[34.881906,0.408447]},"properties":{"id":"523214827","n":"Inguvuli A PD16","t":"pdw","c":"Kakamega"}},{"type":"Feature","geometry":{"type":"Point","coordinates":[34.896725,0.408621]},"properties":{"id":"523261568","n":"Nangurunya B UD1","t":"udw","c":"Kakamega"}},{"type":"Feature","geometry":{"type":"Point","coordinates":[34.864181,0.378545]},"properties":{"id":"523302498","n":"Shanda B US2","t":"us","c":"Kakamega"}},{"type":"Feature","geometry":{"type":"Point","coordinates":[34.865886,0.389287]},"properties":{"id":"523237714","n":"Shikulu B PD5","t":"pdw","c":"Kakamega"}},{"type":"Feature","geometry":{"type":"Point","coordinates":[34.911374,0.410456]},"properties":{"id":"523264619","n":"Nangurunya A PD8","t":"pdw","c":"Kakamega"}},{"type":"Feature","geometry":{"type":"Point","coordinates":[34.945305,0.417776]},"properties":{"id":"523227607","n":"Mulimani PD1","t":"pdw","c":"Kakamega"}},{"type":"Feature","geometry":{"type":"Point","coordinates":[34.85621,0.385123]},"properties":{"id":"523291167","n":"Shikulu A PD12","t":"pdw","c":"Kakamega"}},{"type":"Feature","geometry":{"type":"Point","coordinates":[34.931849,0.418329]},"properties":{"id":"523299361","n":"Tswele US1","t":"us","c":"Kakamega"}},{"type":"Feature","geometry":{"type":"Point","coordinates":[34.899058,0.412553]},"properties":{"id":"523309598","n":"Mukhonje B PD8","t":"pdw","c":"Kakamega"}},{"type":"Feature","geometry":{"type":"Point","coordinates":[34.866027,0.412009]},"properties":{"id":"523224563","n":"Inguvuli B PD9","t":"pdw","c":"Kakamega"}},{"type":"Feature","geometry":{"type":"Point","coordinates":[34.856328,0.418949]},"properties":{"id":"523209605","n":"Luwaya PD1","t":"pdw","c":"Kakamega"}},{"type":"Feature","geometry":{"type":"Point","coordinates":[34.904543,0.397802]},"properties":{"id":"523280695","n":"Mungaha PD8","t":"pdw","c":"Kakamega"}},{"type":"Feature","geometry":{"type":"Point","coordinates":[34.864568,0.420257]},"properties":{"id":"523328993","n":"Murram PS2","t":"ps","c":"Kakamega"}},{"type":"Feature","geometry":{"type":"Point","coordinates":[34.857175,0.392213]},"properties":{"id":"523269597","n":"Shikulu B PD12","t":"pdw","c":"Kakamega"}},{"type":"Feature","geometry":{"type":"Point","coordinates":[34.881327,0.410455]},"properties":{"id":"523304438","n":"Inguvuli A PD19","t":"pdw","c":"Kakamega"}},{"type":"Feature","geometry":{"type":"Point","coordinates":[34.899028,0.413137]},"properties":{"id":"523248475","n":"Mukhonje B PD6","t":"pdw","c":"Kakamega"}},{"type":"Feature","geometry":{"type":"Point","coordinates":[34.919631,0.402843]},"properties":{"id":"523193726","n":"Bunuku A PS1","t":"ps","c":"Kakamega"}},{"type":"Feature","geometry":{"type":"Point","coordinates":[34.916441,0.409485]},"properties":{"id":"523303389","n":"Webika PD7","t":"pdw","c":"Kakamega"}},{"type":"Feature","geometry":{"type":"Point","coordinates":[34.884183,0.407753]},"properties":{"id":"523258070","n":"Inguvuli A PD6","t":"pdw","c":"Kakamega"}},{"type":"Feature","geometry":{"type":"Point","coordinates":[34.937706,0.392435]},"properties":{"id":"523280190","n":"Ikoli PD2","t":"pdw","c":"Kakamega"}},{"type":"Feature","geometry":{"type":"Point","coordinates":[34.907297,0.408794]},"properties":{"id":"523288741","n":"Nangurunya A PD4","t":"pdw","c":"Kakamega"}},{"type":"Feature","geometry":{"type":"Point","coordinates":[34.876082,0.385831]},"properties":{"id":"523289319","n":"Lunyereria PD10","t":"pdw","c":"Kakamega"}},{"type":"Feature","geometry":{"type":"Point","coordinates":[34.899134,0.406194]},"properties":{"id":"523254461","n":"Nangurunya A UD3","t":"udw","c":"Kakamega"}},{"type":"Feature","geometry":{"type":"Point","coordinates":[34.861053,0.376966]},"properties":{"id":"523261300","n":"Shanda B PD8","t":"pdw","c":"Kakamega"}},{"type":"Feature","geometry":{"type":"Point","coordinates":[34.87174,0.396705]},"properties":{"id":"523254382","n":"Mang'uliro B PD9","t":"pdw","c":"Kakamega"}},{"type":"Feature","geometry":{"type":"Point","coordinates":[34.912104,0.406544]},"properties":{"id":"84830610","n":"Wepika Community, Musa Mmasi Shikwe Spring - 21048","t":"ps","c":"Kakamega"}},{"type":"Feature","geometry":{"type":"Point","coordinates":[34.884863,0.416938]},"properties":{"id":"523319825","n":"Ichina A US3","t":"us","c":"Kakamega"}},{"type":"Feature","geometry":{"type":"Point","coordinates":[34.873248,0.38097]},"properties":{"id":"523278067","n":"Lunyereria PS3","t":"ps","c":"Kakamega"}},{"type":"Feature","geometry":{"type":"Point","coordinates":[34.86706,0.4137]},"properties":{"id":"523216915","n":"Inguvuli B PD4","t":"pdw","c":"Kakamega"}},{"type":"Feature","geometry":{"type":"Point","coordinates":[34.879862,0.405325]},"properties":{"id":"523317225","n":"Inguvuli A PD8","t":"pdw","c":"Kakamega"}},{"type":"Feature","geometry":{"type":"Point","coordinates":[34.904118,0.413293]},"properties":{"id":"523314789","n":"Mukhonje A PD4","t":"pdw","c":"Kakamega"}},{"type":"Feature","geometry":{"type":"Point","coordinates":[34.887072,0.413004]},"properties":{"id":"523285566","n":"Ichina B PD3","t":"pdw","c":"Kakamega"}},{"type":"Feature","geometry":{"type":"Point","coordinates":[34.903679,0.413869]},"properties":{"id":"523274128","n":"Mukhonje A UD8","t":"udw","c":"Kakamega"}},{"type":"Feature","geometry":{"type":"Point","coordinates":[34.905723,0.420662]},"properties":{"id":"523243119","n":"Makhwabuyu A PD 7","t":"pdw","c":"Kakamega"}},{"type":"Feature","geometry":{"type":"Point","coordinates":[34.870766,0.388118]},"properties":{"id":"523306234","n":"Furave PD3","t":"pdw","c":"Kakamega"}},{"type":"Feature","geometry":{"type":"Point","coordinates":[34.854827,0.376861]},"properties":{"id":"523202842","n":"Shanda B PD12","t":"pdw","c":"Kakamega"}},{"type":"Feature","geometry":{"type":"Point","coordinates":[34.900644,0.407479]},"properties":{"id":"523253219","n":"Nangurunya A UD4","t":"udw","c":"Kakamega"}},{"type":"Feature","geometry":{"type":"Point","coordinates":[34.951692,0.394513]},"properties":{"id":"523211312","n":"Imbinga B US1","t":"us","c":"Kakamega"}},{"type":"Feature","geometry":{"type":"Point","coordinates":[34.925306,0.417354]},"properties":{"id":"523268510","n":"Chesero B PD8","t":"pdw","c":"Kakamega"}},{"type":"Feature","geometry":{"type":"Point","coordinates":[34.914014,0.41762]},"properties":{"id":"523302034","n":"Chesero B PD3","t":"pdw","c":"Kakamega"}},{"type":"Feature","geometry":{"type":"Point","coordinates":[34.889018,0.41093]},"properties":{"id":"523303994","n":"Nangurunya C UD1","t":"udw","c":"Kakamega"}},{"type":"Feature","geometry":{"type":"Point","coordinates":[34.905837,0.414864]},"properties":{"id":"523212492","n":"Mukhonje A UD3","t":"udw","c":"Kakamega"}},{"type":"Feature","geometry":{"type":"Point","coordinates":[34.854827,0.375659]},"properties":{"id":"523246473","n":"Shanda B PD6","t":"pdw","c":"Kakamega"}},{"type":"Feature","geometry":{"type":"Point","coordinates":[34.951474,0.414513]},"properties":{"id":"523325952","n":"Mulimani PS1","t":"ps","c":"Kakamega"}},{"type":"Feature","geometry":{"type":"Point","coordinates":[34.885726,0.421493]},"properties":{"id":"523235475","n":"Ichina A PD16","t":"pdw","c":"Kakamega"}},{"type":"Feature","geometry":{"type":"Point","coordinates":[34.905952,0.423583]},"properties":{"id":"523340566","n":"Makhwabuyu A PD 18","t":"pdw","c":"Kakamega"}},{"type":"Feature","geometry":{"type":"Point","coordinates":[34.87059,0.386086]},"properties":{"id":"523337126","n":"Furave PD5","t":"pdw","c":"Kakamega"}},{"type":"Feature","geometry":{"type":"Point","coordinates":[34.872453,0.394391]},"properties":{"id":"523282518","n":"Mang'uliro B PD7","t":"pdw","c":"Kakamega"}},{"type":"Feature","geometry":{"type":"Point","coordinates":[34.8968,0.410761]},"properties":{"id":"523208941","n":"Mukhonje B PD14","t":"pdw","c":"Kakamega"}},{"type":"Feature","geometry":{"type":"Point","coordinates":[34.903335,0.405285]},"properties":{"id":"523232568","n":"Mungaha PD11","t":"pdw","c":"Kakamega"}},{"type":"Feature","geometry":{"type":"Point","coordinates":[34.915586,0.415667]},"properties":{"id":"523216324","n":"Chesero B PD7","t":"pdw","c":"Kakamega"}},{"type":"Feature","geometry":{"type":"Point","coordinates":[34.864294,0.395734]},"properties":{"id":"523321439","n":"Kwambia UD1","t":"udw","c":"Kakamega"}},{"type":"Feature","geometry":{"type":"Point","coordinates":[34.861864,0.407726]},"properties":{"id":"523309969","n":"Mang'uliro A PD15","t":"pdw","c":"Kakamega"}},{"type":"Feature","geometry":{"type":"Point","coordinates":[34.863881,0.392804]},"properties":{"id":"523232599","n":"Shikulu PD7","t":"pdw","c":"Kakamega"}},{"type":"Feature","geometry":{"type":"Point","coordinates":[34.865673,0.415876]},"properties":{"id":"523242905","n":"Ichina B PD17","t":"pdw","c":"Kakamega"}},{"type":"Feature","geometry":{"type":"Point","coordinates":[34.878283,0.41216]},"properties":{"id":"523227920","n":"Inguvuli A PD26","t":"pdw","c":"Kakamega"}},{"type":"Feature","geometry":{"type":"Point","coordinates":[34.868704,0.402906]},"properties":{"id":"523271022","n":"Mang'uliro A PS1","t":"ps","c":"Kakamega"}},{"type":"Feature","geometry":{"type":"Point","coordinates":[34.889011,0.426292]},"properties":{"id":"523291363","n":"Isikhu PD8","t":"pdw","c":"Kakamega"}},{"type":"Feature","geometry":{"type":"Point","coordinates":[34.880648,0.413666]},"properties":{"id":"523285339","n":"Ichina B PD8","t":"pdw","c":"Kakamega"}},{"type":"Feature","geometry":{"type":"Point","coordinates":[34.856347,0.386627]},"properties":{"id":"523219011","n":"Shikulu A PD10","t":"pdw","c":"Kakamega"}},{"type":"Feature","geometry":{"type":"Point","coordinates":[34.874418,0.38437]},"properties":{"id":"523254564","n":"Lunyereria PS2","t":"ps","c":"Kakamega"}},{"type":"Feature","geometry":{"type":"Point","coordinates":[34.857097,0.398859]},"properties":{"id":"523306069","n":"Kwambia PS1","t":"ps","c":"Kakamega"}},{"type":"Feature","geometry":{"type":"Point","coordinates":[34.858278,0.395043]},"properties":{"id":"523307046","n":"Shikulu B PS2","t":"ps","c":"Kakamega"}},{"type":"Feature","geometry":{"type":"Point","coordinates":[34.930868,0.41394]},"properties":{"id":"523336981","n":"Mwangaza US2","t":"us","c":"Kakamega"}},{"type":"Feature","geometry":{"type":"Point","coordinates":[34.85878,0.412137]},"properties":{"id":"523264468","n":"Inguvuli B PS4","t":"ps","c":"Kakamega"}},{"type":"Feature","geometry":{"type":"Point","coordinates":[34.951257,0.395062]},"properties":{"id":"523262459","n":"Imbinga B US2","t":"us","c":"Kakamega"}},{"type":"Feature","geometry":{"type":"Point","coordinates":[34.862937,0.406311]},"properties":{"id":"523266934","n":"Mang'uliro A PD8","t":"pdw","c":"Kakamega"}},{"type":"Feature","geometry":{"type":"Point","coordinates":[34.90682,0.419838]},"properties":{"id":"523239723","n":"Makhwabuyu A PD 5","t":"pdw","c":"Kakamega"}},{"type":"Feature","geometry":{"type":"Point","coordinates":[34.854928,0.405295]},"properties":{"id":"523199076","n":"Shikulu PD12","t":"pdw","c":"Kakamega"}},{"type":"Feature","geometry":{"type":"Point","coordinates":[34.919237,0.411182]},"properties":{"id":"523197225","n":"Webika PD2","t":"pdw","c":"Kakamega"}},{"type":"Feature","geometry":{"type":"Point","coordinates":[34.886131,0.414614]},"properties":{"id":"523343796","n":"Ichina B PS1","t":"ps","c":"Kakamega"}},{"type":"Feature","geometry":{"type":"Point","coordinates":[34.864005,0.388735]},"properties":{"id":"523236634","n":"Shikulu PD8","t":"pdw","c":"Kakamega"}},{"type":"Feature","geometry":{"type":"Point","coordinates":[34.931829,0.40971]},"properties":{"id":"523207407","n":"Mashindu B UD2","t":"udw","c":"Kakamega"}},{"type":"Feature","geometry":{"type":"Point","coordinates":[34.867232,0.421392]},"properties":{"id":"523300874","n":"Murram PD3","t":"pdw","c":"Kakamega"}},{"type":"Feature","geometry":{"type":"Point","coordinates":[34.871245,0.385306]},"properties":{"id":"523244646","n":"Furave PD9","t":"pdw","c":"Kakamega"}},{"type":"Feature","geometry":{"type":"Point","coordinates":[34.865773,0.406013]},"properties":{"id":"523312794","n":"Mang'uliro A PD5","t":"pdw","c":"Kakamega"}},{"type":"Feature","geometry":{"type":"Point","coordinates":[34.867354,0.405787]},"properties":{"id":"523217789","n":"Mang'uliro A PS2","t":"ps","c":"Kakamega"}},{"type":"Feature","geometry":{"type":"Point","coordinates":[34.882042,0.406891]},"properties":{"id":"523338835","n":"Inguvuli A PD13","t":"pdw","c":"Kakamega"}},{"type":"Feature","geometry":{"type":"Point","coordinates":[34.85447,0.380569]},"properties":{"id":"523233370","n":"Shanda B PD19","t":"pdw","c":"Kakamega"}},{"type":"Feature","geometry":{"type":"Point","coordinates":[34.862704,0.391014]},"properties":{"id":"523305295","n":"Shikulu B PS1","t":"ps","c":"Kakamega"}},{"type":"Feature","geometry":{"type":"Point","coordinates":[34.877514,0.412234]},"properties":{"id":"523260323","n":"Inguvuli A PD27","t":"pdw","c":"Kakamega"}},{"type":"Feature","geometry":{"type":"Point","coordinates":[34.853743,0.376735]},"properties":{"id":"523248389","n":"Shanda B PD9","t":"pdw","c":"Kakamega"}},{"type":"Feature","geometry":{"type":"Point","coordinates":[34.860222,0.396447]},"properties":{"id":"523200163","n":"Kwambia PD5","t":"pdw","c":"Kakamega"}},{"type":"Feature","geometry":{"type":"Point","coordinates":[34.85692,0.418238]},"properties":{"id":"523318477","n":"Luwaya PD2","t":"pdw","c":"Kakamega"}},{"type":"Feature","geometry":{"type":"Point","coordinates":[34.912498,0.409166]},"properties":{"id":"523341969","n":"Webika PD13","t":"pdw","c":"Kakamega"}},{"type":"Feature","geometry":{"type":"Point","coordinates":[34.875219,0.415266]},"properties":{"id":"523279178","n":"Ichina B PD13","t":"pdw","c":"Kakamega"}},{"type":"Feature","geometry":{"type":"Point","coordinates":[34.951893,0.411897]},"properties":{"id":"523265861","n":"Chiberi B US1","t":"us","c":"Kakamega"}},{"type":"Feature","geometry":{"type":"Point","coordinates":[34.855402,0.385616]},"properties":{"id":"523196891","n":"Shikulu A PD15","t":"pdw","c":"Kakamega"}},{"type":"Feature","geometry":{"type":"Point","coordinates":[34.904292,0.405625]},"properties":{"id":"523228608","n":"Mungaha PD12","t":"pdw","c":"Kakamega"}},{"type":"Feature","geometry":{"type":"Point","coordinates":[34.875668,0.415842]},"properties":{"id":"523331649","n":"Ichina B PD15","t":"pdw","c":"Kakamega"}},{"type":"Feature","geometry":{"type":"Point","coordinates":[34.875582,0.401515]},"properties":{"id":"523259624","n":"Mang'uliro A US1","t":"us","c":"Kakamega"}},{"type":"Feature","geometry":{"type":"Point","coordinates":[34.854278,0.382492]},"properties":{"id":"523239936","n":"Shikulu A PD1","t":"pdw","c":"Kakamega"}},{"type":"Feature","geometry":{"type":"Point","coordinates":[34.900468,0.420877]},"properties":{"id":"523277750","n":"Makhwabuyu A PS 4","t":"ps","c":"Kakamega"}},{"type":"Feature","geometry":{"type":"Point","coordinates":[34.865879,0.405448]},"properties":{"id":"523272298","n":"Mang'uliro A UD1","t":"udw","c":"Kakamega"}},{"type":"Feature","geometry":{"type":"Point","coordinates":[34.855376,0.385277]},"properties":{"id":"523344388","n":"Shikulu A PD17","t":"pdw","c":"Kakamega"}},{"type":"Feature","geometry":{"type":"Point","coordinates":[34.896164,0.406819]},"properties":{"id":"523342207","n":"Nangurunya B UD3","t":"udw","c":"Kakamega"}},{"type":"Feature","geometry":{"type":"Point","coordinates":[34.909492,0.407365]},"properties":{"id":"523239967","n":"Nangurunya A PD10","t":"pdw","c":"Kakamega"}},{"type":"Feature","geometry":{"type":"Point","coordinates":[34.857567,0.417677]},"properties":{"id":"523284321","n":"Ichina B PD20","t":"pdw","c":"Kakamega"}},{"type":"Feature","geometry":{"type":"Point","coordinates":[34.905262,0.413053]},"properties":{"id":"523264341","n":"Mukhonje A UD1","t":"udw","c":"Kakamega"}},{"type":"Feature","geometry":{"type":"Point","coordinates":[34.947437,0.412615]},"properties":{"id":"523339018","n":"Chiberi A PS1","t":"ps","c":"Kakamega"}},{"type":"Feature","geometry":{"type":"Point","coordinates":[34.863944,0.423079]},"properties":{"id":"523248066","n":"Murram PD4","t":"pdw","c":"Kakamega"}},{"type":"Feature","geometry":{"type":"Point","coordinates":[34.861712,0.38727]},"properties":{"id":"523261173","n":"Shikulu A UD3","t":"udw","c":"Kakamega"}},{"type":"Feature","geometry":{"type":"Point","coordinates":[34.94625,0.406973]},"properties":{"id":"523275239","n":"Chiberi A US1","t":"us","c":"Kakamega"}},{"type":"Feature","geometry":{"type":"Point","coordinates":[34.876535,0.40474]},"properties":{"id":"3500503","n":"Ikoli Community Well Rehabilitation - 4520","t":"pdw","c":"Kakamega"}},{"type":"Feature","geometry":{"type":"Point","coordinates":[34.910617,0.423659]},"properties":{"id":"523251925","n":"Makhwabuyu A UD 1","t":"udw","c":"Kakamega"}},{"type":"Feature","geometry":{"type":"Point","coordinates":[34.864417,0.423127]},"properties":{"id":"523307156","n":"Kokoyo A PD14","t":"pdw","c":"Kakamega"}},{"type":"Feature","geometry":{"type":"Point","coordinates":[34.933413,0.42313]},"properties":{"id":"523317823","n":"Shikulu US 3","t":"us","c":"Kakamega"}},{"type":"Feature","geometry":{"type":"Point","coordinates":[34.92969,0.40412]},"properties":{"id":"523331577","n":"Lunyinya US1","t":"us","c":"Kakamega"}},{"type":"Feature","geometry":{"type":"Point","coordinates":[34.906774,0.401559]},"properties":{"id":"523343095","n":"Mungaha UD1","t":"udw","c":"Kakamega"}},{"type":"Feature","geometry":{"type":"Point","coordinates":[34.858339,0.394913]},"properties":{"id":"445268128","n":"Kwambiha Community, Askofu Sikolia Spring - 22136","t":"ps","c":"Kakamega"}},{"type":"Feature","geometry":{"type":"Point","coordinates":[34.860721,0.38135]},"properties":{"id":"523306818","n":"Shanda B PD3","t":"pdw","c":"Kakamega"}},{"type":"Feature","geometry":{"type":"Point","coordinates":[34.87709,0.414149]},"properties":{"id":"523261128","n":"Inguvuli B PD12","t":"pdw","c":"Kakamega"}},{"type":"Feature","geometry":{"type":"Point","coordinates":[34.872058,0.387952]},"properties":{"id":"523225966","n":"Furave PD10","t":"pdw","c":"Kakamega"}},{"type":"Feature","geometry":{"type":"Point","coordinates":[34.904438,0.399678]},"properties":{"id":"523348416","n":"Mungaha UD4","t":"udw","c":"Kakamega"}},{"type":"Feature","geometry":{"type":"Point","coordinates":[34.909797,0.408736]},"properties":{"id":"523315089","n":"Nangurunya A UD12","t":"udw","c":"Kakamega"}},{"type":"Feature","geometry":{"type":"Point","coordinates":[34.872592,0.40761]},"properties":{"id":"523342829","n":"Inguvuli A PD35","t":"pdw","c":"Kakamega"}},{"type":"Feature","geometry":{"type":"Point","coordinates":[34.907728,0.42392]},"properties":{"id":"523271204","n":"Makhwabuyu A PD 16","t":"pdw","c":"Kakamega"}},{"type":"Feature","geometry":{"type":"Point","coordinates":[34.858414,0.393032]},"properties":{"id":"523347501","n":"Shikulu B US3","t":"us","c":"Kakamega"}},{"type":"Feature","geometry":{"type":"Point","coordinates":[34.879044,0.411867]},"properties":{"id":"523262923","n":"Inguvuli A PD23","t":"pdw","c":"Kakamega"}},{"type":"Feature","geometry":{"type":"Point","coordinates":[34.878938,0.3926]},"properties":{"id":"523254416","n":"Mang'uliro B PD1","t":"pdw","c":"Kakamega"}},{"type":"Feature","geometry":{"type":"Point","coordinates":[34.916907,0.415792]},"properties":{"id":"523289584","n":"Chesero B PD8","t":"pdw","c":"Kakamega"}},{"type":"Feature","geometry":{"type":"Point","coordinates":[34.86598,0.415913]},"properties":{"id":"523270210","n":"Ichina B PD16","t":"pdw","c":"Kakamega"}},{"type":"Feature","geometry":{"type":"Point","coordinates":[34.873555,0.385606]},"properties":{"id":"523291789","n":"Lunyereria PD5","t":"pdw","c":"Kakamega"}},{"type":"Feature","geometry":{"type":"Point","coordinates":[34.913818,0.409287]},"properties":{"id":"523244684","n":"Webika PD11","t":"pdw","c":"Kakamega"}},{"type":"Feature","geometry":{"type":"Point","coordinates":[34.904114,0.411089]},"properties":{"id":"523317751","n":"Mukhonje A PD6","t":"pdw","c":"Kakamega"}},{"type":"Feature","geometry":{"type":"Point","coordinates":[34.925806,0.413216]},"properties":{"id":"523259198","n":"Mwangaza US4","t":"us","c":"Kakamega"}},{"type":"Feature","geometry":{"type":"Point","coordinates":[34.893729,0.406875]},"properties":{"id":"523331663","n":"Nangurunya B UD6","t":"udw","c":"Kakamega"}},{"type":"Feature","geometry":{"type":"Point","coordinates":[34.890648,0.410268]},"properties":{"id":"523200228","n":"Nangurunya C PD3","t":"pdw","c":"Kakamega"}},{"type":"Feature","geometry":{"type":"Point","coordinates":[34.932586,0.410178]},"properties":{"id":"523238193","n":"Mashindu B PD3","t":"udw","c":"Kakamega"}},{"type":"Feature","geometry":{"type":"Point","coordinates":[34.85994,0.423928]},"properties":{"id":"523315010","n":"Musalaba PD14","t":"pdw","c":"Kakamega"}},{"type":"Feature","geometry":{"type":"Point","coordinates":[34.885153,0.406382]},"properties":{"id":"523294225","n":"Inguvuli A US1","t":"us","c":"Kakamega"}},{"type":"Feature","geometry":{"type":"Point","coordinates":[34.878869,0.385782]},"properties":{"id":"523238399","n":"Lunyereria PD15","t":"pdw","c":"Kakamega"}},{"type":"Feature","geometry":{"type":"Point","coordinates":[34.865584,0.415176]},"properties":{"id":"523211147","n":"Inguvuli B PD3","t":"pdw","c":"Kakamega"}},{"type":"Feature","geometry":{"type":"Point","coordinates":[34.858804,0.383128]},"properties":{"id":"523343167","n":"Shikulu A PS2","t":"ps","c":"Kakamega"}},{"type":"Feature","geometry":{"type":"Point","coordinates":[34.914577,0.403288]},"properties":{"id":"523266910","n":"Bunuku B PD1","t":"pdw","c":"Kakamega"}},{"type":"Feature","geometry":{"type":"Point","coordinates":[34.895829,0.404896]},"properties":{"id":"523212629","n":"Nangurunya B UD4","t":"udw","c":"Kakamega"}},{"type":"Feature","geometry":{"type":"Point","coordinates":[34.886984,0.412386]},"properties":{"id":"523230281","n":"Ichina B PD4","t":"pdw","c":"Kakamega"}},{"type":"Feature","geometry":{"type":"Point","coordinates":[34.876439,0.419694]},"properties":{"id":"523250010","n":"Ichina A PD2","t":"pdw","c":"Kakamega"}},{"type":"Feature","geometry":{"type":"Point","coordinates":[34.892811,0.414739]},"properties":{"id":"523281366","n":"Nangurunya C PD10","t":"pdw","c":"Kakamega"}},{"type":"Feature","geometry":{"type":"Point","coordinates":[34.858903,0.397773]},"properties":{"id":"523281287","n":"Kakunga PD6","t":"pdw","c":"Kakamega"}},{"type":"Feature","geometry":{"type":"Point","coordinates":[34.876761,0.419561]},"properties":{"id":"523267014","n":"Ichina A PD3","t":"pdw","c":"Kakamega"}},{"type":"Feature","geometry":{"type":"Point","coordinates":[34.915847,0.416426]},"properties":{"id":"523207249","n":"Chesero B UD1","t":"udw","c":"Kakamega"}},{"type":"Feature","geometry":{"type":"Point","coordinates":[34.904731,0.421857]},"properties":{"id":"523230009","n":"Makhwabuyu A PD 9","t":"pdw","c":"Kakamega"}},{"type":"Feature","geometry":{"type":"Point","coordinates":[34.875138,0.39108]},"properties":{"id":"523277884","n":"Fuvare PD17","t":"pdw","c":"Kakamega"}},{"type":"Feature","geometry":{"type":"Point","coordinates":[34.887418,0.428653]},"properties":{"id":"523312756","n":"Isikhu PD14","t":"pdw","c":"Kakamega"}},{"type":"Feature","geometry":{"type":"Point","coordinates":[34.95331,0.375643]},"properties":{"id":"523236153","n":"Mukhuyu US3","t":"us","c":"Kakamega"}},{"type":"Feature","geometry":{"type":"Point","coordinates":[34.914962,0.407758]},"properties":{"id":"523280073","n":"Webika PD8","t":"pdw","c":"Kakamega"}},{"type":"Feature","geometry":{"type":"Point","coordinates":[34.854948,0.382779]},"properties":{"id":"523341842","n":"Shikulu A PD2","t":"pdw","c":"Kakamega"}},{"type":"Feature","geometry":{"type":"Point","coordinates":[34.95314,0.397913]},"properties":{"id":"523342001","n":"Misimo US7","t":"us","c":"Kakamega"}},{"type":"Feature","geometry":{"type":"Point","coordinates":[34.874806,0.412595]},"properties":{"id":"523264097","n":"Inguvuli A PD30","t":"pdw","c":"Kakamega"}},{"type":"Feature","geometry":{"type":"Point","coordinates":[34.947008,0.370565]},"properties":{"id":"523253257","n":"Makuyenze US2","t":"us","c":"Kakamega"}},{"type":"Feature","geometry":{"type":"Point","coordinates":[34.918527,0.403501]},"properties":{"id":"523199784","n":"Mwiyala PD1","t":"pdw","c":"Kakamega"}},{"type":"Feature","geometry":{"type":"Point","coordinates":[34.95296,0.408295]},"properties":{"id":"366925216","n":"Chiveli Community, Mmula Spring - 22063","t":"ps","c":"Kakamega"}},{"type":"Feature","geometry":{"type":"Point","coordinates":[34.857748,0.409871]},"properties":{"id":"523198783","n":"Inguvuli B US5","t":"us","c":"Kakamega"}},{"type":"Feature","geometry":{"type":"Point","coordinates":[34.863316,0.412564]},"properties":{"id":"523274685","n":"Inguvuli B PD15","t":"pdw","c":"Kakamega"}},{"type":"Feature","geometry":{"type":"Point","coordinates":[34.954072,0.390947]},"properties":{"id":"523228505","n":"Imbinga A IS3","t":"us","c":"Kakamega"}},{"type":"Feature","geometry":{"type":"Point","coordinates":[34.856583,0.375507]},"properties":{"id":"523218151","n":"Shanda B PS2","t":"ps","c":"Kakamega"}},{"type":"Feature","geometry":{"type":"Point","coordinates":[34.89159,0.412032]},"properties":{"id":"523235365","n":"Nangurunya C PD5","t":"pdw","c":"Kakamega"}},{"type":"Feature","geometry":{"type":"Point","coordinates":[34.868793,0.388487]},"properties":{"id":"523350068","n":"Furave PD1","t":"pdw","c":"Kakamega"}},{"type":"Feature","geometry":{"type":"Point","coordinates":[34.890444,0.408551]},"properties":{"id":"523306076","n":"Nangurunya B US1","t":"us","c":"Kakamega"}},{"type":"Feature","geometry":{"type":"Point","coordinates":[34.872861,0.397422]},"properties":{"id":"523278713","n":"Mang'uliro B PD10","t":"pdw","c":"Kakamega"}},{"type":"Feature","geometry":{"type":"Point","coordinates":[34.946612,0.398323]},"properties":{"id":"523244024","n":"Misimo PD4","t":"pdw","c":"Kakamega"}},{"type":"Feature","geometry":{"type":"Point","coordinates":[34.883803,0.427151]},"properties":{"id":"523262497","n":"Kokoyo B US1","t":"us","c":"Kakamega"}},{"type":"Feature","geometry":{"type":"Point","coordinates":[34.873572,0.390854]},"properties":{"id":"523303633","n":"Furave PD16","t":"pdw","c":"Kakamega"}},{"type":"Feature","geometry":{"type":"Point","coordinates":[34.888201,0.42915]},"properties":{"id":"523197964","n":"Isikhu PD10","t":"pdw","c":"Kakamega"}},{"type":"Feature","geometry":{"type":"Point","coordinates":[34.85655,0.392048]},"properties":{"id":"523303860","n":"Shikulu B PD16","t":"pdw","c":"Kakamega"}},{"type":"Feature","geometry":{"type":"Point","coordinates":[34.90014,0.415439]},"properties":{"id":"523302591","n":"Mukhonje B UD7","t":"udw","c":"Kakamega"}},{"type":"Feature","geometry":{"type":"Point","coordinates":[34.894739,0.404632]},"properties":{"id":"523208989","n":"Nangurunya B PD4","t":"pdw","c":"Kakamega"}},{"type":"Feature","geometry":{"type":"Point","coordinates":[34.911015,0.40859]},"properties":{"id":"523312361","n":"Nangurunya A US1","t":"us","c":"Kakamega"}},{"type":"Feature","geometry":{"type":"Point","coordinates":[34.853626,0.401245]},"properties":{"id":"523299385","n":"Shikulu PD10","t":"pdw","c":"Kakamega"}},{"type":"Feature","geometry":{"type":"Point","coordinates":[34.880732,0.404435]},"properties":{"id":"523298353","n":"Inguvuli A PD7","t":"pdw","c":"Kakamega"}},{"type":"Feature","geometry":{"type":"Point","coordinates":[34.875143,0.388292]},"properties":{"id":"523285968","n":"Furave PD21","t":"pdw","c":"Kakamega"}},{"type":"Feature","geometry":{"type":"Point","coordinates":[34.902772,0.410426]},"properties":{"id":"523314899","n":"Nangurunya A UD9","t":"udw","c":"Kakamega"}},{"type":"Feature","geometry":{"type":"Point","coordinates":[34.917207,0.411204]},"properties":{"id":"523245001","n":"Webika PD5","t":"pdw","c":"Kakamega"}},{"type":"Feature","geometry":{"type":"Point","coordinates":[34.861952,0.416037]},"properties":{"id":"523308827","n":"Ichina B US1","t":"us","c":"Kakamega"}},{"type":"Feature","geometry":{"type":"Point","coordinates":[34.900903,0.409665]},"properties":{"id":"523278146","n":"Nangurunya A PD1","t":"pdw","c":"Kakamega"}},{"type":"Feature","geometry":{"type":"Point","coordinates":[34.89396,0.412806]},"properties":{"id":"523245661","n":"Nangurunya C UD5","t":"udw","c":"Kakamega"}},{"type":"Feature","geometry":{"type":"Point","coordinates":[34.903805,0.421545]},"properties":{"id":"523263728","n":"Makhwabuyu A PS 3","t":"ps","c":"Kakamega"}},{"type":"Feature","geometry":{"type":"Point","coordinates":[34.878974,0.396203]},"properties":{"id":"523219437","n":"Mang'uliro B PD2","t":"pdw","c":"Kakamega"}},{"type":"Feature","geometry":{"type":"Point","coordinates":[34.945657,0.378757]},"properties":{"id":"523279109","n":"Mukhuyu US2","t":"us","c":"Kakamega"}},{"type":"Feature","geometry":{"type":"Point","coordinates":[34.861672,0.418668]},"properties":{"id":"523260536","n":"Murram PS1","t":"ps","c":"Kakamega"}},{"type":"Feature","geometry":{"type":"Point","coordinates":[34.879009,0.413721]},"properties":{"id":"523206891","n":"Ichina B PD9","t":"pdw","c":"Kakamega"}},{"type":"Feature","geometry":{"type":"Point","coordinates":[34.88581,0.412052]},"properties":{"id":"523314325","n":"Inguvuli A UD1","t":"udw","c":"Kakamega"}},{"type":"Feature","geometry":{"type":"Point","coordinates":[34.941008,0.392038]},"properties":{"id":"523267117","n":"Ikoli PD4","t":"pdw","c":"Kakamega"}},{"type":"Feature","geometry":{"type":"Point","coordinates":[34.883239,0.408572]},"properties":{"id":"523308250","n":"Inguvuli A PD15","t":"pdw","c":"Kakamega"}},{"type":"Feature","geometry":{"type":"Point","coordinates":[34.922141,0.416462]},"properties":{"id":"1027617","n":"Chesero Well Rehabilitation - 4362","t":"bh","c":"Kakamega"}},{"type":"Feature","geometry":{"type":"Point","coordinates":[34.953832,0.385085]},"properties":{"id":"523318491","n":"Soyi US1","t":"us","c":"Kakamega"}},{"type":"Feature","geometry":{"type":"Point","coordinates":[34.874115,0.387581]},"properties":{"id":"523248231","n":"Lunyereria PD7","t":"pdw","c":"Kakamega"}},{"type":"Feature","geometry":{"type":"Point","coordinates":[34.89469,0.412092]},"properties":{"id":"523261276","n":"Nangurunya C UD3","t":"udw","c":"Kakamega"}},{"type":"Feature","geometry":{"type":"Point","coordinates":[34.943248,0.421312]},"properties":{"id":"3724772","n":"Kuvasali Community Well Rehabilitation Project - 4514","t":"pdw","c":"Kakamega"}},{"type":"Feature","geometry":{"type":"Point","coordinates":[34.896584,0.414634]},"properties":{"id":"3750195","n":"Lwanda K. Secondary School Borehole - 483","t":"bh","c":"Kakamega"}},{"type":"Feature","geometry":{"type":"Point","coordinates":[34.862015,0.40433]},"properties":{"id":"523238681","n":"Mang'uliro A PD12","t":"pdw","c":"Kakamega"}},{"type":"Feature","geometry":{"type":"Point","coordinates":[34.92329,0.413295]},"properties":{"id":"523252421","n":"Chesero A US2","t":"us","c":"Kakamega"}},{"type":"Feature","geometry":{"type":"Point","coordinates":[34.878397,0.393677]},"properties":{"id":"523258434","n":"Mang'uliro B PD4","t":"pdw","c":"Kakamega"}},{"type":"Feature","geometry":{"type":"Point","coordinates":[34.876424,0.411175]},"properties":{"id":"523238588","n":"Inguvuli A PS2","t":"ps","c":"Kakamega"}},{"type":"Feature","geometry":{"type":"Point","coordinates":[34.949283,0.407857]},"properties":{"id":"523275507","n":"Chiberi B PS1","t":"ps","c":"Kakamega"}},{"type":"Feature","geometry":{"type":"Point","coordinates":[34.863216,0.404565]},"properties":{"id":"523214951","n":"Mang'uliro A PD11","t":"pdw","c":"Kakamega"}},{"type":"Feature","geometry":{"type":"Point","coordinates":[34.869957,0.422309]},"properties":{"id":"523327679","n":"Kokoyo A PD1","t":"pdw","c":"Kakamega"}},{"type":"Feature","geometry":{"type":"Point","coordinates":[34.951782,0.401927]},"properties":{"id":"523235059","n":"Misimo PD6","t":"pdw","c":"Kakamega"}},{"type":"Feature","geometry":{"type":"Point","coordinates":[34.855026,0.393509]},"properties":{"id":"523317328","n":"Shikulu B PD22","t":"pdw","c":"Kakamega"}},{"type":"Feature","geometry":{"type":"Point","coordinates":[34.868365,0.412169]},"properties":{"id":"523339939","n":"Inguvuli B PD6","t":"pdw","c":"Kakamega"}},{"type":"Feature","geometry":{"type":"Point","coordinates":[34.866102,0.37136]},"properties":{"id":"523282202","n":"Mukangu B PD16","t":"pdw","c":"Kakamega"}},{"type":"Feature","geometry":{"type":"Point","coordinates":[34.859093,0.417575]},"properties":{"id":"523343507","n":"Ichina B PD22","t":"pdw","c":"Kakamega"}},{"type":"Feature","geometry":{"type":"Point","coordinates":[34.922922,0.415957]},"properties":{"id":"523228952","n":"Chesero A PD2","t":"pdw","c":"Kakamega"}},{"type":"Feature","geometry":{"type":"Point","coordinates":[34.86,0.41]},"properties":{"id":"5634455","n":"Decommissioned 2019 - Kakoyi Well Rehabilitation","t":"pdw","c":"Kakamega"}},{"type":"Feature","geometry":{"type":"Point","coordinates":[34.878605,0.39568]},"properties":{"id":"523276223","n":"Mang'uliro B PD3","t":"pdw","c":"Kakamega"}},{"type":"Feature","geometry":{"type":"Point","coordinates":[34.861319,0.410789]},"properties":{"id":"523210627","n":"Inguvuli B PD15","t":"pdw","c":"Kakamega"}},{"type":"Feature","geometry":{"type":"Point","coordinates":[34.889334,0.407129]},"properties":{"id":"523209351","n":"Nangurunya B PD8","t":"pdw","c":"Kakamega"}},{"type":"Feature","geometry":{"type":"Point","coordinates":[34.860539,0.374115]},"properties":{"id":"523245128","n":"Mukangu B PD9","t":"pdw","c":"Kakamega"}},{"type":"Feature","geometry":{"type":"Point","coordinates":[34.854895,0.384966]},"properties":{"id":"523303114","n":"Shikulu A PD18","t":"pdw","c":"Kakamega"}},{"type":"Feature","geometry":{"type":"Point","coordinates":[34.881026,0.406705]},"properties":{"id":"523272982","n":"Inguvuli A PD12","t":"pdw","c":"Kakamega"}},{"type":"Feature","geometry":{"type":"Point","coordinates":[34.870297,0.396099]},"properties":{"id":"523243896","n":"Mang'uliro B US5","t":"us","c":"Kakamega"}},{"type":"Feature","geometry":{"type":"Point","coordinates":[34.896827,0.413954]},"properties":{"id":"523303592","n":"Nangurunya C PD8","t":"pdw","c":"Kakamega"}},{"type":"Feature","geometry":{"type":"Point","coordinates":[34.86886,0.383377]},"properties":{"id":"523346146","n":"Furave PD7","t":"pdw","c":"Kakamega"}},{"type":"Feature","geometry":{"type":"Point","coordinates":[34.886688,0.413733]},"properties":{"id":"523196554","n":"Ichina B PD1","t":"pdw","c":"Kakamega"}},{"type":"Feature","geometry":{"type":"Point","coordinates":[34.860188,0.37272]},"properties":{"id":"523205120","n":"Mukangu B PD10","t":"pdw","c":"Kakamega"}},{"type":"Feature","geometry":{"type":"Point","coordinates":[34.860242,0.411021]},"properties":{"id":"523301583","n":"Inguvuli B US3","t":"us","c":"Kakamega"}},{"type":"Feature","geometry":{"type":"Point","coordinates":[34.895055,0.41219]},"properties":{"id":"523286251","n":"Nangurunya C PD8","t":"pdw","c":"Kakamega"}},{"type":"Feature","geometry":{"type":"Point","coordinates":[34.905128,0.400805]},"properties":{"id":"523283911","n":"Mungaha PD8","t":"pdw","c":"Kakamega"}},{"type":"Feature","geometry":{"type":"Point","coordinates":[34.891091,0.424749]},"properties":{"id":"523333531","n":"Isikhu PD4","t":"pdw","c":"Kakamega"}},{"type":"Feature","geometry":{"type":"Point","coordinates":[34.855831,0.392167]},"properties":{"id":"523268321","n":"Shikulu B PD17","t":"pdw","c":"Kakamega"}},{"type":"Feature","geometry":{"type":"Point","coordinates":[34.860478,0.406525]},"properties":{"id":"366924837","n":"Mang'Uliro Community, Christopher Wambula Spring - 22076","t":"ps","c":"Kakamega"}},{"type":"Feature","geometry":{"type":"Point","coordinates":[34.942892,0.411523]},"properties":{"id":"523242864","n":"Chiberi A PS2","t":"ps","c":"Kakamega"}},{"type":"Feature","geometry":{"type":"Point","coordinates":[34.875213,0.391982]},"properties":{"id":"523315735","n":"Furave PD19","t":"pdw","c":"Kakamega"}},{"type":"Feature","geometry":{"type":"Point","coordinates":[34.884862,0.400404]},"properties":{"id":"523250838","n":"Nangurunya B US2","t":"us","c":"Kakamega"}},{"type":"Feature","geometry":{"type":"Point","coordinates":[34.872664,0.387919]},"properties":{"id":"523236177","n":"Furave PD11","t":"pdw","c":"Kakamega"}},{"type":"Feature","geometry":{"type":"Point","coordinates":[34.878843,0.41247]},"properties":{"id":"523235389","n":"Inguvuli A PD25","t":"pdw","c":"Kakamega"}},{"type":"Feature","geometry":{"type":"Point","coordinates":[34.861333,0.400942]},"properties":{"id":"523302216","n":"Kwambia PS2","t":"ps","c":"Kakamega"}},{"type":"Feature","geometry":{"type":"Point","coordinates":[34.880245,0.410247]},"properties":{"id":"523214463","n":"Inguvuli A PD21","t":"pdw","c":"Kakamega"}},{"type":"Feature","geometry":{"type":"Point","coordinates":[34.854521,0.391203]},"properties":{"id":"523247137","n":"Kware A PD13","t":"pdw","c":"Kakamega"}},{"type":"Feature","geometry":{"type":"Point","coordinates":[34.857981,0.392473]},"properties":{"id":"523294115","n":"Shikulu B PD11","t":"pdw","c":"Kakamega"}},{"type":"Feature","geometry":{"type":"Point","coordinates":[34.878694,0.384735]},"properties":{"id":"523226998","n":"Lunyereria PD13","t":"pdw","c":"Kakamega"}},{"type":"Feature","geometry":{"type":"Point","coordinates":[34.882289,0.405856]},"properties":{"id":"523272432","n":"Inguvuli A PD14","t":"pdw","c":"Kakamega"}},{"type":"Feature","geometry":{"type":"Point","coordinates":[34.863147,0.419083]},"properties":{"id":"523337865","n":"Murram PD2","t":"pdw","c":"Kakamega"}},{"type":"Feature","geometry":{"type":"Point","coordinates":[34.872786,0.415281]},"properties":{"id":"523240855","n":"Ichina B PD16","t":"pdw","c":"Kakamega"}},{"type":"Feature","geometry":{"type":"Point","coordinates":[34.859142,0.37753]},"properties":{"id":"523238715","n":"US2","t":"us","c":"Kakamega"}},{"type":"Feature","geometry":{"type":"Point","coordinates":[34.856481,0.392791]},"properties":{"id":"523340748","n":"Shikulu B UD1","t":"udw","c":"Kakamega"}},{"type":"Feature","geometry":{"type":"Point","coordinates":[34.907582,0.422723]},"properties":{"id":"523334271","n":"Makhwabuyu A UD 3","t":"udw","c":"Kakamega"}},{"type":"Feature","geometry":{"type":"Point","coordinates":[34.906054,0.403125]},"properties":{"id":"523305903","n":"Mungaha PD1","t":"pdw","c":"Kakamega"}},{"type":"Feature","geometry":{"type":"Point","coordinates":[34.901441,0.410144]},"properties":{"id":"523271417","n":"Nangurunya A UD8","t":"udw","c":"Kakamega"}},{"type":"Feature","geometry":{"type":"Point","coordinates":[34.943525,0.406797]},"properties":{"id":"523194741","n":"Misimo US2","t":"us","c":"Kakamega"}},{"type":"Feature","geometry":{"type":"Point","coordinates":[34.874513,0.387065]},"properties":{"id":"523241760","n":"Lunyereria PD8","t":"pdw","c":"Kakamega"}},{"type":"Feature","geometry":{"type":"Point","coordinates":[34.86739,0.422275]},"properties":{"id":"523206396","n":"Kokoyo A PD11","t":"pdw","c":"Kakamega"}},{"type":"Feature","geometry":{"type":"Point","coordinates":[34.882726,0.416381]},"properties":{"id":"523297462","n":"Ichina A PD8","t":"pdw","c":"Kakamega"}},{"type":"Feature","geometry":{"type":"Point","coordinates":[34.893615,0.42815]},"properties":{"id":"523277585","n":"Isikhu PD 1","t":"pdw","c":"Kakamega"}},{"type":"Feature","geometry":{"type":"Point","coordinates":[34.857929,0.41021]},"properties":{"id":"523222743","n":"Inguvuli B US4","t":"us","c":"Kakamega"}},{"type":"Feature","geometry":{"type":"Point","coordinates":[34.901431,0.415851]},"properties":{"id":"523337401","n":"Mukhonje B UD2","t":"udw","c":"Kakamega"}},{"type":"Feature","geometry":{"type":"Point","coordinates":[34.860203,0.387476]},"properties":{"id":"523320483","n":"Shikulu A PD8","t":"pdw","c":"Kakamega"}},{"type":"Feature","geometry":{"type":"Point","coordinates":[34.861848,0.405973]},"properties":{"id":"523341309","n":"Mang'uliro A PD10","t":"pdw","c":"Kakamega"}},{"type":"Feature","geometry":{"type":"Point","coordinates":[34.921954,0.419515]},"properties":{"id":"329034667","n":"Mukhuyu Community, Anami Spring - 21075","t":"ps","c":"Kakamega"}},{"type":"Feature","geometry":{"type":"Point","coordinates":[34.863751,0.378085]},"properties":{"id":"523205223","n":"Shanda B US3","t":"us","c":"Kakamega"}},{"type":"Feature","geometry":{"type":"Point","coordinates":[34.867283,0.422569]},"properties":{"id":"523291370","n":"Kokoyo A PD10","t":"pdw","c":"Kakamega"}},{"type":"Feature","geometry":{"type":"Point","coordinates":[34.936091,0.41265]},"properties":{"id":"523305374","n":"Twsele PD2","t":"pdw","c":"Kakamega"}},{"type":"Feature","geometry":{"type":"Point","coordinates":[34.88853,0.425583]},"properties":{"id":"523333524","n":"Isikhu PD7","t":"pdw","c":"Kakamega"}},{"type":"Feature","geometry":{"type":"Point","coordinates":[34.885987,0.418509]},"properties":{"id":"523229647","n":"Ichina A PD20","t":"pdw","c":"Kakamega"}},{"type":"Feature","geometry":{"type":"Point","coordinates":[34.882217,0.420177]},"properties":{"id":"523250106","n":"Ichina A PD9","t":"pdw","c":"Kakamega"}},{"type":"Feature","geometry":{"type":"Point","coordinates":[34.881831,0.421895]},"properties":{"id":"523343617","n":"Ichina A PD12","t":"pdw","c":"Kakamega"}},{"type":"Feature","geometry":{"type":"Point","coordinates":[34.92,0.42]},"properties":{"id":"5634448","n":"Mukhonje Well Rehabilitation - 4517","t":"pdw","c":"Kakamega"}},{"type":"Feature","geometry":{"type":"Point","coordinates":[34.933587,0.42172]},"properties":{"id":"523337762","n":"Shikulu US 2","t":"us","c":"Kakamega"}},{"type":"Feature","geometry":{"type":"Point","coordinates":[34.854191,0.377084]},"properties":{"id":"523332767","n":"Shanda B PD16","t":"pdw","c":"Kakamega"}},{"type":"Feature","geometry":{"type":"Point","coordinates":[34.872147,0.384087]},"properties":{"id":"523205955","n":"Lunyereria PD4","t":"pdw","c":"Kakamega"}},{"type":"Feature","geometry":{"type":"Point","coordinates":[34.860068,0.385095]},"properties":{"id":"523320029","n":"Shikulu A UD2","t":"udw","c":"Kakamega"}},{"type":"Feature","geometry":{"type":"Point","coordinates":[34.913152,0.416634]},"properties":{"id":"523237532","n":"Chesero B US1","t":"us","c":"Kakamega"}},{"type":"Feature","geometry":{"type":"Point","coordinates":[34.902903,0.411675]},"properties":{"id":"523288758","n":"Mukhonje A UD6","t":"udw","c":"Kakamega"}},{"type":"Feature","geometry":{"type":"Point","coordinates":[34.851204,0.401931]},"properties":{"id":"523281311","n":"Shikulu PD5","t":"pdw","c":"Kakamega"}},{"type":"Feature","geometry":{"type":"Point","coordinates":[34.880462,0.417598]},"properties":{"id":"523259435","n":"Ichina A PD8","t":"pdw","c":"Kakamega"}},{"type":"Feature","geometry":{"type":"Point","coordinates":[34.867848,0.422134]},"properties":{"id":"523222547","n":"Kokoyo A PD12","t":"pdw","c":"Kakamega"}},{"type":"Feature","geometry":{"type":"Point","coordinates":[34.860113,0.392641]},"properties":{"id":"523315034","n":"Shikulu PD8","t":"pdw","c":"Kakamega"}},{"type":"Feature","geometry":{"type":"Point","coordinates":[34.876129,0.415334]},"properties":{"id":"523289326","n":"Ichina B PD14","t":"pdw","c":"Kakamega"}},{"type":"Feature","geometry":{"type":"Point","coordinates":[34.855788,0.375031]},"properties":{"id":"523271644","n":"Shanda B PD4","t":"pdw","c":"Kakamega"}},{"type":"Feature","geometry":{"type":"Point","coordinates":[34.941028,0.413535]},"properties":{"id":"523295714","n":"Kuvasali US2","t":"us","c":"Kakamega"}},{"type":"Feature","geometry":{"type":"Point","coordinates":[34.878863,0.406207]},"properties":{"id":"523220947","n":"Inguvuli PD9","t":"pdw","c":"Kakamega"}},{"type":"Feature","geometry":{"type":"Point","coordinates":[34.881772,0.396588]},"properties":{"id":"523293815","n":"Mang'uliro B US2","t":"us","c":"Kakamega"}},{"type":"Feature","geometry":{"type":"Point","coordinates":[34.893729,0.408361]},"properties":{"id":"523235004","n":"Nangurunya B PD6","t":"pdw","c":"Kakamega"}},{"type":"Feature","geometry":{"type":"Point","coordinates":[34.90678,0.422252]},"properties":{"id":"523256528","n":"Makhwabuyu A PD 6","t":"pdw","c":"Kakamega"}},{"type":"Feature","geometry":{"type":"Point","coordinates":[34.854482,0.376654]},"properties":{"id":"523210232","n":"Shanda B PD10","t":"pdw","c":"Kakamega"}},{"type":"Feature","geometry":{"type":"Point","coordinates":[34.900095,0.410843]},"properties":{"id":"523263955","n":"Mukhonje B UD11","t":"udw","c":"Kakamega"}},{"type":"Feature","geometry":{"type":"Point","coordinates":[34.858626,0.37817]},"properties":{"id":"523240240","n":"Shanda B PS1","t":"ps","c":"Kakamega"}},{"type":"Feature","geometry":{"type":"Point","coordinates":[34.918557,0.413762]},"properties":{"id":"523264671","n":"Webika PD1","t":"pdw","c":"Kakamega"}},{"type":"Feature","geometry":{"type":"Point","coordinates":[34.861873,0.410365]},"properties":{"id":"523281380","n":"Inguvuli B PD14","t":"pdw","c":"Kakamega"}},{"type":"Feature","geometry":{"type":"Point","coordinates":[34.943333,0.383165]},"properties":{"id":"523305185","n":"Soyi B US1","t":"us","c":"Kakamega"}},{"type":"Feature","geometry":{"type":"Point","coordinates":[34.907206,0.402874]},"properties":{"id":"523343497","n":"Mungaha PS1","t":"ps","c":"Kakamega"}},{"type":"Feature","geometry":{"type":"Point","coordinates":[34.904173,0.423833]},"properties":{"id":"523217181","n":"Makhwabuyu A PD 19","t":"pdw","c":"Kakamega"}},{"type":"Feature","geometry":{"type":"Point","coordinates":[34.864264,0.410556]},"properties":{"id":"523290991","n":"Inguvuli B PS2","t":"ps","c":"Kakamega"}},{"type":"Feature","geometry":{"type":"Point","coordinates":[34.855143,0.383304]},"properties":{"id":"523350594","n":"Shikulu A PD4","t":"pdw","c":"Kakamega"}},{"type":"Feature","geometry":{"type":"Point","coordinates":[34.867215,0.422008]},"properties":{"id":"523325354","n":"Kokoyo A PD13","t":"pdw","c":"Kakamega"}},{"type":"Feature","geometry":{"type":"Point","coordinates":[34.866476,0.406144]},"properties":{"id":"523244804","n":"Mang'uliro A PD6","t":"pdw","c":"Kakamega"}},{"type":"Feature","geometry":{"type":"Point","coordinates":[34.945662,0.404425]},"properties":{"id":"523273677","n":"Misimo PD5","t":"pdw","c":"Kakamega"}},{"type":"Feature","geometry":{"type":"Point","coordinates":[34.882107,0.409863]},"properties":{"id":"523241667","n":"Inguvuli A PD17","t":"pdw","c":"Kakamega"}},{"type":"Feature","geometry":{"type":"Point","coordinates":[34.953143,0.375535]},"properties":{"id":"445267756","n":"Mukhuyu Community, Andimi Spring - 22112","t":"ps","c":"Kakamega"}},{"type":"Feature","geometry":{"type":"Point","coordinates":[34.887141,0.417361]},"properties":{"id":"523322227","n":"Ichina A PD21","t":"pdw","c":"Kakamega"}},{"type":"Feature","geometry":{"type":"Point","coordinates":[34.920254,0.41325]},"properties":{"id":"523245551","n":"Webika UD1","t":"udw","c":"Kakamega"}},{"type":"Feature","geometry":{"type":"Point","coordinates":[34.91321,0.409014]},"properties":{"id":"523311377","n":"Webika PD10","t":"pdw","c":"Kakamega"}},{"type":"Feature","geometry":{"type":"Point","coordinates":[34.876249,0.386233]},"properties":{"id":"523271053","n":"Lunyereria PD11","t":"pdw","c":"Kakamega"}},{"type":"Feature","geometry":{"type":"Point","coordinates":[34.884968,0.421639]},"properties":{"id":"523254203","n":"Ichina A PD15","t":"pdw","c":"Kakamega"}},{"type":"Feature","geometry":{"type":"Point","coordinates":[34.949182,0.378847]},"properties":{"id":"523273347","n":"Mukhuyu PD1","t":"pdw","c":"Kakamega"}},{"type":"Feature","geometry":{"type":"Point","coordinates":[34.885885,0.429948]},"properties":{"id":"539195714","n":"Kokoyo Primary School - 22241","t":"bh","c":"Kakamega","d":80.0}},{"type":"Feature","geometry":{"type":"Point","coordinates":[34.858466,0.406768]},"properties":{"id":"523247175","n":"Mang'uliro A PS3","t":"ps","c":"Kakamega"}},{"type":"Feature","geometry":{"type":"Point","coordinates":[34.881541,0.392767]},"properties":{"id":"523349699","n":"Mang'uliro B US1","t":"us","c":"Kakamega"}},{"type":"Feature","geometry":{"type":"Point","coordinates":[34.952885,0.383357]},"properties":{"id":"523300159","n":"Soyi A PS1","t":"ps","c":"Kakamega"}},{"type":"Feature","geometry":{"type":"Point","coordinates":[34.863458,0.377452]},"properties":{"id":"523280255","n":"Shanda B PD6","t":"pdw","c":"Kakamega"}},{"type":"Feature","geometry":{"type":"Point","coordinates":[34.923691,0.414882]},"properties":{"id":"523258379","n":"Chesero A PD1","t":"pdw","c":"Kakamega"}},{"type":"Feature","geometry":{"type":"Point","coordinates":[34.860098,0.373328]},"properties":{"id":"523258386","n":"Mukangu B PD8","t":"pdw","c":"Kakamega"}},{"type":"Feature","geometry":{"type":"Point","coordinates":[34.858649,0.373812]},"properties":{"id":"523244165","n":"Mukangu B PD6","t":"pdw","c":"Kakamega"}},{"type":"Feature","geometry":{"type":"Point","coordinates":[34.884082,0.425024]},"properties":{"id":"523274544","n":"Kokoyo B PD4","t":"pdw","c":"Kakamega"}},{"type":"Feature","geometry":{"type":"Point","coordinates":[34.938393,0.411593]},"properties":{"id":"523254595","n":"Tswele PD1","t":"pdw","c":"Kakamega"}},{"type":"Feature","geometry":{"type":"Point","coordinates":[34.876719,0.395797]},"properties":{"id":"523207335","n":"Mang'uliro B US4","t":"us","c":"Kakamega"}},{"type":"Feature","geometry":{"type":"Point","coordinates":[34.894031,0.414966]},"properties":{"id":"523328089","n":"Nangurunya C PD9","t":"pdw","c":"Kakamega"}}]}