{"type":"FeatureCollection","features":[{"type":"Feature","geometry":{"type":"Point","coordinates":[34.828736,0.376198]},"properties":{"id":"523198367","n":"West Kenya PD 13","t":"pdw","c":"Kakamega"}},{"type":"Feature","geometry":{"type":"Point","coordinates":[34.778573,0.364162]},"properties":{"id":"523285652","n":"Shivakala A PS 1","t":"ps","c":"Kakamega"}},{"type":"Feature","geometry":{"type":"Point","coordinates":[34.837657,0.375207]},"properties":{"id":"523250357","n":"Shamberere PD 35","t":"pdw","c":"Kakamega"}},{"type":"Feature","geometry":{"type":"Point","coordinates":[34.764748,0.383923]},"properties":{"id":"519979226","n":"Shiyenga Community, Joseph Chiliswa Spring - 23116","t":"ps","c":"Kakamega"}},{"type":"Feature","geometry":{"type":"Point","coordinates":[34.78915,0.395259]},"properties":{"id":"523313623","n":"Shiuna B PD 10","t":"pdw","c":"Kakamega"}},{"type":"Feature","geometry":{"type":"Point","coordinates":[34.784782,0.399105]},"properties":{"id":"523230841","n":"Shikutse A PD 9","t":"pdw","c":"Kakamega"}},{"type":"Feature","geometry":{"type":"Point","coordinates":[34.81371,0.392469]},"properties":{"id":"523294593","n":"Ingavira PD2","t":"pdw","c":"Kakamega"}},{"type":"Feature","geometry":{"type":"Point","coordinates":[34.768508,0.37916]},"properties":{"id":"523316633","n":"Fitawa PS 2","t":"ps","c":"Kakamega"}},{"type":"Feature","geometry":{"type":"Point","coordinates":[34.849545,0.376182]},"properties":{"id":"523225526","n":"Sasala PD 30","t":"pdw","c":"Kakamega"}},{"type":"Feature","geometry":{"type":"Point","coordinates":[34.813266,0.349602]},"properties":{"id":"523265689","n":"Chombeli PD 5","t":"pdw","c":"Kakamega"}},{"type":"Feature","geometry":{"type":"Point","coordinates":[34.787869,0.374669]},"properties":{"id":"523308023","n":"Shianda C US 2","t":"us","c":"Kakamega"}},{"type":"Feature","geometry":{"type":"Point","coordinates":[34.805627,0.419138]},"properties":{"id":"523297826","n":"Ikhanyi US3","t":"us","c":"Kakamega"}},{"type":"Feature","geometry":{"type":"Point","coordinates":[34.803399,0.401479]},"properties":{"id":"523279776","n":"Shianda PD6","t":"pdw","c":"Kakamega"}},{"type":"Feature","geometry":{"type":"Point","coordinates":[34.79879,0.365917]},"properties":{"id":"84830696","n":"Shianda Community, Govet Lumbasi Spring - 21070","t":"ps","c":"Kakamega"}},{"type":"Feature","geometry":{"type":"Point","coordinates":[34.79391,0.375743]},"properties":{"id":"523335564","n":"Shianda C PD 7","t":"pdw","c":"Kakamega"}},{"type":"Feature","geometry":{"type":"Point","coordinates":[34.806402,0.411856]},"properties":{"id":"84828673","n":"Mahira Community, Litinyi Spring - 20164","t":"ps","c":"Kakamega"}},{"type":"Feature","geometry":{"type":"Point","coordinates":[34.808864,0.344214]},"properties":{"id":"523292034","n":"Chombeli PS 2","t":"ps","c":"Kakamega"}},{"type":"Feature","geometry":{"type":"Point","coordinates":[34.822587,0.402177]},"properties":{"id":"523244323","n":"Wetesa PD6","t":"pdw","c":"Kakamega"}},{"type":"Feature","geometry":{"type":"Point","coordinates":[34.837547,0.375633]},"properties":{"id":"523345389","n":"Shamberere PD 38","t":"pdw","c":"Kakamega"}},{"type":"Feature","geometry":{"type":"Point","coordinates":[34.822193,0.384088]},"properties":{"id":"523311542","n":"Shiruma PD1","t":"pdw","c":"Kakamega"}},{"type":"Feature","geometry":{"type":"Point","coordinates":[34.792543,0.368547]},"properties":{"id":"523304933","n":"Shianda B US 2","t":"us","c":"Kakamega"}},{"type":"Feature","geometry":{"type":"Point","coordinates":[34.807184,0.395167]},"properties":{"id":"523322595","n":"Mayungu PD1","t":"pdw","c":"Kakamega"}},{"type":"Feature","geometry":{"type":"Point","coordinates":[34.791575,0.370718]},"properties":{"id":"523341763","n":"Musala PD 11","t":"pdw","c":"Kakamega"}},{"type":"Feature","geometry":{"type":"Point","coordinates":[34.796636,0.388876]},"properties":{"id":"523228770","n":"Shiuna A BH 6","t":"bh","c":"Kakamega"}},{"type":"Feature","geometry":{"type":"Point","coordinates":[34.780162,0.372722]},"properties":{"id":"523317438","n":"Kwava PS 3","t":"ps","c":"Kakamega"}},{"type":"Feature","geometry":{"type":"Point","coordinates":[34.777152,0.365908]},"properties":{"id":"523208556","n":"Shivakala A PD 5","t":"pdw","c":"Kakamega"}},{"type":"Feature","geometry":{"type":"Point","coordinates":[34.796508,0.362448]},"properties":{"id":"523309567","n":"Shianda B PD 11","t":"pdw","c":"Kakamega"}},{"type":"Feature","geometry":{"type":"Point","coordinates":[34.79637,0.376587]},"properties":{"id":"523345303","n":"Shianda C PD 2","t":"pdw","c":"Kakamega"}},{"type":"Feature","geometry":{"type":"Point","coordinates":[34.820699,0.397187]},"properties":{"id":"432093489","n":"Shing'odo Community, Tovesi Spring - 22086","t":"ps","c":"Kakamega"}},{"type":"Feature","geometry":{"type":"Point","coordinates":[34.8453,0.376751]},"properties":{"id":"523231976","n":"Sasala PD 62","t":"pdw","c":"Kakamega"}},{"type":"Feature","geometry":{"type":"Point","coordinates":[34.834786,0.394775]},"properties":{"id":"523308968","n":"Alufu PD17","t":"pdw","c":"Kakamega"}},{"type":"Feature","geometry":{"type":"Point","coordinates":[34.837192,0.375518]},"properties":{"id":"523305044","n":"Shamberere PD 31","t":"pdw","c":"Kakamega"}},{"type":"Feature","geometry":{"type":"Point","coordinates":[34.794335,0.365525]},"properties":{"id":"523281957","n":"Lukunza PD 7","t":"pdw","c":"Kakamega"}},{"type":"Feature","geometry":{"type":"Point","coordinates":[34.795711,0.369227]},"properties":{"id":"523210476","n":"Shianda B PD 5","t":"pdw","c":"Kakamega"}},{"type":"Feature","geometry":{"type":"Point","coordinates":[34.7978,0.359885]},"properties":{"id":"523289072","n":"Shianda B PD 12","t":"pdw","c":"Kakamega"}},{"type":"Feature","geometry":{"type":"Point","coordinates":[34.790494,0.398761]},"properties":{"id":"523198329","n":"Shiuna B PS 11","t":"ps","c":"Kakamega"}},{"type":"Feature","geometry":{"type":"Point","coordinates":[34.836357,0.40077]},"properties":{"id":"523238162","n":"Kware UD5","t":"udw","c":"Kakamega"}},{"type":"Feature","geometry":{"type":"Point","coordinates":[34.831521,0.364282]},"properties":{"id":"305464820","n":"Imbinga Community, Nanjendo Spring - 21032","t":"ps","c":"Kakamega"}},{"type":"Feature","geometry":{"type":"Point","coordinates":[34.781165,0.390395]},"properties":{"id":"523279422","n":"Makaka PS 2","t":"ps","c":"Kakamega"}},{"type":"Feature","geometry":{"type":"Point","coordinates":[34.834271,0.373437]},"properties":{"id":"523268613","n":"Shamberere PD 11","t":"pdw","c":"Kakamega"}},{"type":"Feature","geometry":{"type":"Point","coordinates":[34.810942,0.41184]},"properties":{"id":"523213819","n":"Mahira PD7","t":"pdw","c":"Kakamega"}},{"type":"Feature","geometry":{"type":"Point","coordinates":[34.796367,0.36824]},"properties":{"id":"523257770","n":"Shianda B PD 9","t":"pdw","c":"Kakamega"}},{"type":"Feature","geometry":{"type":"Point","coordinates":[34.794201,0.380043]},"properties":{"id":"523255864","n":"Shamoni B PS 3","t":"ps","c":"Kakamega"}},{"type":"Feature","geometry":{"type":"Point","coordinates":[34.809617,0.390382]},"properties":{"id":"523280413","n":"Mayungu PD12","t":"pdw","c":"Kakamega"}},{"type":"Feature","geometry":{"type":"Point","coordinates":[34.795772,0.420362]},"properties":{"id":"523214975","n":"Lusumu PD2","t":"pdw","c":"Kakamega"}},{"type":"Feature","geometry":{"type":"Point","coordinates":[34.781861,0.398041]},"properties":{"id":"523318910","n":"Shikutse A PS 10","t":"ps","c":"Kakamega"}},{"type":"Feature","geometry":{"type":"Point","coordinates":[34.805893,0.387892]},"properties":{"id":"523248327","n":"Mayungu PD8","t":"pdw","c":"Kakamega"}},{"type":"Feature","geometry":{"type":"Point","coordinates":[34.79857,0.383198]},"properties":{"id":"523295453","n":"Shamoni B PD 5","t":"pdw","c":"Kakamega"}},{"type":"Feature","geometry":{"type":"Point","coordinates":[34.840959,0.375572]},"properties":{"id":"523331759","n":"Sasala PD 87","t":"pdw","c":"Kakamega"}},{"type":"Feature","geometry":{"type":"Point","coordinates":[34.809942,0.363032]},"properties":{"id":"523268039","n":"Mukhonje US 1","t":"us","c":"Kakamega"}},{"type":"Feature","geometry":{"type":"Point","coordinates":[34.80912,0.347043]},"properties":{"id":"523310486","n":"Chombeli PD 9","t":"pdw","c":"Kakamega"}},{"type":"Feature","geometry":{"type":"Point","coordinates":[34.841893,0.395277]},"properties":{"id":"523232678","n":"Lumusieti A PS2","t":"ps","c":"Kakamega"}},{"type":"Feature","geometry":{"type":"Point","coordinates":[34.849793,0.3766]},"properties":{"id":"523234591","n":"Sasala PD 29","t":"pdw","c":"Kakamega"}},{"type":"Feature","geometry":{"type":"Point","coordinates":[34.822911,0.38169]},"properties":{"id":"523281115","n":"Makale A PD 7","t":"pdw","c":"Kakamega"}},{"type":"Feature","geometry":{"type":"Point","coordinates":[34.810775,0.355968]},"properties":{"id":"523214449","n":"Daraja mbili PD 8","t":"pdw","c":"Kakamega"}},{"type":"Feature","geometry":{"type":"Point","coordinates":[34.810324,0.370783]},"properties":{"id":"523216654","n":"Chevoso US 1","t":"us","c":"Kakamega"}},{"type":"Feature","geometry":{"type":"Point","coordinates":[34.840107,0.401175]},"properties":{"id":"523237178","n":"Mukava UD5","t":"udw","c":"Kakamega"}},{"type":"Feature","geometry":{"type":"Point","coordinates":[34.797884,0.381286]},"properties":{"id":"523267492","n":"Shamoni B PS 1","t":"ps","c":"Kakamega"}},{"type":"Feature","geometry":{"type":"Point","coordinates":[34.809436,0.418706]},"properties":{"id":"523231031","n":"Ikhanyi PD7","t":"pdw","c":"Kakamega"}},{"type":"Feature","geometry":{"type":"Point","coordinates":[34.786331,0.390188]},"properties":{"id":"523257567","n":"Shihome PS 2","t":"ps","c":"Kakamega"}},{"type":"Feature","geometry":{"type":"Point","coordinates":[34.806377,0.406882]},"properties":{"id":"523292591","n":"Mahira PD19","t":"pdw","c":"Kakamega"}},{"type":"Feature","geometry":{"type":"Point","coordinates":[34.802,0.379173]},"properties":{"id":"523341275","n":"Shianda A PD 2","t":"pdw","c":"Kakamega"}},{"type":"Feature","geometry":{"type":"Point","coordinates":[34.827175,0.36951]},"properties":{"id":"523288583","n":"Luokho PD 10","t":"pdw","c":"Kakamega"}},{"type":"Feature","geometry":{"type":"Point","coordinates":[34.846063,0.384002]},"properties":{"id":"523241416","n":"Lumusieti B US1","t":"us","c":"Kakamega"}},{"type":"Feature","geometry":{"type":"Point","coordinates":[34.845184,0.37532]},"properties":{"id":"523217710","n":"Sasala PD 75","t":"pdw","c":"Kakamega"}},{"type":"Feature","geometry":{"type":"Point","coordinates":[34.81187,0.345587]},"properties":{"id":"523228330","n":"Chombeli US 2","t":"us","c":"Kakamega"}},{"type":"Feature","geometry":{"type":"Point","coordinates":[34.825046,0.389938]},"properties":{"id":"523197294","n":"PS3","t":"ps","c":"Kakamega"}},{"type":"Feature","geometry":{"type":"Point","coordinates":[34.804903,0.382217]},"properties":{"id":"523246181","n":"Shamoni A PS 1","t":"ps","c":"Kakamega"}},{"type":"Feature","geometry":{"type":"Point","coordinates":[34.811183,0.383657]},"properties":{"id":"523326850","n":"Ingavira PD 5","t":"pdw","c":"Kakamega"}},{"type":"Feature","geometry":{"type":"Point","coordinates":[34.7869,0.358712]},"properties":{"id":"523226792","n":"Lumunyasi PD 1","t":"pdw","c":"Kakamega"}},{"type":"Feature","geometry":{"type":"Point","coordinates":[34.795775,0.375323]},"properties":{"id":"523288590","n":"Shianda C PS 1","t":"ps","c":"Kakamega"}},{"type":"Feature","geometry":{"type":"Point","coordinates":[34.814037,0.396817]},"properties":{"id":"523310170","n":"Ingavira PD11","t":"pdw","c":"Kakamega"}},{"type":"Feature","geometry":{"type":"Point","coordinates":[34.816419,0.379344]},"properties":{"id":"523313166","n":"Makale A PD 17","t":"pdw","c":"Kakamega"}},{"type":"Feature","geometry":{"type":"Point","coordinates":[34.807998,0.398682]},"properties":{"id":"15007607","n":"Ingavira, Laban Mwanzo Spring - 18110","t":"ps","c":"Kakamega"}},{"type":"Feature","geometry":{"type":"Point","coordinates":[34.837725,0.398713]},"properties":{"id":"523276931","n":"Kware PD6","t":"pdw","c":"Kakamega"}},{"type":"Feature","geometry":{"type":"Point","coordinates":[34.803522,0.362058]},"properties":{"id":"523272212","n":"Echemo US 2","t":"us","c":"Kakamega"}},{"type":"Feature","geometry":{"type":"Point","coordinates":[34.80191,0.385463]},"properties":{"id":"523237350","n":"Shamoni A PD 2","t":"pdw","c":"Kakamega"}},{"type":"Feature","geometry":{"type":"Point","coordinates":[34.795574,0.36013]},"properties":{"id":"84829708","n":"Shianda Community, Panyako Spring - 21071","t":"ps","c":"Kakamega"}},{"type":"Feature","geometry":{"type":"Point","coordinates":[34.815653,0.366047]},"properties":{"id":"523208374","n":"Chevoso US 5","t":"us","c":"Kakamega"}},{"type":"Feature","geometry":{"type":"Point","coordinates":[34.764083,0.394304]},"properties":{"id":"523224381","n":"Shisisini US 4","t":"us","c":"Kakamega"}},{"type":"Feature","geometry":{"type":"Point","coordinates":[34.826782,0.400495]},"properties":{"id":"523313197","n":"Wetesa PD11","t":"pdw","c":"Kakamega"}},{"type":"Feature","geometry":{"type":"Point","coordinates":[34.842985,0.37018]},"properties":{"id":"523206121","n":"Sasala PD 94","t":"pdw","c":"Kakamega"}},{"type":"Feature","geometry":{"type":"Point","coordinates":[34.81299,0.348477]},"properties":{"id":"523211264","n":"Chombeli PD 7","t":"pdw","c":"Kakamega"}},{"type":"Feature","geometry":{"type":"Point","coordinates":[34.850076,0.376016]},"properties":{"id":"523329107","n":"Sasala PD 27","t":"pdw","c":"Kakamega"}},{"type":"Feature","geometry":{"type":"Point","coordinates":[34.823491,0.352436]},"properties":{"id":"523193348","n":"Malimali PS 6","t":"ps","c":"Kakamega"}},{"type":"Feature","geometry":{"type":"Point","coordinates":[34.833067,0.386321]},"properties":{"id":"523215622","n":"Alufu US5","t":"us","c":"Kakamega"}},{"type":"Feature","geometry":{"type":"Point","coordinates":[34.853263,0.374367]},"properties":{"id":"523346555","n":"Sasala PD 106","t":"pdw","c":"Kakamega"}},{"type":"Feature","geometry":{"type":"Point","coordinates":[34.784153,0.364073]},"properties":{"id":"523205883","n":"Shivakala A PD 8","t":"pdw","c":"Kakamega"}},{"type":"Feature","geometry":{"type":"Point","coordinates":[34.789908,0.351222]},"properties":{"id":"523195577","n":"Lumunyasi PS 1","t":"ps","c":"Kakamega"}},{"type":"Feature","geometry":{"type":"Point","coordinates":[34.830387,0.358978]},"properties":{"id":"523265964","n":"Imbinga US 1","t":"us","c":"Kakamega"}},{"type":"Feature","geometry":{"type":"Point","coordinates":[34.805048,0.38767]},"properties":{"id":"523246624","n":"Mayungu US4","t":"us","c":"Kakamega"}},{"type":"Feature","geometry":{"type":"Point","coordinates":[34.805853,0.386592]},"properties":{"id":"523220356","n":"Mayungu BH1","t":"bh","c":"Kakamega"}},{"type":"Feature","geometry":{"type":"Point","coordinates":[34.797506,0.355077]},"properties":{"id":"523209667","n":"Mulwanda PD 4","t":"pdw","c":"Kakamega"}},{"type":"Feature","geometry":{"type":"Point","coordinates":[34.825832,0.382222]},"properties":{"id":"523280561","n":"Shiruma US1","t":"us","c":"Kakamega"}},{"type":"Feature","geometry":{"type":"Point","coordinates":[34.830273,0.376525]},"properties":{"id":"523258812","n":"West Kenya PD 2","t":"pdw","c":"Kakamega"}},{"type":"Feature","geometry":{"type":"Point","coordinates":[34.808648,0.410385]},"properties":{"id":"523295879","n":"Mahira PD4","t":"pdw","c":"Kakamega"}},{"type":"Feature","geometry":{"type":"Point","coordinates":[34.835465,0.382721]},"properties":{"id":"523319997","n":"Alufu US2","t":"us","c":"Kakamega"}},{"type":"Feature","geometry":{"type":"Point","coordinates":[34.804946,0.367209]},"properties":{"id":"523247340","n":"Echemo PD 3","t":"pdw","c":"Kakamega"}},{"type":"Feature","geometry":{"type":"Point","coordinates":[34.851817,0.376621]},"properties":{"id":"523214418","n":"Sasala PD 16","t":"pdw","c":"Kakamega"}},{"type":"Feature","geometry":{"type":"Point","coordinates":[34.812719,0.365893]},"properties":{"id":"523269205","n":"Chevoso PD 8","t":"pdw","c":"Kakamega"}},{"type":"Feature","geometry":{"type":"Point","coordinates":[34.8389,0.364056]},"properties":{"id":"41049068","n":"Bukhakunga B, Ngovilo Spring - 19093","t":"ps","c":"Kakamega"}},{"type":"Feature","geometry":{"type":"Point","coordinates":[34.803653,0.430002]},"properties":{"id":"523259909","n":"Sundulo A PD 16","t":"pdw","c":"Kakamega"}},{"type":"Feature","geometry":{"type":"Point","coordinates":[34.79939,0.420393]},"properties":{"id":"523326056","n":"Lusumu US2","t":"us","c":"Kakamega"}},{"type":"Feature","geometry":{"type":"Point","coordinates":[34.782152,0.365733]},"properties":{"id":"523302041","n":"Musala PD 1","t":"pdw","c":"Kakamega"}},{"type":"Feature","geometry":{"type":"Point","coordinates":[34.844023,0.376444]},"properties":{"id":"523199605","n":"Sasala PD 69","t":"pdw","c":"Kakamega"}},{"type":"Feature","geometry":{"type":"Point","coordinates":[34.845838,0.369306]},"properties":{"id":"523347570","n":"Sasala PD 99","t":"pdw","c":"Kakamega"}},{"type":"Feature","geometry":{"type":"Point","coordinates":[34.801224,0.399528]},"properties":{"id":"523319870","n":"Shianda PS1","t":"ps","c":"Kakamega"}},{"type":"Feature","geometry":{"type":"Point","coordinates":[34.845862,0.376407]},"properties":{"id":"523337700","n":"Sasala PD 61","t":"pdw","c":"Kakamega"}},{"type":"Feature","geometry":{"type":"Point","coordinates":[34.836898,0.374346]},"properties":{"id":"523310761","n":"Shamberere PD 16","t":"pdw","c":"Kakamega"}},{"type":"Feature","geometry":{"type":"Point","coordinates":[34.803988,0.378336]},"properties":{"id":"523342049","n":"Shianda A PD 5","t":"pdw","c":"Kakamega"}},{"type":"Feature","geometry":{"type":"Point","coordinates":[34.798761,0.383056]},"properties":{"id":"290455348","n":"Shamoni Community, Shiundu Spring - 21021","t":"ps","c":"Kakamega"}},{"type":"Feature","geometry":{"type":"Point","coordinates":[34.806563,0.392361]},"properties":{"id":"523330277","n":"Mayungu PS2","t":"ps","c":"Kakamega"}},{"type":"Feature","geometry":{"type":"Point","coordinates":[34.80757,0.4075]},"properties":{"id":"523287575","n":"Mahira PD18","t":"pdw","c":"Kakamega"}},{"type":"Feature","geometry":{"type":"Point","coordinates":[34.780663,0.39592]},"properties":{"id":"523306636","n":"Shikutse A PD 5","t":"pdw","c":"Kakamega"}},{"type":"Feature","geometry":{"type":"Point","coordinates":[34.838118,0.375479]},"properties":{"id":"523293107","n":"Shamberere PD 42","t":"pdw","c":"Kakamega"}},{"type":"Feature","geometry":{"type":"Point","coordinates":[34.802865,0.380108]},"properties":{"id":"523333232","n":"Shamoni A PD 13","t":"pdw","c":"Kakamega"}},{"type":"Feature","geometry":{"type":"Point","coordinates":[34.840951,0.376064]},"properties":{"id":"523196839","n":"Sasala PD 85","t":"pdw","c":"Kakamega"}},{"type":"Feature","geometry":{"type":"Point","coordinates":[34.763178,0.382935]},"properties":{"id":"523209904","n":"Shiyenga PD 1","t":"pdw","c":"Kakamega"}},{"type":"Feature","geometry":{"type":"Point","coordinates":[34.777678,0.36855]},"properties":{"id":"523266484","n":"Shivakala B PD 5","t":"pdw","c":"Kakamega"}},{"type":"Feature","geometry":{"type":"Point","coordinates":[34.765081,0.396081]},"properties":{"id":"523347398","n":"Shisisini PS 3","t":"ps","c":"Kakamega"}},{"type":"Feature","geometry":{"type":"Point","coordinates":[34.835035,0.376326]},"properties":{"id":"523269274","n":"Shamberere PD 4","t":"pdw","c":"Kakamega"}},{"type":"Feature","geometry":{"type":"Point","coordinates":[34.837667,0.375059]},"properties":{"id":"523220882","n":"Shamberere PD 36","t":"pdw","c":"Kakamega"}},{"type":"Feature","geometry":{"type":"Point","coordinates":[34.780859,0.363559]},"properties":{"id":"523290719","n":"Shivakala A PS 2","t":"ps","c":"Kakamega"}},{"type":"Feature","geometry":{"type":"Point","coordinates":[34.807997,0.373019]},"properties":{"id":"523212519","n":"Echemo PD 2","t":"pdw","c":"Kakamega"}},{"type":"Feature","geometry":{"type":"Point","coordinates":[34.81773,0.369313]},"properties":{"id":"523194363","n":"Makale B PD 5","t":"pdw","c":"Kakamega"}},{"type":"Feature","geometry":{"type":"Point","coordinates":[34.805754,0.363217]},"properties":{"id":"523222602","n":"Echemo PD 6","t":"pdw","c":"Kakamega"}},{"type":"Feature","geometry":{"type":"Point","coordinates":[34.851822,0.375883]},"properties":{"id":"523328845","n":"Sasala PD 10","t":"pdw","c":"Kakamega"}},{"type":"Feature","geometry":{"type":"Point","coordinates":[34.819902,0.383978]},"properties":{"id":"523326616","n":"Makale A PD 9","t":"pdw","c":"Kakamega"}},{"type":"Feature","geometry":{"type":"Point","coordinates":[34.836753,0.398265]},"properties":{"id":"523196815","n":"Kware B PD5","t":"pdw","c":"Kakamega"}},{"type":"Feature","geometry":{"type":"Point","coordinates":[34.808054,0.417]},"properties":{"id":"523198257","n":"Ikhanyi PD5","t":"pdw","c":"Kakamega"}},{"type":"Feature","geometry":{"type":"Point","coordinates":[34.844203,0.375918]},"properties":{"id":"523233404","n":"Sasala PD 70","t":"pdw","c":"Kakamega"}},{"type":"Feature","geometry":{"type":"Point","coordinates":[34.802651,0.353289]},"properties":{"id":"523205670","n":"Mundoli PD 1","t":"pdw","c":"Kakamega"}},{"type":"Feature","geometry":{"type":"Point","coordinates":[34.771463,0.390632]},"properties":{"id":"290455403","n":"Makunga Community, Tabarachi Spring - 21056","t":"ps","c":"Kakamega"}},{"type":"Feature","geometry":{"type":"Point","coordinates":[34.830908,0.360335]},"properties":{"id":"523275947","n":"Imbinga US 2","t":"us","c":"Kakamega"}},{"type":"Feature","geometry":{"type":"Point","coordinates":[34.76478,0.38391]},"properties":{"id":"523337542","n":"Shiyenga PS 1","t":"ps","c":"Kakamega"}},{"type":"Feature","geometry":{"type":"Point","coordinates":[34.815463,0.375351]},"properties":{"id":"523220088","n":"Makale B PD 4","t":"pdw","c":"Kakamega"}},{"type":"Feature","geometry":{"type":"Point","coordinates":[34.810656,0.382999]},"properties":{"id":"523238351","n":"Ingavira PD 6","t":"pdw","c":"Kakamega"}},{"type":"Feature","geometry":{"type":"Point","coordinates":[34.823898,0.391723]},"properties":{"id":"523298377","n":"Shing'ondo PS2","t":"ps","c":"Kakamega"}},{"type":"Feature","geometry":{"type":"Point","coordinates":[34.812797,0.354765]},"properties":{"id":"523241375","n":"Daraja mbili UD 2","t":"udw","c":"Kakamega"}},{"type":"Feature","geometry":{"type":"Point","coordinates":[34.806162,0.408157]},"properties":{"id":"523225306","n":"Mahira PD1","t":"pdw","c":"Kakamega"}},{"type":"Feature","geometry":{"type":"Point","coordinates":[34.834792,0.363328]},"properties":{"id":"523254186","n":"Bukhakunga B US 1","t":"us","c":"Kakamega"}},{"type":"Feature","geometry":{"type":"Point","coordinates":[34.816808,0.396675]},"properties":{"id":"523223548","n":"Shing'ondo US3","t":"us","c":"Kakamega"}},{"type":"Feature","geometry":{"type":"Point","coordinates":[34.849685,0.375085]},"properties":{"id":"523324119","n":"Sasala PD 48","t":"pdw","c":"Kakamega"}},{"type":"Feature","geometry":{"type":"Point","coordinates":[34.80792,0.398737]},"properties":{"id":"523233851","n":"Ingavira PS2","t":"ps","c":"Kakamega"}},{"type":"Feature","geometry":{"type":"Point","coordinates":[34.81953,0.371677]},"properties":{"id":"523289481","n":"Makale B PD 8","t":"pdw","c":"Kakamega"}},{"type":"Feature","geometry":{"type":"Point","coordinates":[34.801213,0.431228]},"properties":{"id":"523244000","n":"Sundulo B PD 6","t":"pdw","c":"Kakamega"}},{"type":"Feature","geometry":{"type":"Point","coordinates":[34.805874,0.353679]},"properties":{"id":"523323338","n":"Mundoli US 4","t":"us","c":"Kakamega"}},{"type":"Feature","geometry":{"type":"Point","coordinates":[34.829718,0.390352]},"properties":{"id":"523321790","n":"Shiruma US6","t":"us","c":"Kakamega"}},{"type":"Feature","geometry":{"type":"Point","coordinates":[34.806878,0.38306]},"properties":{"id":"523323235","n":"Shamoni A PS 2","t":"ps","c":"Kakamega"}},{"type":"Feature","geometry":{"type":"Point","coordinates":[34.799223,0.368944]},"properties":{"id":"523333036","n":"Shianda B PD 2","t":"pdw","c":"Kakamega"}},{"type":"Feature","geometry":{"type":"Point","coordinates":[34.8335,0.397682]},"properties":{"id":"523224783","n":"Alufu PS2","t":"ps","c":"Kakamega"}},{"type":"Feature","geometry":{"type":"Point","coordinates":[34.803583,0.351713]},"properties":{"id":"523323307","n":"Mundoli PS 1","t":"ps","c":"Kakamega"}},{"type":"Feature","geometry":{"type":"Point","coordinates":[34.839622,0.397795]},"properties":{"id":"523239259","n":"Kware PS1","t":"ps","c":"Kakamega"}},{"type":"Feature","geometry":{"type":"Point","coordinates":[34.838108,0.375898]},"properties":{"id":"523319272","n":"Shamberere PD 40","t":"pdw","c":"Kakamega"}},{"type":"Feature","geometry":{"type":"Point","coordinates":[34.803617,0.428277]},"properties":{"id":"523346263","n":"Sundulo A US 14","t":"us","c":"Kakamega"}},{"type":"Feature","geometry":{"type":"Point","coordinates":[34.827294,0.365486]},"properties":{"id":"523238674","n":"Luokho PD 6","t":"pdw","c":"Kakamega"}},{"type":"Feature","geometry":{"type":"Point","coordinates":[34.850384,0.379122]},"properties":{"id":"523327198","n":"Lumusieti B PS1","t":"ps","c":"Kakamega"}},{"type":"Feature","geometry":{"type":"Point","coordinates":[34.845032,0.375545]},"properties":{"id":"523242888","n":"Sasala PD 73","t":"pdw","c":"Kakamega"}},{"type":"Feature","geometry":{"type":"Point","coordinates":[34.840687,0.3744]},"properties":{"id":"523282745","n":"Sasala PD 89","t":"pdw","c":"Kakamega"}},{"type":"Feature","geometry":{"type":"Point","coordinates":[34.850449,0.376535]},"properties":{"id":"523331742","n":"Sasala PD 20","t":"pdw","c":"Kakamega"}},{"type":"Feature","geometry":{"type":"Point","coordinates":[34.849538,0.376418]},"properties":{"id":"523352321","n":"Sasala PD 33","t":"pdw","c":"Kakamega"}},{"type":"Feature","geometry":{"type":"Point","coordinates":[34.795459,0.385772]},"properties":{"id":"523279240","n":"Shilongo PD 2","t":"pdw","c":"Kakamega"}},{"type":"Feature","geometry":{"type":"Point","coordinates":[34.816446,0.342907]},"properties":{"id":"523239101","n":"Chombeli PD 28","t":"pdw","c":"Kakamega"}},{"type":"Feature","geometry":{"type":"Point","coordinates":[34.808867,0.407543]},"properties":{"id":"523293657","n":"Mahira PD17","t":"pdw","c":"Kakamega"}},{"type":"Feature","geometry":{"type":"Point","coordinates":[34.798714,0.380568]},"properties":{"id":"523217019","n":"Shamoni B PD 1","t":"pdw","c":"Kakamega"}},{"type":"Feature","geometry":{"type":"Point","coordinates":[34.794698,0.383442]},"properties":{"id":"523288112","n":"Shamoni B PD 11","t":"pdw","c":"Kakamega"}},{"type":"Feature","geometry":{"type":"Point","coordinates":[34.813735,0.346075]},"properties":{"id":"523199540","n":"Chombeli PD 2","t":"pdw","c":"Kakamega"}},{"type":"Feature","geometry":{"type":"Point","coordinates":[34.799577,0.431777]},"properties":{"id":"523295532","n":"Sundulo B PD 5","t":"pdw","c":"Kakamega"}},{"type":"Feature","geometry":{"type":"Point","coordinates":[34.771817,0.383283]},"properties":{"id":"523275033","n":"Lunyinya B UD 1","t":"udw","c":"Kakamega"}},{"type":"Feature","geometry":{"type":"Point","coordinates":[34.796245,0.42464]},"properties":{"id":"523271390","n":"Sundulo B US 11","t":"us","c":"Kakamega"}},{"type":"Feature","geometry":{"type":"Point","coordinates":[34.840822,0.397442]},"properties":{"id":"523328223","n":"Kware B PD7","t":"pdw","c":"Kakamega"}},{"type":"Feature","geometry":{"type":"Point","coordinates":[34.800968,0.349315]},"properties":{"id":"523337683","n":"Mundoli PD 5","t":"pdw","c":"Kakamega"}},{"type":"Feature","geometry":{"type":"Point","coordinates":[34.776532,0.367583]},"properties":{"id":"523328704","n":"Shivakala PD 3","t":"pdw","c":"Kakamega"}},{"type":"Feature","geometry":{"type":"Point","coordinates":[34.822661,0.371802]},"properties":{"id":"523326290","n":"West Kenya PS 1","t":"ps","c":"Kakamega"}},{"type":"Feature","geometry":{"type":"Point","coordinates":[34.793081,0.364576]},"properties":{"id":"523301909","n":"Lukunza PD 5","t":"pdw","c":"Kakamega"}},{"type":"Feature","geometry":{"type":"Point","coordinates":[34.816113,0.367662]},"properties":{"id":"523346861","n":"Chevoso US 4","t":"us","c":"Kakamega"}},{"type":"Feature","geometry":{"type":"Point","coordinates":[34.804197,0.368419]},"properties":{"id":"523193898","n":"Emusali PD 1","t":"pdw","c":"Kakamega"}},{"type":"Feature","geometry":{"type":"Point","coordinates":[34.803233,0.368122]},"properties":{"id":"523251341","n":"Emusali PD 2","t":"pdw","c":"Kakamega"}},{"type":"Feature","geometry":{"type":"Point","coordinates":[34.763882,0.398601]},"properties":{"id":"523307792","n":"Mundovela US 1","t":"us","c":"Kakamega"}},{"type":"Feature","geometry":{"type":"Point","coordinates":[34.808587,0.375352]},"properties":{"id":"523300056","n":"Echemo PS 1","t":"ps","c":"Kakamega"}},{"type":"Feature","geometry":{"type":"Point","coordinates":[34.76936,0.391706]},"properties":{"id":"523289292","n":"Chiliva PD 2","t":"pdw","c":"Kakamega"}},{"type":"Feature","geometry":{"type":"Point","coordinates":[34.7986,0.371005]},"properties":{"id":"523241021","n":"Shianda B PS 1","t":"ps","c":"Kakamega"}},{"type":"Feature","geometry":{"type":"Point","coordinates":[34.833071,0.369904]},"properties":{"id":"523338165","n":"Shamberere PD 51","t":"pdw","c":"Kakamega"}},{"type":"Feature","geometry":{"type":"Point","coordinates":[34.797847,0.411818]},"properties":{"id":"523324250","n":"Luasi PD5","t":"pdw","c":"Kakamega"}},{"type":"Feature","geometry":{"type":"Point","coordinates":[34.81473,0.35757]},"properties":{"id":"523261757","n":"Daraja mbili US 4","t":"us","c":"Kakamega"}},{"type":"Feature","geometry":{"type":"Point","coordinates":[34.840025,0.39955]},"properties":{"id":"523202873","n":"Kware UD6","t":"us","c":"Kakamega"}},{"type":"Feature","geometry":{"type":"Point","coordinates":[34.834378,0.376073]},"properties":{"id":"523252012","n":"Shamberere PD 5","t":"pdw","c":"Kakamega"}},{"type":"Feature","geometry":{"type":"Point","coordinates":[34.76318,0.393229]},"properties":{"id":"523314727","n":"Shisisini PD 6","t":"pdw","c":"Kakamega"}},{"type":"Feature","geometry":{"type":"Point","coordinates":[34.808572,0.424133]},"properties":{"id":"523304847","n":"Shikoshe A US 2","t":"us","c":"Kakamega"}},{"type":"Feature","geometry":{"type":"Point","coordinates":[34.803114,0.37446]},"properties":{"id":"523315003","n":"Emusali PD 12","t":"pdw","c":"Kakamega"}},{"type":"Feature","geometry":{"type":"Point","coordinates":[34.848663,0.376489]},"properties":{"id":"523338488","n":"Sasala PD 39","t":"pdw","c":"Kakamega"}},{"type":"Feature","geometry":{"type":"Point","coordinates":[34.831113,0.377195]},"properties":{"id":"523241818","n":"West Kenya PD 8","t":"pdw","c":"Kakamega"}},{"type":"Feature","geometry":{"type":"Point","coordinates":[34.784794,0.377652]},"properties":{"id":"523244660","n":"Shilongo PD 7","t":"pdw","c":"Kakamega"}},{"type":"Feature","geometry":{"type":"Point","coordinates":[34.798242,0.380906]},"properties":{"id":"523223043","n":"Shamoni B PD 2","t":"pdw","c":"Kakamega"}},{"type":"Feature","geometry":{"type":"Point","coordinates":[34.830426,0.376472]},"properties":{"id":"523247326","n":"West Kenya PD 4","t":"pdw","c":"Kakamega"}},{"type":"Feature","geometry":{"type":"Point","coordinates":[34.813197,0.354492]},"properties":{"id":"523322454","n":"Daraja mbili UD 1","t":"udw","c":"Kakamega"}},{"type":"Feature","geometry":{"type":"Point","coordinates":[34.79631,0.357496]},"properties":{"id":"523295439","n":"Mulwanda PD 3","t":"pdw","c":"Kakamega"}},{"type":"Feature","geometry":{"type":"Point","coordinates":[34.84335,0.374625]},"properties":{"id":"523315869","n":"Sasala PD 81","t":"pdw","c":"Kakamega"}},{"type":"Feature","geometry":{"type":"Point","coordinates":[34.82296,0.356995]},"properties":{"id":"523231804","n":"Malimali PS 4","t":"ps","c":"Kakamega"}},{"type":"Feature","geometry":{"type":"Point","coordinates":[34.793308,0.366028]},"properties":{"id":"523243762","n":"Shianda B PD 7","t":"pdw","c":"Kakamega"}},{"type":"Feature","geometry":{"type":"Point","coordinates":[34.848119,0.371325]},"properties":{"id":"523234144","n":"Sasala PD 102","t":"pdw","c":"Kakamega"}},{"type":"Feature","geometry":{"type":"Point","coordinates":[34.845345,0.370898]},"properties":{"id":"523330246","n":"Sasala PD 100","t":"pdw","c":"Kakamega"}},{"type":"Feature","geometry":{"type":"Point","coordinates":[34.822608,0.375252]},"properties":{"id":"523216647","n":"West Kenya PD 27","t":"pdw","c":"Kakamega"}},{"type":"Feature","geometry":{"type":"Point","coordinates":[34.820161,0.356515]},"properties":{"id":"329034650","n":"Mali Mali Primary School - 21272","t":"bh","c":"Kakamega","d":100.0}},{"type":"Feature","geometry":{"type":"Point","coordinates":[34.802468,0.345425]},"properties":{"id":"523328065","n":"Mundoli PD 4","t":"pdw","c":"Kakamega"}},{"type":"Feature","geometry":{"type":"Point","coordinates":[34.84277,0.399323]},"properties":{"id":"523346490","n":"Kware B PD9","t":"pdw","c":"Kakamega"}},{"type":"Feature","geometry":{"type":"Point","coordinates":[34.825664,0.401427]},"properties":{"id":"523260433","n":"Wetesa PD9","t":"udw","c":"Kakamega"}},{"type":"Feature","geometry":{"type":"Point","coordinates":[34.784468,0.371533]},"properties":{"id":"523257055","n":"Kwava PS 2","t":"ps","c":"Kakamega"}},{"type":"Feature","geometry":{"type":"Point","coordinates":[34.805815,0.398258]},"properties":{"id":"523300472","n":"Shianda PD1","t":"pdw","c":"Kakamega"}},{"type":"Feature","geometry":{"type":"Point","coordinates":[34.844432,0.379032]},"properties":{"id":"523330806","n":"Lumusieti B US5","t":"us","c":"Kakamega"}},{"type":"Feature","geometry":{"type":"Point","coordinates":[34.848903,0.374772]},"properties":{"id":"523232252","n":"Sasala PD 55","t":"pdw","c":"Kakamega"}},{"type":"Feature","geometry":{"type":"Point","coordinates":[34.826166,0.374982]},"properties":{"id":"523323455","n":"West Kenya PD 22","t":"pdw","c":"Kakamega"}},{"type":"Feature","geometry":{"type":"Point","coordinates":[34.786793,0.372512]},"properties":{"id":"523244756","n":"Kwava PS 1","t":"ps","c":"Kakamega"}},{"type":"Feature","geometry":{"type":"Point","coordinates":[34.79684,0.38542]},"properties":{"id":"876384","n":"UCC 2019 - Lunyu Community Rehab","t":"pdw","c":"Kakamega"}},{"type":"Feature","geometry":{"type":"Point","coordinates":[34.770142,0.389637]},"properties":{"id":"290455496","n":"Lunyinya Community, Makunga Spring - 21054","t":"ps","c":"Kakamega"}},{"type":"Feature","geometry":{"type":"Point","coordinates":[34.841,0.375964]},"properties":{"id":"523240154","n":"Sasala PD 84","t":"pdw","c":"Kakamega"}},{"type":"Feature","geometry":{"type":"Point","coordinates":[34.833158,0.388188]},"properties":{"id":"523327064","n":"Alufu US4","t":"us","c":"Kakamega"}},{"type":"Feature","geometry":{"type":"Point","coordinates":[34.837366,0.370784]},"properties":{"id":"523323053","n":"Shamberere PD 44","t":"pdw","c":"Kakamega"}},{"type":"Feature","geometry":{"type":"Point","coordinates":[34.832216,0.400048]},"properties":{"id":"523262129","n":"Kware B PD1","t":"udw","c":"Kakamega"}},{"type":"Feature","geometry":{"type":"Point","coordinates":[34.808828,0.400278]},"properties":{"id":"84828903","n":"Mahira Community, Mukalama Spring - 20184","t":"ps","c":"Kakamega"}},{"type":"Feature","geometry":{"type":"Point","coordinates":[34.803741,0.383686]},"properties":{"id":"876432","n":"Ngaywa Community Rehab - 4192","t":"pdw","c":"Kakamega"}},{"type":"Feature","geometry":{"type":"Point","coordinates":[34.830986,0.377231]},"properties":{"id":"523340054","n":"West Kenya PD 7","t":"pdw","c":"Kakamega"}},{"type":"Feature","geometry":{"type":"Point","coordinates":[34.8032,0.3404]},"properties":{"id":"523293671","n":"Mwiyala PD 2","t":"pdw","c":"Kakamega"}},{"type":"Feature","geometry":{"type":"Point","coordinates":[34.848788,0.375541]},"properties":{"id":"523240666","n":"Sasala PD 44","t":"pdw","c":"Kakamega"}},{"type":"Feature","geometry":{"type":"Point","coordinates":[34.817793,0.382632]},"properties":{"id":"523344450","n":"Makale A PS 3","t":"ps","c":"Kakamega"}},{"type":"Feature","geometry":{"type":"Point","coordinates":[34.824815,0.379428]},"properties":{"id":"523200235","n":"Makale A PD 1","t":"pdw","c":"Kakamega"}},{"type":"Feature","geometry":{"type":"Point","coordinates":[34.82449,0.374282]},"properties":{"id":"403751703","n":"Chevoso Community, Yasuna Mwanza Spring - 22047","t":"ps","c":"Kakamega"}},{"type":"Feature","geometry":{"type":"Point","coordinates":[34.766183,0.387643]},"properties":{"id":"539195635","n":"Chiliva Community, Micheal Otsili Spring - 23109","t":"ps","c":"Kakamega"}},{"type":"Feature","geometry":{"type":"Point","coordinates":[34.820483,0.357174]},"properties":{"id":"523263539","n":"Malimali BH 1","t":"bh","c":"Kakamega"}},{"type":"Feature","geometry":{"type":"Point","coordinates":[34.802093,0.416572]},"properties":{"id":"523226211","n":"Lusumu PS1","t":"ps","c":"Kakamega"}},{"type":"Feature","geometry":{"type":"Point","coordinates":[34.785256,0.368923]},"properties":{"id":"523346892","n":"Musala PD 9","t":"pdw","c":"Kakamega"}},{"type":"Feature","geometry":{"type":"Point","coordinates":[34.819799,0.40738]},"properties":{"id":"679035260","n":"Muchemo Community, Likunga Spring - 410008","t":"ps","c":"Kakamega"}},{"type":"Feature","geometry":{"type":"Point","coordinates":[34.84217,0.40029]},"properties":{"id":"523233837","n":"Kware B PD11","t":"pdw","c":"Kakamega"}},{"type":"Feature","geometry":{"type":"Point","coordinates":[34.813394,0.396053]},"properties":{"id":"523222327","n":"Ingavira PD9","t":"pdw","c":"Kakamega"}},{"type":"Feature","geometry":{"type":"Point","coordinates":[34.794665,0.371748]},"properties":{"id":"523204851","n":"Musala PD 12","t":"pdw","c":"Kakamega"}},{"type":"Feature","geometry":{"type":"Point","coordinates":[34.827562,0.398878]},"properties":{"id":"523294218","n":"Wetesa US1","t":"us","c":"Kakamega"}},{"type":"Feature","geometry":{"type":"Point","coordinates":[34.844362,0.40042]},"properties":{"id":"523317885","n":"Kware A PD2","t":"pdw","c":"Kakamega"}},{"type":"Feature","geometry":{"type":"Point","coordinates":[34.783518,0.371657]},"properties":{"id":"523278524","n":"Kwava US 3","t":"us","c":"Kakamega"}},{"type":"Feature","geometry":{"type":"Point","coordinates":[34.772682,0.384278]},"properties":{"id":"523205780","n":"Lunyinya B PD 2","t":"pdw","c":"Kakamega"}},{"type":"Feature","geometry":{"type":"Point","coordinates":[34.807863,0.426563]},"properties":{"id":"523244488","n":"Shikoshe A US 4","t":"us","c":"Kakamega"}},{"type":"Feature","geometry":{"type":"Point","coordinates":[34.85015,0.376601]},"properties":{"id":"523298504","n":"Sasala PD 23","t":"pdw","c":"Kakamega"}},{"type":"Feature","geometry":{"type":"Point","coordinates":[34.813435,0.353873]},"properties":{"id":"523221230","n":"Daraja mbili PD 2","t":"pdw","c":"Kakamega"}},{"type":"Feature","geometry":{"type":"Point","coordinates":[34.835734,0.388745]},"properties":{"id":"523218436","n":"Alufu PD12","t":"pdw","c":"Kakamega"}},{"type":"Feature","geometry":{"type":"Point","coordinates":[34.796187,0.391619]},"properties":{"id":"523240099","n":"Shiuna A PS 8","t":"ps","c":"Kakamega"}},{"type":"Feature","geometry":{"type":"Point","coordinates":[34.811248,0.386375]},"properties":{"id":"523337724","n":"Shamoni A PD 8","t":"pdw","c":"Kakamega"}},{"type":"Feature","geometry":{"type":"Point","coordinates":[34.816835,0.356855]},"properties":{"id":"523258324","n":"Daraja mbili UD 5","t":"udw","c":"Kakamega"}},{"type":"Feature","geometry":{"type":"Point","coordinates":[34.852421,0.376274]},"properties":{"id":"523346380","n":"Sasala PD 15","t":"pdw","c":"Kakamega"}},{"type":"Feature","geometry":{"type":"Point","coordinates":[34.824712,0.349057]},"properties":{"id":"523247151","n":"Shilalunga A US 3","t":"us","c":"Kakamega"}},{"type":"Feature","geometry":{"type":"Point","coordinates":[34.82739,0.392267]},"properties":{"id":"523259576","n":"Shiruma US5","t":"us","c":"Kakamega"}},{"type":"Feature","geometry":{"type":"Point","coordinates":[34.81046,0.360492]},"properties":{"id":"523321219","n":"Mukhonje PD 4","t":"pdw","c":"Kakamega"}},{"type":"Feature","geometry":{"type":"Point","coordinates":[34.800661,0.379621]},"properties":{"id":"523310967","n":"Shianda A PD 1","t":"pdw","c":"Kakamega"}},{"type":"Feature","geometry":{"type":"Point","coordinates":[34.829293,0.372893]},"properties":{"id":"523271613","n":"Luokho PS 2","t":"ps","c":"Kakamega"}},{"type":"Feature","geometry":{"type":"Point","coordinates":[34.813752,0.385995]},"properties":{"id":"523344508","n":"Ingavira PD 2","t":"pdw","c":"Kakamega"}},{"type":"Feature","geometry":{"type":"Point","coordinates":[34.849748,0.373473]},"properties":{"id":"523203427","n":"Sasala PD 53","t":"pdw","c":"Kakamega"}},{"type":"Feature","geometry":{"type":"Point","coordinates":[34.826213,0.356147]},"properties":{"id":"523328034","n":"Malimali PS 3","t":"ps","c":"Kakamega"}},{"type":"Feature","geometry":{"type":"Point","coordinates":[34.8277,0.386153]},"properties":{"id":"523299471","n":"Shiruma US7","t":"us","c":"Kakamega"}},{"type":"Feature","geometry":{"type":"Point","coordinates":[34.834699,0.371624]},"properties":{"id":"523305989","n":"Shamberere US 1","t":"us","c":"Kakamega"}},{"type":"Feature","geometry":{"type":"Point","coordinates":[34.834855,0.375656]},"properties":{"id":"523329396","n":"Shamberere PD 10","t":"pdw","c":"Kakamega"}},{"type":"Feature","geometry":{"type":"Point","coordinates":[34.781751,0.395145]},"properties":{"id":"523260134","n":"Shikutse A PD 6","t":"pdw","c":"Kakamega"}},{"type":"Feature","geometry":{"type":"Point","coordinates":[34.787908,0.372353]},"properties":{"id":"523332705","n":"Kwava US 2","t":"us","c":"Kakamega"}},{"type":"Feature","geometry":{"type":"Point","coordinates":[34.826246,0.356133]},"properties":{"id":"82141316","n":"Malimali, Shamala Spring - 19136","t":"ps","c":"Kakamega"}},{"type":"Feature","geometry":{"type":"Point","coordinates":[34.814811,0.378353]},"properties":{"id":"523339915","n":"Makale A PD 18","t":"pdw","c":"Kakamega"}},{"type":"Feature","geometry":{"type":"Point","coordinates":[34.789095,0.36336]},"properties":{"id":"523224408","n":"Lukunza PS 1","t":"ps","c":"Kakamega"}},{"type":"Feature","geometry":{"type":"Point","coordinates":[34.821056,0.383194]},"properties":{"id":"523226008","n":"Makale A PD 8","t":"pdw","c":"Kakamega"}},{"type":"Feature","geometry":{"type":"Point","coordinates":[34.814898,0.344189]},"properties":{"id":"523247649","n":"Chombeli US 1","t":"us","c":"Kakamega"}},{"type":"Feature","geometry":{"type":"Point","coordinates":[34.800562,0.414935]},"properties":{"id":"523283588","n":"Lusumu US1","t":"us","c":"Kakamega"}},{"type":"Feature","geometry":{"type":"Point","coordinates":[34.820349,0.405239]},"properties":{"id":"523262071","n":"Wetesa PD2","t":"pdw","c":"Kakamega"}},{"type":"Feature","geometry":{"type":"Point","coordinates":[34.844604,0.376699]},"properties":{"id":"523274245","n":"Sasala PD 65","t":"pdw","c":"Kakamega"}},{"type":"Feature","geometry":{"type":"Point","coordinates":[34.791557,0.385592]},"properties":{"id":"523285085","n":"Shihome US 1","t":"us","c":"Kakamega"}},{"type":"Feature","geometry":{"type":"Point","coordinates":[34.822124,0.401757]},"properties":{"id":"523203908","n":"Wetesa PD5","t":"pdw","c":"Kakamega"}},{"type":"Feature","geometry":{"type":"Point","coordinates":[34.798968,0.369694]},"properties":{"id":"523328986","n":"Shianda B US 1","t":"us","c":"Kakamega"}},{"type":"Feature","geometry":{"type":"Point","coordinates":[34.825645,0.374784]},"properties":{"id":"523233992","n":"West Kenya PD 25","t":"pdw","c":"Kakamega"}},{"type":"Feature","geometry":{"type":"Point","coordinates":[34.848333,0.398383]},"properties":{"id":"523199911","n":"Kware A UD1","t":"udw","c":"Kakamega"}},{"type":"Feature","geometry":{"type":"Point","coordinates":[34.79904,0.354203]},"properties":{"id":"523278782","n":"Mundoli US 3","t":"us","c":"Kakamega"}},{"type":"Feature","geometry":{"type":"Point","coordinates":[34.819542,0.405327]},"properties":{"id":"523303286","n":"Wetesa PD3","t":"pdw","c":"Kakamega"}},{"type":"Feature","geometry":{"type":"Point","coordinates":[34.825803,0.380613]},"properties":{"id":"523334484","n":"Shiruma US3","t":"us","c":"Kakamega"}},{"type":"Feature","geometry":{"type":"Point","coordinates":[34.827077,0.377877]},"properties":{"id":"523205584","n":"West Kenya PD 16","t":"pdw","c":"Kakamega"}},{"type":"Feature","geometry":{"type":"Point","coordinates":[34.789538,0.365703]},"properties":{"id":"272020142","n":"Shianda Community, Akhonya Spring - 21005","t":"ps","c":"Kakamega"}},{"type":"Feature","geometry":{"type":"Point","coordinates":[34.811738,0.420073]},"properties":{"id":"523248152","n":"Muchemo US3","t":"us","c":"Kakamega"}},{"type":"Feature","geometry":{"type":"Point","coordinates":[34.836578,0.374193]},"properties":{"id":"523288318","n":"Shamberere PD 14","t":"pdw","c":"Kakamega"}},{"type":"Feature","geometry":{"type":"Point","coordinates":[34.792295,0.394304]},"properties":{"id":"523294737","n":"Shiuna B PD 4","t":"pdw","c":"Kakamega"}},{"type":"Feature","geometry":{"type":"Point","coordinates":[34.799522,0.358383]},"properties":{"id":"305464710","n":"Mundoli Community, Pamela Atieno Spring - 21049","t":"ps","c":"Kakamega"}},{"type":"Feature","geometry":{"type":"Point","coordinates":[34.830425,0.376355]},"properties":{"id":"523288057","n":"West Kenya PD 3","t":"pdw","c":"Kakamega"}},{"type":"Feature","geometry":{"type":"Point","coordinates":[34.822603,0.361746]},"properties":{"id":"523215842","n":"Imbinga PD 1","t":"pdw","c":"Kakamega"}},{"type":"Feature","geometry":{"type":"Point","coordinates":[34.796454,0.343875]},"properties":{"id":"523241344","n":"Mulwanda PS 4","t":"ps","c":"Kakamega"}},{"type":"Feature","geometry":{"type":"Point","coordinates":[34.808832,0.342282]},"properties":{"id":"523213888","n":"Chombeli PD 33","t":"pdw","c":"Kakamega"}},{"type":"Feature","geometry":{"type":"Point","coordinates":[34.795283,0.368714]},"properties":{"id":"523235932","n":"Shianda B PD 6","t":"pdw","c":"Kakamega"}},{"type":"Feature","geometry":{"type":"Point","coordinates":[34.82839,0.365724]},"properties":{"id":"523328869","n":"Luokho PD 5","t":"pdw","c":"Kakamega"}},{"type":"Feature","geometry":{"type":"Point","coordinates":[34.81963,0.378074]},"properties":{"id":"523277389","n":"Makale A PD 3","t":"pdw","c":"Kakamega"}},{"type":"Feature","geometry":{"type":"Point","coordinates":[34.825935,0.378616]},"properties":{"id":"523294201","n":"West Kenya PD 20","t":"pdw","c":"Kakamega"}},{"type":"Feature","geometry":{"type":"Point","coordinates":[34.811185,0.377532]},"properties":{"id":"366925096","n":"Shamoni Primary School - 22240","t":"bh","c":"Kakamega","d":65.0}},{"type":"Feature","geometry":{"type":"Point","coordinates":[34.788983,0.367037]},"properties":{"id":"523253556","n":"Musala US 3","t":"us","c":"Kakamega"}},{"type":"Feature","geometry":{"type":"Point","coordinates":[34.836805,0.37946]},"properties":{"id":"523279343","n":"Alufu PD13","t":"pdw","c":"Kakamega"}},{"type":"Feature","geometry":{"type":"Point","coordinates":[34.824575,0.388082]},"properties":{"id":"523212674","n":"Shiruma PD5","t":"pdw","c":"Kakamega"}},{"type":"Feature","geometry":{"type":"Point","coordinates":[34.79961,0.372467]},"properties":{"id":"523328728","n":"Shianda A US 1","t":"us","c":"Kakamega"}},{"type":"Feature","geometry":{"type":"Point","coordinates":[34.813385,0.378394]},"properties":{"id":"523261104","n":"Makale B US 1","t":"us","c":"Kakamega"}},{"type":"Feature","geometry":{"type":"Point","coordinates":[34.809153,0.368467]},"properties":{"id":"523294627","n":"Chevoso US 2","t":"us","c":"Kakamega"}},{"type":"Feature","geometry":{"type":"Point","coordinates":[34.80047,0.376097]},"properties":{"id":"523271503","n":"Shianda A PD 6","t":"pdw","c":"Kakamega"}},{"type":"Feature","geometry":{"type":"Point","coordinates":[34.830447,0.377365]},"properties":{"id":"523348849","n":"West Kenya PD 5","t":"pdw","c":"Kakamega"}},{"type":"Feature","geometry":{"type":"Point","coordinates":[34.836739,0.375828]},"properties":{"id":"523289883","n":"Shamberere PD 23","t":"pdw","c":"Kakamega"}},{"type":"Feature","geometry":{"type":"Point","coordinates":[34.810669,0.409391]},"properties":{"id":"523324085","n":"Mahira UD2","t":"udw","c":"Kakamega"}},{"type":"Feature","geometry":{"type":"Point","coordinates":[34.798298,0.368092]},"properties":{"id":"523317926","n":"Shianda B PD 3","t":"pdw","c":"Kakamega"}},{"type":"Feature","geometry":{"type":"Point","coordinates":[34.853868,0.378434]},"properties":{"id":"523319461","n":"Shanda B PD17","t":"pdw","c":"Kakamega"}},{"type":"Feature","geometry":{"type":"Point","coordinates":[34.803595,0.393395]},"properties":{"id":"523192983","n":"Mayungu PD4","t":"pdw","c":"Kakamega"}},{"type":"Feature","geometry":{"type":"Point","coordinates":[34.81741,0.386962]},"properties":{"id":"523267791","n":"Shing'ondo BH1","t":"bh","c":"Kakamega"}},{"type":"Feature","geometry":{"type":"Point","coordinates":[34.8061,0.429307]},"properties":{"id":"523233246","n":"Sundulo A PD 11","t":"pdw","c":"Kakamega"}},{"type":"Feature","geometry":{"type":"Point","coordinates":[34.803843,0.389267]},"properties":{"id":"523226493","n":"Mayungu US1","t":"us","c":"Kakamega"}},{"type":"Feature","geometry":{"type":"Point","coordinates":[34.795117,0.347246]},"properties":{"id":"523252720","n":"Mulwanda PD 7","t":"pdw","c":"Kakamega"}},{"type":"Feature","geometry":{"type":"Point","coordinates":[34.807737,0.342073]},"properties":{"id":"523258661","n":"Chombeli PS 3","t":"ps","c":"Kakamega"}},{"type":"Feature","geometry":{"type":"Point","coordinates":[34.810026,0.393323]},"properties":{"id":"523223799","n":"Ingavira PD16","t":"pdw","c":"Kakamega"}},{"type":"Feature","geometry":{"type":"Point","coordinates":[34.784128,0.381621]},"properties":{"id":"588669","n":"Wakukha Community - 4191","t":"pdw","c":"Kakamega"}},{"type":"Feature","geometry":{"type":"Point","coordinates":[34.852724,0.375778]},"properties":{"id":"523251327","n":"Sasala PD 6","t":"pdw","c":"Kakamega"}},{"type":"Feature","geometry":{"type":"Point","coordinates":[34.773851,0.374375]},"properties":{"id":"329034746","n":"Lunyinya Community, John Wesaya Spring - 21058","t":"ps","c":"Kakamega"}},{"type":"Feature","geometry":{"type":"Point","coordinates":[34.83683,0.375973]},"properties":{"id":"523292113","n":"Shamberere PD 24","t":"pdw","c":"Kakamega"}},{"type":"Feature","geometry":{"type":"Point","coordinates":[34.837068,0.369267]},"properties":{"id":"523226383","n":"Shamberere PD 45","t":"pdw","c":"Kakamega"}},{"type":"Feature","geometry":{"type":"Point","coordinates":[34.781458,0.382248]},"properties":{"id":"523223782","n":"Ngaywa PS 1","t":"ps","c":"Kakamega"}},{"type":"Feature","geometry":{"type":"Point","coordinates":[34.814415,0.363052]},"properties":{"id":"523284084","n":"Mukhonje PS 1","t":"ps","c":"Kakamega"}},{"type":"Feature","geometry":{"type":"Point","coordinates":[34.811579,0.37026]},"properties":{"id":"523250962","n":"Chevoso PD 2","t":"pdw","c":"Kakamega"}},{"type":"Feature","geometry":{"type":"Point","coordinates":[34.82864,0.402015]},"properties":{"id":"523194655","n":"Wetesa PD15","t":"pdw","c":"Kakamega"}},{"type":"Feature","geometry":{"type":"Point","coordinates":[34.783615,0.369052]},"properties":{"id":"523326977","n":"Musala PD 8","t":"pdw","c":"Kakamega"}},{"type":"Feature","geometry":{"type":"Point","coordinates":[34.838312,0.376024]},"properties":{"id":"523276003","n":"Shamberere PD 41","t":"pdw","c":"Kakamega"}},{"type":"Feature","geometry":{"type":"Point","coordinates":[34.837843,0.361178]},"properties":{"id":"523258142","n":"Bukhakunga B PS 2","t":"ps","c":"Kakamega"}},{"type":"Feature","geometry":{"type":"Point","coordinates":[34.795511,0.360058]},"properties":{"id":"523347824","n":"Lukunza PS 3","t":"ps","c":"Kakamega"}},{"type":"Feature","geometry":{"type":"Point","coordinates":[34.819769,0.384388]},"properties":{"id":"523234814","n":"Makale A PD 11","t":"pdw","c":"Kakamega"}},{"type":"Feature","geometry":{"type":"Point","coordinates":[34.843992,0.389109]},"properties":{"id":"523326805","n":"Lumusieti A US1","t":"us","c":"Kakamega"}},{"type":"Feature","geometry":{"type":"Point","coordinates":[34.796306,0.356357]},"properties":{"id":"523226448","n":"Mulwanda PD 1","t":"pdw","c":"Kakamega"}},{"type":"Feature","geometry":{"type":"Point","coordinates":[34.779757,0.394909]},"properties":{"id":"523256353","n":"Shikutse A PD 2","t":"pdw","c":"Kakamega"}},{"type":"Feature","geometry":{"type":"Point","coordinates":[34.807983,0.388366]},"properties":{"id":"523325842","n":"Mayungu PD10","t":"pdw","c":"Kakamega"}},{"type":"Feature","geometry":{"type":"Point","coordinates":[34.811754,0.365664]},"properties":{"id":"523207201","n":"Chevoso PD 9","t":"pdw","c":"Kakamega"}},{"type":"Feature","geometry":{"type":"Point","coordinates":[34.82661,0.37794]},"properties":{"id":"523314181","n":"West Kenya PD 15","t":"pdw","c":"Kakamega"}},{"type":"Feature","geometry":{"type":"Point","coordinates":[34.809088,0.426703]},"properties":{"id":"523322650","n":"Shikoshe A PD 3","t":"pdw","c":"Kakamega"}},{"type":"Feature","geometry":{"type":"Point","coordinates":[34.84562,0.399211]},"properties":{"id":"523349125","n":"Kware A PD3","t":"pdw","c":"Kakamega"}},{"type":"Feature","geometry":{"type":"Point","coordinates":[34.809527,0.347261]},"properties":{"id":"523280310","n":"Muyava PD 6","t":"pdw","c":"Kakamega"}},{"type":"Feature","geometry":{"type":"Point","coordinates":[34.805083,0.417755]},"properties":{"id":"523321958","n":"Ikhanyi PD12","t":"pdw","c":"Kakamega"}},{"type":"Feature","geometry":{"type":"Point","coordinates":[34.852415,0.376398]},"properties":{"id":"523235736","n":"Sasala PD 14","t":"pdw","c":"Kakamega"}},{"type":"Feature","geometry":{"type":"Point","coordinates":[34.810606,0.360435]},"properties":{"id":"523307895","n":"Mukhonje PD 2","t":"pdw","c":"Kakamega"}},{"type":"Feature","geometry":{"type":"Point","coordinates":[34.812835,0.353883]},"properties":{"id":"523291538","n":"Daraja mbili PD 3","t":"pdw","c":"Kakamega"}},{"type":"Feature","geometry":{"type":"Point","coordinates":[34.810608,0.408702]},"properties":{"id":"523267502","n":"Mahira PD15","t":"pdw","c":"Kakamega"}},{"type":"Feature","geometry":{"type":"Point","coordinates":[34.783254,0.374087]},"properties":{"id":"523321886","n":"Kwava PD 1","t":"pdw","c":"Kakamega"}},{"type":"Feature","geometry":{"type":"Point","coordinates":[34.811393,0.395243]},"properties":{"id":"523335784","n":"Ingavira PD9","t":"pdw","c":"Kakamega"}},{"type":"Feature","geometry":{"type":"Point","coordinates":[34.846117,0.400545]},"properties":{"id":"523329877","n":"Kware A PD5","t":"pdw","c":"Kakamega"}},{"type":"Feature","geometry":{"type":"Point","coordinates":[34.798906,0.371668]},"properties":{"id":"416580910","n":"Shiana Community, Masiache Spring - 22056","t":"ps","c":"Kakamega"}},{"type":"Feature","geometry":{"type":"Point","coordinates":[34.838503,0.370862]},"properties":{"id":"523330174","n":"Shamberere US 2","t":"us","c":"Kakamega"}},{"type":"Feature","geometry":{"type":"Point","coordinates":[34.842075,0.374217]},"properties":{"id":"523315120","n":"Sasala PD 82","t":"pdw","c":"Kakamega"}},{"type":"Feature","geometry":{"type":"Point","coordinates":[34.804305,0.383461]},"properties":{"id":"523316499","n":"Shamoni A PD 5","t":"pdw","c":"Kakamega"}},{"type":"Feature","geometry":{"type":"Point","coordinates":[34.822697,0.381516]},"properties":{"id":"523257141","n":"Makale A PD 6","t":"pdw","c":"Kakamega"}},{"type":"Feature","geometry":{"type":"Point","coordinates":[34.841353,0.373531]},"properties":{"id":"523310613","n":"Sasala PS 4","t":"ps","c":"Kakamega"}},{"type":"Feature","geometry":{"type":"Point","coordinates":[34.838205,0.390047]},"properties":{"id":"523257323","n":"Alufu PD14","t":"pdw","c":"Kakamega"}},{"type":"Feature","geometry":{"type":"Point","coordinates":[34.8099,0.413812]},"properties":{"id":"523302120","n":"Ikhanyi PD3","t":"pdw","c":"Kakamega"}},{"type":"Feature","geometry":{"type":"Point","coordinates":[34.832715,0.390475]},"properties":{"id":"523279790","n":"Alufu PS4","t":"ps","c":"Kakamega"}},{"type":"Feature","geometry":{"type":"Point","coordinates":[34.836826,0.400729]},"properties":{"id":"523192691","n":"Kware B PD4","t":"pdw","c":"Kakamega"}},{"type":"Feature","geometry":{"type":"Point","coordinates":[34.77125,0.380043]},"properties":{"id":"423406708","n":"Lunyinya Community, Josphat Cheroti Spring - 22030","t":"ps","c":"Kakamega"}},{"type":"Feature","geometry":{"type":"Point","coordinates":[34.803785,0.383682]},"properties":{"id":"523197854","n":"Shamoni A PD 4","t":"pdw","c":"Kakamega"}},{"type":"Feature","geometry":{"type":"Point","coordinates":[34.835087,0.375934]},"properties":{"id":"523231866","n":"Shamberere PD 6","t":"pdw","c":"Kakamega"}},{"type":"Feature","geometry":{"type":"Point","coordinates":[34.775145,0.370781]},"properties":{"id":"523219808","n":"Shivakala B PD 1","t":"pdw","c":"Kakamega"}},{"type":"Feature","geometry":{"type":"Point","coordinates":[34.834606,0.375801]},"properties":{"id":"523266824","n":"Shamberere PD 7","t":"pdw","c":"Kakamega"}},{"type":"Feature","geometry":{"type":"Point","coordinates":[34.847255,0.395542]},"properties":{"id":"523340683","n":"Kware A US1","t":"us","c":"Kakamega"}},{"type":"Feature","geometry":{"type":"Point","coordinates":[34.837909,0.361208]},"properties":{"id":"41049219","n":"Shamberere, Khayati Spring - 19085","t":"ps","c":"Kakamega"}},{"type":"Feature","geometry":{"type":"Point","coordinates":[34.80453,0.416969]},"properties":{"id":"523347336","n":"Ikhanyi PD11","t":"pdw","c":"Kakamega"}},{"type":"Feature","geometry":{"type":"Point","coordinates":[34.809653,0.411188]},"properties":{"id":"523348629","n":"Mahira PD6","t":"pdw","c":"Kakamega"}},{"type":"Feature","geometry":{"type":"Point","coordinates":[34.807504,0.357999]},"properties":{"id":"523326324","n":"Mukhonje PD 6","t":"pdw","c":"Kakamega"}},{"type":"Feature","geometry":{"type":"Point","coordinates":[34.813508,0.397925]},"properties":{"id":"523278689","n":"Ingavira PD13","t":"pdw","c":"Kakamega"}},{"type":"Feature","geometry":{"type":"Point","coordinates":[34.808129,0.37938]},"properties":{"id":"523221254","n":"Ingavira US 4","t":"us","c":"Kakamega"}},{"type":"Feature","geometry":{"type":"Point","coordinates":[34.812308,0.413218]},"properties":{"id":"523310424","n":"Mahira PS1","t":"ps","c":"Kakamega"}},{"type":"Feature","geometry":{"type":"Point","coordinates":[34.816451,0.357603]},"properties":{"id":"523283320","n":"Daraja mbili PD 9","t":"pdw","c":"Kakamega"}},{"type":"Feature","geometry":{"type":"Point","coordinates":[34.803302,0.368575]},"properties":{"id":"523293822","n":"Emusali PD 3","t":"pdw","c":"Kakamega"}},{"type":"Feature","geometry":{"type":"Point","coordinates":[34.810338,0.412648]},"properties":{"id":"523246167","n":"Mahira PD8","t":"pdw","c":"Kakamega"}},{"type":"Feature","geometry":{"type":"Point","coordinates":[34.797407,0.371903]},"properties":{"id":"523281902","n":"Shianda B PD 1","t":"pdw","c":"Kakamega"}},{"type":"Feature","geometry":{"type":"Point","coordinates":[34.803427,0.42574]},"properties":{"id":"523300300","n":"Sundulo A PD 13","t":"pdw","c":"Kakamega"}},{"type":"Feature","geometry":{"type":"Point","coordinates":[34.84797,0.399864]},"properties":{"id":"523313317","n":"Kware A PD6","t":"pdw","c":"Kakamega"}},{"type":"Feature","geometry":{"type":"Point","coordinates":[34.847501,0.377463]},"properties":{"id":"523251767","n":"Lumusieti B PD9","t":"pdw","c":"Kakamega"}},{"type":"Feature","geometry":{"type":"Point","coordinates":[34.827557,0.374305]},"properties":{"id":"523195986","n":"West Kenya PD 23","t":"pdw","c":"Kakamega"}},{"type":"Feature","geometry":{"type":"Point","coordinates":[34.814748,0.357955]},"properties":{"id":"423406650","n":"Malimali Community, Andanje Spring - 22022","t":"ps","c":"Kakamega"}},{"type":"Feature","geometry":{"type":"Point","coordinates":[34.794741,0.382781]},"properties":{"id":"523207160","n":"Shamoni B PD 12","t":"pdw","c":"Kakamega"}},{"type":"Feature","geometry":{"type":"Point","coordinates":[34.825953,0.369032]},"properties":{"id":"523338426","n":"Luokho PD 9","t":"pdw","c":"Kakamega"}},{"type":"Feature","geometry":{"type":"Point","coordinates":[34.834732,0.369197]},"properties":{"id":"523203496","n":"Shamberere PD 50","t":"pdw","c":"Kakamega"}},{"type":"Feature","geometry":{"type":"Point","coordinates":[34.770998,0.38505]},"properties":{"id":"523213211","n":"Lunyinya B PD 1","t":"pdw","c":"Kakamega"}},{"type":"Feature","geometry":{"type":"Point","coordinates":[34.819678,0.394163]},"properties":{"id":"523217246","n":"Shing'ondo PD2","t":"pdw","c":"Kakamega"}},{"type":"Feature","geometry":{"type":"Point","coordinates":[34.797027,0.38281]},"properties":{"id":"523283997","n":"Shamoni B PS 2","t":"ps","c":"Kakamega"}},{"type":"Feature","geometry":{"type":"Point","coordinates":[34.842968,0.398373]},"properties":{"id":"523242314","n":"Kware B PD8","t":"pdw","c":"Kakamega"}},{"type":"Feature","geometry":{"type":"Point","coordinates":[34.836888,0.375404]},"properties":{"id":"523208295","n":"Shamberere PD 26","t":"pdw","c":"Kakamega"}},{"type":"Feature","geometry":{"type":"Point","coordinates":[34.852612,0.384913]},"properties":{"id":"523236689","n":"Lumusieti A PS1","t":"ps","c":"Kakamega"}},{"type":"Feature","geometry":{"type":"Point","coordinates":[34.786111,0.37828]},"properties":{"id":"523302467","n":"Shilongo US 6","t":"us","c":"Kakamega"}},{"type":"Feature","geometry":{"type":"Point","coordinates":[34.819844,0.371213]},"properties":{"id":"523297699","n":"Makale B PD 6","t":"pdw","c":"Kakamega"}},{"type":"Feature","geometry":{"type":"Point","coordinates":[34.809078,0.419717]},"properties":{"id":"523334329","n":"Ikhanyi PD8","t":"pdw","c":"Kakamega"}},{"type":"Feature","geometry":{"type":"Point","coordinates":[34.820138,0.368893]},"properties":{"id":"523330772","n":"Mukomari PS 2","t":"ps","c":"Kakamega"}},{"type":"Feature","geometry":{"type":"Point","coordinates":[34.801088,0.399567]},"properties":{"id":"305464813","n":"Shianda Community, Aburil Spring - 21008","t":"ps","c":"Kakamega"}},{"type":"Feature","geometry":{"type":"Point","coordinates":[34.792937,0.360166]},"properties":{"id":"523330985","n":"Lukunza PD 1","t":"pdw","c":"Kakamega"}},{"type":"Feature","geometry":{"type":"Point","coordinates":[34.803836,0.369069]},"properties":{"id":"523314545","n":"Emusali PD 4","t":"pdw","c":"Kakamega"}},{"type":"Feature","geometry":{"type":"Point","coordinates":[34.807453,0.388388]},"properties":{"id":"523245874","n":"Mayungu PD10","t":"pdw","c":"Kakamega"}},{"type":"Feature","geometry":{"type":"Point","coordinates":[34.821481,0.377779]},"properties":{"id":"523196705","n":"Makale A PS 1","t":"ps","c":"Kakamega"}},{"type":"Feature","geometry":{"type":"Point","coordinates":[34.767233,0.389243]},"properties":{"id":"316006761","n":"Chiliva Community, Elphas Omworo Spring - 21078","t":"ps","c":"Kakamega"}},{"type":"Feature","geometry":{"type":"Point","coordinates":[34.788229,0.372747]},"properties":{"id":"523262569","n":"Kwava PD 2","t":"pdw","c":"Kakamega"}},{"type":"Feature","geometry":{"type":"Point","coordinates":[34.825744,0.382335]},"properties":{"id":"523240697","n":"Shiruma PS1","t":"ps","c":"Kakamega"}},{"type":"Feature","geometry":{"type":"Point","coordinates":[34.819282,0.367604]},"properties":{"id":"523227023","n":"Mukomari PD 5","t":"pdw","c":"Kakamega"}},{"type":"Feature","geometry":{"type":"Point","coordinates":[34.787079,0.371664]},"properties":{"id":"523257385","n":"Kwava UD 1","t":"udw","c":"Kakamega"}},{"type":"Feature","geometry":{"type":"Point","coordinates":[34.809479,0.370272]},"properties":{"id":"523304294","n":"Chevoso PD 6","t":"pdw","c":"Kakamega"}},{"type":"Feature","geometry":{"type":"Point","coordinates":[34.782075,0.398628]},"properties":{"id":"523194954","n":"Shikutse A US 11","t":"us","c":"Kakamega"}},{"type":"Feature","geometry":{"type":"Point","coordinates":[34.791607,0.37764]},"properties":{"id":"523300771","n":"Shilongo US 1","t":"us","c":"Kakamega"}},{"type":"Feature","geometry":{"type":"Point","coordinates":[34.779632,0.381163]},"properties":{"id":"523346988","n":"Ngaywa US 2","t":"us","c":"Kakamega"}},{"type":"Feature","geometry":{"type":"Point","coordinates":[34.829646,0.394373]},"properties":{"id":"523269102","n":"Alufu PS3","t":"ps","c":"Kakamega"}},{"type":"Feature","geometry":{"type":"Point","coordinates":[34.810702,0.383931]},"properties":{"id":"523342348","n":"Shamoni A PD 11","t":"pdw","c":"Kakamega"}},{"type":"Feature","geometry":{"type":"Point","coordinates":[34.78864,0.398457]},"properties":{"id":"523320964","n":"Indulusia A US 1","t":"us","c":"Kakamega"}},{"type":"Feature","geometry":{"type":"Point","coordinates":[34.850112,0.37639]},"properties":{"id":"523295673","n":"Sasala PD 25","t":"pdw","c":"Kakamega"}},{"type":"Feature","geometry":{"type":"Point","coordinates":[34.776919,0.391235]},"properties":{"id":"366925041","n":"Lunyinya Community, Francis Okumu Spring - 22012","t":"ps","c":"Kakamega"}},{"type":"Feature","geometry":{"type":"Point","coordinates":[34.832028,0.390937]},"properties":{"id":"523198123","n":"Alufu PD18","t":"pdw","c":"Kakamega"}},{"type":"Feature","geometry":{"type":"Point","coordinates":[34.810038,0.346439]},"properties":{"id":"523333050","n":"Chombeli PD 8","t":"pdw","c":"Kakamega"}},{"type":"Feature","geometry":{"type":"Point","coordinates":[34.832336,0.375645]},"properties":{"id":"523313300","n":"Shamberere PS 1","t":"ps","c":"Kakamega"}},{"type":"Feature","geometry":{"type":"Point","coordinates":[34.829723,0.40533]},"properties":{"id":"523313551","n":"Wetesa PD21","t":"pdw","c":"Kakamega"}},{"type":"Feature","geometry":{"type":"Point","coordinates":[34.819295,0.354741]},"properties":{"id":"523204961","n":"Daraja mbili US 1","t":"us","c":"Kakamega"}},{"type":"Feature","geometry":{"type":"Point","coordinates":[34.815139,0.372856]},"properties":{"id":"432093458","n":"Chevoso Community, Joseph Shiundu Spring - 22049","t":"ps","c":"Kakamega"}},{"type":"Feature","geometry":{"type":"Point","coordinates":[34.826192,0.401685]},"properties":{"id":"523199227","n":"Wetesa PD10","t":"udw","c":"Kakamega"}},{"type":"Feature","geometry":{"type":"Point","coordinates":[34.810742,0.367515]},"properties":{"id":"523209155","n":"Chevoso US 3","t":"us","c":"Kakamega"}},{"type":"Feature","geometry":{"type":"Point","coordinates":[34.804117,0.34105]},"properties":{"id":"523254430","n":"Mwiyala PD 1","t":"pdw","c":"Kakamega"}},{"type":"Feature","geometry":{"type":"Point","coordinates":[34.787824,0.401168]},"properties":{"id":"523290331","n":"Indulusia A PD 5","t":"pdw","c":"Kakamega"}},{"type":"Feature","geometry":{"type":"Point","coordinates":[34.810676,0.411483]},"properties":{"id":"523350776","n":"Mahira PD10","t":"pdw","c":"Kakamega"}},{"type":"Feature","geometry":{"type":"Point","coordinates":[34.766812,0.396312]},"properties":{"id":"523292429","n":"Shisisini PD 2","t":"pdw","c":"Kakamega"}},{"type":"Feature","geometry":{"type":"Point","coordinates":[34.817912,0.380541]},"properties":{"id":"523254117","n":"Makale A PD 15","t":"pdw","c":"Kakamega"}},{"type":"Feature","geometry":{"type":"Point","coordinates":[34.778121,0.378948]},"properties":{"id":"523240226","n":"Lunyinya A PS 1","t":"ps","c":"Kakamega"}},{"type":"Feature","geometry":{"type":"Point","coordinates":[34.794019,0.425562]},"properties":{"id":"385569408","n":"Sundulo B Community, Shem Ndoli Spring - 22020","t":"ps","c":"Kakamega"}},{"type":"Feature","geometry":{"type":"Point","coordinates":[34.781393,0.384173]},"properties":{"id":"523253264","n":"Ngaywa US 1","t":"us","c":"Kakamega"}},{"type":"Feature","geometry":{"type":"Point","coordinates":[34.841838,0.40182]},"properties":{"id":"523223122","n":"Mukava PD1","t":"pdw","c":"Kakamega"}},{"type":"Feature","geometry":{"type":"Point","coordinates":[34.843194,0.381717]},"properties":{"id":"523205371","n":"Lumusieti B PS3","t":"ps","c":"Kakamega"}},{"type":"Feature","geometry":{"type":"Point","coordinates":[34.800015,0.421368]},"properties":{"id":"523330569","n":"Ikhanyi PS4","t":"ps","c":"Kakamega"}},{"type":"Feature","geometry":{"type":"Point","coordinates":[34.848874,0.375361]},"properties":{"id":"523287111","n":"Sasala PD 43","t":"pdw","c":"Kakamega"}},{"type":"Feature","geometry":{"type":"Point","coordinates":[34.832074,0.376666]},"properties":{"id":"523323747","n":"Shamberere PD 1","t":"pdw","c":"Kakamega"}},{"type":"Feature","geometry":{"type":"Point","coordinates":[34.847824,0.379788]},"properties":{"id":"523237037","n":"Lumusieti B PD3","t":"pdw","c":"Kakamega"}},{"type":"Feature","geometry":{"type":"Point","coordinates":[34.827249,0.377756]},"properties":{"id":"523302333","n":"West Kenya PD 14","t":"pdw","c":"Kakamega"}},{"type":"Feature","geometry":{"type":"Point","coordinates":[34.853909,0.39399]},"properties":{"id":"523221481","n":"Shikulu B PD20","t":"pdw","c":"Kakamega"}},{"type":"Feature","geometry":{"type":"Point","coordinates":[34.758582,0.39612]},"properties":{"id":"523306564","n":"Shisisini PS 10","t":"ps","c":"Kakamega"}},{"type":"Feature","geometry":{"type":"Point","coordinates":[34.837292,0.398641]},"properties":{"id":"523292986","n":"Kware B US2","t":"us","c":"Kakamega"}},{"type":"Feature","geometry":{"type":"Point","coordinates":[34.801088,0.399567]},"properties":{"id":"305464806","n":"Shianda Community, Mwinami Spring - 21009","t":"ps","c":"Kakamega"}},{"type":"Feature","geometry":{"type":"Point","coordinates":[34.807019,0.387332]},"properties":{"id":"523254825","n":"Mayungu PD9","t":"pdw","c":"Kakamega"}},{"type":"Feature","geometry":{"type":"Point","coordinates":[34.821725,0.3818]},"properties":{"id":"523275624","n":"Makale A PD 5","t":"pdw","c":"Kakamega"}},{"type":"Feature","geometry":{"type":"Point","coordinates":[34.83705,0.37535]},"properties":{"id":"523320737","n":"Shamberere PD 30","t":"pdw","c":"Kakamega"}},{"type":"Feature","geometry":{"type":"Point","coordinates":[34.808177,0.386309]},"properties":{"id":"523344467","n":"Shamoni A PD 7","t":"pdw","c":"Kakamega"}},{"type":"Feature","geometry":{"type":"Point","coordinates":[34.775877,0.400198]},"properties":{"id":"523221175","n":"Lukala A US 4","t":"us","c":"Kakamega"}},{"type":"Feature","geometry":{"type":"Point","coordinates":[34.806499,0.371948]},"properties":{"id":"523192756","n":"Echemo PD 6","t":"pdw","c":"Kakamega"}},{"type":"Feature","geometry":{"type":"Point","coordinates":[34.80044,0.38533]},"properties":{"id":"876391","n":"Shihuna Community - 494","t":"bh","c":"Kakamega"}},{"type":"Feature","geometry":{"type":"Point","coordinates":[34.81295,0.347938]},"properties":{"id":"523236256","n":"Chombeli PD 6","t":"pdw","c":"Kakamega"}},{"type":"Feature","geometry":{"type":"Point","coordinates":[34.809088,0.372093]},"properties":{"id":"523273031","n":"Chevoso PD 5","t":"pdw","c":"Kakamega"}},{"type":"Feature","geometry":{"type":"Point","coordinates":[34.828246,0.388327]},"properties":{"id":"523221780","n":"Shiruma PD7","t":"pdw","c":"Kakamega"}},{"type":"Feature","geometry":{"type":"Point","coordinates":[34.812075,0.400695]},"properties":{"id":"523278191","n":"Ingavira UD2","t":"udw","c":"Kakamega"}},{"type":"Feature","geometry":{"type":"Point","coordinates":[34.803992,0.429773]},"properties":{"id":"523336235","n":"Sundulo A 15","t":"pdw","c":"Kakamega"}},{"type":"Feature","geometry":{"type":"Point","coordinates":[34.834832,0.388269]},"properties":{"id":"523289199","n":"Alufu PD13","t":"pdw","c":"Kakamega"}},{"type":"Feature","geometry":{"type":"Point","coordinates":[34.833327,0.401453]},"properties":{"id":"523307008","n":"Mukava PD8","t":"pdw","c":"Kakamega"}},{"type":"Feature","geometry":{"type":"Point","coordinates":[34.811903,0.349423]},"properties":{"id":"523323895","n":"Muyava PD 1","t":"pdw","c":"Kakamega"}},{"type":"Feature","geometry":{"type":"Point","coordinates":[34.797069,0.421349]},"properties":{"id":"523300221","n":"Lusumu PD3","t":"pdw","c":"Kakamega"}},{"type":"Feature","geometry":{"type":"Point","coordinates":[34.839181,0.388734]},"properties":{"id":"523225650","n":"Alufu PD6","t":"pdw","c":"Kakamega"}},{"type":"Feature","geometry":{"type":"Point","coordinates":[34.843743,0.379732]},"properties":{"id":"523290063","n":"Lumusieti B US4","t":"us","c":"Kakamega"}},{"type":"Feature","geometry":{"type":"Point","coordinates":[34.84152,0.375458]},"properties":{"id":"523305941","n":"Sasala PD 86","t":"pdw","c":"Kakamega"}},{"type":"Feature","geometry":{"type":"Point","coordinates":[34.793503,0.385498]},"properties":{"id":"523241959","n":"Shilongo PD 4","t":"pdw","c":"Kakamega"}},{"type":"Feature","geometry":{"type":"Point","coordinates":[34.825861,0.404338]},"properties":{"id":"523348980","n":"Wetesa PD19","t":"pdw","c":"Kakamega"}},{"type":"Feature","geometry":{"type":"Point","coordinates":[34.760557,0.397029]},"properties":{"id":"523328766","n":"Shisisini PS 11","t":"ps","c":"Kakamega"}},{"type":"Feature","geometry":{"type":"Point","coordinates":[34.834658,0.369619]},"properties":{"id":"523317713","n":"Shamberere PD 49","t":"pdw","c":"Kakamega"}},{"type":"Feature","geometry":{"type":"Point","coordinates":[34.799171,0.374769]},"properties":{"id":"523300788","n":"Shianda A PD 9","t":"pdw","c":"Kakamega"}},{"type":"Feature","geometry":{"type":"Point","coordinates":[34.812876,0.371894]},"properties":{"id":"523228794","n":"Chevoso PD 3","t":"pdw","c":"Kakamega"}},{"type":"Feature","geometry":{"type":"Point","coordinates":[34.786982,0.361877]},"properties":{"id":"523226534","n":"Lukunza US 1","t":"us","c":"Kakamega"}},{"type":"Feature","geometry":{"type":"Point","coordinates":[34.775575,0.398567]},"properties":{"id":"523286952","n":"Lukala A PS 3","t":"ps","c":"Kakamega"}},{"type":"Feature","geometry":{"type":"Point","coordinates":[34.808396,0.420271]},"properties":{"id":"523239046","n":"Ikhanyi PD9","t":"pdw","c":"Kakamega"}},{"type":"Feature","geometry":{"type":"Point","coordinates":[34.83011,0.402925]},"properties":{"id":"523331766","n":"Mukava PD10","t":"pdw","c":"Kakamega"}},{"type":"Feature","geometry":{"type":"Point","coordinates":[34.851277,0.396483]},"properties":{"id":"523249328","n":"Kware A PD9","t":"pdw","c":"Kakamega"}},{"type":"Feature","geometry":{"type":"Point","coordinates":[34.82268,0.370121]},"properties":{"id":"523301875","n":"Mukomari UD 2","t":"udw","c":"Kakamega"}},{"type":"Feature","geometry":{"type":"Point","coordinates":[34.8445,0.376362]},"properties":{"id":"523274513","n":"Sasala PD 67","t":"pdw","c":"Kakamega"}},{"type":"Feature","geometry":{"type":"Point","coordinates":[34.837881,0.38121]},"properties":{"id":"523207775","n":"Alufu PD4","t":"pdw","c":"Kakamega"}},{"type":"Feature","geometry":{"type":"Point","coordinates":[34.84897,0.39742]},"properties":{"id":"523294359","n":"Kware A UD2","t":"udw","c":"Kakamega"}},{"type":"Feature","geometry":{"type":"Point","coordinates":[34.849259,0.376698]},"properties":{"id":"523275978","n":"Sasala PD 35","t":"pdw","c":"Kakamega"}},{"type":"Feature","geometry":{"type":"Point","coordinates":[34.774272,0.380775]},"properties":{"id":"523345884","n":"Lunyinya B PD 3","t":"pdw","c":"Kakamega"}},{"type":"Feature","geometry":{"type":"Point","coordinates":[34.78857,0.360627]},"properties":{"id":"523249593","n":"Lumunyasi US 2","t":"us","c":"Kakamega"}},{"type":"Feature","geometry":{"type":"Point","coordinates":[34.819287,0.354742]},"properties":{"id":"423406519","n":"Malimali Community, Matekwa Spring - 22023","t":"ps","c":"Kakamega"}},{"type":"Feature","geometry":{"type":"Point","coordinates":[34.807933,0.371452]},"properties":{"id":"523196602","n":"Chevoso PS 2","t":"ps","c":"Kakamega"}},{"type":"Feature","geometry":{"type":"Point","coordinates":[34.848935,0.368868]},"properties":{"id":"25795572","n":"Sasala, Kasit Spring - 19151","t":"ps","c":"Kakamega"}},{"type":"Feature","geometry":{"type":"Point","coordinates":[34.840317,0.389505]},"properties":{"id":"523266501","n":"Lumusieti A US2","t":"us","c":"Kakamega"}},{"type":"Feature","geometry":{"type":"Point","coordinates":[34.844337,0.370041]},"properties":{"id":"523220844","n":"Sasala PD 97","t":"pdw","c":"Kakamega"}},{"type":"Feature","geometry":{"type":"Point","coordinates":[34.851433,0.374507]},"properties":{"id":"523312787","n":"Sasala PS 2","t":"ps","c":"Kakamega"}},{"type":"Feature","geometry":{"type":"Point","coordinates":[34.840833,0.373918]},"properties":{"id":"523281737","n":"Sasala PD 90","t":"pdw","c":"Kakamega"}},{"type":"Feature","geometry":{"type":"Point","coordinates":[34.849688,0.375313]},"properties":{"id":"523195632","n":"Sasala PD 47","t":"pdw","c":"Kakamega"}},{"type":"Feature","geometry":{"type":"Point","coordinates":[34.833968,0.362236]},"properties":{"id":"523196918","n":"Imbinga US 3","t":"us","c":"Kakamega"}},{"type":"Feature","geometry":{"type":"Point","coordinates":[34.835607,0.363177]},"properties":{"id":"523331917","n":"Bukhakunga B PS 3","t":"ps","c":"Kakamega"}},{"type":"Feature","geometry":{"type":"Point","coordinates":[34.809744,0.410587]},"properties":{"id":"523342575","n":"Mahira PD5","t":"pdw","c":"Kakamega"}},{"type":"Feature","geometry":{"type":"Point","coordinates":[34.806642,0.429567]},"properties":{"id":"523310314","n":"Sundulo A PD 10","t":"pdw","c":"Kakamega"}},{"type":"Feature","geometry":{"type":"Point","coordinates":[34.825563,0.371378]},"properties":{"id":"523238148","n":"Mukomari PD 2","t":"pdw","c":"Kakamega"}},{"type":"Feature","geometry":{"type":"Point","coordinates":[34.820327,0.393042]},"properties":{"id":"523345341","n":"Shing'ondo PD3","t":"pdw","c":"Kakamega"}},{"type":"Feature","geometry":{"type":"Point","coordinates":[34.812125,0.386229]},"properties":{"id":"523264712","n":"Shamoni A PD 10","t":"pdw","c":"Kakamega"}},{"type":"Feature","geometry":{"type":"Point","coordinates":[34.796872,0.357034]},"properties":{"id":"523252380","n":"Mulwanda PD 2","t":"pdw","c":"Kakamega"}},{"type":"Feature","geometry":{"type":"Point","coordinates":[34.806462,0.414931]},"properties":{"id":"523238605","n":"Ikhanyi US2","t":"us","c":"Kakamega"}},{"type":"Feature","geometry":{"type":"Point","coordinates":[34.849371,0.375114]},"properties":{"id":"523203960","n":"Sasala PD 46","t":"pdw","c":"Kakamega"}},{"type":"Feature","geometry":{"type":"Point","coordinates":[34.784136,0.376798]},"properties":{"id":"523195508","n":"Shilongo US 7","t":"us","c":"Kakamega"}},{"type":"Feature","geometry":{"type":"Point","coordinates":[34.829775,0.37653]},"properties":{"id":"523266233","n":"West Kenya PD 11","t":"pdw","c":"Kakamega"}},{"type":"Feature","geometry":{"type":"Point","coordinates":[34.771167,0.380068]},"properties":{"id":"523288253","n":"Fitawa PS 1","t":"ps","c":"Kakamega"}},{"type":"Feature","geometry":{"type":"Point","coordinates":[34.798457,0.34894]},"properties":{"id":"523264499","n":"Mulwanda PS 3","t":"ps","c":"Kakamega"}},{"type":"Feature","geometry":{"type":"Point","coordinates":[34.768821,0.388787]},"properties":{"id":"523231220","n":"Makunga US 1","t":"us","c":"Kakamega"}},{"type":"Feature","geometry":{"type":"Point","coordinates":[34.789592,0.365677]},"properties":{"id":"523284345","n":"Lukunza PS 2","t":"ps","c":"Kakamega"}},{"type":"Feature","geometry":{"type":"Point","coordinates":[34.807385,0.37495]},"properties":{"id":"523342111","n":"Echemo PD 8","t":"pdw","c":"Kakamega"}},{"type":"Feature","geometry":{"type":"Point","coordinates":[34.793868,0.360986]},"properties":{"id":"523295123","n":"Lukunza PD 3","t":"pdw","c":"Kakamega"}},{"type":"Feature","geometry":{"type":"Point","coordinates":[34.807719,0.404695]},"properties":{"id":"523256188","n":"Mahira PD20","t":"pdw","c":"Kakamega"}},{"type":"Feature","geometry":{"type":"Point","coordinates":[34.853078,0.374639]},"properties":{"id":"523256061","n":"Sasala PD 105","t":"pdw","c":"Kakamega"}},{"type":"Feature","geometry":{"type":"Point","coordinates":[34.836538,0.369502]},"properties":{"id":"523229087","n":"Shamberere PD 48","t":"pdw","c":"Kakamega"}},{"type":"Feature","geometry":{"type":"Point","coordinates":[34.805508,0.4017]},"properties":{"id":"523331041","n":"Mahira PD24","t":"pdw","c":"Kakamega"}},{"type":"Feature","geometry":{"type":"Point","coordinates":[34.813681,0.385981]},"properties":{"id":"523265586","n":"Ingavira PD 1","t":"pdw","c":"Kakamega"}},{"type":"Feature","geometry":{"type":"Point","coordinates":[34.82681,0.40295]},"properties":{"id":"523209186","n":"Wetesa PD18","t":"pdw","c":"Kakamega"}},{"type":"Feature","geometry":{"type":"Point","coordinates":[34.783159,0.361998]},"properties":{"id":"523226400","n":"Shivakala A US 3","t":"us","c":"Kakamega"}},{"type":"Feature","geometry":{"type":"Point","coordinates":[34.803499,0.397868]},"properties":{"id":"523333225","n":"Shianda PD2","t":"pdw","c":"Kakamega"}},{"type":"Feature","geometry":{"type":"Point","coordinates":[34.778528,0.366909]},"properties":{"id":"523327727","n":"Shivakala A PD 3","t":"pdw","c":"Kakamega"}},{"type":"Feature","geometry":{"type":"Point","coordinates":[34.776193,0.374641]},"properties":{"id":"523307448","n":"Lunyinya A PS 2","t":"ps","c":"Kakamega"}},{"type":"Feature","geometry":{"type":"Point","coordinates":[34.777487,0.394738]},"properties":{"id":"523245290","n":"Lukala A US 1","t":"us","c":"Kakamega"}},{"type":"Feature","geometry":{"type":"Point","coordinates":[34.852885,0.376141]},"properties":{"id":"523234467","n":"Sasala PD 8","t":"pdw","c":"Kakamega"}},{"type":"Feature","geometry":{"type":"Point","coordinates":[34.82574,0.379499]},"properties":{"id":"523348485","n":"West Kenya PD 17","t":"pdw","c":"Kakamega"}},{"type":"Feature","geometry":{"type":"Point","coordinates":[34.795453,0.359796]},"properties":{"id":"523256047","n":"Lukunza US 3","t":"us","c":"Kakamega"}},{"type":"Feature","geometry":{"type":"Point","coordinates":[34.811372,0.411753]},"properties":{"id":"523261874","n":"Mahira PD11","t":"pdw","c":"Kakamega"}},{"type":"Feature","geometry":{"type":"Point","coordinates":[34.782312,0.371617]},"properties":{"id":"523285119","n":"Kwava PD 3","t":"pdw","c":"Kakamega"}},{"type":"Feature","geometry":{"type":"Point","coordinates":[34.812304,0.379001]},"properties":{"id":"523268204","n":"Ingavira US 2","t":"us","c":"Kakamega"}},{"type":"Feature","geometry":{"type":"Point","coordinates":[34.845935,0.375185]},"properties":{"id":"523229812","n":"Sasala PS 3","t":"ps","c":"Kakamega"}},{"type":"Feature","geometry":{"type":"Point","coordinates":[34.847295,0.373106]},"properties":{"id":"523198642","n":"Sasala PD 103","t":"pdw","c":"Kakamega"}},{"type":"Feature","geometry":{"type":"Point","coordinates":[34.810032,0.412903]},"properties":{"id":"523260615","n":"Ikhanyi PD2","t":"pdw","c":"Kakamega"}},{"type":"Feature","geometry":{"type":"Point","coordinates":[34.820743,0.3971]},"properties":{"id":"523214339","n":"Shing'ondo US1","t":"us","c":"Kakamega"}},{"type":"Feature","geometry":{"type":"Point","coordinates":[34.811688,0.38713]},"properties":{"id":"523277341","n":"Mayungu PD15","t":"pdw","c":"Kakamega"}},{"type":"Feature","geometry":{"type":"Point","coordinates":[34.806442,0.388278]},"properties":{"id":"523199966","n":"Mayungu PD7","t":"pdw","c":"Kakamega"}},{"type":"Feature","geometry":{"type":"Point","coordinates":[34.79808,0.43076]},"properties":{"id":"366925357","n":"Sundulo B Community, Christopher Lumbasi Spring - 22019","t":"ps","c":"Kakamega"}},{"type":"Feature","geometry":{"type":"Point","coordinates":[34.79566,0.423402]},"properties":{"id":"523258128","n":"Lusumu PS2","t":"ps","c":"Kakamega"}},{"type":"Feature","geometry":{"type":"Point","coordinates":[34.827467,0.39704]},"properties":{"id":"523304696","n":"Alufu US7","t":"us","c":"Kakamega"}},{"type":"Feature","geometry":{"type":"Point","coordinates":[34.798299,0.368794]},"properties":{"id":"523344560","n":"Shianda B PD 4","t":"pdw","c":"Kakamega"}},{"type":"Feature","geometry":{"type":"Point","coordinates":[34.811024,0.367852]},"properties":{"id":"1027624","n":"Kuvasali Health Centre Well Rehabilitation - 4363","t":"bh","c":"Kakamega"}},{"type":"Feature","geometry":{"type":"Point","coordinates":[34.835899,0.374866]},"properties":{"id":"523273457","n":"Shamberere PD 20","t":"pdw","c":"Kakamega"}},{"type":"Feature","geometry":{"type":"Point","coordinates":[34.831591,0.364272]},"properties":{"id":"523285401","n":"Imbinga PS 3","t":"ps","c":"Kakamega"}},{"type":"Feature","geometry":{"type":"Point","coordinates":[34.848216,0.379441]},"properties":{"id":"523326025","n":"Lumusieti B PD2","t":"pdw","c":"Kakamega"}},{"type":"Feature","geometry":{"type":"Point","coordinates":[34.798171,0.36318]},"properties":{"id":"523300506","n":"Shianda B US 4","t":"us","c":"Kakamega"}},{"type":"Feature","geometry":{"type":"Point","coordinates":[34.810298,0.405375]},"properties":{"id":"523252483","n":"Mahira PS3","t":"ps","c":"Kakamega"}},{"type":"Feature","geometry":{"type":"Point","coordinates":[34.798463,0.426978]},"properties":{"id":"523251200","n":"Sundulo B PS 3","t":"ps","c":"Kakamega"}},{"type":"Feature","geometry":{"type":"Point","coordinates":[34.785058,0.401774]},"properties":{"id":"523345420","n":"Indulusia A PD 4","t":"pdw","c":"Kakamega"}},{"type":"Feature","geometry":{"type":"Point","coordinates":[34.836221,0.373905]},"properties":{"id":"523327655","n":"Shamberere PD 13","t":"pdw","c":"Kakamega"}},{"type":"Feature","geometry":{"type":"Point","coordinates":[34.84589,0.376939]},"properties":{"id":"523311810","n":"Sasala PD 60","t":"pdw","c":"Kakamega"}},{"type":"Feature","geometry":{"type":"Point","coordinates":[34.829997,0.375584]},"properties":{"id":"523283083","n":"Luokho PS 1","t":"ps","c":"Kakamega"}},{"type":"Feature","geometry":{"type":"Point","coordinates":[34.84148,0.374019]},"properties":{"id":"523345042","n":"Sasala PD 91","t":"pdw","c":"Kakamega"}},{"type":"Feature","geometry":{"type":"Point","coordinates":[34.816577,0.403076]},"properties":{"id":"523199533","n":"Ingavira PD15","t":"pdw","c":"Kakamega"}},{"type":"Feature","geometry":{"type":"Point","coordinates":[34.810587,0.408725]},"properties":{"id":"523349709","n":"Mahira PD14","t":"pdw","c":"Kakamega"}},{"type":"Feature","geometry":{"type":"Point","coordinates":[34.81607,0.377597]},"properties":{"id":"523270519","n":"Makale B PD 3","t":"pdw","c":"Kakamega"}},{"type":"Feature","geometry":{"type":"Point","coordinates":[34.841262,0.401665]},"properties":{"id":"523265256","n":"Mukava PD2","t":"pdw","c":"Kakamega"}},{"type":"Feature","geometry":{"type":"Point","coordinates":[34.763919,0.394292]},"properties":{"id":"523270557","n":"Shisisini US 5","t":"us","c":"Kakamega"}},{"type":"Feature","geometry":{"type":"Point","coordinates":[34.788772,0.398471]},"properties":{"id":"523342104","n":"Shiuna B US 12","t":"us","c":"Kakamega"}},{"type":"Feature","geometry":{"type":"Point","coordinates":[34.802735,0.375854]},"properties":{"id":"84829777","n":"Shianda Commnity, Mukeya Spring - 21067","t":"ps","c":"Kakamega"}},{"type":"Feature","geometry":{"type":"Point","coordinates":[34.826583,0.372312]},"properties":{"id":"523322375","n":"Mukomari PD 1","t":"pdw","c":"Kakamega"}},{"type":"Feature","geometry":{"type":"Point","coordinates":[34.836475,0.375993]},"properties":{"id":"523202811","n":"Shamberere PD 22","t":"pdw","c":"Kakamega"}},{"type":"Feature","geometry":{"type":"Point","coordinates":[34.837075,0.37518]},"properties":{"id":"523256140","n":"Shamberere PD 29","t":"pdw","c":"Kakamega"}},{"type":"Feature","geometry":{"type":"Point","coordinates":[34.812801,0.350768]},"properties":{"id":"523196547","n":"Muyava US 1","t":"us","c":"Kakamega"}},{"type":"Feature","geometry":{"type":"Point","coordinates":[34.834403,0.40075]},"properties":{"id":"523234089","n":"Kware B UD4","t":"udw","c":"Kakamega"}},{"type":"Feature","geometry":{"type":"Point","coordinates":[34.800177,0.36793]},"properties":{"id":"523212100","n":"Shianda B PS 2","t":"ps","c":"Kakamega"}},{"type":"Feature","geometry":{"type":"Point","coordinates":[34.829846,0.376771]},"properties":{"id":"523194301","n":"West Kenya PD 10","t":"pdw","c":"Kakamega"}},{"type":"Feature","geometry":{"type":"Point","coordinates":[34.811424,0.351807]},"properties":{"id":"523319526","n":"Muyava US 2","t":"us","c":"Kakamega"}},{"type":"Feature","geometry":{"type":"Point","coordinates":[34.806074,0.401123]},"properties":{"id":"523194105","n":"Mahira PD23","t":"pdw","c":"Kakamega"}},{"type":"Feature","geometry":{"type":"Point","coordinates":[34.7938,0.374888]},"properties":{"id":"523342434","n":"Shianda C PD 6","t":"pdw","c":"Kakamega"}},{"type":"Feature","geometry":{"type":"Point","coordinates":[34.82919,0.388567]},"properties":{"id":"523215316","n":"Shiruma PS5","t":"ps","c":"Kakamega"}},{"type":"Feature","geometry":{"type":"Point","coordinates":[34.819304,0.384719]},"properties":{"id":"523315230","n":"Makale A PD 12","t":"pdw","c":"Kakamega"}},{"type":"Feature","geometry":{"type":"Point","coordinates":[34.793223,0.375663]},"properties":{"id":"523243298","n":"Shianda C PD 9","t":"pdw","c":"Kakamega"}},{"type":"Feature","geometry":{"type":"Point","coordinates":[34.833604,0.376765]},"properties":{"id":"523309251","n":"Shamberere PD 3","t":"pdw","c":"Kakamega"}},{"type":"Feature","geometry":{"type":"Point","coordinates":[34.808816,0.400274]},"properties":{"id":"84828721","n":"Mahira Community, Kusimba Spring - 20183","t":"ps","c":"Kakamega"}},{"type":"Feature","geometry":{"type":"Point","coordinates":[34.847459,0.367431]},"properties":{"id":"523300252","n":"Bukhakunga A PS 3","t":"ps","c":"Kakamega"}},{"type":"Feature","geometry":{"type":"Point","coordinates":[34.821737,0.390727]},"properties":{"id":"523245197","n":"Shing'ondo PS1","t":"ps","c":"Kakamega"}},{"type":"Feature","geometry":{"type":"Point","coordinates":[34.77413,0.374349]},"properties":{"id":"523304524","n":"Lunyinya A PS 3","t":"ps","c":"Kakamega"}},{"type":"Feature","geometry":{"type":"Point","coordinates":[34.809489,0.387096]},"properties":{"id":"523258159","n":"Mayungu PD14","t":"pdw","c":"Kakamega"}},{"type":"Feature","geometry":{"type":"Point","coordinates":[34.811294,0.354895]},"properties":{"id":"523226510","n":"Daraja mbili PD 5","t":"pdw","c":"Kakamega"}},{"type":"Feature","geometry":{"type":"Point","coordinates":[34.819562,0.375077]},"properties":{"id":"523305350","n":"Makale B US 3","t":"us","c":"Kakamega"}},{"type":"Feature","geometry":{"type":"Point","coordinates":[34.81917,0.344946]},"properties":{"id":"523287245","n":"Shilalunga B PS 6","t":"ps","c":"Kakamega"}},{"type":"Feature","geometry":{"type":"Point","coordinates":[34.817267,0.386702]},"properties":{"id":"329034739","n":"Ingavira Primary School - 21271","t":"bh","c":"Kakamega","d":90.0}},{"type":"Feature","geometry":{"type":"Point","coordinates":[34.811546,0.405421]},"properties":{"id":"523204181","n":"Mahira PD16","t":"pdw","c":"Kakamega"}},{"type":"Feature","geometry":{"type":"Point","coordinates":[34.845014,0.376864]},"properties":{"id":"523276443","n":"Sasala","t":"pdw","c":"Kakamega"}},{"type":"Feature","geometry":{"type":"Point","coordinates":[34.81544,0.3521]},"properties":{"id":"523236768","n":"Daraja mbili US 3","t":"us","c":"Kakamega"}},{"type":"Feature","geometry":{"type":"Point","coordinates":[34.836305,0.375232]},"properties":{"id":"523194325","n":"Shamberere PD 19","t":"pdw","c":"Kakamega"}},{"type":"Feature","geometry":{"type":"Point","coordinates":[34.80021,0.37852]},"properties":{"id":"523309952","n":"Shianda A PD 1","t":"pdw","c":"Kakamega"}},{"type":"Feature","geometry":{"type":"Point","coordinates":[34.829726,0.394531]},"properties":{"id":"523194576","n":"Alufu US7","t":"us","c":"Kakamega"}},{"type":"Feature","geometry":{"type":"Point","coordinates":[34.787843,0.380388]},"properties":{"id":"523261159","n":"Shilongo US 4","t":"us","c":"Kakamega"}},{"type":"Feature","geometry":{"type":"Point","coordinates":[34.846927,0.374855]},"properties":{"id":"523340841","n":"Sasala PD 77","t":"pdw","c":"Kakamega"}},{"type":"Feature","geometry":{"type":"Point","coordinates":[34.80098,0.388775]},"properties":{"id":"523271596","n":"Shiuna A US 2","t":"us","c":"Kakamega"}},{"type":"Feature","geometry":{"type":"Point","coordinates":[34.838019,0.375975]},"properties":{"id":"523218890","n":"Shamberere PD 39","t":"pdw","c":"Kakamega"}},{"type":"Feature","geometry":{"type":"Point","coordinates":[34.819767,0.365067]},"properties":{"id":"523264176","n":"Mukomari UD 3","t":"udw","c":"Kakamega"}},{"type":"Feature","geometry":{"type":"Point","coordinates":[34.820953,0.396946]},"properties":{"id":"403752027","n":"Shing'Odo Community, Mulima Angatia Spring - 22097","t":"ps","c":"Kakamega"}},{"type":"Feature","geometry":{"type":"Point","coordinates":[34.835457,0.381262]},"properties":{"id":"523319966","n":"Alufu UD1","t":"udw","c":"Kakamega"}},{"type":"Feature","geometry":{"type":"Point","coordinates":[34.795056,0.377105]},"properties":{"id":"523315388","n":"Shamoni B PD 15","t":"pdw","c":"Kakamega"}},{"type":"Feature","geometry":{"type":"Point","coordinates":[34.790648,0.43148]},"properties":{"id":"523204741","n":"Chiterezi PS 2","t":"ps","c":"Kakamega"}},{"type":"Feature","geometry":{"type":"Point","coordinates":[34.810605,0.350711]},"properties":{"id":"523251310","n":"Muyava PD 2","t":"pdw","c":"Kakamega"}},{"type":"Feature","geometry":{"type":"Point","coordinates":[34.79793,0.384227]},"properties":{"id":"523231048","n":"Shamoni B PD 9","t":"pdw","c":"Kakamega"}},{"type":"Feature","geometry":{"type":"Point","coordinates":[34.834037,0.401157]},"properties":{"id":"523199849","n":"Mukava PD6","t":"pdw","c":"Kakamega"}},{"type":"Feature","geometry":{"type":"Point","coordinates":[34.816118,0.343252]},"properties":{"id":"523278225","n":"Chombeli PD 29","t":"pdw","c":"Kakamega"}},{"type":"Feature","geometry":{"type":"Point","coordinates":[34.798466,0.382364]},"properties":{"id":"523318738","n":"Shamoni B PD 4","t":"pdw","c":"Kakamega"}},{"type":"Feature","geometry":{"type":"Point","coordinates":[34.824933,0.37063]},"properties":{"id":"523292522","n":"Mukomari PD 3","t":"pdw","c":"Kakamega"}},{"type":"Feature","geometry":{"type":"Point","coordinates":[34.844297,0.375133]},"properties":{"id":"523276058","n":"Sasala PD 72","t":"pdw","c":"Kakamega"}},{"type":"Feature","geometry":{"type":"Point","coordinates":[34.778615,0.394346]},"properties":{"id":"523226479","n":"Shikutse A PD 1","t":"pdw","c":"Kakamega"}},{"type":"Feature","geometry":{"type":"Point","coordinates":[34.840893,0.399048]},"properties":{"id":"523316145","n":"Kware B UD5","t":"udw","c":"Kakamega"}},{"type":"Feature","geometry":{"type":"Point","coordinates":[34.798761,0.383056]},"properties":{"id":"290455355","n":"Shamoni Community, Laban Ang'ata Spring - 21022","t":"ps","c":"Kakamega"}},{"type":"Feature","geometry":{"type":"Point","coordinates":[34.813342,0.386532]},"properties":{"id":"523313568","n":"Ingavira PD18","t":"pdw","c":"Kakamega"}},{"type":"Feature","geometry":{"type":"Point","coordinates":[34.847404,0.377027]},"properties":{"id":"523337810","n":"Sasala PD 57","t":"pdw","c":"Kakamega"}},{"type":"Feature","geometry":{"type":"Point","coordinates":[34.845153,0.394656]},"properties":{"id":"523281861","n":"Lumusieti A US3","t":"us","c":"Kakamega"}},{"type":"Feature","geometry":{"type":"Point","coordinates":[34.836572,0.363282]},"properties":{"id":"523212863","n":"Bukhakunga B US 2","t":"us","c":"Kakamega"}},{"type":"Feature","geometry":{"type":"Point","coordinates":[34.822561,0.385939]},"properties":{"id":"523344797","n":"Shiruma PD2","t":"pdw","c":"Kakamega"}},{"type":"Feature","geometry":{"type":"Point","coordinates":[34.807895,0.379922]},"properties":{"id":"523317122","n":"Ingavira US 3","t":"us","c":"Kakamega"}},{"type":"Feature","geometry":{"type":"Point","coordinates":[34.762839,0.381915]},"properties":{"id":"403751978","n":"Shiyenga Community, Buyanzi Spring - 22054","t":"ps","c":"Kakamega"}},{"type":"Feature","geometry":{"type":"Point","coordinates":[34.830824,0.39977]},"properties":{"id":"523328656","n":"Kware B US1","t":"us","c":"Kakamega"}},{"type":"Feature","geometry":{"type":"Point","coordinates":[34.82396,0.36746]},"properties":{"id":"523232104","n":"Mukomari PD 9","t":"pdw","c":"Kakamega"}},{"type":"Feature","geometry":{"type":"Point","coordinates":[34.84971,0.37598]},"properties":{"id":"523274991","n":"Sasala PD 32","t":"pdw","c":"Kakamega"}},{"type":"Feature","geometry":{"type":"Point","coordinates":[34.80234,0.431192]},"properties":{"id":"523242132","n":"Sundulo B US 7","t":"us","c":"Kakamega"}},{"type":"Feature","geometry":{"type":"Point","coordinates":[34.780683,0.368855]},"properties":{"id":"523295312","n":"Kwava PD 8","t":"pdw","c":"Kakamega"}},{"type":"Feature","geometry":{"type":"Point","coordinates":[34.808828,0.400278]},"properties":{"id":"84828666","n":"Mahira Community, Wora Spring - 20163","t":"ps","c":"Kakamega"}},{"type":"Feature","geometry":{"type":"Point","coordinates":[34.788522,0.38176]},"properties":{"id":"523267849","n":"Shilongo PS 1","t":"ps","c":"Kakamega"}},{"type":"Feature","geometry":{"type":"Point","coordinates":[34.785968,0.3658]},"properties":{"id":"523223809","n":"Musala US 2","t":"us","c":"Kakamega"}},{"type":"Feature","geometry":{"type":"Point","coordinates":[34.809061,0.358985]},"properties":{"id":"523303437","n":"Mukhonje PD 5","t":"pdw","c":"Kakamega"}},{"type":"Feature","geometry":{"type":"Point","coordinates":[34.791058,0.351982]},"properties":{"id":"523276168","n":"Isanjiro PS 1","t":"ps","c":"Kakamega"}},{"type":"Feature","geometry":{"type":"Point","coordinates":[34.794537,0.375795]},"properties":{"id":"523328216","n":"Shianda C PD 4","t":"pdw","c":"Kakamega"}},{"type":"Feature","geometry":{"type":"Point","coordinates":[34.805573,0.395178]},"properties":{"id":"523321752","n":"Mayungu PS1","t":"ps","c":"Kakamega"}},{"type":"Feature","geometry":{"type":"Point","coordinates":[34.810678,0.380722]},"properties":{"id":"523287324","n":"Ingavira PD 8","t":"pdw","c":"Kakamega"}},{"type":"Feature","geometry":{"type":"Point","coordinates":[34.843805,0.375348]},"properties":{"id":"523283667","n":"Sasala PD 71","t":"pdw","c":"Kakamega"}},{"type":"Feature","geometry":{"type":"Point","coordinates":[34.805488,0.344888]},"properties":{"id":"523224776","n":"Muyava US 3","t":"us","c":"Kakamega"}},{"type":"Feature","geometry":{"type":"Point","coordinates":[34.797177,0.377258]},"properties":{"id":"523229788","n":"Shianda C PD 1","t":"pdw","c":"Kakamega"}},{"type":"Feature","geometry":{"type":"Point","coordinates":[34.799961,0.387178]},"properties":{"id":"523248200","n":"Shiuna A BH 1","t":"bh","c":"Kakamega"}},{"type":"Feature","geometry":{"type":"Point","coordinates":[34.777793,0.366026]},"properties":{"id":"523316183","n":"Shivakala A PD 4","t":"pdw","c":"Kakamega"}},{"type":"Feature","geometry":{"type":"Point","coordinates":[34.804849,0.379136]},"properties":{"id":"523251286","n":"Shianda A PD 4","t":"pdw","c":"Kakamega"}},{"type":"Feature","geometry":{"type":"Point","coordinates":[34.802733,0.431507]},"properties":{"id":"523248396","n":"Sundulo A US 17","t":"us","c":"Kakamega"}},{"type":"Feature","geometry":{"type":"Point","coordinates":[34.816748,0.355093]},"properties":{"id":"523262624","n":"Daraja mbili UD 6","t":"udw","c":"Kakamega"}},{"type":"Feature","geometry":{"type":"Point","coordinates":[34.850269,0.37651]},"properties":{"id":"523240305","n":"Sasala PD 22","t":"pdw","c":"Kakamega"}},{"type":"Feature","geometry":{"type":"Point","coordinates":[34.81454,0.378804]},"properties":{"id":"523245991","n":"Makale A PD 19","t":"pdw","c":"Kakamega"}},{"type":"Feature","geometry":{"type":"Point","coordinates":[34.833882,0.401995]},"properties":{"id":"523213101","n":"Mukava PD7","t":"pdw","c":"Kakamega"}},{"type":"Feature","geometry":{"type":"Point","coordinates":[34.798762,0.36595]},"properties":{"id":"523305831","n":"Shianda B PS 3","t":"ps","c":"Kakamega"}},{"type":"Feature","geometry":{"type":"Point","coordinates":[34.804586,0.355424]},"properties":{"id":"523242307","n":"Mundoli PD 8","t":"pdw","c":"Kakamega"}},{"type":"Feature","geometry":{"type":"Point","coordinates":[34.823998,0.369701]},"properties":{"id":"523283155","n":"Mukomari PD 11","t":"pdw","c":"Kakamega"}},{"type":"Feature","geometry":{"type":"Point","coordinates":[34.837837,0.367561]},"properties":{"id":"523315546","n":"Shamberere PD 47","t":"pdw","c":"Kakamega"}},{"type":"Feature","geometry":{"type":"Point","coordinates":[34.844573,0.367003]},"properties":{"id":"523304751","n":"Bukhakunga A PS 2","t":"ps","c":"Kakamega"}},{"type":"Feature","geometry":{"type":"Point","coordinates":[34.819107,0.377958]},"properties":{"id":"523270083","n":"Makale A PD 2","t":"pdw","c":"Kakamega"}},{"type":"Feature","geometry":{"type":"Point","coordinates":[34.837522,0.379813]},"properties":{"id":"523210830","n":"Alufu PD5","t":"pdw","c":"Kakamega"}},{"type":"Feature","geometry":{"type":"Point","coordinates":[34.809271,0.388688]},"properties":{"id":"523261506","n":"Mayungu PD13","t":"pdw","c":"Kakamega"}},{"type":"Feature","geometry":{"type":"Point","coordinates":[34.819283,0.355775]},"properties":{"id":"523264585","n":"Daraja mbili BH 1","t":"bh","c":"Kakamega"}},{"type":"Feature","geometry":{"type":"Point","coordinates":[34.811227,0.386027]},"properties":{"id":"523249586","n":"Shamoni A PD 9","t":"pdw","c":"Kakamega"}},{"type":"Feature","geometry":{"type":"Point","coordinates":[34.834225,0.375924]},"properties":{"id":"523265782","n":"Shamberere PD 9","t":"pdw","c":"Kakamega"}},{"type":"Feature","geometry":{"type":"Point","coordinates":[34.849836,0.373799]},"properties":{"id":"523329028","n":"Sasala PD 52","t":"pdw","c":"Kakamega"}},{"type":"Feature","geometry":{"type":"Point","coordinates":[34.83695,0.37568]},"properties":{"id":"523224398","n":"Shamberere PD 25","t":"pdw","c":"Kakamega"}},{"type":"Feature","geometry":{"type":"Point","coordinates":[34.818909,0.379972]},"properties":{"id":"523244172","n":"Makale A PD 16","t":"pdw","c":"Kakamega"}},{"type":"Feature","geometry":{"type":"Point","coordinates":[34.815557,0.391815]},"properties":{"id":"523263340","n":"Shing'ondo US4","t":"us","c":"Kakamega"}},{"type":"Feature","geometry":{"type":"Point","coordinates":[34.830784,0.364584]},"properties":{"id":"523239840","n":"Luokho PS 4","t":"ps","c":"Kakamega"}},{"type":"Feature","geometry":{"type":"Point","coordinates":[34.798085,0.382895]},"properties":{"id":"523346201","n":"Shamoni B UD 1","t":"udw","c":"Kakamega"}},{"type":"Feature","geometry":{"type":"Point","coordinates":[34.836446,0.375499]},"properties":{"id":"523266408","n":"Shamberere PD 21","t":"pdw","c":"Kakamega"}},{"type":"Feature","geometry":{"type":"Point","coordinates":[34.799431,0.420448]},"properties":{"id":"699571627","n":"Lusumu B Community, Moses Mulunda Spring - 410011","t":"ps","c":"Kakamega"}},{"type":"Feature","geometry":{"type":"Point","coordinates":[34.777525,0.368011]},"properties":{"id":"523266178","n":"Shivakala B PD 4","t":"pdw","c":"Kakamega"}},{"type":"Feature","geometry":{"type":"Point","coordinates":[34.797395,0.354126]},"properties":{"id":"523275019","n":"Mulwanda PS 1","t":"ps","c":"Kakamega"}},{"type":"Feature","geometry":{"type":"Point","coordinates":[34.81445,0.386683]},"properties":{"id":"523243377","n":"Ingavira PD1","t":"pdw","c":"Kakamega"}},{"type":"Feature","geometry":{"type":"Point","coordinates":[34.824711,0.359317]},"properties":{"id":"523342032","n":"Imbinga PS 4","t":"ps","c":"Kakamega"}},{"type":"Feature","geometry":{"type":"Point","coordinates":[34.799648,0.35825]},"properties":{"id":"523251705","n":"Mundoli PS 2","t":"ps","c":"Kakamega"}},{"type":"Feature","geometry":{"type":"Point","coordinates":[34.817152,0.38393]},"properties":{"id":"523205216","n":"Makale A PS 2","t":"ps","c":"Kakamega"}},{"type":"Feature","geometry":{"type":"Point","coordinates":[34.849475,0.374275]},"properties":{"id":"523332530","n":"Sasala PD 51","t":"pdw","c":"Kakamega"}},{"type":"Feature","geometry":{"type":"Point","coordinates":[34.788663,0.386727]},"properties":{"id":"84829760","n":"Shihome Community, Oloo Njinuli Spring - 21064","t":"ps","c":"Kakamega"}},{"type":"Feature","geometry":{"type":"Point","coordinates":[34.813777,0.391043]},"properties":{"id":"523296131","n":"Ingavira US1","t":"us","c":"Kakamega"}},{"type":"Feature","geometry":{"type":"Point","coordinates":[34.841907,0.378371]},"properties":{"id":"290455300","n":"Shamberere Boys' High School - 21266","t":"bh","c":"Kakamega","d":80.0}},{"type":"Feature","geometry":{"type":"Point","coordinates":[34.851902,0.375754]},"properties":{"id":"523203355","n":"Sasala PWS 3","t":"bh","c":"Kakamega"}},{"type":"Feature","geometry":{"type":"Point","coordinates":[34.842481,0.375854]},"properties":{"id":"523194686","n":"Sasala PD 83","t":"pdw","c":"Kakamega"}},{"type":"Feature","geometry":{"type":"Point","coordinates":[34.809527,0.356182]},"properties":{"id":"523287513","n":"Daraja mbili PD 7","t":"pdw","c":"Kakamega"}},{"type":"Feature","geometry":{"type":"Point","coordinates":[34.834548,0.375676]},"properties":{"id":"523346823","n":"Shamberere PD 8","t":"pdw","c":"Kakamega"}},{"type":"Feature","geometry":{"type":"Point","coordinates":[34.805792,0.408706]},"properties":{"id":"523350769","n":"Mahira PD2","t":"pdw","c":"Kakamega"}},{"type":"Feature","geometry":{"type":"Point","coordinates":[34.812285,0.413266]},"properties":{"id":"84828817","n":"Mahira Community, Anunda Spring - 20165","t":"ps","c":"Kakamega"}},{"type":"Feature","geometry":{"type":"Point","coordinates":[34.847297,0.381557]},"properties":{"id":"523249555","n":"Lumusieti B PD5","t":"pdw","c":"Kakamega"}},{"type":"Feature","geometry":{"type":"Point","coordinates":[34.816452,0.400462]},"properties":{"id":"523264293","n":"Ingavira PD13","t":"pdw","c":"Kakamega"}},{"type":"Feature","geometry":{"type":"Point","coordinates":[34.799487,0.382899]},"properties":{"id":"523209887","n":"Shamoni B PD 6","t":"pdw","c":"Kakamega"}},{"type":"Feature","geometry":{"type":"Point","coordinates":[34.80776,0.404285]},"properties":{"id":"523323826","n":"Mahira PS4","t":"ps","c":"Kakamega"}},{"type":"Feature","geometry":{"type":"Point","coordinates":[34.801226,0.375417]},"properties":{"id":"523347178","n":"Shianda A PS 2","t":"ps","c":"Kakamega"}},{"type":"Feature","geometry":{"type":"Point","coordinates":[34.853364,0.374925]},"properties":{"id":"523257206","n":"Sasala PD 107","t":"pdw","c":"Kakamega"}},{"type":"Feature","geometry":{"type":"Point","coordinates":[34.766195,0.387663]},"properties":{"id":"523221474","n":"Chiliva PS 1","t":"ps","c":"Kakamega"}},{"type":"Feature","geometry":{"type":"Point","coordinates":[34.76957,0.381786]},"properties":{"id":"416580934","n":"Lunyinya Community, Steven Shitundo Spring - 22130","t":"ps","c":"Kakamega"}},{"type":"Feature","geometry":{"type":"Point","coordinates":[34.78719,0.36987]},"properties":{"id":"523287960","n":"Musala PD 10","t":"pdw","c":"Kakamega"}},{"type":"Feature","geometry":{"type":"Point","coordinates":[34.843608,0.399573]},"properties":{"id":"523328182","n":"Kware B PD10","t":"pdw","c":"Kakamega"}},{"type":"Feature","geometry":{"type":"Point","coordinates":[34.824693,0.359313]},"properties":{"id":"290455386","n":"Malimali Community, Onyango Spring - 21065","t":"ps","c":"Kakamega"}},{"type":"Feature","geometry":{"type":"Point","coordinates":[34.84994,0.376637]},"properties":{"id":"523198934","n":"Sasala PD 28","t":"pdw","c":"Kakamega"}},{"type":"Feature","geometry":{"type":"Point","coordinates":[34.824259,0.390739]},"properties":{"id":"523215732","n":"Shiruma PD6","t":"pdw","c":"Kakamega"}},{"type":"Feature","geometry":{"type":"Point","coordinates":[34.822112,0.404727]},"properties":{"id":"523329554","n":"Wetesa PD28","t":"pdw","c":"Kakamega"}},{"type":"Feature","geometry":{"type":"Point","coordinates":[34.851869,0.376008]},"properties":{"id":"523331247","n":"Sasala PD 11","t":"pdw","c":"Kakamega"}},{"type":"Feature","geometry":{"type":"Point","coordinates":[34.820189,0.384135]},"properties":{"id":"523198305","n":"Makale A PD 10","t":"pdw","c":"Kakamega"}},{"type":"Feature","geometry":{"type":"Point","coordinates":[34.812285,0.413266]},"properties":{"id":"84828659","n":"Mahira Community, Jairus Mwera Spring - 20162","t":"ps","c":"Kakamega"}},{"type":"Feature","geometry":{"type":"Point","coordinates":[34.851658,0.395697]},"properties":{"id":"523234993","n":"Kware A PD10","t":"pdw","c":"Kakamega"}},{"type":"Feature","geometry":{"type":"Point","coordinates":[34.80647,0.411523]},"properties":{"id":"523271929","n":"Ikhanyi PS1","t":"ps","c":"Kakamega"}},{"type":"Feature","geometry":{"type":"Point","coordinates":[34.831326,0.397383]},"properties":{"id":"523243683","n":"Alufu US6","t":"us","c":"Kakamega"}},{"type":"Feature","geometry":{"type":"Point","coordinates":[34.853287,0.375782]},"properties":{"id":"523314136","n":"Sasala PD 9","t":"pdw","c":"Kakamega"}},{"type":"Feature","geometry":{"type":"Point","coordinates":[34.835162,0.401478]},"properties":{"id":"523240635","n":"Mukava UD3","t":"udw","c":"Kakamega"}},{"type":"Feature","geometry":{"type":"Point","coordinates":[34.851862,0.376124]},"properties":{"id":"523321738","n":"Sasala PD 12","t":"pdw","c":"Kakamega"}},{"type":"Feature","geometry":{"type":"Point","coordinates":[34.759005,0.395314]},"properties":{"id":"523239644","n":"Shisisini PS 9","t":"ps","c":"Kakamega"}},{"type":"Feature","geometry":{"type":"Point","coordinates":[34.833638,0.37512]},"properties":{"id":"523320634","n":"Shamberere PS 2","t":"ps","c":"Kakamega"}},{"type":"Feature","geometry":{"type":"Point","coordinates":[34.808481,0.350564]},"properties":{"id":"523232915","n":"Muyava PD 5","t":"pdw","c":"Kakamega"}},{"type":"Feature","geometry":{"type":"Point","coordinates":[34.79448,0.37712]},"properties":{"id":"523315728","n":"Shamoni B PD 14","t":"pdw","c":"Kakamega"}},{"type":"Feature","geometry":{"type":"Point","coordinates":[34.784441,0.36755]},"properties":{"id":"523258032","n":"Musala PD 6","t":"pdw","c":"Kakamega"}},{"type":"Feature","geometry":{"type":"Point","coordinates":[34.811773,0.393617]},"properties":{"id":"523242345","n":"Ingavira PD5","t":"pdw","c":"Kakamega"}},{"type":"Feature","geometry":{"type":"Point","coordinates":[34.77444,0.38035]},"properties":{"id":"272019900","n":"Lunyinya Primary School - 21238","t":"bh","c":"Kakamega","d":80.0}},{"type":"Feature","geometry":{"type":"Point","coordinates":[34.837575,0.375587]},"properties":{"id":"523343332","n":"Shamberere PD 34","t":"pdw","c":"Kakamega"}},{"type":"Feature","geometry":{"type":"Point","coordinates":[34.813112,0.369396]},"properties":{"id":"523282329","n":"Chevoso PS 3","t":"ps","c":"Kakamega"}},{"type":"Feature","geometry":{"type":"Point","coordinates":[34.827434,0.372533]},"properties":{"id":"523195515","n":"Luokho PD 12","t":"pdw","c":"Kakamega"}},{"type":"Feature","geometry":{"type":"Point","coordinates":[34.819062,0.36726]},"properties":{"id":"523306083","n":"Mukomari PD 6","t":"pdw","c":"Kakamega"}},{"type":"Feature","geometry":{"type":"Point","coordinates":[34.848048,0.376033]},"properties":{"id":"523345509","n":"Sasala US 3","t":"us","c":"Kakamega"}},{"type":"Feature","geometry":{"type":"Point","coordinates":[34.817386,0.354588]},"properties":{"id":"523231684","n":"Daraja mbili US 2","t":"us","c":"Kakamega"}},{"type":"Feature","geometry":{"type":"Point","coordinates":[34.80288,0.420795]},"properties":{"id":"523208477","n":"Ikhanyi US4","t":"us","c":"Kakamega"}},{"type":"Feature","geometry":{"type":"Point","coordinates":[34.827044,0.401177]},"properties":{"id":"523211460","n":"Wetesa PD12","t":"pdw","c":"Kakamega"}},{"type":"Feature","geometry":{"type":"Point","coordinates":[34.772936,0.398324]},"properties":{"id":"523345190","n":"Lukala A PS 5","t":"ps","c":"Kakamega"}},{"type":"Feature","geometry":{"type":"Point","coordinates":[34.8356,0.383113]},"properties":{"id":"523343459","n":"Alufu US3","t":"us","c":"Kakamega"}},{"type":"Feature","geometry":{"type":"Point","coordinates":[34.814748,0.367871]},"properties":{"id":"523348818","n":"Chevoso PD 7","t":"pdw","c":"Kakamega"}},{"type":"Feature","geometry":{"type":"Point","coordinates":[34.81352,0.396288]},"properties":{"id":"523234065","n":"Ingavira PD10","t":"pdw","c":"Kakamega"}},{"type":"Feature","geometry":{"type":"Point","coordinates":[34.817882,0.39793]},"properties":{"id":"523192770","n":"Shing'ondo US2","t":"us","c":"Kakamega"}},{"type":"Feature","geometry":{"type":"Point","coordinates":[34.853858,0.393165]},"properties":{"id":"523248451","n":"Kware A PD10","t":"pdw","c":"Kakamega"}},{"type":"Feature","geometry":{"type":"Point","coordinates":[34.787109,0.368176]},"properties":{"id":"523267485","n":"Musala PS 2","t":"ps","c":"Kakamega"}},{"type":"Feature","geometry":{"type":"Point","coordinates":[34.833188,0.403808]},"properties":{"id":"523213651","n":"Mukava PD13","t":"pdw","c":"Kakamega"}},{"type":"Feature","geometry":{"type":"Point","coordinates":[34.823775,0.389145]},"properties":{"id":"523307716","n":"Shiruma PS2","t":"ps","c":"Kakamega"}},{"type":"Feature","geometry":{"type":"Point","coordinates":[34.819036,0.384889]},"properties":{"id":"523272786","n":"Makale A PD 14","t":"pdw","c":"Kakamega"}},{"type":"Feature","geometry":{"type":"Point","coordinates":[34.812174,0.4186]},"properties":{"id":"523326142","n":"Muchemo PD11","t":"pdw","c":"Kakamega"}},{"type":"Feature","geometry":{"type":"Point","coordinates":[34.835708,0.386072]},"properties":{"id":"523319313","n":"Alufu PD9","t":"pdw","c":"Kakamega"}},{"type":"Feature","geometry":{"type":"Point","coordinates":[34.811787,0.369964]},"properties":{"id":"523226163","n":"Chevoso PD 1","t":"pdw","c":"Kakamega"}},{"type":"Feature","geometry":{"type":"Point","coordinates":[34.779928,0.396036]},"properties":{"id":"523204600","n":"Shikutse A PD 4","t":"ps","c":"Kakamega"}},{"type":"Feature","geometry":{"type":"Point","coordinates":[34.848738,0.375478]},"properties":{"id":"523280688","n":"Sasala PD 45","t":"pdw","c":"Kakamega"}},{"type":"Feature","geometry":{"type":"Point","coordinates":[34.785389,0.398444]},"properties":{"id":"523337786","n":"Indulusia A PD 3","t":"pdw","c":"Kakamega"}},{"type":"Feature","geometry":{"type":"Point","coordinates":[34.798267,0.35215]},"properties":{"id":"8728496","n":"Handidi, Chisembe Spring - 18127","t":"ps","c":"Kakamega"}},{"type":"Feature","geometry":{"type":"Point","coordinates":[34.831208,0.401842]},"properties":{"id":"523321422","n":"Mukava PD9","t":"pdw","c":"Kakamega"}},{"type":"Feature","geometry":{"type":"Point","coordinates":[34.792884,0.362624]},"properties":{"id":"523249115","n":"Lukunza PD 4","t":"pdw","c":"Kakamega"}},{"type":"Feature","geometry":{"type":"Point","coordinates":[34.81533,0.385104]},"properties":{"id":"523254612","n":"Ingavira PD 3","t":"pdw","c":"Kakamega"}},{"type":"Feature","geometry":{"type":"Point","coordinates":[34.780935,0.400085]},"properties":{"id":"523264121","n":"Shikutse A PS 13","t":"ps","c":"Kakamega"}},{"type":"Feature","geometry":{"type":"Point","coordinates":[34.797399,0.364489]},"properties":{"id":"523252407","n":"Shianda B US 3","t":"us","c":"Kakamega"}},{"type":"Feature","geometry":{"type":"Point","coordinates":[34.815063,0.374008]},"properties":{"id":"523317720","n":"Makale B US 2","t":"us","c":"Kakamega"}},{"type":"Feature","geometry":{"type":"Point","coordinates":[34.813032,0.392675]},"properties":{"id":"523284008","n":"Ingavira PD3","t":"pdw","c":"Kakamega"}},{"type":"Feature","geometry":{"type":"Point","coordinates":[34.822802,0.375656]},"properties":{"id":"523282680","n":"West Kenya US 3","t":"us","c":"Kakamega"}},{"type":"Feature","geometry":{"type":"Point","coordinates":[34.824539,0.370269]},"properties":{"id":"523308339","n":"Mukomari PD 4","t":"pdw","c":"Kakamega"}},{"type":"Feature","geometry":{"type":"Point","coordinates":[34.796975,0.42944]},"properties":{"id":"523322186","n":"Sundulo B PD 9","t":"pdw","c":"Kakamega"}},{"type":"Feature","geometry":{"type":"Point","coordinates":[34.794261,0.374484]},"properties":{"id":"523315917","n":"Shianda C US 1","t":"us","c":"Kakamega"}},{"type":"Feature","geometry":{"type":"Point","coordinates":[34.79758,0.378102]},"properties":{"id":"523338756","n":"Shamoni B PD 16","t":"pdw","c":"Kakamega"}},{"type":"Feature","geometry":{"type":"Point","coordinates":[34.819212,0.384627]},"properties":{"id":"523227872","n":"Makale A PD 13","t":"pdw","c":"Kakamega"}},{"type":"Feature","geometry":{"type":"Point","coordinates":[34.820611,0.345794]},"properties":{"id":"523202938","n":"Shilalunga B PD 8","t":"us","c":"Kakamega"}},{"type":"Feature","geometry":{"type":"Point","coordinates":[34.801712,0.384305]},"properties":{"id":"523346067","n":"Shamoni A BH 2","t":"bh","c":"Kakamega"}},{"type":"Feature","geometry":{"type":"Point","coordinates":[34.839368,0.372336]},"properties":{"id":"523261001","n":"Shamberere PD 43","t":"pdw","c":"Kakamega"}},{"type":"Feature","geometry":{"type":"Point","coordinates":[34.845347,0.369187]},"properties":{"id":"523294050","n":"Sasala PD 98","t":"pdw","c":"Kakamega"}},{"type":"Feature","geometry":{"type":"Point","coordinates":[34.822253,0.406385]},"properties":{"id":"523313991","n":"Wetesa PD27","t":"pdw","c":"Kakamega"}},{"type":"Feature","geometry":{"type":"Point","coordinates":[34.848266,0.376762]},"properties":{"id":"523300575","n":"Sasala PD 38","t":"pdw","c":"Kakamega"}},{"type":"Feature","geometry":{"type":"Point","coordinates":[34.791987,0.376485]},"properties":{"id":"523285542","n":"Shamoni B PD 13","t":"pdw","c":"Kakamega"}},{"type":"Feature","geometry":{"type":"Point","coordinates":[34.848471,0.376934]},"properties":{"id":"523280547","n":"Sasala PD 36","t":"pdw","c":"Kakamega"}},{"type":"Feature","geometry":{"type":"Point","coordinates":[34.8515,0.37369]},"properties":{"id":"523267801","n":"Sasala US 2","t":"us","c":"Kakamega"}},{"type":"Feature","geometry":{"type":"Point","coordinates":[34.800472,0.39125]},"properties":{"id":"626077547","n":"Ongoro Children's Home","t":"bh","c":"Kakamega"}},{"type":"Feature","geometry":{"type":"Point","coordinates":[34.790639,0.353695]},"properties":{"id":"523329839","n":"Lumunyasi US 3","t":"us","c":"Kakamega"}},{"type":"Feature","geometry":{"type":"Point","coordinates":[34.833248,0.364645]},"properties":{"id":"523296760","n":"Imbinga US 4","t":"us","c":"Kakamega"}},{"type":"Feature","geometry":{"type":"Point","coordinates":[34.850603,0.376129]},"properties":{"id":"523339362","n":"Sasala PD 19","t":"pdw","c":"Kakamega"}},{"type":"Feature","geometry":{"type":"Point","coordinates":[34.839298,0.365236]},"properties":{"id":"523262703","n":"Bukhakunga B US 3","t":"us","c":"Kakamega"}},{"type":"Feature","geometry":{"type":"Point","coordinates":[34.811077,0.410247]},"properties":{"id":"523332420","n":"Mahira PD13","t":"pdw","c":"Kakamega"}},{"type":"Feature","geometry":{"type":"Point","coordinates":[34.839144,0.379145]},"properties":{"id":"523340951","n":"Alufu PS1","t":"ps","c":"Kakamega"}},{"type":"Feature","geometry":{"type":"Point","coordinates":[34.814305,0.387717]},"properties":{"id":"523299433","n":"Ingavira PS1","t":"ps","c":"Kakamega"}},{"type":"Feature","geometry":{"type":"Point","coordinates":[34.836422,0.374718]},"properties":{"id":"523198013","n":"Shamberere PD 17","t":"pdw","c":"Kakamega"}},{"type":"Feature","geometry":{"type":"Point","coordinates":[34.852545,0.375512]},"properties":{"id":"523296193","n":"Sasala PD 5","t":"pdw","c":"Kakamega"}},{"type":"Feature","geometry":{"type":"Point","coordinates":[34.820944,0.356342]},"properties":{"id":"523194820","n":"Malimali PD 1","t":"pdw","c":"Kakamega"}},{"type":"Feature","geometry":{"type":"Point","coordinates":[34.803499,0.415633]},"properties":{"id":"523214638","n":"Lusumu PD1","t":"pdw","c":"Kakamega"}},{"type":"Feature","geometry":{"type":"Point","coordinates":[34.790797,0.368329]},"properties":{"id":"523251396","n":"Musala US 4","t":"us","c":"Kakamega"}},{"type":"Feature","geometry":{"type":"Point","coordinates":[34.809326,0.36075]},"properties":{"id":"523307060","n":"Mukhonje PD 4","t":"pdw","c":"Kakamega"}},{"type":"Feature","geometry":{"type":"Point","coordinates":[34.760489,0.395682]},"properties":{"id":"523347044","n":"Shisisini PS 8","t":"ps","c":"Kakamega"}},{"type":"Feature","geometry":{"type":"Point","coordinates":[34.814316,0.352494]},"properties":{"id":"523343727","n":"Daraja mbili PD 1","t":"pdw","c":"Kakamega"}},{"type":"Feature","geometry":{"type":"Point","coordinates":[34.850569,0.375973]},"properties":{"id":"523284589","n":"Sasala PD 18","t":"pdw","c":"Kakamega"}},{"type":"Feature","geometry":{"type":"Point","coordinates":[34.847264,0.379751]},"properties":{"id":"523284864","n":"Lumusieti B PD4","t":"pdw","c":"Kakamega"}},{"type":"Feature","geometry":{"type":"Point","coordinates":[34.816152,0.372694]},"properties":{"id":"523246789","n":"Makale B PD 11","t":"pdw","c":"Kakamega"}},{"type":"Feature","geometry":{"type":"Point","coordinates":[34.754721,0.394236]},"properties":{"id":"523287142","n":"Lukume A US 6","t":"us","c":"Kakamega"}},{"type":"Feature","geometry":{"type":"Point","coordinates":[34.844656,0.370534]},"properties":{"id":"523287348","n":"Sasala PD 96","t":"pdw","c":"Kakamega"}},{"type":"Feature","geometry":{"type":"Point","coordinates":[34.846686,0.375714]},"properties":{"id":"523215213","n":"Sasala PD 76","t":"pdw","c":"Kakamega"}},{"type":"Feature","geometry":{"type":"Point","coordinates":[34.825876,0.378725]},"properties":{"id":"523334525","n":"West Kenya PD 19","t":"pdw","c":"Kakamega"}},{"type":"Feature","geometry":{"type":"Point","coordinates":[34.816581,0.401092]},"properties":{"id":"523338732","n":"Ingavira PD14","t":"pdw","c":"Kakamega"}},{"type":"Feature","geometry":{"type":"Point","coordinates":[34.808568,0.416182]},"properties":{"id":"523229960","n":"Ikhanyi PD4","t":"pdw","c":"Kakamega"}},{"type":"Feature","geometry":{"type":"Point","coordinates":[34.828727,0.399977]},"properties":{"id":"523258960","n":"Wetesa PD13","t":"pdw","c":"Kakamega"}},{"type":"Feature","geometry":{"type":"Point","coordinates":[34.773766,0.390064]},"properties":{"id":"366924820","n":"Makunga Community, Akinda Spring - 22079","t":"ps","c":"Kakamega"}},{"type":"Feature","geometry":{"type":"Point","coordinates":[34.849201,0.374244]},"properties":{"id":"523289735","n":"Sasala PD 54","t":"pdw","c":"Kakamega"}},{"type":"Feature","geometry":{"type":"Point","coordinates":[34.799988,0.40993]},"properties":{"id":"366924796","n":"Shivakala Community, Mukangu Spring - 22032","t":"ps","c":"Kakamega"}},{"type":"Feature","geometry":{"type":"Point","coordinates":[34.840947,0.375162]},"properties":{"id":"523221096","n":"Sasala PD 88","t":"pdw","c":"Kakamega"}},{"type":"Feature","geometry":{"type":"Point","coordinates":[34.817224,0.383857]},"properties":{"id":"290455410","n":"Makale Community, Shango Spring - 21066","t":"ps","c":"Kakamega"}},{"type":"Feature","geometry":{"type":"Point","coordinates":[34.788022,0.376459]},"properties":{"id":"523233545","n":"Shilongo US 3","t":"us","c":"Kakamega"}},{"type":"Feature","geometry":{"type":"Point","coordinates":[34.817311,0.375831]},"properties":{"id":"679035435","n":"Makale .B. Community - 430004","t":"bh","c":"Kakamega","d":42.0}},{"type":"Feature","geometry":{"type":"Point","coordinates":[34.795258,0.376131]},"properties":{"id":"523209375","n":"Shianda C PD 3","t":"pdw","c":"Kakamega"}},{"type":"Feature","geometry":{"type":"Point","coordinates":[34.822602,0.387481]},"properties":{"id":"523265036","n":"Shiruma US3","t":"us","c":"Kakamega"}},{"type":"Feature","geometry":{"type":"Point","coordinates":[34.782522,0.39109]},"properties":{"id":"523221766","n":"Makaka PS 1","t":"ps","c":"Kakamega"}},{"type":"Feature","geometry":{"type":"Point","coordinates":[34.805787,0.421547]},"properties":{"id":"523221869","n":"Ikhanyi PD10","t":"pdw","c":"Kakamega"}},{"type":"Feature","geometry":{"type":"Point","coordinates":[34.779069,0.366493]},"properties":{"id":"523250388","n":"Shivakala A PD 2","t":"pdw","c":"Kakamega"}},{"type":"Feature","geometry":{"type":"Point","coordinates":[34.776622,0.36592]},"properties":{"id":"523211484","n":"Shivakala A US 1","t":"us","c":"Kakamega"}},{"type":"Feature","geometry":{"type":"Point","coordinates":[34.794823,0.426518]},"properties":{"id":"523350532","n":"Sundulo B PS 13","t":"ps","c":"Kakamega"}},{"type":"Feature","geometry":{"type":"Point","coordinates":[34.843252,0.380038]},"properties":{"id":"523262727","n":"Lumusieti B PD7","t":"pdw","c":"Kakamega"}},{"type":"Feature","geometry":{"type":"Point","coordinates":[34.826757,0.363355]},"properties":{"id":"523345561","n":"Luokho PD 7","t":"pdw","c":"Kakamega"}},{"type":"Feature","geometry":{"type":"Point","coordinates":[34.806867,0.374731]},"properties":{"id":"523249139","n":"Emusali PD 9","t":"pdw","c":"Kakamega"}},{"type":"Feature","geometry":{"type":"Point","coordinates":[34.793231,0.384831]},"properties":{"id":"523229874","n":"Shilongo PD 5","t":"pdw","c":"Kakamega"}},{"type":"Feature","geometry":{"type":"Point","coordinates":[34.837227,0.375108]},"properties":{"id":"523231189","n":"Shamberere PD 28","t":"pdw","c":"Kakamega"}},{"type":"Feature","geometry":{"type":"Point","coordinates":[34.773272,0.375856]},"properties":{"id":"523218065","n":"Lunyinya A PD 1","t":"pdw","c":"Kakamega"}},{"type":"Feature","geometry":{"type":"Point","coordinates":[34.78743,0.380025]},"properties":{"id":"523215938","n":"Shilongo US 5","t":"us","c":"Kakamega"}},{"type":"Feature","geometry":{"type":"Point","coordinates":[34.79848,0.34905]},"properties":{"id":"272020056","n":"Mulwanda Community, Inganji Spring - 21072","t":"ps","c":"Kakamega"}},{"type":"Feature","geometry":{"type":"Point","coordinates":[34.812457,0.354972]},"properties":{"id":"523203290","n":"Daraja mbili PD 4","t":"pdw","c":"Kakamega"}},{"type":"Feature","geometry":{"type":"Point","coordinates":[34.795361,0.366415]},"properties":{"id":"523329970","n":"Shianda B PD 8","t":"pdw","c":"Kakamega"}},{"type":"Feature","geometry":{"type":"Point","coordinates":[34.804723,0.427517]},"properties":{"id":"523212526","n":"Sundulo A US 12","t":"us","c":"Kakamega"}},{"type":"Feature","geometry":{"type":"Point","coordinates":[34.811097,0.41146]},"properties":{"id":"523281775","n":"Mahira PD9","t":"pdw","c":"Kakamega"}},{"type":"Feature","geometry":{"type":"Point","coordinates":[34.811202,0.39421]},"properties":{"id":"523200321","n":"Ingavira PD8","t":"pdw","c":"Kakamega"}},{"type":"Feature","geometry":{"type":"Point","coordinates":[34.8439,0.40042]},"properties":{"id":"523318350","n":"Kware A PD1","t":"pdw","c":"Kakamega"}},{"type":"Feature","geometry":{"type":"Point","coordinates":[34.828823,0.365697]},"properties":{"id":"523314095","n":"Luokho PS 5","t":"ps","c":"Kakamega"}},{"type":"Feature","geometry":{"type":"Point","coordinates":[34.800575,0.406367]},"properties":{"id":"523304067","n":"Shianda PS2","t":"ps","c":"Kakamega"}},{"type":"Feature","geometry":{"type":"Point","coordinates":[34.841811,0.37733]},"properties":{"id":"329034753","n":"Shamberere Primary School - 21216","t":"bh","c":"Kakamega","d":90.0}},{"type":"Feature","geometry":{"type":"Point","coordinates":[34.824534,0.350264]},"properties":{"id":"523260749","n":"Malimali PS 2","t":"ps","c":"Kakamega"}},{"type":"Feature","geometry":{"type":"Point","coordinates":[34.7944,0.351164]},"properties":{"id":"672195","n":"Efwetero Community - 4368","t":"bh","c":"Kakamega"}},{"type":"Feature","geometry":{"type":"Point","coordinates":[34.783428,0.395492]},"properties":{"id":"523214456","n":"Shikutse A PD 8","t":"pdw","c":"Kakamega"}},{"type":"Feature","geometry":{"type":"Point","coordinates":[34.815133,0.382817]},"properties":{"id":"523254076","n":"Ingavira US 1","t":"us","c":"Kakamega"}},{"type":"Feature","geometry":{"type":"Point","coordinates":[34.781353,0.368981]},"properties":{"id":"523322959","n":"Kwava PD 7","t":"pdw","c":"Kakamega"}},{"type":"Feature","geometry":{"type":"Point","coordinates":[34.798761,0.383056]},"properties":{"id":"84828848","n":"Shihome Community, Peter Majoni Spring - 20171","t":"ps","c":"Kakamega"}},{"type":"Feature","geometry":{"type":"Point","coordinates":[34.78501,0.361575]},"properties":{"id":"523307390","n":"Busokho US 3","t":"us","c":"Kakamega"}},{"type":"Feature","geometry":{"type":"Point","coordinates":[34.775578,0.398561]},"properties":{"id":"385569501","n":"Lukala A Community, Tova Spring - 22121","t":"ps","c":"Kakamega"}},{"type":"Feature","geometry":{"type":"Point","coordinates":[34.812185,0.37522]},"properties":{"id":"523283502","n":"Makale B PD 2","t":"pdw","c":"Kakamega"}},{"type":"Feature","geometry":{"type":"Point","coordinates":[34.808776,0.400223]},"properties":{"id":"523223029","n":"Mahira PS5","t":"ps","c":"Kakamega"}},{"type":"Feature","geometry":{"type":"Point","coordinates":[34.826357,0.361995]},"properties":{"id":"523205436","n":"Imbinga US 5","t":"us","c":"Kakamega"}},{"type":"Feature","geometry":{"type":"Point","coordinates":[34.82563,0.357123]},"properties":{"id":"523197191","n":"Imbinga PS 5","t":"ps","c":"Kakamega"}},{"type":"Feature","geometry":{"type":"Point","coordinates":[34.794158,0.385628]},"properties":{"id":"523253738","n":"Shilongo PD 3","t":"pdw","c":"Kakamega"}},{"type":"Feature","geometry":{"type":"Point","coordinates":[34.824162,0.364856]},"properties":{"id":"523325897","n":"Luokho PD 8","t":"pdw","c":"Kakamega"}},{"type":"Feature","geometry":{"type":"Point","coordinates":[34.7905,0.351077]},"properties":{"id":"523206059","n":"Isanjiro US 1","t":"us","c":"Kakamega"}},{"type":"Feature","geometry":{"type":"Point","coordinates":[34.844468,0.37449]},"properties":{"id":"523317634","n":"Sasala PD 78","t":"pdw","c":"Kakamega"}},{"type":"Feature","geometry":{"type":"Point","coordinates":[34.84973,0.376093]},"properties":{"id":"523253408","n":"Sasala PD 31","t":"pdw","c":"Kakamega"}},{"type":"Feature","geometry":{"type":"Point","coordinates":[34.812567,0.419423]},"properties":{"id":"523239572","n":"Muchemo PD10","t":"pdw","c":"Kakamega"}},{"type":"Feature","geometry":{"type":"Point","coordinates":[34.797805,0.43243]},"properties":{"id":"523340243","n":"Chiterezi PD 13","t":"pdw","c":"Kakamega"}},{"type":"Feature","geometry":{"type":"Point","coordinates":[34.805533,0.366907]},"properties":{"id":"523238083","n":"Echemo PD 5","t":"pdw","c":"Kakamega"}},{"type":"Feature","geometry":{"type":"Point","coordinates":[34.813025,0.346517]},"properties":{"id":"523207768","n":"Chombeli PD 3","t":"pdw","c":"Kakamega"}},{"type":"Feature","geometry":{"type":"Point","coordinates":[34.783472,0.358935]},"properties":{"id":"523307273","n":"Busokho US 2","t":"us","c":"Kakamega"}},{"type":"Feature","geometry":{"type":"Point","coordinates":[34.841801,0.375275]},"properties":{"id":"736923071","n":"St. Gerald Sasala Primary School - 410040","t":"bh","c":"Kakamega","d":80.0}},{"type":"Feature","geometry":{"type":"Point","coordinates":[34.772329,0.371827]},"properties":{"id":"523322258","n":"Mukaya US 3","t":"us","c":"Kakamega"}},{"type":"Feature","geometry":{"type":"Point","coordinates":[34.792557,0.36951]},"properties":{"id":"403752041","n":"Shianda Community, Ben Keverenge Spring - 22126","t":"ps","c":"Kakamega"}},{"type":"Feature","geometry":{"type":"Point","coordinates":[34.819788,0.40729]},"properties":{"id":"523271761","n":"Muchemo US1","t":"us","c":"Kakamega"}},{"type":"Feature","geometry":{"type":"Point","coordinates":[34.801088,0.399567]},"properties":{"id":"305464851","n":"Shianda Community, Mucharia Spring - 21068","t":"ps","c":"Kakamega"}},{"type":"Feature","geometry":{"type":"Point","coordinates":[34.853807,0.39198]},"properties":{"id":"523271651","n":"Kware A US2","t":"us","c":"Kakamega"}},{"type":"Feature","geometry":{"type":"Point","coordinates":[34.785156,0.368107]},"properties":{"id":"523218003","n":"Musala PD 7","t":"pdw","c":"Kakamega"}},{"type":"Feature","geometry":{"type":"Point","coordinates":[34.7909,0.430182]},"properties":{"id":"523331096","n":"Chiterezi PS 1","t":"ps","c":"Kakamega"}},{"type":"Feature","geometry":{"type":"Point","coordinates":[34.800352,0.427727]},"properties":{"id":"523268125","n":"Sundulo B PS 2","t":"ps","c":"Kakamega"}},{"type":"Feature","geometry":{"type":"Point","coordinates":[34.799847,0.383672]},"properties":{"id":"523222334","n":"Shamoni B PD 7","t":"pdw","c":"Kakamega"}},{"type":"Feature","geometry":{"type":"Point","coordinates":[34.787714,0.387439]},"properties":{"id":"445268087","n":"Shihome Community, Jotham Koikoi Spring - 22149","t":"ps","c":"Kakamega"}},{"type":"Feature","geometry":{"type":"Point","coordinates":[34.838035,0.38599]},"properties":{"id":"523291772","n":"Alufu US4","t":"us","c":"Kakamega"}},{"type":"Feature","geometry":{"type":"Point","coordinates":[34.835967,0.386566]},"properties":{"id":"523246301","n":"Alufu PD8","t":"pdw","c":"Kakamega"}},{"type":"Feature","geometry":{"type":"Point","coordinates":[34.827197,0.400915]},"properties":{"id":"523264640","n":"Wetesa PD11","t":"pdw","c":"Kakamega"}},{"type":"Feature","geometry":{"type":"Point","coordinates":[34.796149,0.367174]},"properties":{"id":"523331656","n":"Shianda B PD 10","t":"pdw","c":"Kakamega"}},{"type":"Feature","geometry":{"type":"Point","coordinates":[34.82292,0.367982]},"properties":{"id":"523311755","n":"Mukomari PD 10","t":"pdw","c":"Kakamega"}},{"type":"Feature","geometry":{"type":"Point","coordinates":[34.809875,0.40229]},"properties":{"id":"523213400","n":"Mahira PD21","t":"pdw","c":"Kakamega"}},{"type":"Feature","geometry":{"type":"Point","coordinates":[34.810508,0.374809]},"properties":{"id":"523308597","n":"Echemo PD 1","t":"pdw","c":"Kakamega"}},{"type":"Feature","geometry":{"type":"Point","coordinates":[34.832592,0.376858]},"properties":{"id":"523350879","n":"Shamberere PD 2","t":"pdw","c":"Kakamega"}},{"type":"Feature","geometry":{"type":"Point","coordinates":[34.811948,0.380628]},"properties":{"id":"523345004","n":"Ingavira PD 7","t":"pdw","c":"Kakamega"}},{"type":"Feature","geometry":{"type":"Point","coordinates":[34.793993,0.425472]},"properties":{"id":"523263838","n":"Sundulo B PS 12","t":"ps","c":"Kakamega"}},{"type":"Feature","geometry":{"type":"Point","coordinates":[34.813815,0.370615]},"properties":{"id":"523197610","n":"Chevoso PS 1","t":"ps","c":"Kakamega"}},{"type":"Feature","geometry":{"type":"Point","coordinates":[34.837583,0.375949]},"properties":{"id":"523325268","n":"Shamberere PD 33","t":"pdw","c":"Kakamega"}},{"type":"Feature","geometry":{"type":"Point","coordinates":[34.848932,0.376412]},"properties":{"id":"523218278","n":"Sasala PD 41","t":"pdw","c":"Kakamega"}},{"type":"Feature","geometry":{"type":"Point","coordinates":[34.792313,0.354977]},"properties":{"id":"523285212","n":"Isanjiro US 2","t":"us","c":"Kakamega"}},{"type":"Feature","geometry":{"type":"Point","coordinates":[34.846239,0.377537]},"properties":{"id":"523349228","n":"Lumusieti B PD8","t":"pdw","c":"Kakamega"}},{"type":"Feature","geometry":{"type":"Point","coordinates":[34.822343,0.352764]},"properties":{"id":"523198130","n":"Malimali PD 2","t":"pdw","c":"Kakamega"}},{"type":"Feature","geometry":{"type":"Point","coordinates":[34.810611,0.373489]},"properties":{"id":"523203472","n":"Chevoso PD 4","t":"pdw","c":"Kakamega"}},{"type":"Feature","geometry":{"type":"Point","coordinates":[34.811052,0.355143]},"properties":{"id":"523283007","n":"Daraja mbili PD 6","t":"pdw","c":"Kakamega"}},{"type":"Feature","geometry":{"type":"Point","coordinates":[34.802533,0.393555]},"properties":{"id":"523223438","n":"Mayungu PD5","t":"pdw","c":"Kakamega"}},{"type":"Feature","geometry":{"type":"Point","coordinates":[34.847702,0.377014]},"properties":{"id":"523202835","n":"Sasala PD 56","t":"pdw","c":"Kakamega"}},{"type":"Feature","geometry":{"type":"Point","coordinates":[34.813128,0.394478]},"properties":{"id":"523221618","n":"Ingavira PD6","t":"pdw","c":"Kakamega"}},{"type":"Feature","geometry":{"type":"Point","coordinates":[34.81099,0.421802]},"properties":{"id":"523247285","n":"Muchemo PD12","t":"pdw","c":"Kakamega"}},{"type":"Feature","geometry":{"type":"Point","coordinates":[34.83037,0.397069]},"properties":{"id":"523210885","n":"Alufu PD19","t":"pdw","c":"Kakamega"}},{"type":"Feature","geometry":{"type":"Point","coordinates":[34.816144,0.397929]},"properties":{"id":"523339568","n":"Ingavira UD1","t":"udw","c":"Kakamega"}},{"type":"Feature","geometry":{"type":"Point","coordinates":[34.831367,0.374683]},"properties":{"id":"523257330","n":"Luokho PD 2","t":"pdw","c":"Kakamega"}},{"type":"Feature","geometry":{"type":"Point","coordinates":[34.820043,0.372199]},"properties":{"id":"523287001","n":"Makale B PD 7","t":"pdw","c":"Kakamega"}},{"type":"Feature","geometry":{"type":"Point","coordinates":[34.848315,0.39611]},"properties":{"id":"523305790","n":"Kware A PD8","t":"pdw","c":"Kakamega"}},{"type":"Feature","geometry":{"type":"Point","coordinates":[34.787633,0.398255]},"properties":{"id":"523219190","n":"Shiuna B PS 13","t":"ps","c":"Kakamega"}},{"type":"Feature","geometry":{"type":"Point","coordinates":[34.849903,0.374686]},"properties":{"id":"523297754","n":"Sasala PD 49","t":"pdw","c":"Kakamega"}},{"type":"Feature","geometry":{"type":"Point","coordinates":[34.80618,0.410517]},"properties":{"id":"523292412","n":"Ikhanyi PD1","t":"pdw","c":"Kakamega"}},{"type":"Feature","geometry":{"type":"Point","coordinates":[34.827175,0.402752]},"properties":{"id":"523348090","n":"Wetesa PD17","t":"pdw","c":"Kakamega"}},{"type":"Feature","geometry":{"type":"Point","coordinates":[34.834847,0.365471]},"properties":{"id":"416580862","n":"Shamberere Community, Jafred Shiayo Spring - 22021","t":"ps","c":"Kakamega"}},{"type":"Feature","geometry":{"type":"Point","coordinates":[34.830549,0.377464]},"properties":{"id":"523213297","n":"West Kenya PD 6","t":"pdw","c":"Kakamega"}},{"type":"Feature","geometry":{"type":"Point","coordinates":[34.824613,0.374261]},"properties":{"id":"523324377","n":"West Kenya US 1","t":"us","c":"Kakamega"}},{"type":"Feature","geometry":{"type":"Point","coordinates":[34.848919,0.368917]},"properties":{"id":"523220497","n":"Bukhakunga A PS 5","t":"ps","c":"Kakamega"}},{"type":"Feature","geometry":{"type":"Point","coordinates":[34.805579,0.373878]},"properties":{"id":"523203654","n":"Emusali PD 10","t":"pdw","c":"Kakamega"}},{"type":"Feature","geometry":{"type":"Point","coordinates":[34.779289,0.384436]},"properties":{"id":"412744554","n":"Lunyinya Community, Musungu Spring - 22088","t":"ps","c":"Kakamega"}},{"type":"Feature","geometry":{"type":"Point","coordinates":[34.849408,0.376475]},"properties":{"id":"523243920","n":"Sasala PD 34","t":"pdw","c":"Kakamega"}},{"type":"Feature","geometry":{"type":"Point","coordinates":[34.79761,0.413507]},"properties":{"id":"523266398","n":"Luasi PD2","t":"pdw","c":"Kakamega"}},{"type":"Feature","geometry":{"type":"Point","coordinates":[34.831936,0.361062]},"properties":{"id":"41049044","n":"Imbinga, Arunga Spring - 19112","t":"ps","c":"Kakamega"}},{"type":"Feature","geometry":{"type":"Point","coordinates":[34.840123,0.361593]},"properties":{"id":"523331780","n":"Bukhakunga B PS 1","t":"ps","c":"Kakamega"}},{"type":"Feature","geometry":{"type":"Point","coordinates":[34.810967,0.387961]},"properties":{"id":"523196334","n":"Mayungu PD15","t":"pdw","c":"Kakamega"}},{"type":"Feature","geometry":{"type":"Point","coordinates":[34.833456,0.373411]},"properties":{"id":"523312079","n":"Shamberere PD 12","t":"pdw","c":"Kakamega"}},{"type":"Feature","geometry":{"type":"Point","coordinates":[34.851911,0.376221]},"properties":{"id":"523233387","n":"Sasala PD 13","t":"pdw","c":"Kakamega"}},{"type":"Feature","geometry":{"type":"Point","coordinates":[34.805377,0.350303]},"properties":{"id":"523311281","n":"Mundoli US 1","t":"us","c":"Kakamega"}},{"type":"Feature","geometry":{"type":"Point","coordinates":[34.84441,0.376599]},"properties":{"id":"523193245","n":"Sasala PD 66","t":"pdw","c":"Kakamega"}},{"type":"Feature","geometry":{"type":"Point","coordinates":[34.837524,0.362861]},"properties":{"id":"523290324","n":"Bukhakunga B PD 1","t":"pdw","c":"Kakamega"}},{"type":"Feature","geometry":{"type":"Point","coordinates":[34.783547,0.366707]},"properties":{"id":"523255297","n":"Musala PD 4","t":"pdw","c":"Kakamega"}},{"type":"Feature","geometry":{"type":"Point","coordinates":[34.815062,0.383055]},"properties":{"id":"523253965","n":"Ingavira PD 4","t":"pdw","c":"Kakamega"}},{"type":"Feature","geometry":{"type":"Point","coordinates":[34.808347,0.389541]},"properties":{"id":"523326111","n":"Mayungu PD11","t":"pdw","c":"Kakamega"}},{"type":"Feature","geometry":{"type":"Point","coordinates":[34.837782,0.37506]},"properties":{"id":"523316190","n":"Shamberere PD 37","t":"pdw","c":"Kakamega"}},{"type":"Feature","geometry":{"type":"Point","coordinates":[34.83107,0.373011]},"properties":{"id":"523306265","n":"Luokho PD 3","t":"pdw","c":"Kakamega"}},{"type":"Feature","geometry":{"type":"Point","coordinates":[34.83732,0.375846]},"properties":{"id":"523244842","n":"Shamberere PD 32","t":"pdw","c":"Kakamega"}},{"type":"Feature","geometry":{"type":"Point","coordinates":[34.85263,0.375282]},"properties":{"id":"523223964","n":"Sasala PD 4","t":"pdw","c":"Kakamega"}},{"type":"Feature","geometry":{"type":"Point","coordinates":[34.822738,0.371777]},"properties":{"id":"523317517","n":"West Kenya US 2","t":"us","c":"Kakamega"}},{"type":"Feature","geometry":{"type":"Point","coordinates":[34.808212,0.400906]},"properties":{"id":"523317421","n":"Mahira PD22","t":"pdw","c":"Kakamega"}},{"type":"Feature","geometry":{"type":"Point","coordinates":[34.807091,0.389603]},"properties":{"id":"523243030","n":"Mayungu PS4","t":"ps","c":"Kakamega"}},{"type":"Feature","geometry":{"type":"Point","coordinates":[34.809879,0.365225]},"properties":{"id":"523321721","n":"Chevoso PS 4","t":"ps","c":"Kakamega"}},{"type":"Feature","geometry":{"type":"Point","coordinates":[34.82587,0.37363]},"properties":{"id":"523298140","n":"West Kenya PD 24","t":"pdw","c":"Kakamega"}},{"type":"Feature","geometry":{"type":"Point","coordinates":[34.807738,0.35514]},"properties":{"id":"523281294","n":"Muyava PD 3","t":"pdw","c":"Kakamega"}},{"type":"Feature","geometry":{"type":"Point","coordinates":[34.835973,0.400947]},"properties":{"id":"523204435","n":"Kware B PD3","t":"pdw","c":"Kakamega"}},{"type":"Feature","geometry":{"type":"Point","coordinates":[34.847966,0.374403]},"properties":{"id":"523348801","n":"Sasala PD 104","t":"pdw","c":"Kakamega"}},{"type":"Feature","geometry":{"type":"Point","coordinates":[34.78241,0.395691]},"properties":{"id":"523258094","n":"Shikutse A PD 7","t":"pdw","c":"Kakamega"}},{"type":"Feature","geometry":{"type":"Point","coordinates":[34.82112,0.403448]},"properties":{"id":"523309189","n":"Wetesa PS1","t":"ps","c":"Kakamega"}},{"type":"Feature","geometry":{"type":"Point","coordinates":[34.801651,0.402446]},"properties":{"id":"523233442","n":"Shianda PD3","t":"pdw","c":"Kakamega"}},{"type":"Feature","geometry":{"type":"Point","coordinates":[34.796813,0.427687]},"properties":{"id":"523212076","n":"Sundulo B PD 10","t":"pdw","c":"Kakamega"}},{"type":"Feature","geometry":{"type":"Point","coordinates":[34.825781,0.352566]},"properties":{"id":"523313654","n":"Malimali UD 1","t":"udw","c":"Kakamega"}},{"type":"Feature","geometry":{"type":"Point","coordinates":[34.848596,0.376483]},"properties":{"id":"523352314","n":"Sasala PD 40","t":"pdw","c":"Kakamega"}},{"type":"Feature","geometry":{"type":"Point","coordinates":[34.836198,0.374802]},"properties":{"id":"523317775","n":"Shamberere PD 18","t":"pdw","c":"Kakamega"}},{"type":"Feature","geometry":{"type":"Point","coordinates":[34.823065,0.366327]},"properties":{"id":"523314150","n":"Mukomari PS 3","t":"ps","c":"Kakamega"}},{"type":"Feature","geometry":{"type":"Point","coordinates":[34.827578,0.404223]},"properties":{"id":"523276182","n":"Wetesa PD20","t":"pdw","c":"Kakamega"}},{"type":"Feature","geometry":{"type":"Point","coordinates":[34.816582,0.348206]},"properties":{"id":"523248004","n":"Shilalunga B PS 8","t":"ps","c":"Kakamega"}},{"type":"Feature","geometry":{"type":"Point","coordinates":[34.784454,0.365614]},"properties":{"id":"523258953","n":"Musala US 1","t":"us","c":"Kakamega"}},{"type":"Feature","geometry":{"type":"Point","coordinates":[34.807529,0.386402]},"properties":{"id":"523317531","n":"Shamoni A PD 6","t":"pdw","c":"Kakamega"}},{"type":"Feature","geometry":{"type":"Point","coordinates":[34.799988,0.40993]},"properties":{"id":"84830689","n":"Mwera Community, Mukunga Spring - 21055","t":"ps","c":"Kakamega"}},{"type":"Feature","geometry":{"type":"Point","coordinates":[34.811407,0.347469]},"properties":{"id":"523195010","n":"Chombeli PD 4","t":"pdw","c":"Kakamega"}},{"type":"Feature","geometry":{"type":"Point","coordinates":[34.803457,0.415992]},"properties":{"id":"523229166","n":"Ikhanyi PD13","t":"pdw","c":"Kakamega"}},{"type":"Feature","geometry":{"type":"Point","coordinates":[34.832568,0.399476]},"properties":{"id":"523348887","n":"Kware B PD2","t":"pdw","c":"Kakamega"}}]}