{"type":"FeatureCollection","features":[{"type":"Feature","geometry":{"type":"Point","coordinates":[36.796183,-1.867669]},"properties":{"id":"353386785","n":"Mashuru water borehole","t":"bh","c":"Kajiado"}},{"type":"Feature","geometry":{"type":"Point","coordinates":[36.79641,-1.891375]},"properties":{"id":"38705720","n":"Shukaa sand dam","t":"pdw","c":"Kajiado"}},{"type":"Feature","geometry":{"type":"Point","coordinates":[36.789877,-1.85029]},"properties":{"id":"332457336","n":"Dwo borehole","t":"bh","c":"Kajiado"}},{"type":"Feature","geometry":{"type":"Point","coordinates":[36.79287,-1.850531]},"properties":{"id":"353386778","n":"Full gospel borehole","t":"bh","c":"Kajiado"}},{"type":"Feature","geometry":{"type":"Point","coordinates":[36.923475,-2.059494]},"properties":{"id":"353393947","n":"Lolakir borehole","t":"bh","c":"Kajiado"}},{"type":"Feature","geometry":{"type":"Point","coordinates":[36.86694,-1.994178]},"properties":{"id":"766609769","n":"Orinie borehole","t":"bh","c":"Kajiado"}},{"type":"Feature","geometry":{"type":"Point","coordinates":[36.795663,-1.891192]},"properties":{"id":"38705744","n":"Shuhaa borehole","t":"bh","c":"Kajiado"}},{"type":"Feature","geometry":{"type":"Point","coordinates":[36.792888,-1.85036]},"properties":{"id":"353386761","n":"Full gospel borehole","t":"bh","c":"Kajiado"}},{"type":"Feature","geometry":{"type":"Point","coordinates":[36.813854,-1.860251]},"properties":{"id":"332446510","n":"Demo farm","t":"bh","c":"Kajiado"}},{"type":"Feature","geometry":{"type":"Point","coordinates":[36.896505,-1.902227]},"properties":{"id":"519264955","n":"Inkuseron community borehole","t":"bh","c":"Kajiado"}},{"type":"Feature","geometry":{"type":"Point","coordinates":[36.899895,-1.99638]},"properties":{"id":"519264845","n":"Enkutoto Nalala","t":"bh","c":"Kajiado"}},{"type":"Feature","geometry":{"type":"Point","coordinates":[36.897857,-2.087407]},"properties":{"id":"519265011","n":"Oloomunyi community borehole","t":"bh","c":"Kajiado"}},{"type":"Feature","geometry":{"type":"Point","coordinates":[36.785352,-1.841429]},"properties":{"id":"554554091","n":"Leonard water point","t":"udw","c":"Kajiado"}},{"type":"Feature","geometry":{"type":"Point","coordinates":[36.785148,-1.840775]},"properties":{"id":"538716390","n":"Leonard water 3","t":"bh","c":"Kajiado","d":150.0}},{"type":"Feature","geometry":{"type":"Point","coordinates":[36.789188,-1.845295]},"properties":{"id":"353402843","n":"Kajiado township borehole","t":"bh","c":"Kajiado"}},{"type":"Feature","geometry":{"type":"Point","coordinates":[36.782401,-1.844669]},"properties":{"id":"519265059","n":"Shapashina community borehole","t":"bh","c":"Kajiado"}},{"type":"Feature","geometry":{"type":"Point","coordinates":[36.78905,-1.845384]},"properties":{"id":"353402836","n":"Kajiado township borehole","t":"bh","c":"Kajiado"}},{"type":"Feature","geometry":{"type":"Point","coordinates":[36.789049,-1.845382]},"properties":{"id":"353402829","n":"Kajiado township borehole","t":"bh","c":"Kajiado"}},{"type":"Feature","geometry":{"type":"Point","coordinates":[36.784392,-1.845709]},"properties":{"id":"353387267","n":"Full Gospel Borehole","t":"bh","c":"Kajiado"}},{"type":"Feature","geometry":{"type":"Point","coordinates":[36.77506,-1.833023]},"properties":{"id":"332457611","n":"Hakim borehole","t":"bh","c":"Kajiado"}},{"type":"Feature","geometry":{"type":"Point","coordinates":[36.785493,-1.84612]},"properties":{"id":"353387243","n":"Kajiado 2 Borehole","t":"bh","c":"Kajiado"}},{"type":"Feature","geometry":{"type":"Point","coordinates":[36.782697,-1.84474]},"properties":{"id":"519265080","n":"Shapashina community borehole","t":"bh","c":"Kajiado"}},{"type":"Feature","geometry":{"type":"Point","coordinates":[36.807416,-2.28076]},"properties":{"id":"353432370","n":"Ngatataek","t":"bh","c":"Kajiado"}},{"type":"Feature","geometry":{"type":"Point","coordinates":[36.803585,-2.287243]},"properties":{"id":"353432284","n":"Ngatataek","t":"bh","c":"Kajiado"}},{"type":"Feature","geometry":{"type":"Point","coordinates":[36.795735,-2.27245]},"properties":{"id":"353432260","n":"Ngatatataek borehole","t":"bh","c":"Kajiado"}},{"type":"Feature","geometry":{"type":"Point","coordinates":[36.798191,-2.290507]},"properties":{"id":"353432301","n":"Ngatataek","t":"bh","c":"Kajiado"}},{"type":"Feature","geometry":{"type":"Point","coordinates":[36.853392,-2.171239]},"properties":{"id":"554554132","n":"Olchorro ng'ussur water points","t":"pdw","c":"Kajiado"}},{"type":"Feature","geometry":{"type":"Point","coordinates":[36.886117,-2.179524]},"properties":{"id":"554554163","n":"Draft point leonard","t":"udw","c":"Kajiado"}},{"type":"Feature","geometry":{"type":"Point","coordinates":[36.785316,-2.278415]},"properties":{"id":"353432253","n":"Ngatataek borehole","t":"bh","c":"Kajiado"}},{"type":"Feature","geometry":{"type":"Point","coordinates":[36.803585,-2.287243]},"properties":{"id":"353432277","n":"Ngatataek borehole","t":"bh","c":"Kajiado"}},{"type":"Feature","geometry":{"type":"Point","coordinates":[36.886916,-2.195796]},"properties":{"id":"348631249","n":"Enkongo enjore","t":"ps","c":"Kajiado"}},{"type":"Feature","geometry":{"type":"Point","coordinates":[36.925387,-2.312907]},"properties":{"id":"684780139","n":"Noonganayiok Church of Christ","t":"bh","c":"Kajiado"}},{"type":"Feature","geometry":{"type":"Point","coordinates":[36.80731,-2.28314]},"properties":{"id":"353432332","n":"Ngatataek","t":"bh","c":"Kajiado"}},{"type":"Feature","geometry":{"type":"Point","coordinates":[36.926337,-2.202281]},"properties":{"id":"555160488","n":"PCEA bore hole water point","t":"bh","c":"Kajiado"}},{"type":"Feature","geometry":{"type":"Point","coordinates":[36.807416,-2.28076]},"properties":{"id":"353432356","n":"Ngatatataek","t":"bh","c":"Kajiado"}},{"type":"Feature","geometry":{"type":"Point","coordinates":[36.918994,-2.198789]},"properties":{"id":"555160282","n":"Maparasha primary school water point","t":"ps","c":"Kajiado"}},{"type":"Feature","geometry":{"type":"Point","coordinates":[36.80731,-2.28314]},"properties":{"id":"353432325","n":"Ngatataek town","t":"bh","c":"Kajiado"}},{"type":"Feature","geometry":{"type":"Point","coordinates":[36.884881,-2.183766]},"properties":{"id":"555160206","n":"Engos Emontonyi water point","t":"ps","c":"Kajiado"}},{"type":"Feature","geometry":{"type":"Point","coordinates":[36.856113,-2.175747]},"properties":{"id":"348631177","n":"Kerema","t":"ps","c":"Kajiado"}},{"type":"Feature","geometry":{"type":"Point","coordinates":[36.901656,-2.135796]},"properties":{"id":"554554228","n":"Ormotiany community water point","t":"bh","c":"Kajiado"}},{"type":"Feature","geometry":{"type":"Point","coordinates":[36.715148,-2.130845]},"properties":{"id":"393672152","n":"Oiti Water kiosk 1","t":"bh","c":"Kajiado","d":220.0}},{"type":"Feature","geometry":{"type":"Point","coordinates":[36.90116,-2.135544]},"properties":{"id":"554554242","n":"Ormotiany primary school water point","t":"bh","c":"Kajiado"}},{"type":"Feature","geometry":{"type":"Point","coordinates":[36.85362,-2.170943]},"properties":{"id":"554554149","n":"Olchorro ng'ussur water points","t":"ps","c":"Kajiado"}},{"type":"Feature","geometry":{"type":"Point","coordinates":[36.666528,-2.372182]},"properties":{"id":"304382086","n":"Olmakau water kiosk at Kisapuk shopping centre","t":"bh","c":"Kajiado"}},{"type":"Feature","geometry":{"type":"Point","coordinates":[36.798044,-2.388585]},"properties":{"id":"554625207","n":"Enoosampurpur primary school  water point","t":"bh","c":"Kajiado"}},{"type":"Feature","geometry":{"type":"Point","coordinates":[36.723903,-2.486615]},"properties":{"id":"538714422","n":"Loorkujuka water point","t":"ps","c":"Kajiado"}},{"type":"Feature","geometry":{"type":"Point","coordinates":[36.847244,-2.439783]},"properties":{"id":"538657877","n":"Alfurqan Institute Water Point","t":"bh","c":"Kajiado","d":140.0}},{"type":"Feature","geometry":{"type":"Point","coordinates":[36.832774,-2.447349]},"properties":{"id":"353393088","n":"olgului borehole","t":"bh","c":"Kajiado"}},{"type":"Feature","geometry":{"type":"Point","coordinates":[36.574372,-2.4007]},"properties":{"id":"538657987","n":"Meto Olmakau Water Kiosk","t":"bh","c":"Kajiado"}},{"type":"Feature","geometry":{"type":"Point","coordinates":[36.832858,-2.447329]},"properties":{"id":"353393071","n":"olgulului borehole","t":"bh","c":"Kajiado"}},{"type":"Feature","geometry":{"type":"Point","coordinates":[36.833308,-2.447479]},"properties":{"id":"353393057","n":"olgulului orkungu borehole","t":"bh","c":"Kajiado"}},{"type":"Feature","geometry":{"type":"Point","coordinates":[36.834412,-2.484877]},"properties":{"id":"353393291","n":"lolakir borehole","t":"bh","c":"Kajiado"}},{"type":"Feature","geometry":{"type":"Point","coordinates":[36.89987,-2.459]},"properties":{"id":"353392874","n":"Olgulului borehole","t":"bh","c":"Kajiado"}},{"type":"Feature","geometry":{"type":"Point","coordinates":[36.719366,-2.438657]},"properties":{"id":"554625379","n":"Emuurukea water point it","t":"bh","c":"Kajiado"}},{"type":"Feature","geometry":{"type":"Point","coordinates":[36.845168,-2.43507]},"properties":{"id":"736670287","n":"Engaboli Dispensary","t":"bh","c":"Kajiado"}},{"type":"Feature","geometry":{"type":"Point","coordinates":[36.826416,-2.416808]},"properties":{"id":"554625221","n":"Zion water point","t":"bh","c":"Kajiado"}},{"type":"Feature","geometry":{"type":"Point","coordinates":[36.722385,-2.274399]},"properties":{"id":"304382141","n":"Water kiosk at Impoori borehole","t":"bh","c":"Kajiado"}},{"type":"Feature","geometry":{"type":"Point","coordinates":[36.845116,-2.4351]},"properties":{"id":"736932235","n":"Alfurqan borehole","t":"bh","c":"Kajiado"}},{"type":"Feature","geometry":{"type":"Point","coordinates":[36.83279,-2.452967]},"properties":{"id":"353392946","n":"well","t":"udw","c":"Kajiado"}},{"type":"Feature","geometry":{"type":"Point","coordinates":[36.833059,-2.447345]},"properties":{"id":"353393064","n":"olgulului borehole","t":"bh","c":"Kajiado"}},{"type":"Feature","geometry":{"type":"Point","coordinates":[36.845176,-2.435072]},"properties":{"id":"736670256","n":"Engaboli Primary school","t":"bh","c":"Kajiado"}},{"type":"Feature","geometry":{"type":"Point","coordinates":[36.900871,-2.420514]},"properties":{"id":"303046305","n":"Olekimaki water kiosk","t":"bh","c":"Kajiado"}},{"type":"Feature","geometry":{"type":"Point","coordinates":[36.789595,-2.393185]},"properties":{"id":"554625197","n":"Enoosampurpur water point","t":"bh","c":"Kajiado"}},{"type":"Feature","geometry":{"type":"Point","coordinates":[36.962756,-2.328892]},"properties":{"id":"393672217","n":"50m3 masonry tank and water point","t":"bh","c":"Kajiado","d":120.0}},{"type":"Feature","geometry":{"type":"Point","coordinates":[36.899818,-2.458957]},"properties":{"id":"353392881","n":"olgulului well","t":"pdw","c":"Kajiado"}},{"type":"Feature","geometry":{"type":"Point","coordinates":[36.849293,-2.435968]},"properties":{"id":"538657815","n":"Royals Kings","t":"bh","c":"Kajiado","d":110.0}},{"type":"Feature","geometry":{"type":"Point","coordinates":[36.744582,-2.40877]},"properties":{"id":"554625324","n":"Entumoto water point","t":"bh","c":"Kajiado"}},{"type":"Feature","geometry":{"type":"Point","coordinates":[36.839033,-2.445832]},"properties":{"id":"554625269","n":"Alhuda orphanage water point","t":"bh","c":"Kajiado"}},{"type":"Feature","geometry":{"type":"Point","coordinates":[36.671832,-2.046493]},"properties":{"id":"353382750","n":"Ephantus Bh","t":"bh","c":"Kajiado"}},{"type":"Feature","geometry":{"type":"Point","coordinates":[37.138758,-2.118348]},"properties":{"id":"353384123","n":"Olpeliai community borehole cattle trough","t":"bh","c":"Kajiado"}},{"type":"Feature","geometry":{"type":"Point","coordinates":[37.19444,-2.035257]},"properties":{"id":"332475493","n":"Olomayiana community borehole","t":"bh","c":"Kajiado"}},{"type":"Feature","geometry":{"type":"Point","coordinates":[37.206402,-1.934246]},"properties":{"id":"350162551","n":"Kathelu source","t":"bh","c":"Kajiado"}},{"type":"Feature","geometry":{"type":"Point","coordinates":[36.845758,-1.68537]},"properties":{"id":"353382736","n":"Isinya town Borehole","t":"bh","c":"Kajiado"}},{"type":"Feature","geometry":{"type":"Point","coordinates":[36.85614,-1.733098]},"properties":{"id":"353387047","n":"Peter waweru borehole","t":"bh","c":"Kajiado"}},{"type":"Feature","geometry":{"type":"Point","coordinates":[36.856057,-1.733165]},"properties":{"id":"353387061","n":"Peter waweru borehole","t":"bh","c":"Kajiado"}},{"type":"Feature","geometry":{"type":"Point","coordinates":[36.856033,-1.733157]},"properties":{"id":"353387054","n":"Peter Waweru borehole","t":"bh","c":"Kajiado"}},{"type":"Feature","geometry":{"type":"Point","coordinates":[36.850155,-1.715523]},"properties":{"id":"353386981","n":"Lucian water borehole","t":"bh","c":"Kajiado"}},{"type":"Feature","geometry":{"type":"Point","coordinates":[36.849669,-1.687582]},"properties":{"id":"332463786","n":"Belgium Borehole","t":"bh","c":"Kajiado"}},{"type":"Feature","geometry":{"type":"Point","coordinates":[36.957069,-1.482326]},"properties":{"id":"332475431","n":"Kitengela 2 borehole","t":"bh","c":"Kajiado"}},{"type":"Feature","geometry":{"type":"Point","coordinates":[36.870567,-1.616097]},"properties":{"id":"332474801","n":"Kisaju community borehole","t":"bh","c":"Kajiado"}},{"type":"Feature","geometry":{"type":"Point","coordinates":[36.853288,-1.719575]},"properties":{"id":"353386950","n":"Opposite Kenchick borehole","t":"bh","c":"Kajiado"}},{"type":"Feature","geometry":{"type":"Point","coordinates":[36.849392,-1.683415]},"properties":{"id":"332474760","n":"Isinya BH 6 ENSDA","t":"bh","c":"Kajiado"}},{"type":"Feature","geometry":{"type":"Point","coordinates":[36.853653,-1.815084]},"properties":{"id":"339366288","n":"Geoffrey Pan","t":"pdw","c":"Kajiado"}},{"type":"Feature","geometry":{"type":"Point","coordinates":[37.161101,-2.165185]},"properties":{"id":"353383744","n":"","t":"bh","c":"Kajiado"}},{"type":"Feature","geometry":{"type":"Point","coordinates":[37.20448,-2.198557]},"properties":{"id":"353403356","n":"Selengei primary school borehole","t":"bh","c":"Kajiado"}},{"type":"Feature","geometry":{"type":"Point","coordinates":[37.161199,-2.16528]},"properties":{"id":"353384130","n":"Olpeliai 2 community Borehole","t":"bh","c":"Kajiado"}},{"type":"Feature","geometry":{"type":"Point","coordinates":[36.762553,-1.417028]},"properties":{"id":"507837712","n":"Rangau Church of Christ Borehole","t":"bh","c":"Kajiado"}},{"type":"Feature","geometry":{"type":"Point","coordinates":[36.798399,-1.561833]},"properties":{"id":"332464684","n":"Naleku Women Group","t":"bh","c":"Kajiado"}},{"type":"Feature","geometry":{"type":"Point","coordinates":[36.798543,-1.562]},"properties":{"id":"332464608","n":"Naleku Women Group","t":"bh","c":"Kajiado"}},{"type":"Feature","geometry":{"type":"Point","coordinates":[36.654005,-1.361673]},"properties":{"id":"333728800","n":"Olooliaser high school borehole","t":"bh","c":"Kajiado"}},{"type":"Feature","geometry":{"type":"Point","coordinates":[36.751345,-1.392098]},"properties":{"id":"343116752","n":"Simone c. K kapaiko","t":"pdw","c":"Kajiado"}},{"type":"Feature","geometry":{"type":"Point","coordinates":[36.64168,-1.380188]},"properties":{"id":"334061320","n":"Manyata water point1","t":"ps","c":"Kajiado"}},{"type":"Feature","geometry":{"type":"Point","coordinates":[36.759692,-1.410103]},"properties":{"id":"540056372","n":"Magadi Rd C of C","t":"bh","c":"Kajiado"}},{"type":"Feature","geometry":{"type":"Point","coordinates":[36.685887,-1.357429]},"properties":{"id":"333726750","n":"Kianugu","t":"bh","c":"Kajiado"}},{"type":"Feature","geometry":{"type":"Point","coordinates":[36.674027,-1.36309]},"properties":{"id":"340266331","n":"Joseph wainjohi borehole","t":"bh","c":"Kajiado"}},{"type":"Feature","geometry":{"type":"Point","coordinates":[37.133425,-2.388258]},"properties":{"id":"342133738","n":"Olempaa borehole","t":"bh","c":"Kajiado"}},{"type":"Feature","geometry":{"type":"Point","coordinates":[37.322593,-2.788122]},"properties":{"id":"335957585","n":"Ilmalaba","t":"bh","c":"Kajiado"}},{"type":"Feature","geometry":{"type":"Point","coordinates":[37.226023,-2.392274]},"properties":{"id":"342133415","n":"Lenkism borehole oldest","t":"bh","c":"Kajiado"}},{"type":"Feature","geometry":{"type":"Point","coordinates":[37.289801,-2.554359]},"properties":{"id":"355085495","n":"Nchakita borehole","t":"bh","c":"Kajiado"}},{"type":"Feature","geometry":{"type":"Point","coordinates":[37.26664,-2.424665]},"properties":{"id":"342133642","n":"Shilishili borehole","t":"bh","c":"Kajiado"}},{"type":"Feature","geometry":{"type":"Point","coordinates":[37.440693,-2.680357]},"properties":{"id":"362039766","n":"Kipaa borehole","t":"bh","c":"Kajiado"}},{"type":"Feature","geometry":{"type":"Point","coordinates":[37.227087,-2.402036]},"properties":{"id":"342133329","n":"Lenkism wind mail borehole","t":"bh","c":"Kajiado"}},{"type":"Feature","geometry":{"type":"Point","coordinates":[37.260848,-2.387038]},"properties":{"id":"342133491","n":"Nadonkajikik hand pump","t":"pdw","c":"Kajiado"}},{"type":"Feature","geometry":{"type":"Point","coordinates":[37.352793,-2.573951]},"properties":{"id":"355062560","n":"Risa borehole","t":"bh","c":"Kajiado"}},{"type":"Feature","geometry":{"type":"Point","coordinates":[37.263793,-2.390194]},"properties":{"id":"342133525","n":"Nadonkajikik borehole","t":"bh","c":"Kajiado"}},{"type":"Feature","geometry":{"type":"Point","coordinates":[37.104029,-2.387667]},"properties":{"id":"342133790","n":"Loolakir borehole","t":"bh","c":"Kajiado"}},{"type":"Feature","geometry":{"type":"Point","coordinates":[37.266683,-2.424772]},"properties":{"id":"342133635","n":"Shilishili borehole","t":"bh","c":"Kajiado"}},{"type":"Feature","geometry":{"type":"Point","coordinates":[37.165855,-2.400385]},"properties":{"id":"342133697","n":"Olokir borehole","t":"bh","c":"Kajiado"}},{"type":"Feature","geometry":{"type":"Point","coordinates":[37.249334,-2.713055]},"properties":{"id":"352775173","n":"Engongu narok borehole","t":"bh","c":"Kajiado"}},{"type":"Feature","geometry":{"type":"Point","coordinates":[37.221746,-2.401264]},"properties":{"id":"342133264","n":"Lenkism secondary school borehole","t":"bh","c":"Kajiado"}},{"type":"Feature","geometry":{"type":"Point","coordinates":[37.217248,-2.425492]},"properties":{"id":"342133161","n":"Osiligi maa borehole","t":"bh","c":"Kajiado"}},{"type":"Feature","geometry":{"type":"Point","coordinates":[37.281312,-2.789327]},"properties":{"id":"355061985","n":"Oldule borehole","t":"pdw","c":"Kajiado"}},{"type":"Feature","geometry":{"type":"Point","coordinates":[37.542082,-2.792338]},"properties":{"id":"345736323","n":"Olesolomon borehole","t":"bh","c":"Kajiado"}},{"type":"Feature","geometry":{"type":"Point","coordinates":[37.565238,-2.788602]},"properties":{"id":"343353863","n":"Kimana tikondo borehole 3","t":"bh","c":"Kajiado"}},{"type":"Feature","geometry":{"type":"Point","coordinates":[37.388404,-2.726712]},"properties":{"id":"352775070","n":"Ikulunyeet borehole solar","t":"bh","c":"Kajiado"}},{"type":"Feature","geometry":{"type":"Point","coordinates":[37.454861,-2.7145]},"properties":{"id":"342138977","n":"Lengete shurie springs","t":"us","c":"Kajiado"}},{"type":"Feature","geometry":{"type":"Point","coordinates":[37.388351,-2.725371]},"properties":{"id":"352775032","n":"Ikulunyeet borehole","t":"pdw","c":"Kajiado"}},{"type":"Feature","geometry":{"type":"Point","coordinates":[37.53535,-2.780362]},"properties":{"id":"355062522","n":"Kimana borehole police","t":"bh","c":"Kajiado"}},{"type":"Feature","geometry":{"type":"Point","coordinates":[37.535239,-2.780658]},"properties":{"id":"352774921","n":"Kimana police borehole","t":"bh","c":"Kajiado"}},{"type":"Feature","geometry":{"type":"Point","coordinates":[37.547333,-2.786052]},"properties":{"id":"345736378","n":"Calorine borehole","t":"bh","c":"Kajiado"}},{"type":"Feature","geometry":{"type":"Point","coordinates":[37.525067,-2.810433]},"properties":{"id":"352738783","n":"Loyan","t":"bh","c":"Kajiado"}},{"type":"Feature","geometry":{"type":"Point","coordinates":[37.446069,-2.798104]},"properties":{"id":"355062450","n":"Ngong veg borehole 2","t":"bh","c":"Kajiado"}},{"type":"Feature","geometry":{"type":"Point","coordinates":[37.383869,-2.730841]},"properties":{"id":"352775104","n":"Aboseli borehole","t":"bh","c":"Kajiado"}},{"type":"Feature","geometry":{"type":"Point","coordinates":[37.448881,-2.791382]},"properties":{"id":"355062481","n":"CG/34/KS/BH/2/BH/522","t":"bh","c":"Kajiado"}},{"type":"Feature","geometry":{"type":"Point","coordinates":[37.449503,-2.789159]},"properties":{"id":"355062429","n":"Ngong veg borehole 1","t":"bh","c":"Kajiado"}},{"type":"Feature","geometry":{"type":"Point","coordinates":[37.549608,-2.800268]},"properties":{"id":"353376472","n":"Kimaru","t":"bh","c":"Kajiado"}},{"type":"Feature","geometry":{"type":"Point","coordinates":[37.530362,-2.771382]},"properties":{"id":"362039890","n":"Kimana borehole paren","t":"bh","c":"Kajiado"}},{"type":"Feature","geometry":{"type":"Point","coordinates":[37.365192,-2.746622]},"properties":{"id":"352775135","n":"Ildepen aboseli borehole","t":"bh","c":"Kajiado"}},{"type":"Feature","geometry":{"type":"Point","coordinates":[37.454859,-2.714526]},"properties":{"id":"342134131","n":"Namelok vacational training institute","t":"pdw","c":"Kajiado"}},{"type":"Feature","geometry":{"type":"Point","coordinates":[37.519972,-2.68935]},"properties":{"id":"350592293","n":"Nkajigik naibor stream","t":"us","c":"Kajiado"}},{"type":"Feature","geometry":{"type":"Point","coordinates":[37.187973,-2.233985]},"properties":{"id":"342133934","n":"Iltuleta borehole","t":"bh","c":"Kajiado"}},{"type":"Feature","geometry":{"type":"Point","coordinates":[37.460082,-2.415695]},"properties":{"id":"342138764","n":"Lorkiu borehole","t":"bh","c":"Kajiado"}},{"type":"Feature","geometry":{"type":"Point","coordinates":[37.259938,-2.214605]},"properties":{"id":"342133989","n":"Oltotoi borehole","t":"bh","c":"Kajiado"}},{"type":"Feature","geometry":{"type":"Point","coordinates":[37.275261,-2.20884]},"properties":{"id":"353403064","n":"Naning'o borehole","t":"bh","c":"Kajiado"}},{"type":"Feature","geometry":{"type":"Point","coordinates":[37.517733,-2.702676]},"properties":{"id":"342134533","n":"Kalesurua kag church borehole","t":"bh","c":"Kajiado"}},{"type":"Feature","geometry":{"type":"Point","coordinates":[37.501772,-2.737092]},"properties":{"id":"362039852","n":"Isinet primary borehole","t":"bh","c":"Kajiado"}},{"type":"Feature","geometry":{"type":"Point","coordinates":[36.651032,-1.355955]},"properties":{"id":"334061492","n":"Peter njore water point","t":"bh","c":"Kajiado"}},{"type":"Feature","geometry":{"type":"Point","coordinates":[36.637132,-1.335485]},"properties":{"id":"334532497","n":"Jane water point","t":"bh","c":"Kajiado"}},{"type":"Feature","geometry":{"type":"Point","coordinates":[36.605593,-1.462583]},"properties":{"id":"813296449","n":"Ilgarooj water","t":"pdw","c":"Kajiado"}},{"type":"Feature","geometry":{"type":"Point","coordinates":[36.567575,-1.882859]},"properties":{"id":"353415726","n":"Macharia water tank","t":"bh","c":"Kajiado"}},{"type":"Feature","geometry":{"type":"Point","coordinates":[36.732788,-1.940432]},"properties":{"id":"354103671","n":"Mokinos trough","t":"bh","c":"Kajiado"}},{"type":"Feature","geometry":{"type":"Point","coordinates":[36.596146,-1.881414]},"properties":{"id":"354053790","n":"Eiti trough","t":"bh","c":"Kajiado"}},{"type":"Feature","geometry":{"type":"Point","coordinates":[36.688765,-1.438848]},"properties":{"id":"340243671","n":"Dreams water point","t":"bh","c":"Kajiado"}},{"type":"Feature","geometry":{"type":"Point","coordinates":[36.700595,-1.449677]},"properties":{"id":"350815567","n":"Peter","t":"bh","c":"Kajiado"}},{"type":"Feature","geometry":{"type":"Point","coordinates":[36.689498,-1.442085]},"properties":{"id":"340243626","n":"Kamuranga community shallow well","t":"pdw","c":"Kajiado"}},{"type":"Feature","geometry":{"type":"Point","coordinates":[36.629725,-1.477911]},"properties":{"id":"353393325","n":"Olepolos borehole","t":"bh","c":"Kajiado"}},{"type":"Feature","geometry":{"type":"Point","coordinates":[36.702963,-1.464265]},"properties":{"id":"350816427","n":"Simon water point","t":"bh","c":"Kajiado"}},{"type":"Feature","geometry":{"type":"Point","coordinates":[36.738706,-1.577441]},"properties":{"id":"353577297","n":"Esilanke cattle through","t":"bh","c":"Kajiado"}},{"type":"Feature","geometry":{"type":"Point","coordinates":[36.679685,-1.427512]},"properties":{"id":"353393318","n":"Kiserian borehole","t":"bh","c":"Kajiado"}},{"type":"Feature","geometry":{"type":"Point","coordinates":[36.80821,-1.742794]},"properties":{"id":"324785281","n":"Kosencha water tank","t":"bh","c":"Kajiado"}},{"type":"Feature","geometry":{"type":"Point","coordinates":[36.67632,-1.65542]},"properties":{"id":"332475534","n":"Endonyo Sidai","t":"bh","c":"Kajiado"}},{"type":"Feature","geometry":{"type":"Point","coordinates":[36.668978,-1.411047]},"properties":{"id":"336035349","n":"","t":"bh","c":"Kajiado"}},{"type":"Feature","geometry":{"type":"Point","coordinates":[36.888657,-0.942035]},"properties":{"id":"355314535","n":"Gityj","t":"pdw","c":"Kiambu"}},{"type":"Feature","geometry":{"type":"Point","coordinates":[36.821747,-1.162834]},"properties":{"id":"192624327","n":"Kachunguya","t":"bh","c":"Kiambu"}},{"type":"Feature","geometry":{"type":"Point","coordinates":[38.108826,-1.262733]},"properties":{"id":"528543814","n":"Miambani borehole","t":"bh","c":"Kitui"}},{"type":"Feature","geometry":{"type":"Point","coordinates":[37.9589,-1.4892]},"properties":{"id":"44515432","n":"Kakwa Hand-Dug Well 2 - 18228","t":"pdw","c":"Kitui"}},{"type":"Feature","geometry":{"type":"Point","coordinates":[38.518964,-1.299576]},"properties":{"id":"639812733","n":"Kwa Mulimi samson borehole","t":"bh","c":"Kitui","d":106.0}},{"type":"Feature","geometry":{"type":"Point","coordinates":[38.19804,-1.259253]},"properties":{"id":"528543687","n":"Mbondeni community borehole","t":"bh","c":"Kitui"}},{"type":"Feature","geometry":{"type":"Point","coordinates":[38.18865,-1.227179]},"properties":{"id":"528543096","n":"Kwa mailu water point","t":"bh","c":"Kitui"}},{"type":"Feature","geometry":{"type":"Point","coordinates":[38.188877,-1.223649]},"properties":{"id":"528543106","n":"Kwa charles","t":"bh","c":"Kitui"}},{"type":"Feature","geometry":{"type":"Point","coordinates":[38.180054,-1.230087]},"properties":{"id":"639810731","n":"Katowa shallow well","t":"udw","c":"Kitui"}},{"type":"Feature","geometry":{"type":"Point","coordinates":[38.179535,-1.230494]},"properties":{"id":"528543072","n":"Kimanga borehole  kitui east","t":"bh","c":"Kitui"}},{"type":"Feature","geometry":{"type":"Point","coordinates":[38.210336,-1.261609]},"properties":{"id":"528543670","n":"Kamukuyuni group well","t":"bh","c":"Kitui"}},{"type":"Feature","geometry":{"type":"Point","coordinates":[38.198067,-1.65948]},"properties":{"id":"353358841","n":"KE_058_Kilui / Mukuyuni borehole","t":"bh","c":"Kitui"}},{"type":"Feature","geometry":{"type":"Point","coordinates":[38.35808,-1.50092]},"properties":{"id":"23167559","n":"Mbindi Hand-Dug Well 3 - 18205","t":"pdw","c":"Kitui"}},{"type":"Feature","geometry":{"type":"Point","coordinates":[38.514789,-1.478135]},"properties":{"id":"528543694","n":"Kinanie borehore project","t":"bh","c":"Kitui"}},{"type":"Feature","geometry":{"type":"Point","coordinates":[38.252223,-1.433796]},"properties":{"id":"639812719","n":"Kwa kathenge kula borehole","t":"bh","c":"Kitui"}},{"type":"Feature","geometry":{"type":"Point","coordinates":[38.301244,-1.409657]},"properties":{"id":"528543663","n":"Katikoni water project kiosk","t":"bh","c":"Kitui"}},{"type":"Feature","geometry":{"type":"Point","coordinates":[38.3633,-1.48244]},"properties":{"id":"42471150","n":"Mbuuni Hand-Dug Well 3 - 18200","t":"pdw","c":"Kitui"}},{"type":"Feature","geometry":{"type":"Point","coordinates":[38.3633,-1.48244]},"properties":{"id":"8728654","n":"Mbuuni Hand-Dug Well 2 - 18199","t":"pdw","c":"Kitui"}},{"type":"Feature","geometry":{"type":"Point","coordinates":[37.975299,-1.821017]},"properties":{"id":"764625107","n":"Kwa Mary water kiosk","t":"bh","c":"Kitui","d":172.0}},{"type":"Feature","geometry":{"type":"Point","coordinates":[37.949924,-1.819324]},"properties":{"id":"485207587","n":"Kwa musee water pump(water point)","t":"pdw","c":"Kitui"}},{"type":"Feature","geometry":{"type":"Point","coordinates":[37.932878,-1.832817]},"properties":{"id":"352693828","n":"Kanyongonyo Water Point","t":"bh","c":"Kitui"}},{"type":"Feature","geometry":{"type":"Point","coordinates":[37.947088,-1.853577]},"properties":{"id":"764625042","n":"Lita centre kiosk","t":"bh","c":"Kitui"}},{"type":"Feature","geometry":{"type":"Point","coordinates":[37.932841,-1.832816]},"properties":{"id":"485207611","n":"Kanyongonyo community water project","t":"bh","c":"Kitui"}},{"type":"Feature","geometry":{"type":"Point","coordinates":[37.950127,-1.825479]},"properties":{"id":"352693718","n":"Kwa Kisalu","t":"bh","c":"Kitui"}},{"type":"Feature","geometry":{"type":"Point","coordinates":[37.903367,-1.735664]},"properties":{"id":"528543591","n":"Kituvwi springs","t":"us","c":"Kitui"}},{"type":"Feature","geometry":{"type":"Point","coordinates":[37.967136,-1.833855]},"properties":{"id":"764625097","n":"Kwa kamula water kiosk","t":"bh","c":"Kitui","d":172.0}},{"type":"Feature","geometry":{"type":"Point","coordinates":[37.912941,-1.746567]},"properties":{"id":"528542954","n":"Muliluni shallow well","t":"bh","c":"Kitui"}},{"type":"Feature","geometry":{"type":"Point","coordinates":[37.960688,-1.818727]},"properties":{"id":"764625080","n":"Kwa mwatu water kiosk","t":"bh","c":"Kitui"}},{"type":"Feature","geometry":{"type":"Point","coordinates":[37.887115,-1.695147]},"properties":{"id":"352693842","n":"Kavoo Water Point","t":"bh","c":"Kitui"}},{"type":"Feature","geometry":{"type":"Point","coordinates":[37.950108,-1.825337]},"properties":{"id":"485207570","n":"Kwa kisalu water point","t":"bh","c":"Kitui"}},{"type":"Feature","geometry":{"type":"Point","coordinates":[37.899824,-1.787695]},"properties":{"id":"528543539","n":"Kyakuthu springs","t":"us","c":"Kitui"}},{"type":"Feature","geometry":{"type":"Point","coordinates":[37.94988,-1.819425]},"properties":{"id":"352693732","n":"Kwa Mulee hand pump","t":"bh","c":"Kitui"}},{"type":"Feature","geometry":{"type":"Point","coordinates":[37.898765,-1.7891]},"properties":{"id":"528543522","n":"Ikongo borehole","t":"bh","c":"Kitui"}},{"type":"Feature","geometry":{"type":"Point","coordinates":[37.932899,-1.832829]},"properties":{"id":"485207604","n":"Kanyongonyo water point","t":"bh","c":"Kitui"}},{"type":"Feature","geometry":{"type":"Point","coordinates":[37.841006,-1.642988]},"properties":{"id":"352694977","n":"Kwa Davis Water Kiosk","t":"bh","c":"Kitui"}},{"type":"Feature","geometry":{"type":"Point","coordinates":[37.857879,-1.681382]},"properties":{"id":"528543838","n":"Itithini kiosk","t":"bh","c":"Kitui"}},{"type":"Feature","geometry":{"type":"Point","coordinates":[37.907367,-1.685746]},"properties":{"id":"528543852","n":"Ithithini kavoo kwa jane","t":"bh","c":"Kitui"}},{"type":"Feature","geometry":{"type":"Point","coordinates":[37.945691,-1.751122]},"properties":{"id":"528543625","n":"Mitalani water project","t":"bh","c":"Kitui"}},{"type":"Feature","geometry":{"type":"Point","coordinates":[37.862916,-1.639764]},"properties":{"id":"766608115","n":"Iviani borehole","t":"bh","c":"Kitui"}},{"type":"Feature","geometry":{"type":"Point","coordinates":[37.950149,-1.825442]},"properties":{"id":"764625066","n":"Kwa Masava water point","t":"bh","c":"Kitui","d":172.0}},{"type":"Feature","geometry":{"type":"Point","coordinates":[37.842787,-1.644571]},"properties":{"id":"352694984","n":"Kwa Kasolo Water Kiosk","t":"bh","c":"Kitui"}},{"type":"Feature","geometry":{"type":"Point","coordinates":[37.906661,-1.774861]},"properties":{"id":"277835662","n":"Kanyangi BH Community","t":"bh","c":"Kitui"}},{"type":"Feature","geometry":{"type":"Point","coordinates":[37.8697,-1.703977]},"properties":{"id":"352695019","n":"Kavumbuni water kiosk","t":"bh","c":"Kitui"}},{"type":"Feature","geometry":{"type":"Point","coordinates":[37.885275,-1.699239]},"properties":{"id":"277835655","n":"Kavoo BH Community","t":"bh","c":"Kitui"}},{"type":"Feature","geometry":{"type":"Point","coordinates":[37.869589,-1.372582]},"properties":{"id":"528542947","n":"Tiva river in kwa vonza","t":"udw","c":"Kitui"}},{"type":"Feature","geometry":{"type":"Point","coordinates":[37.820689,-1.589541]},"properties":{"id":"766608081","n":"Nthongoni community borehole","t":"bh","c":"Kitui"}},{"type":"Feature","geometry":{"type":"Point","coordinates":[37.80963,-1.382758]},"properties":{"id":"639810717","n":"Kwa Kenyatta borehole","t":"pdw","c":"Kitui"}},{"type":"Feature","geometry":{"type":"Point","coordinates":[37.63949,-1.08838]},"properties":{"id":"766608122","n":"Ndovoini borehole","t":"bh","c":"Kitui"}},{"type":"Feature","geometry":{"type":"Point","coordinates":[37.832159,-1.377346]},"properties":{"id":"384679098","n":"Kuthumula kijito borehole","t":"bh","c":"Kitui"}},{"type":"Feature","geometry":{"type":"Point","coordinates":[38.208523,-2.236021]},"properties":{"id":"85966549","n":"Kamunga hand pump\r\n(Reg as kamunga shallow borehole )","t":"pdw","c":"Kitui"}},{"type":"Feature","geometry":{"type":"Point","coordinates":[38.142375,-2.299002]},"properties":{"id":"353357390","n":"KE_019_Mukuanima Borehole","t":"bh","c":"Kitui"}},{"type":"Feature","geometry":{"type":"Point","coordinates":[38.118975,-2.114246]},"properties":{"id":"85965610","n":"Matinga 2 hand pump","t":"pdw","c":"Kitui"}},{"type":"Feature","geometry":{"type":"Point","coordinates":[38.121465,-2.132668]},"properties":{"id":"85966484","n":"Kwa ngewa hand pump","t":"pdw","c":"Kitui"}},{"type":"Feature","geometry":{"type":"Point","coordinates":[38.119025,-2.114241]},"properties":{"id":"85965603","n":"Matinga 1Hand pump","t":"pdw","c":"Kitui"}},{"type":"Feature","geometry":{"type":"Point","coordinates":[38.027989,-1.996775]},"properties":{"id":"85966082","n":"Mbui ndune hand pump","t":"pdw","c":"Kitui"}},{"type":"Feature","geometry":{"type":"Point","coordinates":[38.151063,-2.111555]},"properties":{"id":"85965548","n":"Kwa mutisya hand pump","t":"pdw","c":"Kitui"}},{"type":"Feature","geometry":{"type":"Point","coordinates":[37.94058,-1.927493]},"properties":{"id":"85969188","n":"Kavete hand pump","t":"pdw","c":"Kitui"}},{"type":"Feature","geometry":{"type":"Point","coordinates":[37.99451,-2.055934]},"properties":{"id":"85969425","n":"Ki muu hand pump","t":"pdw","c":"Kitui"}},{"type":"Feature","geometry":{"type":"Point","coordinates":[38.098791,-2.009134]},"properties":{"id":"85966336","n":"Kwa ndonyi hand pump","t":"pdw","c":"Kitui"}},{"type":"Feature","geometry":{"type":"Point","coordinates":[38.067933,-1.973823]},"properties":{"id":"85967186","n":"Ukengee hand pump","t":"pdw","c":"Kitui"}},{"type":"Feature","geometry":{"type":"Point","coordinates":[38.063068,-1.989486]},"properties":{"id":"85966264","n":"Ndivuni hand pump","t":"pdw","c":"Kitui"}},{"type":"Feature","geometry":{"type":"Point","coordinates":[38.052701,-2.0414]},"properties":{"id":"85965878","n":"Kwa ngunyu hand pump","t":"pdw","c":"Kitui"}},{"type":"Feature","geometry":{"type":"Point","coordinates":[38.15224,-2.11073]},"properties":{"id":"85965524","n":"Kwa kasuma hand pump","t":"pdw","c":"Kitui"}},{"type":"Feature","geometry":{"type":"Point","coordinates":[37.979728,-2.106009]},"properties":{"id":"85969566","n":"Kwa mwola shallow well","t":"udw","c":"Kitui"}},{"type":"Feature","geometry":{"type":"Point","coordinates":[38.140061,-2.222438]},"properties":{"id":"85966800","n":"Matia hand pump","t":"pdw","c":"Kitui"}},{"type":"Feature","geometry":{"type":"Point","coordinates":[38.063743,-1.942496]},"properties":{"id":"85967863","n":"Kwa musomba hand pump","t":"pdw","c":"Kitui"}},{"type":"Feature","geometry":{"type":"Point","coordinates":[38.113887,-2.093907]},"properties":{"id":"85966415","n":"Kwa kioko hand pump","t":"pdw","c":"Kitui"}},{"type":"Feature","geometry":{"type":"Point","coordinates":[38.058404,-2.104351]},"properties":{"id":"85965627","n":"Kwa kithongo hand pump","t":"pdw","c":"Kitui"}},{"type":"Feature","geometry":{"type":"Point","coordinates":[38.013857,-2.007175]},"properties":{"id":"85965971","n":"Vondeni hand pump","t":"pdw","c":"Kitui"}},{"type":"Feature","geometry":{"type":"Point","coordinates":[38.109078,-2.001859]},"properties":{"id":"85968912","n":"Nguni hand pump","t":"pdw","c":"Kitui"}},{"type":"Feature","geometry":{"type":"Point","coordinates":[37.946657,-1.896403]},"properties":{"id":"85969133","n":"Kanaani Ilengi hand pump","t":"pdw","c":"Kitui"}},{"type":"Feature","geometry":{"type":"Point","coordinates":[38.101503,-2.058866]},"properties":{"id":"85965555","n":"Twone mbee hand pump","t":"pdw","c":"Kitui"}},{"type":"Feature","geometry":{"type":"Point","coordinates":[38.015141,-2.107147]},"properties":{"id":"85969762","n":"Sembeni hand pump","t":"pdw","c":"Kitui"}},{"type":"Feature","geometry":{"type":"Point","coordinates":[37.982343,-1.998876]},"properties":{"id":"85969391","n":"Mbakono borehole","t":"bh","c":"Kitui"}},{"type":"Feature","geometry":{"type":"Point","coordinates":[38.079186,-1.965629]},"properties":{"id":"85967179","n":"Matulani hand pump","t":"pdw","c":"Kitui"}},{"type":"Feature","geometry":{"type":"Point","coordinates":[38.182465,-2.238445]},"properties":{"id":"528543656","n":"Mwathe borehole","t":"bh","c":"Kitui"}},{"type":"Feature","geometry":{"type":"Point","coordinates":[38.052861,-1.991196]},"properties":{"id":"85966154","n":"Nguni hand pump","t":"pdw","c":"Kitui"}},{"type":"Feature","geometry":{"type":"Point","coordinates":[38.237354,-2.21186]},"properties":{"id":"85966910","n":"Imathoka hand pump","t":"pdw","c":"Kitui"}},{"type":"Feature","geometry":{"type":"Point","coordinates":[38.00046,-1.939036]},"properties":{"id":"85968785","n":"Nguni/Kiuani hand pump","t":"pdw","c":"Kitui"}},{"type":"Feature","geometry":{"type":"Point","coordinates":[38.153336,-1.741036]},"properties":{"id":"85967698","n":"Kitaambasye shallow well","t":"udw","c":"Kitui"}},{"type":"Feature","geometry":{"type":"Point","coordinates":[38.033101,-1.648325]},"properties":{"id":"85969889","n":"Kwa Baraka shallow well","t":"udw","c":"Kitui"}},{"type":"Feature","geometry":{"type":"Point","coordinates":[38.075617,-1.827594]},"properties":{"id":"85970234","n":"Mililuni handpump","t":"pdw","c":"Kitui"}},{"type":"Feature","geometry":{"type":"Point","coordinates":[38.129779,-1.784803]},"properties":{"id":"85969054","n":"Kwa Dc. kitaingi  shallow well","t":"pdw","c":"Kitui"}},{"type":"Feature","geometry":{"type":"Point","coordinates":[38.033583,-1.665942]},"properties":{"id":"85970076","n":"Kwa  musembi shallow well","t":"udw","c":"Kitui"}},{"type":"Feature","geometry":{"type":"Point","coordinates":[38.159405,-1.689041]},"properties":{"id":"85967131","n":"Ngunini handpump","t":"pdw","c":"Kitui"}},{"type":"Feature","geometry":{"type":"Point","coordinates":[38.070493,-1.729299]},"properties":{"id":"85966226","n":"Itulu Ithumula CBO hand pump","t":"pdw","c":"Kitui"}},{"type":"Feature","geometry":{"type":"Point","coordinates":[38.032018,-1.655428]},"properties":{"id":"85969841","n":"Kwa mangalita handpump","t":"pdw","c":"Kitui"}},{"type":"Feature","geometry":{"type":"Point","coordinates":[38.146063,-1.668966]},"properties":{"id":"85967069","n":"Wuumisyo handpump","t":"pdw","c":"Kitui"}},{"type":"Feature","geometry":{"type":"Point","coordinates":[38.098879,-1.71529]},"properties":{"id":"85965720","n":"Mukoo handpump 2","t":"pdw","c":"Kitui"}},{"type":"Feature","geometry":{"type":"Point","coordinates":[38.147456,-1.672933]},"properties":{"id":"85967038","n":"Ngunga Kwa Mathuku borehole","t":"bh","c":"Kitui"}},{"type":"Feature","geometry":{"type":"Point","coordinates":[38.057295,-1.708998]},"properties":{"id":"85965902","n":"Mwala ivu hand pump","t":"pdw","c":"Kitui"}},{"type":"Feature","geometry":{"type":"Point","coordinates":[38.034936,-1.66793]},"properties":{"id":"85970100","n":"Kwa Stepnine shallow","t":"udw","c":"Kitui"}},{"type":"Feature","geometry":{"type":"Point","coordinates":[38.081028,-1.691155]},"properties":{"id":"85965768","n":"Kwa  kitili Handpump","t":"pdw","c":"Kitui"}},{"type":"Feature","geometry":{"type":"Point","coordinates":[38.081769,-1.733109]},"properties":{"id":"85966233","n":"Kanini kaseo syomisyi women group","t":"pdw","c":"Kitui"}},{"type":"Feature","geometry":{"type":"Point","coordinates":[38.148425,-1.674226]},"properties":{"id":"85967014","n":"Kamina thina hand pump","t":"pdw","c":"Kitui"}},{"type":"Feature","geometry":{"type":"Point","coordinates":[38.143785,-1.662201]},"properties":{"id":"85966886","n":"Kyakwa shallow well","t":"udw","c":"Kitui"}},{"type":"Feature","geometry":{"type":"Point","coordinates":[38.1219,-1.65738]},"properties":{"id":"85967007","n":"Kyuasini borehole","t":"bh","c":"Kitui"}},{"type":"Feature","geometry":{"type":"Point","coordinates":[38.034105,-1.647751]},"properties":{"id":"85969865","n":"Kwa mutanu handpump","t":"pdw","c":"Kitui"}},{"type":"Feature","geometry":{"type":"Point","coordinates":[38.156411,-1.684082]},"properties":{"id":"85967076","n":"Mawii handpump","t":"pdw","c":"Kitui"}},{"type":"Feature","geometry":{"type":"Point","coordinates":[38.108512,-1.781538]},"properties":{"id":"85968871","n":"Kyatune muembeni shallow well","t":"udw","c":"Kitui"}},{"type":"Feature","geometry":{"type":"Point","coordinates":[38.096692,-1.837691]},"properties":{"id":"85968132","n":"Kamola shallow well","t":"udw","c":"Kitui"}},{"type":"Feature","geometry":{"type":"Point","coordinates":[38.049334,-1.699899]},"properties":{"id":"85966037","n":"Kyumbisyo handpump","t":"pdw","c":"Kitui"}},{"type":"Feature","geometry":{"type":"Point","coordinates":[38.032122,-1.662249]},"properties":{"id":"85970052","n":"Kwa mbai shallow well","t":"udw","c":"Kitui"}},{"type":"Feature","geometry":{"type":"Point","coordinates":[38.100222,-1.830262]},"properties":{"id":"85967973","n":"Misolo  borehole","t":"pdw","c":"Kitui"}},{"type":"Feature","geometry":{"type":"Point","coordinates":[38.080473,-1.698816]},"properties":{"id":"85965744","n":"kwa mwala handpump","t":"pdw","c":"Kitui"}},{"type":"Feature","geometry":{"type":"Point","coordinates":[38.032782,-1.667409]},"properties":{"id":"85970090","n":"Kwa esther shallow well","t":"udw","c":"Kitui"}},{"type":"Feature","geometry":{"type":"Point","coordinates":[38.108536,-1.781725]},"properties":{"id":"85968857","n":"Kyatune shallow well mukuyuni","t":"udw","c":"Kitui"}},{"type":"Feature","geometry":{"type":"Point","coordinates":[38.098648,-1.715564]},"properties":{"id":"85965737","n":"Mukoo shallow well","t":"udw","c":"Kitui"}},{"type":"Feature","geometry":{"type":"Point","coordinates":[38.079928,-1.687472]},"properties":{"id":"85965782","n":"Ngomano hand pump","t":"pdw","c":"Kitui"}},{"type":"Feature","geometry":{"type":"Point","coordinates":[38.033396,-1.665957]},"properties":{"id":"85970083","n":"Kwa zipora shallow well","t":"udw","c":"Kitui"}},{"type":"Feature","geometry":{"type":"Point","coordinates":[38.010795,-1.717282]},"properties":{"id":"85969676","n":"Kwa Nundu shallow well","t":"udw","c":"Kitui"}},{"type":"Feature","geometry":{"type":"Point","coordinates":[38.000346,-1.728447]},"properties":{"id":"85969669","n":"Nduundune primary school bore hole","t":"pdw","c":"Kitui"}},{"type":"Feature","geometry":{"type":"Point","coordinates":[38.097792,-1.717019]},"properties":{"id":"85965706","n":"Mukuu  hand pump 1","t":"pdw","c":"Kitui"}},{"type":"Feature","geometry":{"type":"Point","coordinates":[38.036445,-1.665191]},"properties":{"id":"85970038","n":"Kwa  paul Mbevo  handpump","t":"pdw","c":"Kitui"}},{"type":"Feature","geometry":{"type":"Point","coordinates":[38.12649,-1.654228]},"properties":{"id":"85966989","n":"Muukuni shallow well","t":"udw","c":"Kitui"}},{"type":"Feature","geometry":{"type":"Point","coordinates":[38.11073,-1.763986]},"properties":{"id":"85969528","n":"Kathina handpump","t":"pdw","c":"Kitui"}},{"type":"Feature","geometry":{"type":"Point","coordinates":[38.153657,-1.712343]},"properties":{"id":"85967241","n":"Katiliku handpump","t":"pdw","c":"Kitui"}},{"type":"Feature","geometry":{"type":"Point","coordinates":[38.009983,-1.717515]},"properties":{"id":"85969724","n":"Kwa genesi hand pump","t":"pdw","c":"Kitui"}},{"type":"Feature","geometry":{"type":"Point","coordinates":[38.035398,-1.670075]},"properties":{"id":"85970117","n":"Kwa mutie shallow well","t":"udw","c":"Kitui"}},{"type":"Feature","geometry":{"type":"Point","coordinates":[38.123889,-1.654913]},"properties":{"id":"85966958","n":"Manzee  mukuyuni shallow well","t":"udw","c":"Kitui"}},{"type":"Feature","geometry":{"type":"Point","coordinates":[38.05033,-1.699251]},"properties":{"id":"85966051","n":"Kwa kasaani Handpump","t":"pdw","c":"Kitui"}},{"type":"Feature","geometry":{"type":"Point","coordinates":[38.249091,-2.133692]},"properties":{"id":"85965490","n":"Kwa musyimi shallow well","t":"udw","c":"Kitui"}},{"type":"Feature","geometry":{"type":"Point","coordinates":[38.146598,-1.929171]},"properties":{"id":"85969906","n":"Kamuluve Handpump","t":"pdw","c":"Kitui"}},{"type":"Feature","geometry":{"type":"Point","coordinates":[38.197736,-1.967128]},"properties":{"id":"85967894","n":"Ndukuma Handpump 1","t":"pdw","c":"Kitui"}},{"type":"Feature","geometry":{"type":"Point","coordinates":[38.210314,-2.065274]},"properties":{"id":"85967313","n":"Kasimitini no.1 shallow well","t":"udw","c":"Kitui"}},{"type":"Feature","geometry":{"type":"Point","coordinates":[38.331773,-2.118248]},"properties":{"id":"85967289","n":"Imale shallow well","t":"udw","c":"Kitui"}},{"type":"Feature","geometry":{"type":"Point","coordinates":[38.170183,-1.941]},"properties":{"id":"85969872","n":"Matinga Handpump","t":"pdw","c":"Kitui"}},{"type":"Feature","geometry":{"type":"Point","coordinates":[38.20761,-1.955152]},"properties":{"id":"85967935","n":"Mutuni Handpump","t":"pdw","c":"Kitui"}},{"type":"Feature","geometry":{"type":"Point","coordinates":[38.23898,-2.110058]},"properties":{"id":"85969140","n":"Kwa Jomo Handpump","t":"pdw","c":"Kitui"}},{"type":"Feature","geometry":{"type":"Point","coordinates":[38.18623,-1.911438]},"properties":{"id":"85966439","n":"Kamonde Handpump","t":"pdw","c":"Kitui"}},{"type":"Feature","geometry":{"type":"Point","coordinates":[38.210275,-2.065383]},"properties":{"id":"85967344","n":"Kasimitine Handpump no.2","t":"pdw","c":"Kitui"}},{"type":"Feature","geometry":{"type":"Point","coordinates":[38.23067,-2.111839]},"properties":{"id":"528543649","n":"Syangeni  water point","t":"bh","c":"Kitui"}},{"type":"Feature","geometry":{"type":"Point","coordinates":[38.280397,-2.133884]},"properties":{"id":"85968297","n":"Kavete shallow borehole","t":"pdw","c":"Kitui"}},{"type":"Feature","geometry":{"type":"Point","coordinates":[38.237067,-2.10044]},"properties":{"id":"528543632","n":"Nguuni water kiosk","t":"bh","c":"Kitui"}},{"type":"Feature","geometry":{"type":"Point","coordinates":[38.226254,-2.065557]},"properties":{"id":"85967258","n":"Kwa mutunga Handpump","t":"pdw","c":"Kitui"}},{"type":"Feature","geometry":{"type":"Point","coordinates":[38.235261,-2.105189]},"properties":{"id":"85969078","n":"Katanu Handpump","t":"pdw","c":"Kitui"}},{"type":"Feature","geometry":{"type":"Point","coordinates":[38.2217,-2.058]},"properties":{"id":"85969102","n":"Kasangu shallow well","t":"pdw","c":"Kitui"}},{"type":"Feature","geometry":{"type":"Point","coordinates":[38.235646,-2.07955]},"properties":{"id":"85969195","n":"Kwa Mwanzuu Handpump","t":"pdw","c":"Kitui"}},{"type":"Feature","geometry":{"type":"Point","coordinates":[38.247214,-1.955498]},"properties":{"id":"85969573","n":"Ngaasani Handpump","t":"pdw","c":"Kitui"}},{"type":"Feature","geometry":{"type":"Point","coordinates":[38.211468,-1.940962]},"properties":{"id":"85968060","n":"Ndukuma Handpump 2","t":"pdw","c":"Kitui"}},{"type":"Feature","geometry":{"type":"Point","coordinates":[38.287552,-1.897543]},"properties":{"id":"729339759","n":"Kwa matu unprotected well","t":"udw","c":"Kitui","d":7.0}},{"type":"Feature","geometry":{"type":"Point","coordinates":[38.260712,-1.929937]},"properties":{"id":"727784539","n":"Kwa Singi Kyaoni dug well","t":"pdw","c":"Kitui"}},{"type":"Feature","geometry":{"type":"Point","coordinates":[38.374787,-2.016465]},"properties":{"id":"729504371","n":"Kasang'u hand pump borehole","t":"bh","c":"Kitui"}},{"type":"Feature","geometry":{"type":"Point","coordinates":[38.293822,-1.955072]},"properties":{"id":"419851826","n":"Kyamatu bohole","t":"bh","c":"Kitui"}},{"type":"Feature","geometry":{"type":"Point","coordinates":[38.346702,-1.982399]},"properties":{"id":"729400477","n":"Muvuko dug well","t":"udw","c":"Kitui","d":5.0}},{"type":"Feature","geometry":{"type":"Point","coordinates":[38.318531,-1.943902]},"properties":{"id":"729632586","n":"Itanguani unprotected water point","t":"udw","c":"Kitui","d":6.0}},{"type":"Feature","geometry":{"type":"Point","coordinates":[38.328028,-1.902677]},"properties":{"id":"766608191","n":"Kaliani Water Kiosk","t":"bh","c":"Kitui"}},{"type":"Feature","geometry":{"type":"Point","coordinates":[38.318781,-1.956452]},"properties":{"id":"85966367","n":"Kwa mulwa handpump","t":"pdw","c":"Kitui"}},{"type":"Feature","geometry":{"type":"Point","coordinates":[38.408945,-2.041059]},"properties":{"id":"419847045","n":"Kathima shallow well","t":"udw","c":"Kitui"}},{"type":"Feature","geometry":{"type":"Point","coordinates":[38.368306,-2.020737]},"properties":{"id":"528543481","n":"Kasangu borehole","t":"bh","c":"Kitui"}},{"type":"Feature","geometry":{"type":"Point","coordinates":[38.290054,-1.910604]},"properties":{"id":"729339773","n":"Kwa vilu","t":"udw","c":"Kitui","d":10.0}},{"type":"Feature","geometry":{"type":"Point","coordinates":[38.388703,-2.033922]},"properties":{"id":"727812548","n":"Kwa nzovo wells","t":"pdw","c":"Kitui","d":22.0}},{"type":"Feature","geometry":{"type":"Point","coordinates":[38.293792,-1.955199]},"properties":{"id":"85968211","n":"Kyamatu handpump water project","t":"pdw","c":"Kitui"}},{"type":"Feature","geometry":{"type":"Point","coordinates":[38.332314,-1.901734]},"properties":{"id":"528543508","n":"Mivuni borehole","t":"bh","c":"Kitui"}},{"type":"Feature","geometry":{"type":"Point","coordinates":[38.374643,-2.016896]},"properties":{"id":"528543467","n":"Kasangu wells","t":"udw","c":"Kitui"}},{"type":"Feature","geometry":{"type":"Point","coordinates":[38.310896,-1.946284]},"properties":{"id":"727784443","n":"Itanguani water point","t":"udw","c":"Kitui"}},{"type":"Feature","geometry":{"type":"Point","coordinates":[38.296266,-1.949618]},"properties":{"id":"729336206","n":"Maendu","t":"us","c":"Kitui"}},{"type":"Feature","geometry":{"type":"Point","coordinates":[38.293628,-1.917821]},"properties":{"id":"419847698","n":"Hand pump along Ikunguti River","t":"bh","c":"Kitui"}},{"type":"Feature","geometry":{"type":"Point","coordinates":[38.294906,-1.905285]},"properties":{"id":"419849676","n":"Simon Mwangi well","t":"udw","c":"Kitui","d":14.0}},{"type":"Feature","geometry":{"type":"Point","coordinates":[38.257875,-1.938868]},"properties":{"id":"727784498","n":"Mutua Mwanthi Well","t":"udw","c":"Kitui"}},{"type":"Feature","geometry":{"type":"Point","coordinates":[38.293841,-1.9552]},"properties":{"id":"528542222","n":"Kyamatu katitika hand pump","t":"bh","c":"Kitui"}},{"type":"Feature","geometry":{"type":"Point","coordinates":[38.3281,-1.90267]},"properties":{"id":"766608184","n":"Kaliani Water Kiosk","t":"bh","c":"Kitui"}},{"type":"Feature","geometry":{"type":"Point","coordinates":[38.304131,-1.959993]},"properties":{"id":"727421016","n":"Kithimani Kwa Mwiw'a","t":"pdw","c":"Kitui","d":70.0}},{"type":"Feature","geometry":{"type":"Point","coordinates":[38.408792,-1.964443]},"properties":{"id":"729400989","n":"Kasang'u water point","t":"udw","c":"Kitui","d":20.0}},{"type":"Feature","geometry":{"type":"Point","coordinates":[38.314695,-1.933299]},"properties":{"id":"729508478","n":"Kwa George  borehole","t":"udw","c":"Kitui"}},{"type":"Feature","geometry":{"type":"Point","coordinates":[38.31275,-1.929564]},"properties":{"id":"729508485","n":"Ithima in muvuko","t":"udw","c":"Kitui"}},{"type":"Feature","geometry":{"type":"Point","coordinates":[38.31272,-1.991293]},"properties":{"id":"85967818","n":"Kwa kalii handpump","t":"pdw","c":"Kitui"}},{"type":"Feature","geometry":{"type":"Point","coordinates":[38.318503,-1.943951]},"properties":{"id":"729632634","n":"Kwa Musya","t":"pdw","c":"Kitui","d":13.0}},{"type":"Feature","geometry":{"type":"Point","coordinates":[38.387232,-2.030623]},"properties":{"id":"727812555","n":"Ikunikile protected dug wells","t":"pdw","c":"Kitui","d":20.0}},{"type":"Feature","geometry":{"type":"Point","coordinates":[38.371849,-1.930599]},"properties":{"id":"528542985","n":"Ndilili borehole","t":"bh","c":"Kitui"}},{"type":"Feature","geometry":{"type":"Point","coordinates":[38.293942,-1.906385]},"properties":{"id":"727282099","n":"Kwa vilu water point","t":"pdw","c":"Kitui"}},{"type":"Feature","geometry":{"type":"Point","coordinates":[38.362075,-2.109166]},"properties":{"id":"528543474","n":"Ngwani wells","t":"udw","c":"Kitui"}},{"type":"Feature","geometry":{"type":"Point","coordinates":[38.332029,-1.970805]},"properties":{"id":"727420943","n":"Kwa wambua","t":"udw","c":"Kitui","d":8.0}},{"type":"Feature","geometry":{"type":"Point","coordinates":[38.408922,-2.041118]},"properties":{"id":"85969339","n":"Kathima shallow well","t":"pdw","c":"Kitui"}},{"type":"Feature","geometry":{"type":"Point","coordinates":[38.434238,-2.005101]},"properties":{"id":"419867159","n":"Mukolosoni borehole water project","t":"bh","c":"Kitui"}},{"type":"Feature","geometry":{"type":"Point","coordinates":[38.296831,-2.042173]},"properties":{"id":"85967492","n":"Nguuni hand pump water project","t":"pdw","c":"Kitui"}},{"type":"Feature","geometry":{"type":"Point","coordinates":[38.299402,-1.919744]},"properties":{"id":"419849652","n":"Kwa Munyithya","t":"udw","c":"Kitui","d":200.0}},{"type":"Feature","geometry":{"type":"Point","coordinates":[38.258337,-1.95078]},"properties":{"id":"528543412","n":"Ndiani earth dam shallow wells","t":"udw","c":"Kitui"}},{"type":"Feature","geometry":{"type":"Point","coordinates":[38.298715,-1.921947]},"properties":{"id":"727350422","n":"diang'u seasonal River wells","t":"udw","c":"Kitui"}},{"type":"Feature","geometry":{"type":"Point","coordinates":[38.377935,-2.007672]},"properties":{"id":"729504357","n":"Kasang'u dug wells","t":"pdw","c":"Kitui"}},{"type":"Feature","geometry":{"type":"Point","coordinates":[38.338417,-2.081214]},"properties":{"id":"85967368","n":"Mbuini spring catchment","t":"us","c":"Kitui"}},{"type":"Feature","geometry":{"type":"Point","coordinates":[38.305355,-1.929503]},"properties":{"id":"419862862","n":"Mwangala handpump","t":"bh","c":"Kitui"}},{"type":"Feature","geometry":{"type":"Point","coordinates":[38.286898,-1.980695]},"properties":{"id":"85967784","n":"Katiliku handpump water project","t":"pdw","c":"Kitui"}},{"type":"Feature","geometry":{"type":"Point","coordinates":[38.36505,-2.004112]},"properties":{"id":"729504333","n":"Mwaani dug wells","t":"udw","c":"Kitui"}},{"type":"Feature","geometry":{"type":"Point","coordinates":[38.341304,-1.977367]},"properties":{"id":"528542992","n":"Muvuko river shallow well at kanziko","t":"udw","c":"Kitui"}},{"type":"Feature","geometry":{"type":"Point","coordinates":[38.275035,-2.008249]},"properties":{"id":"85966477","n":"Ikisaya handpump","t":"pdw","c":"Kitui"}},{"type":"Feature","geometry":{"type":"Point","coordinates":[38.254874,-1.937089]},"properties":{"id":"727784546","n":"Grace Ndululu waterpoint","t":"udw","c":"Kitui"}},{"type":"Feature","geometry":{"type":"Point","coordinates":[38.338813,-1.924987]},"properties":{"id":"419853110","n":"Kwa ndaka handpump","t":"bh","c":"Kitui","d":64.0}},{"type":"Feature","geometry":{"type":"Point","coordinates":[38.383908,-1.932692]},"properties":{"id":"728420755","n":"Vyulu earth dam","t":"pdw","c":"Kitui"}},{"type":"Feature","geometry":{"type":"Point","coordinates":[38.24815,-1.783133]},"properties":{"id":"729518389","n":"Kwa Mesilya shallow wells water point in Itumba stream","t":"udw","c":"Kitui"}},{"type":"Feature","geometry":{"type":"Point","coordinates":[38.42343,-1.81106]},"properties":{"id":"85970162","n":"Kamutia nzuki","t":"pdw","c":"Kitui"}},{"type":"Feature","geometry":{"type":"Point","coordinates":[38.306926,-1.881394]},"properties":{"id":"419849339","n":"Katuuni","t":"udw","c":"Kitui","d":80.0}},{"type":"Feature","geometry":{"type":"Point","coordinates":[38.281425,-1.888955]},"properties":{"id":"419849236","n":"Kwa kambua","t":"pdw","c":"Kitui","d":70.0}},{"type":"Feature","geometry":{"type":"Point","coordinates":[38.307111,-1.881406]},"properties":{"id":"419849353","n":"Katuuni village","t":"udw","c":"Kitui","d":80.0}},{"type":"Feature","geometry":{"type":"Point","coordinates":[38.280433,-1.885123]},"properties":{"id":"419849896","n":"Kwa Mary Well","t":"udw","c":"Kitui","d":15.0}},{"type":"Feature","geometry":{"type":"Point","coordinates":[38.312023,-1.774083]},"properties":{"id":"528543443","n":"Kamutyanzuku borehole","t":"bh","c":"Kitui"}},{"type":"Feature","geometry":{"type":"Point","coordinates":[38.426812,-1.79411]},"properties":{"id":"766608153","n":"Mutha water kiosk","t":"bh","c":"Kitui"}},{"type":"Feature","geometry":{"type":"Point","coordinates":[38.242684,-1.797929]},"properties":{"id":"729518231","n":"Itumba shallow protected wells","t":"pdw","c":"Kitui"}},{"type":"Feature","geometry":{"type":"Point","coordinates":[38.242358,-1.797477]},"properties":{"id":"729518224","n":"Itumba open dug wells","t":"udw","c":"Kitui"}},{"type":"Feature","geometry":{"type":"Point","coordinates":[38.328594,-1.793082]},"properties":{"id":"419848493","n":"Maranatha hand pump","t":"bh","c":"Kitui"}},{"type":"Feature","geometry":{"type":"Point","coordinates":[38.281803,-1.858227]},"properties":{"id":"729510068","n":"Kwa Ann maundu ndovoini","t":"bh","c":"Kitui"}},{"type":"Feature","geometry":{"type":"Point","coordinates":[38.366315,-1.797048]},"properties":{"id":"85968008","n":"Kyang'a","t":"pdw","c":"Kitui"}},{"type":"Feature","geometry":{"type":"Point","coordinates":[38.28101,-1.888708]},"properties":{"id":"419849250","n":"Kwa Munyau","t":"udw","c":"Kitui","d":70.0}},{"type":"Feature","geometry":{"type":"Point","coordinates":[38.307178,-1.881152]},"properties":{"id":"419852425","n":"Mukemba well","t":"udw","c":"Kitui","d":15.0}},{"type":"Feature","geometry":{"type":"Point","coordinates":[38.307022,-1.88116]},"properties":{"id":"419847746","n":"Katwuni hand pump","t":"bh","c":"Kitui"}},{"type":"Feature","geometry":{"type":"Point","coordinates":[38.421282,-1.791315]},"properties":{"id":"639812702","n":"Kakosini rock well","t":"udw","c":"Kitui"}},{"type":"Feature","geometry":{"type":"Point","coordinates":[38.280395,-1.885232]},"properties":{"id":"419847739","n":"Kwa makaa shallow well","t":"pdw","c":"Kitui","d":23.0}},{"type":"Feature","geometry":{"type":"Point","coordinates":[38.280723,-1.887424]},"properties":{"id":"729339632","n":"Muumba river water point 1","t":"udw","c":"Kitui","d":5.0}},{"type":"Feature","geometry":{"type":"Point","coordinates":[38.276407,-1.875981]},"properties":{"id":"420806941","n":"Kwa Mutua well","t":"pdw","c":"Kitui","d":15.0}},{"type":"Feature","geometry":{"type":"Point","coordinates":[38.307127,-1.88122]},"properties":{"id":"420806989","n":"Kwa Mbivu well","t":"udw","c":"Kitui","d":12.0}},{"type":"Feature","geometry":{"type":"Point","coordinates":[38.280378,-1.885455]},"properties":{"id":"419852418","n":"Kwa Muthoka well","t":"udw","c":"Kitui","d":10.0}},{"type":"Feature","geometry":{"type":"Point","coordinates":[38.269887,-1.863828]},"properties":{"id":"729200244","n":"Kwa wambua water point","t":"udw","c":"Kitui"}},{"type":"Feature","geometry":{"type":"Point","coordinates":[38.305476,-1.83468]},"properties":{"id":"419867513","n":"Kwa Kasingili Handpump","t":"bh","c":"Kitui"}},{"type":"Feature","geometry":{"type":"Point","coordinates":[38.305554,-1.834641]},"properties":{"id":"85969061","n":"Kwa kasingili","t":"pdw","c":"Kitui"}},{"type":"Feature","geometry":{"type":"Point","coordinates":[38.280817,-1.888195]},"properties":{"id":"729339649","n":"Kwa mwenengi water point","t":"udw","c":"Kitui","d":6.0}},{"type":"Feature","geometry":{"type":"Point","coordinates":[38.417742,-1.810424]},"properties":{"id":"353358580","n":"KE_053_Kawambemba Borehole","t":"bh","c":"Kitui"}},{"type":"Feature","geometry":{"type":"Point","coordinates":[38.278954,-1.887049]},"properties":{"id":"729200172","n":"Muthui water point","t":"udw","c":"Kitui","d":6.0}},{"type":"Feature","geometry":{"type":"Point","coordinates":[38.344877,-1.852445]},"properties":{"id":"419847344","n":"Kangungi borehole water point","t":"bh","c":"Kitui"}},{"type":"Feature","geometry":{"type":"Point","coordinates":[38.340635,-1.808832]},"properties":{"id":"419867647","n":"Ngingani Borehole/handpump","t":"bh","c":"Kitui"}},{"type":"Feature","geometry":{"type":"Point","coordinates":[38.247966,-1.785726]},"properties":{"id":"729519036","n":"Mutambu protected household well","t":"pdw","c":"Kitui","d":4.0}},{"type":"Feature","geometry":{"type":"Point","coordinates":[38.381893,-1.740091]},"properties":{"id":"353358559","n":"KE_052_Kakuyu B Borehole","t":"bh","c":"Kitui"}},{"type":"Feature","geometry":{"type":"Point","coordinates":[38.280666,-1.795073]},"properties":{"id":"419852494","n":"Kwa Nzaki hand pump","t":"bh","c":"Kitui"}},{"type":"Feature","geometry":{"type":"Point","coordinates":[38.275909,-1.874365]},"properties":{"id":"419847708","n":"Kwa mwangangi shallow well","t":"pdw","c":"Kitui","d":20.0}},{"type":"Feature","geometry":{"type":"Point","coordinates":[38.307487,-1.881873]},"properties":{"id":"528543429","n":"Katuuni unprotected wells","t":"udw","c":"Kitui"}},{"type":"Feature","geometry":{"type":"Point","coordinates":[38.447893,-1.831513]},"properties":{"id":"85969494","n":"Matuma handpump","t":"pdw","c":"Kitui"}},{"type":"Feature","geometry":{"type":"Point","coordinates":[38.282662,-1.890847]},"properties":{"id":"419849212","n":"Kwa Malundu protected well","t":"pdw","c":"Kitui","d":70.0}},{"type":"Feature","geometry":{"type":"Point","coordinates":[38.280385,-1.885147]},"properties":{"id":"420806972","n":"Kwa Mwanzia Well","t":"pdw","c":"Kitui","d":15.0}},{"type":"Feature","geometry":{"type":"Point","coordinates":[38.504165,-1.661664]},"properties":{"id":"528542349","n":"Thua river in kalambani center","t":"udw","c":"Kitui"}},{"type":"Feature","geometry":{"type":"Point","coordinates":[38.275688,-1.871667]},"properties":{"id":"419849274","n":"Kwa Mukivi","t":"pdw","c":"Kitui","d":70.0}},{"type":"Feature","geometry":{"type":"Point","coordinates":[38.428653,-1.813917]},"properties":{"id":"766608139","n":"Kawambemba A borehole","t":"bh","c":"Kitui"}},{"type":"Feature","geometry":{"type":"Point","coordinates":[38.280408,-1.884852]},"properties":{"id":"419849298","n":"Imuamba wells","t":"udw","c":"Kitui","d":70.0}},{"type":"Feature","geometry":{"type":"Point","coordinates":[38.28375,-1.8635]},"properties":{"id":"85969360","n":"Kalika","t":"pdw","c":"Kitui"}},{"type":"Feature","geometry":{"type":"Point","coordinates":[38.317092,-1.815473]},"properties":{"id":"85968895","n":"Masila","t":"pdw","c":"Kitui"}},{"type":"Feature","geometry":{"type":"Point","coordinates":[38.281209,-1.794901]},"properties":{"id":"419852463","n":"Kwa Ndaki hand pp","t":"bh","c":"Kitui"}},{"type":"Feature","geometry":{"type":"Point","coordinates":[38.34488,-1.85251]},"properties":{"id":"85969456","n":"Kangungi","t":"pdw","c":"Kitui"}},{"type":"Feature","geometry":{"type":"Point","coordinates":[38.280356,-1.884933]},"properties":{"id":"419847722","n":"Kwa kavuli shallow well","t":"pdw","c":"Kitui","d":22.0}},{"type":"Feature","geometry":{"type":"Point","coordinates":[38.276521,-1.877191]},"properties":{"id":"419849858","n":"Munyithya well","t":"udw","c":"Kitui","d":10.0}},{"type":"Feature","geometry":{"type":"Point","coordinates":[38.29247,-1.862986]},"properties":{"id":"729510116","n":"Kikunga well","t":"udw","c":"Kitui","d":500.0}},{"type":"Feature","geometry":{"type":"Point","coordinates":[38.281772,-1.794736]},"properties":{"id":"419850904","n":"Kwa Ndolo","t":"udw","c":"Kitui","d":70.0}},{"type":"Feature","geometry":{"type":"Point","coordinates":[38.340597,-1.808867]},"properties":{"id":"419867654","n":"Ngingani Water point","t":"bh","c":"Kitui"}},{"type":"Feature","geometry":{"type":"Point","coordinates":[38.317264,-1.815264]},"properties":{"id":"528543436","n":"Musila borehole","t":"bh","c":"Kitui"}},{"type":"Feature","geometry":{"type":"Point","coordinates":[38.32656,-1.825821]},"properties":{"id":"419850265","n":"katole shallow well","t":"udw","c":"Kitui"}},{"type":"Feature","geometry":{"type":"Point","coordinates":[38.28184,-1.794736]},"properties":{"id":"419852487","n":"Kwa Regina well","t":"udw","c":"Kitui"}},{"type":"Feature","geometry":{"type":"Point","coordinates":[38.283068,-1.861035]},"properties":{"id":"729510082","n":"Kisenga borehole","t":"bh","c":"Kitui"}},{"type":"Feature","geometry":{"type":"Point","coordinates":[38.278402,-1.851447]},"properties":{"id":"729510020","n":"Muasya borehole","t":"bh","c":"Kitui","d":500.0}},{"type":"Feature","geometry":{"type":"Point","coordinates":[38.304549,-1.865875]},"properties":{"id":"729510130","n":"Annah well","t":"udw","c":"Kitui","d":500.0}},{"type":"Feature","geometry":{"type":"Point","coordinates":[38.280428,-1.885045]},"properties":{"id":"420806965","n":"Kwa Masila Well","t":"pdw","c":"Kitui","d":15.0}},{"type":"Feature","geometry":{"type":"Point","coordinates":[38.170953,-1.750164]},"properties":{"id":"727300733","n":"Vonza Water point","t":"udw","c":"Kitui","d":4.0}},{"type":"Feature","geometry":{"type":"Point","coordinates":[38.094169,-1.874943]},"properties":{"id":"85970179","n":"Kwa kitungu handpump","t":"pdw","c":"Kitui"}},{"type":"Feature","geometry":{"type":"Point","coordinates":[38.213042,-1.745682]},"properties":{"id":"85968204","n":"Mikuyuni shallow well / Handpump","t":"pdw","c":"Kitui"}},{"type":"Feature","geometry":{"type":"Point","coordinates":[38.189275,-1.756953]},"properties":{"id":"729337324","n":"Kyangu unprotected well","t":"udw","c":"Kitui"}},{"type":"Feature","geometry":{"type":"Point","coordinates":[38.11044,-1.869195]},"properties":{"id":"85965933","n":"Katitika Shallow Well","t":"udw","c":"Kitui"}},{"type":"Feature","geometry":{"type":"Point","coordinates":[38.194664,-1.836101]},"properties":{"id":"419856168","n":"Ndovoini water point","t":"bh","c":"Kitui"}},{"type":"Feature","geometry":{"type":"Point","coordinates":[38.232678,-1.814073]},"properties":{"id":"85969731","n":"Mwengea handpump","t":"pdw","c":"Kitui"}},{"type":"Feature","geometry":{"type":"Point","coordinates":[38.219204,-1.778099]},"properties":{"id":"85968723","n":"Kyangove handpump","t":"pdw","c":"Kitui"}},{"type":"Feature","geometry":{"type":"Point","coordinates":[38.174965,-1.760338]},"properties":{"id":"729337207","n":"Ngai ndethye hand pump","t":"bh","c":"Kitui","d":15.0}},{"type":"Feature","geometry":{"type":"Point","coordinates":[38.190418,-1.755657]},"properties":{"id":"729337331","n":"Martha Nzui unprotected well","t":"udw","c":"Kitui"}},{"type":"Feature","geometry":{"type":"Point","coordinates":[38.17566,-1.835557]},"properties":{"id":"729528506","n":"Kwa Makweti water point","t":"pdw","c":"Kitui","d":46.0}},{"type":"Feature","geometry":{"type":"Point","coordinates":[38.148592,-1.907914]},"properties":{"id":"85966752","n":"Yamalu handpump","t":"pdw","c":"Kitui"}},{"type":"Feature","geometry":{"type":"Point","coordinates":[38.177486,-1.783303]},"properties":{"id":"729337111","n":"Katiliku hand pump water point","t":"pdw","c":"Kitui","d":10.0}},{"type":"Feature","geometry":{"type":"Point","coordinates":[38.168236,-1.723503]},"properties":{"id":"727300977","n":"Kyambusya Water Point","t":"udw","c":"Kitui","d":1.0}},{"type":"Feature","geometry":{"type":"Point","coordinates":[38.200397,-1.828145]},"properties":{"id":"726222539","n":"Jackson  Mbaka shallow well","t":"pdw","c":"Kitui","d":35.0}},{"type":"Feature","geometry":{"type":"Point","coordinates":[38.202935,-1.874915]},"properties":{"id":"419852717","n":"KMTC borehole","t":"bh","c":"Kitui"}},{"type":"Feature","geometry":{"type":"Point","coordinates":[38.181183,-1.746568]},"properties":{"id":"727300953","n":"Kiasya water point","t":"udw","c":"Kitui","d":1.0}},{"type":"Feature","geometry":{"type":"Point","coordinates":[38.122197,-1.898662]},"properties":{"id":"729376211","n":"Kasyelia well","t":"udw","c":"Kitui"}},{"type":"Feature","geometry":{"type":"Point","coordinates":[38.170512,-1.748649]},"properties":{"id":"727300678","n":"Katothya well","t":"udw","c":"Kitui","d":1.0}},{"type":"Feature","geometry":{"type":"Point","coordinates":[38.249917,-1.846057]},"properties":{"id":"419854111","n":"muumba shallow well","t":"pdw","c":"Kitui"}},{"type":"Feature","geometry":{"type":"Point","coordinates":[38.223557,-1.741119]},"properties":{"id":"85968187","n":"Kyaki shallow well/Handpump","t":"pdw","c":"Kitui"}},{"type":"Feature","geometry":{"type":"Point","coordinates":[38.131342,-1.917092]},"properties":{"id":"419851297","n":"Kasilu Handpump","t":"bh","c":"Kitui"}},{"type":"Feature","geometry":{"type":"Point","coordinates":[38.131386,-1.917085]},"properties":{"id":"85966673","n":"Kanzilu Handpump","t":"pdw","c":"Kitui"}},{"type":"Feature","geometry":{"type":"Point","coordinates":[38.224637,-1.814169]},"properties":{"id":"85970131","n":"Kiange borehole","t":"bh","c":"Kitui"}},{"type":"Feature","geometry":{"type":"Point","coordinates":[38.20745,-1.742884]},"properties":{"id":"85968125","n":"Kibwea Handpump","t":"pdw","c":"Kitui"}},{"type":"Feature","geometry":{"type":"Point","coordinates":[38.189048,-1.759937]},"properties":{"id":"729337300","n":"Kyangu protected well","t":"pdw","c":"Kitui"}},{"type":"Feature","geometry":{"type":"Point","coordinates":[38.235545,-1.787622]},"properties":{"id":"85968730","n":"Itumba shallow well","t":"udw","c":"Kitui"}},{"type":"Feature","geometry":{"type":"Point","coordinates":[38.23504,-1.788792]},"properties":{"id":"729518183","n":"KASELE WATER POINT","t":"us","c":"Kitui"}},{"type":"Feature","geometry":{"type":"Point","coordinates":[38.175578,-1.782811]},"properties":{"id":"729337159","n":"Theresia well water point","t":"udw","c":"Kitui","d":7.0}},{"type":"Feature","geometry":{"type":"Point","coordinates":[38.202479,-1.836723]},"properties":{"id":"727281926","n":"Grace","t":"pdw","c":"Kitui","d":52.0}},{"type":"Feature","geometry":{"type":"Point","coordinates":[38.200841,-1.828028]},"properties":{"id":"85968981","n":"Kyambui handpump","t":"pdw","c":"Kitui"}},{"type":"Feature","geometry":{"type":"Point","coordinates":[38.213025,-1.712027]},"properties":{"id":"729556725","n":"Ngunga","t":"pdw","c":"Kitui","d":5.0}},{"type":"Feature","geometry":{"type":"Point","coordinates":[38.090568,-1.897559]},"properties":{"id":"528543340","n":"Tiva river","t":"udw","c":"Kitui"}},{"type":"Feature","geometry":{"type":"Point","coordinates":[38.162215,-1.744062]},"properties":{"id":"727300881","n":"Kwa Mumbi Water Point","t":"udw","c":"Kitui","d":1.5}},{"type":"Feature","geometry":{"type":"Point","coordinates":[38.176997,-1.757991]},"properties":{"id":"729337221","n":"Ngai ndethye open well water point","t":"pdw","c":"Kitui"}},{"type":"Feature","geometry":{"type":"Point","coordinates":[38.130353,-1.917913]},"properties":{"id":"729376242","n":"Kanzilu well","t":"udw","c":"Kitui"}},{"type":"Feature","geometry":{"type":"Point","coordinates":[38.173166,-1.749835]},"properties":{"id":"727300692","n":"Munyoki water point","t":"udw","c":"Kitui","d":4.0}},{"type":"Feature","geometry":{"type":"Point","coordinates":[38.185015,-1.854765]},"properties":{"id":"729604350","n":"Kwa kakoti","t":"bh","c":"Kitui","d":10.0}},{"type":"Feature","geometry":{"type":"Point","coordinates":[38.122805,-1.905226]},"properties":{"id":"729376187","n":"Kanzilu borehole","t":"bh","c":"Kitui"}},{"type":"Feature","geometry":{"type":"Point","coordinates":[38.176078,-1.783576]},"properties":{"id":"729337087","n":"Thomas water point","t":"udw","c":"Kitui","d":8.0}},{"type":"Feature","geometry":{"type":"Point","coordinates":[38.171118,-1.713611]},"properties":{"id":"85967210","n":"Kyambusya  borehole","t":"bh","c":"Kitui"}},{"type":"Feature","geometry":{"type":"Point","coordinates":[38.175217,-1.783784]},"properties":{"id":"729337173","n":"Francis well water point","t":"udw","c":"Kitui","d":3.0}},{"type":"Feature","geometry":{"type":"Point","coordinates":[38.179551,-1.844782]},"properties":{"id":"729528630","n":"Kwa Ndanu earth dam","t":"pdw","c":"Kitui","d":100.0}},{"type":"Feature","geometry":{"type":"Point","coordinates":[38.220054,-1.777947]},"properties":{"id":"419863203","n":"Kya ngove  shallow well water  point","t":"pdw","c":"Kitui"}},{"type":"Feature","geometry":{"type":"Point","coordinates":[38.217655,-1.756446]},"properties":{"id":"419848819","n":"Kibwea primary school water point","t":"bh","c":"Kitui"}},{"type":"Feature","geometry":{"type":"Point","coordinates":[38.223683,-1.741816]},"properties":{"id":"528542239","n":"Kyaki river stream-water point in kibwea","t":"udw","c":"Kitui"}},{"type":"Feature","geometry":{"type":"Point","coordinates":[38.179442,-1.74533]},"properties":{"id":"727300922","n":"Mutia Water Point","t":"pdw","c":"Kitui"}},{"type":"Feature","geometry":{"type":"Point","coordinates":[38.194046,-1.69283]},"properties":{"id":"528542246","n":"Ngunga seasonal river in kibwea ward kitui south","t":"udw","c":"Kitui"}},{"type":"Feature","geometry":{"type":"Point","coordinates":[38.202315,-1.836627]},"properties":{"id":"727267461","n":"Mutomo","t":"ps","c":"Kitui"}},{"type":"Feature","geometry":{"type":"Point","coordinates":[37.888025,-1.160928]},"properties":{"id":"412744619","n":"Nduti Well 3  - 21433","t":"pdw","c":"Kitui","d":16.0}},{"type":"Feature","geometry":{"type":"Point","coordinates":[37.88025,-1.160928]},"properties":{"id":"219975807","n":"Nduti SHG Well - 20323","t":"pdw","c":"Kitui"}},{"type":"Feature","geometry":{"type":"Point","coordinates":[37.838333,-1.24747]},"properties":{"id":"353358353","n":"KE_029_Kilile Borehole","t":"bh","c":"Kitui"}},{"type":"Feature","geometry":{"type":"Point","coordinates":[37.968269,-1.316637]},"properties":{"id":"700089824","n":"Nzakame community borehole","t":"bh","c":"Kitui"}},{"type":"Feature","geometry":{"type":"Point","coordinates":[38.014042,-1.237339]},"properties":{"id":"773747614","n":"Kyambiwa Primary School","t":"bh","c":"Kitui"}},{"type":"Feature","geometry":{"type":"Point","coordinates":[38.018919,-1.179662]},"properties":{"id":"702299403","n":"Muthamo Secondary School","t":"bh","c":"Kitui"}},{"type":"Feature","geometry":{"type":"Point","coordinates":[38.00699,-1.22203]},"properties":{"id":"540056468","n":"Musengo Sec School","t":"bh","c":"Kitui"}},{"type":"Feature","geometry":{"type":"Point","coordinates":[38.005498,-1.21393]},"properties":{"id":"592875730","n":"Ketrace - Musengo","t":"bh","c":"Kitui"}},{"type":"Feature","geometry":{"type":"Point","coordinates":[38.006399,-1.221861]},"properties":{"id":"431282943","n":"Musungu Secondary School Borehole","t":"bh","c":"Kitui"}},{"type":"Feature","geometry":{"type":"Point","coordinates":[38.016396,-1.238513]},"properties":{"id":"540056396","n":"Kakunike","t":"bh","c":"Kitui"}},{"type":"Feature","geometry":{"type":"Point","coordinates":[37.98004,-1.197604]},"properties":{"id":"626077619","n":"Tulia","t":"bh","c":"Kitui"}},{"type":"Feature","geometry":{"type":"Point","coordinates":[38.09136,-0.9804]},"properties":{"id":"3724693","n":"Kyusyani Hand-Dug Well - 4477","t":"pdw","c":"Kitui"}},{"type":"Feature","geometry":{"type":"Point","coordinates":[38.15624,-1.02086]},"properties":{"id":"697146627","n":"Tulanduli Kisandoo Shallow Well. ASDF/JAD.","t":"pdw","c":"Kitui"}},{"type":"Feature","geometry":{"type":"Point","coordinates":[38.12264,-0.96117]},"properties":{"id":"3724710","n":"Kyambilu Well 1 - 4479","t":"pdw","c":"Kitui"}},{"type":"Feature","geometry":{"type":"Point","coordinates":[38.107706,-0.884517]},"properties":{"id":"651264893","n":"Kyeni Kya Waasya","t":"pdw","c":"Kitui"}},{"type":"Feature","geometry":{"type":"Point","coordinates":[38.29457,-0.78012]},"properties":{"id":"506970478","n":"Kiisu SHG Well - 22529","t":"pdw","c":"Kitui","d":5.0}},{"type":"Feature","geometry":{"type":"Point","coordinates":[38.324993,-0.824569]},"properties":{"id":"247342701","n":"KE_015_KE_016_Ndiamumo borewell","t":"bh","c":"Kitui"}},{"type":"Feature","geometry":{"type":"Point","coordinates":[38.256782,-0.783344]},"properties":{"id":"766608201","n":"Kilawa  Borehole water project","t":"bh","c":"Kitui"}},{"type":"Feature","geometry":{"type":"Point","coordinates":[38.337232,-0.960989]},"properties":{"id":"528543711","n":"Mutyangome water project(kiosk)","t":"bh","c":"Kitui"}},{"type":"Feature","geometry":{"type":"Point","coordinates":[38.373245,-1.044242]},"properties":{"id":"528543199","n":"Kwa kyoa borehole","t":"bh","c":"Kitui"}},{"type":"Feature","geometry":{"type":"Point","coordinates":[38.07581,-0.79157]},"properties":{"id":"31451691","n":"Decommissioned 2024 - Kwa Mbunza Hand-Dug Well 2 - 19211","t":"pdw","c":"Kitui"}},{"type":"Feature","geometry":{"type":"Point","coordinates":[38.10158,-0.77286]},"properties":{"id":"42471057","n":"Kyeni kya Karuri Well 4 - 18208","t":"pdw","c":"Kitui"}},{"type":"Feature","geometry":{"type":"Point","coordinates":[38.1061,-0.77635]},"properties":{"id":"6869403","n":"Kyeni kya Karuri Well 1 - 4495","t":"pdw","c":"Kitui"}},{"type":"Feature","geometry":{"type":"Point","coordinates":[38.14052,-0.77394]},"properties":{"id":"31451732","n":"Ndithi Tuinuke Hand-Dug Well 1 - 19212","t":"pdw","c":"Kitui"}},{"type":"Feature","geometry":{"type":"Point","coordinates":[38.07444,-0.79101]},"properties":{"id":"272019625","n":"Kwa Mbunza Well 3 - 21415","t":"pdw","c":"Kitui","d":9.0}},{"type":"Feature","geometry":{"type":"Point","coordinates":[38.07756,-0.79109]},"properties":{"id":"43139406","n":"Kwa Mbunza Hand-Dug Well - 18219","t":"pdw","c":"Kitui"}},{"type":"Feature","geometry":{"type":"Point","coordinates":[38.14046,-0.77895]},"properties":{"id":"486662075","n":"Ndithi Tuinuke SHG Well 3 - 22501","t":"pdw","c":"Kitui","d":2.4}},{"type":"Feature","geometry":{"type":"Point","coordinates":[38.0834,-0.716913]},"properties":{"id":"353358896","n":"KE_071_Ndovoini (Kamuwongo) BH","t":"bh","c":"Kitui"}},{"type":"Feature","geometry":{"type":"Point","coordinates":[38.036911,-0.789802]},"properties":{"id":"224299507","n":"woni wa kivila","t":"pdw","c":"Kitui"}},{"type":"Feature","geometry":{"type":"Point","coordinates":[38.18422,-0.77802]},"properties":{"id":"272019704","n":"Syiluluku RC Well 2 - 21403","t":"pdw","c":"Kitui","d":3.0}},{"type":"Feature","geometry":{"type":"Point","coordinates":[38.17984,-0.77565]},"properties":{"id":"75636016","n":"Syiluluku RC SHG Well 1 - 19231","t":"pdw","c":"Kitui"}},{"type":"Feature","geometry":{"type":"Point","coordinates":[38.117722,-0.76058]},"properties":{"id":"6869427","n":"Tei wa Nzung'u Hand-Dug Well - 4496","t":"pdw","c":"Kitui"}},{"type":"Feature","geometry":{"type":"Point","coordinates":[38.039917,-0.787557]},"properties":{"id":"224299480","n":"woni wa kivila","t":"pdw","c":"Kitui"}},{"type":"Feature","geometry":{"type":"Point","coordinates":[38.11078,-0.77642]},"properties":{"id":"19841456","n":"Kyeni kya Karuri Well 3 - 4795","t":"pdw","c":"Kitui"}},{"type":"Feature","geometry":{"type":"Point","coordinates":[38.02621,-0.78654]},"properties":{"id":"43138773","n":"Decommissioned 2024 - Ndinesi Uu Hand-Dug Well 2 - 18209","t":"pdw","c":"Kitui"}},{"type":"Feature","geometry":{"type":"Point","coordinates":[38.040249,-0.7876]},"properties":{"id":"829892477","n":"Woni wa Kivila","t":"pdw","c":"Kitui"}},{"type":"Feature","geometry":{"type":"Point","coordinates":[38.11502,-0.75634]},"properties":{"id":"19841322","n":"Tei wa Nzung'u Well 2 - 4783","t":"pdw","c":"Kitui"}},{"type":"Feature","geometry":{"type":"Point","coordinates":[38.1061,-0.77635]},"properties":{"id":"19841274","n":"Kyeni kya Karuri Well 2 - 4778","t":"pdw","c":"Kitui"}},{"type":"Feature","geometry":{"type":"Point","coordinates":[38.1409,-0.77978]},"properties":{"id":"272019728","n":"Ndithi Tuinuke Well 2 - 21409","t":"pdw","c":"Kitui","d":5.0}},{"type":"Feature","geometry":{"type":"Point","coordinates":[38.1025,-0.81807]},"properties":{"id":"75635974","n":"Nzighi Masaki SHG Well -19229","t":"pdw","c":"Kitui"}},{"type":"Feature","geometry":{"type":"Point","coordinates":[38.15163,-0.73555]},"properties":{"id":"697146603","n":"Kasa Moko Thonoa Shallow Well. ASDF/JAD.","t":"pdw","c":"Kitui"}},{"type":"Feature","geometry":{"type":"Point","coordinates":[38.02019,-0.77669]},"properties":{"id":"19841360","n":"Ndinesi Uu Well 1 - 4786","t":"pdw","c":"Kitui"}},{"type":"Feature","geometry":{"type":"Point","coordinates":[38.03435,-0.74902]},"properties":{"id":"75635716","n":"Kalawa People Living with HIV SHG Well 1 - 19234","t":"pdw","c":"Kitui"}},{"type":"Feature","geometry":{"type":"Point","coordinates":[38.193355,-0.683853]},"properties":{"id":"486662099","n":"Utethyo Wa Kaghui Well 1 - 22515","t":"pdw","c":"Kitui","d":5.8}},{"type":"Feature","geometry":{"type":"Point","coordinates":[38.264303,-0.470124]},"properties":{"id":"639810841","n":"Fundifix borehole","t":"bh","c":"Kitui"}},{"type":"Feature","geometry":{"type":"Point","coordinates":[38.15581,-0.72077]},"properties":{"id":"697146634","n":"Kasa Moko Thonoa Shallow Well. ASDF/JAD.","t":"pdw","c":"Kitui"}},{"type":"Feature","geometry":{"type":"Point","coordinates":[38.156203,-0.670871]},"properties":{"id":"829892460","n":"Tulanduli Kisandoo","t":"pdw","c":"Kitui"}},{"type":"Feature","geometry":{"type":"Point","coordinates":[38.14241,-0.7359]},"properties":{"id":"697146531","n":"Kasa Moko Thonoa Shallow Well. ASDF/JAD.","t":"pdw","c":"Kitui"}},{"type":"Feature","geometry":{"type":"Point","coordinates":[38.158905,-0.669594]},"properties":{"id":"224299521","n":"tulanduli kisandoo","t":"pdw","c":"Kitui"}},{"type":"Feature","geometry":{"type":"Point","coordinates":[38.1558,-0.66683]},"properties":{"id":"697146658","n":"Tulanduli Kisandoo Shallow Well. ASDF/JAD.","t":"pdw","c":"Kitui"}},{"type":"Feature","geometry":{"type":"Point","coordinates":[38.159723,-0.691208]},"properties":{"id":"563537649","n":"Tulanduli Sleepers SHG Well 1 - 23611","t":"pdw","c":"Kitui","d":2.0}},{"type":"Feature","geometry":{"type":"Point","coordinates":[38.193532,-0.610205]},"properties":{"id":"639810858","n":"Gai borehole","t":"bh","c":"Kitui"}},{"type":"Feature","geometry":{"type":"Point","coordinates":[38.1465,-0.55775]},"properties":{"id":"403752065","n":"Mukikanda SHG Well 1 - 22507","t":"pdw","c":"Kitui","d":5.0}},{"type":"Feature","geometry":{"type":"Point","coordinates":[38.141037,-0.699823]},"properties":{"id":"423406564","n":"Kiliku SHG Well 1 - 22505","t":"pdw","c":"Kitui","d":4.0}},{"type":"Feature","geometry":{"type":"Point","coordinates":[38.207178,-0.56767]},"properties":{"id":"528543797","n":"Ikaaie community borehole","t":"bh","c":"Kitui"}},{"type":"Feature","geometry":{"type":"Point","coordinates":[37.954278,-0.595869]},"properties":{"id":"353359244","n":"KE_065_Thua Borehole_PFLDS 021","t":"bh","c":"Kitui"}},{"type":"Feature","geometry":{"type":"Point","coordinates":[37.94642,-0.65074]},"properties":{"id":"615206909","n":"Tondora Umoja SHG Well - 23617","t":"pdw","c":"Kitui"}},{"type":"Feature","geometry":{"type":"Point","coordinates":[38.061633,-0.706768]},"properties":{"id":"353359189","n":"KE_055d_Ndoo_Borehole","t":"bh","c":"Kitui"}},{"type":"Feature","geometry":{"type":"Point","coordinates":[37.959571,-0.635712]},"properties":{"id":"623244577","n":"Ngungani Horticulture SHG Well - 23619","t":"pdw","c":"Kitui","d":3.7}},{"type":"Feature","geometry":{"type":"Point","coordinates":[38.041172,-0.664237]},"properties":{"id":"607300451","n":"Makoko Farmers Field and Life SHG Well - 23627","t":"pdw","c":"Kitui","d":1.5}},{"type":"Feature","geometry":{"type":"Point","coordinates":[37.974762,-0.577432]},"properties":{"id":"648682701","n":"Kyeni Kya Kanyoeni SHG Well 2 - 23629","t":"pdw","c":"Kitui","d":3.0}},{"type":"Feature","geometry":{"type":"Point","coordinates":[38.0081,-0.551111]},"properties":{"id":"77940087","n":"Kamami Well - 20301","t":"pdw","c":"Kitui"}},{"type":"Feature","geometry":{"type":"Point","coordinates":[38.028483,-0.725444]},"properties":{"id":"528543319","n":"Ndoo river sump well","t":"udw","c":"Kitui"}},{"type":"Feature","geometry":{"type":"Point","coordinates":[37.99379,-0.54296]},"properties":{"id":"506970492","n":"Kamami SHG Well 3 - 22533","t":"pdw","c":"Kitui","d":2.0}},{"type":"Feature","geometry":{"type":"Point","coordinates":[38.007273,-0.734355]},"properties":{"id":"486662116","n":"Wendo Makiioni SHG Well 1 - 22543","t":"pdw","c":"Kitui","d":4.0}},{"type":"Feature","geometry":{"type":"Point","coordinates":[37.990772,-0.721308]},"properties":{"id":"639810827","n":"Masukanion water project","t":"bh","c":"Kitui"}},{"type":"Feature","geometry":{"type":"Point","coordinates":[38.0081,-0.551111]},"properties":{"id":"329034629","n":"Kamami Well 2 - 21425","t":"pdw","c":"Kitui","d":3.0}},{"type":"Feature","geometry":{"type":"Point","coordinates":[37.96598,-0.58614]},"properties":{"id":"403752089","n":"Kyeni Kya Kanyoeni SHG Well 1 - 22509","t":"pdw","c":"Kitui","d":7.0}},{"type":"Feature","geometry":{"type":"Point","coordinates":[38.080938,-0.507681]},"properties":{"id":"528543780","n":"Katse kiosk water project","t":"bh","c":"Kitui"}},{"type":"Feature","geometry":{"type":"Point","coordinates":[38.020568,-0.696637]},"properties":{"id":"639810834","n":"Kaundu borehole","t":"bh","c":"Kitui"}},{"type":"Feature","geometry":{"type":"Point","coordinates":[38.0494,-0.567549]},"properties":{"id":"829892453","n":"Syomukii","t":"pdw","c":"Kitui"}},{"type":"Feature","geometry":{"type":"Point","coordinates":[38.036313,-0.7223]},"properties":{"id":"809143038","n":"Ukilyo WA Iveti Ndio SHG","t":"pdw","c":"Kitui"}},{"type":"Feature","geometry":{"type":"Point","coordinates":[38.06511,-0.57219]},"properties":{"id":"552713821","n":"Itinda Well 1 - 23607","t":"pdw","c":"Kitui","d":2.0}},{"type":"Feature","geometry":{"type":"Point","coordinates":[38.045131,-0.544468]},"properties":{"id":"224299459","n":"kangila","t":"pdw","c":"Kitui"}},{"type":"Feature","geometry":{"type":"Point","coordinates":[38.0131,-0.683668]},"properties":{"id":"445268049","n":"Usingilaa SHG Well - 22517","t":"pdw","c":"Kitui","d":2.0}},{"type":"Feature","geometry":{"type":"Point","coordinates":[38.034553,-0.65939]},"properties":{"id":"679035404","n":"Museesu SHG Well 1 - 440002","t":"pdw","c":"Kitui","d":4.0}},{"type":"Feature","geometry":{"type":"Point","coordinates":[38.028893,-0.54998]},"properties":{"id":"552713807","n":"Muthungue Women Group Well 1 - 23609","t":"pdw","c":"Kitui","d":4.0}},{"type":"Feature","geometry":{"type":"Point","coordinates":[38.051233,-0.633939]},"properties":{"id":"679035428","n":"Makulini SHGâ€‚Well 1 - 440014","t":"pdw","c":"Kitui","d":3.0}},{"type":"Feature","geometry":{"type":"Point","coordinates":[37.99252,-0.56111]},"properties":{"id":"471340212","n":"Kasilu SHG Well 3 - 22531","t":"pdw","c":"Kitui","d":2.4}},{"type":"Feature","geometry":{"type":"Point","coordinates":[37.99208,-0.56213]},"properties":{"id":"316006606","n":"Kasilu Well 2 - 21427","t":"pdw","c":"Kitui","d":3.5}},{"type":"Feature","geometry":{"type":"Point","coordinates":[38.405172,-0.653416]},"properties":{"id":"528543216","n":"Thunguthu shallow well in ngomeni ward","t":"udw","c":"Kitui"}},{"type":"Feature","geometry":{"type":"Point","coordinates":[38.320313,-0.505365]},"properties":{"id":"247487147","n":"Nziitu water supply","t":"bh","c":"Kitui"}},{"type":"Feature","geometry":{"type":"Point","coordinates":[38.130913,-0.320332]},"properties":{"id":"528543742","n":"Murange compassiotion","t":"bh","c":"Kitui"}},{"type":"Feature","geometry":{"type":"Point","coordinates":[38.042339,-0.382454]},"properties":{"id":"639810793","n":"Kamenkia river shallow well","t":"udw","c":"Kitui"}},{"type":"Feature","geometry":{"type":"Point","coordinates":[38.127943,-0.369365]},"properties":{"id":"353359103","n":"KE_059_Kamikami (Miramba Ikamba Borehole)_PFLDS 015","t":"bh","c":"Kitui"}},{"type":"Feature","geometry":{"type":"Point","coordinates":[38.19553,-0.345118]},"properties":{"id":"528543735","n":"Mwangea borehole water kiosk","t":"bh","c":"Kitui"}},{"type":"Feature","geometry":{"type":"Point","coordinates":[38.219478,-0.307814]},"properties":{"id":"639810810","n":"Tsk borehole kiosk","t":"bh","c":"Kitui"}},{"type":"Feature","geometry":{"type":"Point","coordinates":[38.194213,-0.343243]},"properties":{"id":"528543302","n":"Kaluilu kyeni hand pump","t":"bh","c":"Kitui"}},{"type":"Feature","geometry":{"type":"Point","coordinates":[38.215527,-0.304576]},"properties":{"id":"639810803","n":"Mukanamu borehole tsk","t":"bh","c":"Kitui"}},{"type":"Feature","geometry":{"type":"Point","coordinates":[37.869259,-0.827775]},"properties":{"id":"353358133","n":"KE_032_Wanzwii Borehole_PF/LDS004","t":"bh","c":"Kitui"}},{"type":"Feature","geometry":{"type":"Point","coordinates":[38.011265,-0.936036]},"properties":{"id":"353769133","n":"KE_067_Winzua Borehole","t":"bh","c":"Kitui"}},{"type":"Feature","geometry":{"type":"Point","coordinates":[38.02074,-0.986]},"properties":{"id":"272019601","n":"Kangalu Chanuka Well 2 - 21401","t":"pdw","c":"Kitui","d":3.0}},{"type":"Feature","geometry":{"type":"Point","coordinates":[38.049692,-0.981793]},"properties":{"id":"353358652","n":"KE_054_Katanga_PFLDS 011 borehole","t":"bh","c":"Kitui"}},{"type":"Feature","geometry":{"type":"Point","coordinates":[37.953447,-0.912399]},"properties":{"id":"353358281","n":"KE_061a_Kwa Nzovo BH","t":"bh","c":"Kitui"}},{"type":"Feature","geometry":{"type":"Point","coordinates":[38.03542,-0.9525]},"properties":{"id":"75635857","n":"Kamulo SHG Well - 19223","t":"pdw","c":"Kitui"}},{"type":"Feature","geometry":{"type":"Point","coordinates":[38.03542,-0.9525]},"properties":{"id":"75635833","n":"Kamumbuni SHG Well - 19222","t":"pdw","c":"Kitui"}},{"type":"Feature","geometry":{"type":"Point","coordinates":[38.01788,-0.98877]},"properties":{"id":"75635819","n":"Kangalu Chanuka SHG Well 1 - 19221","t":"pdw","c":"Kitui"}},{"type":"Feature","geometry":{"type":"Point","coordinates":[37.98876,-1.089823]},"properties":{"id":"711144028","n":"Katavui SHGâ€‚Well 1 - 440010","t":"pdw","c":"Kitui","d":4.9}},{"type":"Feature","geometry":{"type":"Point","coordinates":[38.04508,-1.02086]},"properties":{"id":"403751741","n":"Lenza Mukuyuni SHG Well 2  - 22503","t":"pdw","c":"Kitui","d":7.0}},{"type":"Feature","geometry":{"type":"Point","coordinates":[38.038944,-1.055671]},"properties":{"id":"224299435","n":"muthini upendo","t":"pdw","c":"Kitui"}},{"type":"Feature","geometry":{"type":"Point","coordinates":[38.046113,-1.017022]},"properties":{"id":"736923239","n":"Lenza Mukuyuni Well 4 - 440028","t":"pdw","c":"Kitui","d":1.2}},{"type":"Feature","geometry":{"type":"Point","coordinates":[38.04508,-1.02086]},"properties":{"id":"272019687","n":"Lenza Mukunyuni Well - 21411","t":"pdw","c":"Kitui","d":4.0}},{"type":"Feature","geometry":{"type":"Point","coordinates":[37.861754,-0.827815]},"properties":{"id":"336064349","n":"KE_049_Mululini Borehole_PF/LDS006","t":"bh","c":"Kitui"}},{"type":"Feature","geometry":{"type":"Point","coordinates":[37.977666,-1.12516]},"properties":{"id":"385674111","n":"KE_069a_Kitulani Borehole","t":"bh","c":"Kitui"}},{"type":"Feature","geometry":{"type":"Point","coordinates":[38.03898,-1.055719]},"properties":{"id":"651264879","n":"Muthini Upendo","t":"pdw","c":"Kitui"}},{"type":"Feature","geometry":{"type":"Point","coordinates":[38.04231,-1.02374]},"properties":{"id":"552713845","n":"Lenza Mukuyuni Well 3 - 23605","t":"pdw","c":"Kitui","d":4.0}},{"type":"Feature","geometry":{"type":"Point","coordinates":[37.993862,-1.092578]},"properties":{"id":"648682725","n":"Kaliluni Universal SHG Well - 23637","t":"pdw","c":"Kitui","d":1.6}},{"type":"Feature","geometry":{"type":"Point","coordinates":[37.970687,-1.113681]},"properties":{"id":"574294489","n":"Kalinza SHG Well - 23615","t":"pdw","c":"Kitui","d":5.0}},{"type":"Feature","geometry":{"type":"Point","coordinates":[38.041522,-1.030828]},"properties":{"id":"552713780","n":"Kwa Kisukio Muthini Well 1 - 23601","t":"pdw","c":"Kitui","d":4.0}},{"type":"Feature","geometry":{"type":"Point","coordinates":[38.038663,-1.047726]},"properties":{"id":"595816873","n":"Kwa Lila SHG Well - 23603","t":"pdw","c":"Kitui","d":2.4}},{"type":"Feature","geometry":{"type":"Point","coordinates":[37.97849,-1.08087]},"properties":{"id":"563537577","n":"Muuo Wa Ngutho SHG Well 1 - 23621","t":"pdw","c":"Kitui","d":2.1}},{"type":"Feature","geometry":{"type":"Point","coordinates":[37.876983,-0.86268]},"properties":{"id":"353358119","n":"KE_031_Kasavini Borehole_PF/LDS003","t":"bh","c":"Kitui"}},{"type":"Feature","geometry":{"type":"Point","coordinates":[38.041562,-1.076135]},"properties":{"id":"651264862","n":"Ilalu","t":"pdw","c":"Kitui"}},{"type":"Feature","geometry":{"type":"Point","coordinates":[37.965036,-1.058168]},"properties":{"id":"607300303","n":"Kilela SHG Well - 23641","t":"pdw","c":"Kitui"}},{"type":"Feature","geometry":{"type":"Point","coordinates":[38.09335,-1.07819]},"properties":{"id":"697146555","n":"Nzeluni Earth Dam Shallow well. ASDF/JAD.","t":"pdw","c":"Kitui"}},{"type":"Feature","geometry":{"type":"Point","coordinates":[38.081818,-1.082242]},"properties":{"id":"224299538","n":"tyaa kwa tito musyoka mung'eeto","t":"pdw","c":"Kitui"}},{"type":"Feature","geometry":{"type":"Point","coordinates":[37.990059,-1.080706]},"properties":{"id":"574294403","n":"Kaliluni Mtunze Punda Women SHG Well - 23613","t":"pdw","c":"Kitui","d":2.1}},{"type":"Feature","geometry":{"type":"Point","coordinates":[38.06182,-1.06907]},"properties":{"id":"44515463","n":"Nziu Munyu Hand-Dug Well - 18308","t":"pdw","c":"Kitui"}},{"type":"Feature","geometry":{"type":"Point","coordinates":[38.041545,-1.076156]},"properties":{"id":"651264855","n":"Ilalu","t":"pdw","c":"Kitui"}},{"type":"Feature","geometry":{"type":"Point","coordinates":[38.10607,-1.03106]},"properties":{"id":"23590421","n":"Katalwa Jipe Moyo Well 2 - 18221","t":"pdw","c":"Kitui"}},{"type":"Feature","geometry":{"type":"Point","coordinates":[38.06701,-1.06094]},"properties":{"id":"31451701","n":"Yangondi Hand-Dug Well 2 - 19210","t":"pdw","c":"Kitui"}},{"type":"Feature","geometry":{"type":"Point","coordinates":[38.047427,-1.077953]},"properties":{"id":"471340195","n":"Ilalu New Foundation SHG Well 1 - 22545","t":"pdw","c":"Kitui","d":1.8}},{"type":"Feature","geometry":{"type":"Point","coordinates":[38.122407,-1.113085]},"properties":{"id":"736923150","n":"Wikwatyo wa Ithengeli Well 1 - 440050","t":"pdw","c":"Kitui","d":1.5}},{"type":"Feature","geometry":{"type":"Point","coordinates":[38.08239,-1.12069]},"properties":{"id":"316006558","n":"Yanzoi Maithya Well - 21441","t":"pdw","c":"Kitui","d":1.5}},{"type":"Feature","geometry":{"type":"Point","coordinates":[38.089359,-1.069783]},"properties":{"id":"224299545","n":"","t":"pdw","c":"Kitui"}},{"type":"Feature","geometry":{"type":"Point","coordinates":[37.97508,-1.04031]},"properties":{"id":"290455513","n":"Mathyakani Well 2 - 21431","t":"pdw","c":"Kitui","d":5.0}},{"type":"Feature","geometry":{"type":"Point","coordinates":[38.07297,-1.06389]},"properties":{"id":"329034595","n":"Mung'alu Women's Well 2 - 21417","t":"pdw","c":"Kitui","d":2.0}},{"type":"Feature","geometry":{"type":"Point","coordinates":[38.083352,-1.079497]},"properties":{"id":"651264886","n":"Tyaa Kwa Tito/Musyoka Mung'eeto","t":"pdw","c":"Kitui"}},{"type":"Feature","geometry":{"type":"Point","coordinates":[38.09297,-1.07583]},"properties":{"id":"697146586","n":"Nzeluni Earth Dam Shallow Well. ASDF/JAD.","t":"pdw","c":"Kitui"}},{"type":"Feature","geometry":{"type":"Point","coordinates":[38.11284,-1.02828]},"properties":{"id":"19841470","n":"Katalwa Twooka Oyu Well 1 - 4865","t":"pdw","c":"Kitui"}},{"type":"Feature","geometry":{"type":"Point","coordinates":[38.08901,-1.0696]},"properties":{"id":"697146665","n":"Kavoko Nzeluni Shallow Well. ASDF/JAD.","t":"pdw","c":"Kitui"}},{"type":"Feature","geometry":{"type":"Point","coordinates":[38.1109,-1.02015]},"properties":{"id":"19841432","n":"Katalwa Jipe Moyo Well 1 - 4793","t":"pdw","c":"Kitui"}},{"type":"Feature","geometry":{"type":"Point","coordinates":[38.07692,-1.08446]},"properties":{"id":"75635998","n":"Makasini SHG Well - 19230","t":"pdw","c":"Kitui"}},{"type":"Feature","geometry":{"type":"Point","coordinates":[38.07367,-1.06037]},"properties":{"id":"75635871","n":"Mung'alu SHG Well - 19224","t":"pdw","c":"Kitui"}},{"type":"Feature","geometry":{"type":"Point","coordinates":[37.985014,-1.076114]},"properties":{"id":"623244539","n":"Amani Kaliluni Women Group SHG Well - 23625","t":"pdw","c":"Kitui","d":1.8}},{"type":"Feature","geometry":{"type":"Point","coordinates":[38.06595,-1.08682]},"properties":{"id":"71778637","n":"Katambu SHG Well - 20311","t":"pdw","c":"Kitui"}},{"type":"Feature","geometry":{"type":"Point","coordinates":[38.07079,-1.05933]},"properties":{"id":"23167573","n":"Yangondi Hand-Dug Well 1 - 18206","t":"pdw","c":"Kitui"}},{"type":"Feature","geometry":{"type":"Point","coordinates":[38.11278,-1.03011]},"properties":{"id":"23167597","n":"Katalwa Twooka Oyu Well 2 - 18211","t":"pdw","c":"Kitui"}},{"type":"Feature","geometry":{"type":"Point","coordinates":[38.012922,-1.117507]},"properties":{"id":"711144114","n":"Faithful Sisters SHG Well 1 - 440006","t":"pdw","c":"Kitui","d":3.6}},{"type":"Feature","geometry":{"type":"Point","coordinates":[38.011093,-1.135507]},"properties":{"id":"736923215","n":"Nzakya SHG Well - 440004","t":"pdw","c":"Kitui","d":3.0}},{"type":"Feature","geometry":{"type":"Point","coordinates":[37.904932,-1.10546]},"properties":{"id":"626077530","n":"Nzawa","t":"bh","c":"Kitui"}},{"type":"Feature","geometry":{"type":"Point","coordinates":[37.979592,-1.136853]},"properties":{"id":"711144042","n":"Mivau SHG Well 1 - 440008","t":"pdw","c":"Kitui","d":1.8}},{"type":"Feature","geometry":{"type":"Point","coordinates":[37.916911,-1.087897]},"properties":{"id":"353357424","n":"KE_023_KE_024_Ndiini Borehole","t":"bh","c":"Kitui"}},{"type":"Feature","geometry":{"type":"Point","coordinates":[36.910213,-0.109064]},"properties":{"id":"477941925","n":"Wandungu","t":"pdw","c":"Laikipia"}},{"type":"Feature","geometry":{"type":"Point","coordinates":[37.137568,-1.737773]},"properties":{"id":"639975456","n":"KE_085_Konza BH","t":"bh","c":"Machakos"}},{"type":"Feature","geometry":{"type":"Point","coordinates":[37.365194,-1.365949]},"properties":{"id":"650868320","n":"Peter manga","t":"bh","c":"Machakos","d":100.0}},{"type":"Feature","geometry":{"type":"Point","coordinates":[37.336469,-1.416555]},"properties":{"id":"650791156","n":"St Martin catholac church katheka","t":"bh","c":"Machakos","d":150.0}},{"type":"Feature","geometry":{"type":"Point","coordinates":[37.34678,-1.45692]},"properties":{"id":"19841463","n":"Kyumbe Women Hand-Dug Well 1 - 4864","t":"pdw","c":"Machakos"}},{"type":"Feature","geometry":{"type":"Point","coordinates":[37.35,-1.51]},"properties":{"id":"930754","n":"Kisaila Well 1 - 4480","t":"pdw","c":"Machakos"}},{"type":"Feature","geometry":{"type":"Point","coordinates":[37.35325,-1.49864]},"properties":{"id":"19841267","n":"Mbindi Hand-Dug Well 2 - 4777","t":"pdw","c":"Machakos"}},{"type":"Feature","geometry":{"type":"Point","coordinates":[37.36993,-1.49859]},"properties":{"id":"19841401","n":"Kithangaini Kithuluni Atui Well 1 - 4790","t":"pdw","c":"Machakos"}},{"type":"Feature","geometry":{"type":"Point","coordinates":[37.369205,-1.498114]},"properties":{"id":"650742815","n":"Kithangaini water pump","t":"bh","c":"Machakos"}},{"type":"Feature","geometry":{"type":"Point","coordinates":[37.343516,-1.523809]},"properties":{"id":"416580673","n":"Kwa Kalekye Well 2 - 21439","t":"pdw","c":"Machakos","d":3.0}},{"type":"Feature","geometry":{"type":"Point","coordinates":[37.35,-1.51]},"properties":{"id":"3615656","n":"Yavili Hand-Dug Well 1 - 4448","t":"pdw","c":"Machakos"}},{"type":"Feature","geometry":{"type":"Point","coordinates":[37.38506,-1.51738]},"properties":{"id":"19841418","n":"Ikanga Well 1 - 4791","t":"pdw","c":"Machakos"}},{"type":"Feature","geometry":{"type":"Point","coordinates":[37.27347,-1.419192]},"properties":{"id":"498094866","n":"KE_051_Thinu_PF/LDS008_Borehole","t":"bh","c":"Machakos"}},{"type":"Feature","geometry":{"type":"Point","coordinates":[37.242662,-1.578495]},"properties":{"id":"629407189","n":"KE_070_Katumani Primary School BH","t":"bh","c":"Machakos"}},{"type":"Feature","geometry":{"type":"Point","coordinates":[37.30038,-1.60957]},"properties":{"id":"31451749","n":"Ivumbu Irrigation Hand-Dug Well 1 - 19215","t":"pdw","c":"Machakos"}},{"type":"Feature","geometry":{"type":"Point","coordinates":[37.35487,-1.52507]},"properties":{"id":"19841384","n":"Masola Kaani Hand-Dug Well 2 - 4788","t":"pdw","c":"Machakos"}},{"type":"Feature","geometry":{"type":"Point","coordinates":[37.34868,-1.5267]},"properties":{"id":"43138412","n":"Masola Kaani Hand-Dug Well 3 - 18207","t":"pdw","c":"Machakos"}},{"type":"Feature","geometry":{"type":"Point","coordinates":[37.35109,-1.52548]},"properties":{"id":"4660619","n":"Masola Kaani Hand-Dug Well 1 - 4485","t":"pdw","c":"Machakos"}},{"type":"Feature","geometry":{"type":"Point","coordinates":[37.28346,-1.643195]},"properties":{"id":"434152753","n":"KE_084_Kitonyini Pry Sch Borehole","t":"bh","c":"Machakos"}},{"type":"Feature","geometry":{"type":"Point","coordinates":[37.3386,-1.517]},"properties":{"id":"697146610","n":"Kwa Kalekye Shallow Well. ASDF/JAD.","t":"pdw","c":"Machakos"}},{"type":"Feature","geometry":{"type":"Point","coordinates":[37.33412,-1.51947]},"properties":{"id":"75636030","n":"Kwa Kalekye SHG Well - 19232","t":"pdw","c":"Machakos"}},{"type":"Feature","geometry":{"type":"Point","coordinates":[37.49475,-0.980752]},"properties":{"id":"147091208","n":"KE_013_Wendano borehole","t":"bh","c":"Machakos"}},{"type":"Feature","geometry":{"type":"Point","coordinates":[37.840556,-1.044444]},"properties":{"id":"353357929","n":"KE_043_Kithyoko Borehole_LDS09","t":"bh","c":"Machakos"}},{"type":"Feature","geometry":{"type":"Point","coordinates":[37.73168,-0.9904]},"properties":{"id":"75635754","n":"Decommissioned 2023 - Kyeni Kya Ngungani SHG Shallow Well - 19218","t":"pdw","c":"Machakos"}},{"type":"Feature","geometry":{"type":"Point","coordinates":[37.598904,-1.079164]},"properties":{"id":"147252551","n":"MUTWAMWAKI BOREHOLE","t":"bh","c":"Machakos"}},{"type":"Feature","geometry":{"type":"Point","coordinates":[37.696647,-0.997611]},"properties":{"id":"124294341","n":"Ulutya","t":"bh","c":"Machakos"}},{"type":"Feature","geometry":{"type":"Point","coordinates":[37.695741,-0.974717]},"properties":{"id":"147090702","n":"Ulutya community Borehole","t":"bh","c":"Machakos"}},{"type":"Feature","geometry":{"type":"Point","coordinates":[37.634258,-1.02086]},"properties":{"id":"697146641","n":"Mutiluni Shallow Well. ASDF/JAD.","t":"pdw","c":"Machakos"}},{"type":"Feature","geometry":{"type":"Point","coordinates":[37.697053,-0.997445]},"properties":{"id":"146679553","n":"Kavwea","t":"bh","c":"Machakos"}},{"type":"Feature","geometry":{"type":"Point","coordinates":[37.696825,-0.9975]},"properties":{"id":"146679539","n":"Kavwea","t":"bh","c":"Machakos"}},{"type":"Feature","geometry":{"type":"Point","coordinates":[37.380497,-0.975995]},"properties":{"id":"146065578","n":"KE_SS_Muthesya Munyiiki borewell","t":"bh","c":"Machakos"}},{"type":"Feature","geometry":{"type":"Point","coordinates":[37.005495,-1.458005]},"properties":{"id":"147090908","n":"INTERCOUNTY","t":"bh","c":"Machakos"}},{"type":"Feature","geometry":{"type":"Point","coordinates":[37.025952,-1.450803]},"properties":{"id":"147090805","n":"INTERCOUNTY ESTATE","t":"bh","c":"Machakos"}},{"type":"Feature","geometry":{"type":"Point","coordinates":[37.05167,-1.50314]},"properties":{"id":"6568867","n":"Mbindi Hand-Dug Well 1 - 4489","t":"pdw","c":"Machakos"}},{"type":"Feature","geometry":{"type":"Point","coordinates":[36.99352,-1.284469]},"properties":{"id":"281507469","n":"Water solution springs","t":"bh","c":"Machakos"}},{"type":"Feature","geometry":{"type":"Point","coordinates":[36.928376,-1.378609]},"properties":{"id":"27532865","n":"Riruta shop","t":"pdw","c":"Machakos"}},{"type":"Feature","geometry":{"type":"Point","coordinates":[37.672882,-1.626157]},"properties":{"id":"421910764","n":"Ngunini bh water point","t":"bh","c":"Machakos"}},{"type":"Feature","geometry":{"type":"Point","coordinates":[37.670928,-1.62657]},"properties":{"id":"421910757","n":"Ngunini Secondary school water point","t":"bh","c":"Machakos"}},{"type":"Feature","geometry":{"type":"Point","coordinates":[37.63521,-1.469047]},"properties":{"id":"816223354","n":"Kwa Inyoe SHG","t":"pdw","c":"Machakos"}},{"type":"Feature","geometry":{"type":"Point","coordinates":[37.671486,-1.624463]},"properties":{"id":"421910647","n":"Ngunini comm.bh waterpoint","t":"bh","c":"Machakos"}},{"type":"Feature","geometry":{"type":"Point","coordinates":[37.62509,-1.49623]},"properties":{"id":"272019584","n":"Wikwatyo Wa Kasunguni Well - 21435","t":"pdw","c":"Machakos","d":15.0}},{"type":"Feature","geometry":{"type":"Point","coordinates":[37.65299,-1.59974]},"properties":{"id":"569831","n":"Decommissioned 2020 - Wikwatyo wa Mutula Hand-Dug Well - 4491","t":"pdw","c":"Machakos"}},{"type":"Feature","geometry":{"type":"Point","coordinates":[37.671607,-1.623875]},"properties":{"id":"350300663","n":"Mbooni/kalawa(/ngunini market","t":"bh","c":"Machakos"}},{"type":"Feature","geometry":{"type":"Point","coordinates":[37.6753,-1.57383]},"properties":{"id":"3951192","n":"Kee Well 3 - 4809","t":"pdw","c":"Machakos"}},{"type":"Feature","geometry":{"type":"Point","coordinates":[37.637136,-1.517975]},"properties":{"id":"816223361","n":"Vinya WaNgethwa SHG","t":"pdw","c":"Machakos"}},{"type":"Feature","geometry":{"type":"Point","coordinates":[37.624417,-1.50189]},"properties":{"id":"486662161","n":"Wikwatyo Wa Kasunguni SHG Well 2 - 22527","t":"pdw","c":"Machakos","d":5.0}},{"type":"Feature","geometry":{"type":"Point","coordinates":[37.643293,-1.484511]},"properties":{"id":"423406722","n":"Botela Women SHG Well 2 - 22525","t":"pdw","c":"Machakos","d":4.0}},{"type":"Feature","geometry":{"type":"Point","coordinates":[37.63734,-1.48314]},"properties":{"id":"272019560","n":"Botela Women Well - 21423","t":"pdw","c":"Machakos","d":5.0}},{"type":"Feature","geometry":{"type":"Point","coordinates":[37.67938,-1.58853]},"properties":{"id":"3724703","n":"Decommissioned 2020 - Kyeni kya Maluini Well 1 - 4478","t":"pdw","c":"Machakos"}},{"type":"Feature","geometry":{"type":"Point","coordinates":[37.620587,-1.488305]},"properties":{"id":"219976121","n":"Kavili SHG Well - 20997","t":"pdw","c":"Machakos"}},{"type":"Feature","geometry":{"type":"Point","coordinates":[37.645152,-1.483517]},"properties":{"id":"661122464","n":"Botela Women Well 3 - 23639","t":"pdw","c":"Machakos","d":3.0}},{"type":"Feature","geometry":{"type":"Point","coordinates":[37.69788,-1.57947]},"properties":{"id":"3724679","n":"Kilala North Well 1 - 4475","t":"pdw","c":"Machakos"}},{"type":"Feature","geometry":{"type":"Point","coordinates":[37.417063,-1.41044]},"properties":{"id":"650727816","n":"Kwa makau","t":"bh","c":"Machakos"}},{"type":"Feature","geometry":{"type":"Point","coordinates":[37.467785,-1.375533]},"properties":{"id":"650652431","n":"Private Borehole","t":"bh","c":"Machakos"}},{"type":"Feature","geometry":{"type":"Point","coordinates":[37.46576,-1.41337]},"properties":{"id":"650699034","n":"Dug well","t":"udw","c":"Machakos"}},{"type":"Feature","geometry":{"type":"Point","coordinates":[37.416503,-1.363963]},"properties":{"id":"490434741","n":"Kitange water point 3","t":"bh","c":"Machakos","d":120.0}},{"type":"Feature","geometry":{"type":"Point","coordinates":[37.449958,-1.346762]},"properties":{"id":"490417331","n":"St TERESA MWALA GIRS HIGH SCHOOL","t":"bh","c":"Machakos"}},{"type":"Feature","geometry":{"type":"Point","coordinates":[37.483324,-1.373691]},"properties":{"id":"650876435","n":"Kwa Musembi well","t":"pdw","c":"Machakos"}},{"type":"Feature","geometry":{"type":"Point","coordinates":[37.508782,-1.325814]},"properties":{"id":"650747762","n":"Mulwa Kisila borehole","t":"bh","c":"Machakos"}},{"type":"Feature","geometry":{"type":"Point","coordinates":[37.449252,-1.326858]},"properties":{"id":"650728587","n":"Ownership dam","t":"pdw","c":"Machakos","d":10.0}},{"type":"Feature","geometry":{"type":"Point","coordinates":[37.441007,-1.324661]},"properties":{"id":"650728491","n":"Morris  brehole","t":"bh","c":"Machakos","d":200.0}},{"type":"Feature","geometry":{"type":"Point","coordinates":[37.515022,-1.324895]},"properties":{"id":"650747834","n":"Stephano water point","t":"bh","c":"Machakos"}},{"type":"Feature","geometry":{"type":"Point","coordinates":[37.446624,-1.341083]},"properties":{"id":"650847239","n":"Kwa Magdalene Water kiosk","t":"bh","c":"Machakos"}},{"type":"Feature","geometry":{"type":"Point","coordinates":[37.467413,-1.293565]},"properties":{"id":"650705607","n":"Ithemboni","t":"bh","c":"Machakos"}},{"type":"Feature","geometry":{"type":"Point","coordinates":[37.465664,-1.28914]},"properties":{"id":"650705573","n":"River ndumbuli","t":"ps","c":"Machakos"}},{"type":"Feature","geometry":{"type":"Point","coordinates":[37.417142,-1.410242]},"properties":{"id":"650727809","n":"Kwa musiva","t":"bh","c":"Machakos"}},{"type":"Feature","geometry":{"type":"Point","coordinates":[37.431395,-1.367721]},"properties":{"id":"490435199","n":"Kitange water point 8","t":"bh","c":"Machakos","d":120.0}},{"type":"Feature","geometry":{"type":"Point","coordinates":[37.43488,-1.375948]},"properties":{"id":"490435261","n":"Kitange water point 10","t":"bh","c":"Machakos","d":120.0}},{"type":"Feature","geometry":{"type":"Point","coordinates":[37.475487,-1.359985]},"properties":{"id":"650703966","n":"Kwa muinde borehole","t":"bh","c":"Machakos"}},{"type":"Feature","geometry":{"type":"Point","coordinates":[37.47019,-1.380535]},"properties":{"id":"650652383","n":"Mathinthini dam","t":"pdw","c":"Machakos"}},{"type":"Feature","geometry":{"type":"Point","coordinates":[37.436102,-1.310519]},"properties":{"id":"650831229","n":"St Stephen secondary school borehole","t":"bh","c":"Machakos"}},{"type":"Feature","geometry":{"type":"Point","coordinates":[37.4346,-1.362635]},"properties":{"id":"650712292","n":"Kwa muoki","t":"bh","c":"Machakos"}},{"type":"Feature","geometry":{"type":"Point","coordinates":[37.433175,-1.314852]},"properties":{"id":"565615617","n":"Ndumba well","t":"pdw","c":"Machakos"}},{"type":"Feature","geometry":{"type":"Point","coordinates":[37.439994,-1.330258]},"properties":{"id":"650847363","n":"Kwa David Mutisya well -50fts","t":"pdw","c":"Machakos"}},{"type":"Feature","geometry":{"type":"Point","coordinates":[37.447551,-1.322968]},"properties":{"id":"650728604","n":"Piped water","t":"bh","c":"Machakos","d":50.0}},{"type":"Feature","geometry":{"type":"Point","coordinates":[37.470873,-1.381244]},"properties":{"id":"650733675","n":"Kwa kiswili well","t":"pdw","c":"Machakos"}},{"type":"Feature","geometry":{"type":"Point","coordinates":[37.454051,-1.35245]},"properties":{"id":"490409934","n":"Mwala market water point","t":"bh","c":"Machakos"}},{"type":"Feature","geometry":{"type":"Point","coordinates":[37.47634,-1.386923]},"properties":{"id":"650792762","n":"Kwa Mutinda mwanzui","t":"udw","c":"Machakos"}},{"type":"Feature","geometry":{"type":"Point","coordinates":[37.499457,-1.332868]},"properties":{"id":"650888283","n":"Kyawango","t":"bh","c":"Machakos"}},{"type":"Feature","geometry":{"type":"Point","coordinates":[37.497039,-1.330606]},"properties":{"id":"650878231","n":"Kyawango","t":"bh","c":"Machakos"}},{"type":"Feature","geometry":{"type":"Point","coordinates":[37.431655,-1.316719]},"properties":{"id":"650847473","n":"Ezekiel Kyalo","t":"udw","c":"Machakos"}},{"type":"Feature","geometry":{"type":"Point","coordinates":[37.424069,-1.376678]},"properties":{"id":"490435144","n":"Kitange water point 12","t":"bh","c":"Machakos","d":120.0}},{"type":"Feature","geometry":{"type":"Point","coordinates":[37.428582,-1.40892]},"properties":{"id":"650867965","n":"Ap mango water point","t":"bh","c":"Machakos"}},{"type":"Feature","geometry":{"type":"Point","coordinates":[37.494459,-1.354654]},"properties":{"id":"650820245","n":"Kyengo borehole","t":"bh","c":"Machakos"}},{"type":"Feature","geometry":{"type":"Point","coordinates":[37.443626,-1.303495]},"properties":{"id":"650821734","n":"Kwa ruben","t":"bh","c":"Machakos"}},{"type":"Feature","geometry":{"type":"Point","coordinates":[37.451203,-1.351775]},"properties":{"id":"490435508","n":"Penny hardware building","t":"bh","c":"Machakos"}},{"type":"Feature","geometry":{"type":"Point","coordinates":[37.426273,-1.368216]},"properties":{"id":"490435216","n":"Kitange water kiosk 3","t":"bh","c":"Machakos","d":120.0}},{"type":"Feature","geometry":{"type":"Point","coordinates":[37.46819,-1.376205]},"properties":{"id":"650652424","n":"Kwa mutunga borehole","t":"bh","c":"Machakos"}},{"type":"Feature","geometry":{"type":"Point","coordinates":[37.425454,-1.408882]},"properties":{"id":"650727665","n":"Kwa itumo","t":"bh","c":"Machakos"}},{"type":"Feature","geometry":{"type":"Point","coordinates":[37.464193,-1.360387]},"properties":{"id":"650848498","n":"Itumbini borehole","t":"bh","c":"Machakos"}},{"type":"Feature","geometry":{"type":"Point","coordinates":[37.431922,-1.398787]},"properties":{"id":"650867886","n":"Kwakamelo water point","t":"bh","c":"Machakos"}},{"type":"Feature","geometry":{"type":"Point","coordinates":[37.489719,-1.333204]},"properties":{"id":"650878248","n":"Mutunga","t":"bh","c":"Machakos"}},{"type":"Feature","geometry":{"type":"Point","coordinates":[37.500303,-1.332669]},"properties":{"id":"650878200","n":"Kyawango","t":"bh","c":"Machakos"}},{"type":"Feature","geometry":{"type":"Point","coordinates":[37.417865,-1.410867]},"properties":{"id":"650870343","n":"Emily muia water point","t":"bh","c":"Machakos"}},{"type":"Feature","geometry":{"type":"Point","coordinates":[37.504261,-1.311794]},"properties":{"id":"650747700","n":"Kwa Solo borehole- Kyawango (Kiema)","t":"bh","c":"Machakos"}},{"type":"Feature","geometry":{"type":"Point","coordinates":[37.435124,-1.323751]},"properties":{"id":"421877351","n":"Eden farms water point 2","t":"bh","c":"Machakos"}},{"type":"Feature","geometry":{"type":"Point","coordinates":[37.487972,-1.291367]},"properties":{"id":"650789896","n":"Kaloleni secondary  school water point","t":"bh","c":"Machakos","d":20.0}},{"type":"Feature","geometry":{"type":"Point","coordinates":[37.508944,-1.328604]},"properties":{"id":"650747731","n":"Njema water point - Kyawango (Mutiuuku)","t":"bh","c":"Machakos"}},{"type":"Feature","geometry":{"type":"Point","coordinates":[37.460313,-1.345478]},"properties":{"id":"650712395","n":"Kwa kalondu","t":"bh","c":"Machakos"}},{"type":"Feature","geometry":{"type":"Point","coordinates":[37.445404,-1.412503]},"properties":{"id":"421881187","n":"Kyanganga water point 3","t":"bh","c":"Machakos","d":90.0}},{"type":"Feature","geometry":{"type":"Point","coordinates":[37.443684,-1.381075]},"properties":{"id":"650886834","n":"Kyoimbi","t":"udw","c":"Machakos"}},{"type":"Feature","geometry":{"type":"Point","coordinates":[37.434766,-1.32372]},"properties":{"id":"421877227","n":"Eden farm water point 2","t":"bh","c":"Machakos"}},{"type":"Feature","geometry":{"type":"Point","coordinates":[37.456112,-1.408836]},"properties":{"id":"421881204","n":"A I c kyanganga water point","t":"bh","c":"Machakos","d":90.0}},{"type":"Feature","geometry":{"type":"Point","coordinates":[37.416539,-1.382424]},"properties":{"id":"490435096","n":"Kavunyu primary water tank","t":"bh","c":"Machakos","d":250.0}},{"type":"Feature","geometry":{"type":"Point","coordinates":[37.47987,-1.374901]},"properties":{"id":"565612353","n":"Kwa Musembi","t":"pdw","c":"Machakos"}},{"type":"Feature","geometry":{"type":"Point","coordinates":[37.453545,-1.348425]},"properties":{"id":"650712481","n":"Mwala hospital","t":"bh","c":"Machakos"}},{"type":"Feature","geometry":{"type":"Point","coordinates":[37.50051,-1.332424]},"properties":{"id":"650878224","n":"Kyawango","t":"bh","c":"Machakos"}},{"type":"Feature","geometry":{"type":"Point","coordinates":[37.416537,-1.411028]},"properties":{"id":"650727706","n":"Kwa musembi","t":"bh","c":"Machakos"}},{"type":"Feature","geometry":{"type":"Point","coordinates":[37.435743,-1.310944]},"properties":{"id":"421884410","n":"Kwa ndoo primary school water point","t":"bh","c":"Machakos"}},{"type":"Feature","geometry":{"type":"Point","coordinates":[37.433707,-1.362389]},"properties":{"id":"650712302","n":"Kwa muoki","t":"bh","c":"Machakos"}},{"type":"Feature","geometry":{"type":"Point","coordinates":[37.502128,-1.331141]},"properties":{"id":"653869489","n":"Kyawango health centre borehole","t":"bh","c":"Machakos"}},{"type":"Feature","geometry":{"type":"Point","coordinates":[37.412758,-1.36925]},"properties":{"id":"650886793","n":"Kyaka","t":"bh","c":"Machakos"}},{"type":"Feature","geometry":{"type":"Point","coordinates":[37.421558,-1.367651]},"properties":{"id":"490434693","n":"Kamwala secondary  water point","t":"bh","c":"Machakos","d":120.0}},{"type":"Feature","geometry":{"type":"Point","coordinates":[37.488751,-1.285068]},"properties":{"id":"490407059","n":"Ngulini dispensary level 2 facility borehole","t":"bh","c":"Machakos"}},{"type":"Feature","geometry":{"type":"Point","coordinates":[37.44396,-1.308068]},"properties":{"id":"650782758","n":"Kwa ndoo Water tap","t":"bh","c":"Machakos"}},{"type":"Feature","geometry":{"type":"Point","coordinates":[37.46644,-1.288712]},"properties":{"id":"650770278","n":"Kw kyalo well","t":"pdw","c":"Machakos"}},{"type":"Feature","geometry":{"type":"Point","coordinates":[37.448955,-1.352909]},"properties":{"id":"490412491","n":"MWALA DEB School water point","t":"bh","c":"Machakos"}},{"type":"Feature","geometry":{"type":"Point","coordinates":[37.442548,-1.307395]},"properties":{"id":"650738883","n":"Mutisya's well","t":"pdw","c":"Machakos"}},{"type":"Feature","geometry":{"type":"Point","coordinates":[37.411644,-1.39515]},"properties":{"id":"650867460","n":"Kwavala market water kiosk","t":"bh","c":"Machakos"}},{"type":"Feature","geometry":{"type":"Point","coordinates":[37.450297,-1.323867]},"properties":{"id":"650821727","n":"Kwa mwake","t":"udw","c":"Machakos"}},{"type":"Feature","geometry":{"type":"Point","coordinates":[37.485355,-1.32652]},"properties":{"id":"650747621","n":"Tabitha-Kyawango","t":"bh","c":"Machakos"}},{"type":"Feature","geometry":{"type":"Point","coordinates":[37.41964,-1.403442]},"properties":{"id":"650727744","n":"Kwa mueti","t":"bh","c":"Machakos"}},{"type":"Feature","geometry":{"type":"Point","coordinates":[37.439812,-1.374459]},"properties":{"id":"490435230","n":"Kanyuuku water kiosk","t":"bh","c":"Machakos","d":250.0}},{"type":"Feature","geometry":{"type":"Point","coordinates":[37.469525,-1.291922]},"properties":{"id":"650705597","n":"Kwa kasina","t":"bh","c":"Machakos"}},{"type":"Feature","geometry":{"type":"Point","coordinates":[37.47752,-1.386948]},"properties":{"id":"650792779","n":"Kwa peter mwanzui","t":"udw","c":"Machakos"}},{"type":"Feature","geometry":{"type":"Point","coordinates":[37.421732,-1.361579]},"properties":{"id":"490434837","n":"Kitange water kiosk no.5","t":"bh","c":"Machakos","d":120.0}},{"type":"Feature","geometry":{"type":"Point","coordinates":[37.484696,-1.376536]},"properties":{"id":"421881833","n":"Kwa kitung'a water system","t":"pdw","c":"Machakos"}},{"type":"Feature","geometry":{"type":"Point","coordinates":[37.471268,-1.384785]},"properties":{"id":"650736836","n":"Kwa kasyuki","t":"pdw","c":"Machakos"}},{"type":"Feature","geometry":{"type":"Point","coordinates":[37.416818,-1.374278]},"properties":{"id":"490435010","n":"St.Annes water point","t":"bh","c":"Machakos","d":250.0}},{"type":"Feature","geometry":{"type":"Point","coordinates":[37.485556,-1.376344]},"properties":{"id":"650876507","n":"Kwa Nduso well","t":"udw","c":"Machakos"}},{"type":"Feature","geometry":{"type":"Point","coordinates":[37.424479,-1.365153]},"properties":{"id":"650715738","n":"Kavuus well","t":"udw","c":"Machakos"}},{"type":"Feature","geometry":{"type":"Point","coordinates":[37.440802,-1.311631]},"properties":{"id":"650738429","n":"Muli's well","t":"pdw","c":"Machakos"}},{"type":"Feature","geometry":{"type":"Point","coordinates":[37.470815,-1.379928]},"properties":{"id":"650652390","n":"Family owned borehole","t":"bh","c":"Machakos"}},{"type":"Feature","geometry":{"type":"Point","coordinates":[37.476771,-1.286904]},"properties":{"id":"650770254","n":"Kwa John borehole","t":"bh","c":"Machakos"}},{"type":"Feature","geometry":{"type":"Point","coordinates":[37.452216,-1.348993]},"properties":{"id":"421889415","n":"MWALA LEVEL 4 HOSPITAL","t":"bh","c":"Machakos"}},{"type":"Feature","geometry":{"type":"Point","coordinates":[37.43005,-1.319485]},"properties":{"id":"650847480","n":"Kwa Patrick Wambua well","t":"pdw","c":"Machakos"}},{"type":"Feature","geometry":{"type":"Point","coordinates":[37.41931,-1.366461]},"properties":{"id":"490434710","n":"Kitange water point 2","t":"bh","c":"Machakos","d":120.0}},{"type":"Feature","geometry":{"type":"Point","coordinates":[37.466147,-1.395025]},"properties":{"id":"650652297","n":"Private dam","t":"pdw","c":"Machakos"}},{"type":"Feature","geometry":{"type":"Point","coordinates":[37.496376,-1.349958]},"properties":{"id":"650820252","n":"Kwa mukonyo","t":"bh","c":"Machakos"}},{"type":"Feature","geometry":{"type":"Point","coordinates":[37.426375,-1.401768]},"properties":{"id":"650870367","n":"Kwa mueti  hand pump borehole","t":"bh","c":"Machakos"}},{"type":"Feature","geometry":{"type":"Point","coordinates":[37.484511,-1.375137]},"properties":{"id":"650876545","n":"Kwa kasuula well","t":"pdw","c":"Machakos"}},{"type":"Feature","geometry":{"type":"Point","coordinates":[37.509655,-1.368595]},"properties":{"id":"650829770","n":"Benard Mutua Borehole","t":"bh","c":"Machakos"}},{"type":"Feature","geometry":{"type":"Point","coordinates":[37.446674,-1.40965]},"properties":{"id":"421881170","n":"Kyanganga water point 2","t":"bh","c":"Machakos","d":128.0}},{"type":"Feature","geometry":{"type":"Point","coordinates":[37.41888,-1.406985]},"properties":{"id":"650868258","n":"Kyou market kiosk","t":"bh","c":"Machakos"}},{"type":"Feature","geometry":{"type":"Point","coordinates":[37.492663,-1.336385]},"properties":{"id":"650888207","n":"Kiuanzukini A water point","t":"bh","c":"Machakos"}},{"type":"Feature","geometry":{"type":"Point","coordinates":[37.423611,-1.39342]},"properties":{"id":"490409879","n":"AIC mango secondary school","t":"bh","c":"Machakos"}},{"type":"Feature","geometry":{"type":"Point","coordinates":[37.429769,-1.321903]},"properties":{"id":"650847411","n":"Kwa Shadrack Mutua well","t":"pdw","c":"Machakos"}},{"type":"Feature","geometry":{"type":"Point","coordinates":[37.468364,-1.297059]},"properties":{"id":"650831054","n":"Bishop ndingi water borehole","t":"bh","c":"Machakos"}},{"type":"Feature","geometry":{"type":"Point","coordinates":[37.502078,-1.33058]},"properties":{"id":"650747504","n":"Kyawango water point","t":"bh","c":"Machakos"}},{"type":"Feature","geometry":{"type":"Point","coordinates":[37.451127,-1.348111]},"properties":{"id":"490412642","n":"Mwala level 4 HOSPITAL BOREHOLE","t":"bh","c":"Machakos"}},{"type":"Feature","geometry":{"type":"Point","coordinates":[37.468262,-1.297072]},"properties":{"id":"650831061","n":"Bishop ndingi secondary school water point","t":"bh","c":"Machakos"}},{"type":"Feature","geometry":{"type":"Point","coordinates":[37.489604,-1.330875]},"properties":{"id":"650747638","n":"Kiuanzukini water point","t":"bh","c":"Machakos"}},{"type":"Feature","geometry":{"type":"Point","coordinates":[37.410868,-1.371913]},"properties":{"id":"490434909","n":"Kavunyu water kiosk no.2","t":"bh","c":"Machakos","d":250.0}},{"type":"Feature","geometry":{"type":"Point","coordinates":[37.497303,-1.331333]},"properties":{"id":"650888355","n":"Kyawango borehole","t":"bh","c":"Machakos"}},{"type":"Feature","geometry":{"type":"Point","coordinates":[37.424486,-1.364947]},"properties":{"id":"650715721","n":"Kavuus well","t":"pdw","c":"Machakos"}},{"type":"Feature","geometry":{"type":"Point","coordinates":[37.474642,-1.31717]},"properties":{"id":"650703454","n":"Kwa chief mwanzili borehole","t":"bh","c":"Machakos","d":120.0}},{"type":"Feature","geometry":{"type":"Point","coordinates":[37.499378,-1.332956]},"properties":{"id":"650878190","n":"Kyawango","t":"bh","c":"Machakos"}},{"type":"Feature","geometry":{"type":"Point","coordinates":[37.434557,-1.338415]},"properties":{"id":"650847318","n":"Kwa Nthee borehole (Nthee Kioko )","t":"bh","c":"Machakos"}},{"type":"Feature","geometry":{"type":"Point","coordinates":[37.485212,-1.375375]},"properties":{"id":"650876497","n":"Kwa mbondo well","t":"udw","c":"Machakos"}},{"type":"Feature","geometry":{"type":"Point","coordinates":[37.455315,-1.307655]},"properties":{"id":"650738319","n":"Kyeni women water Project kioksk no 2 malumani","t":"bh","c":"Machakos"}},{"type":"Feature","geometry":{"type":"Point","coordinates":[37.422195,-1.39857]},"properties":{"id":"650800698","n":"Kwa mutuku well","t":"udw","c":"Machakos"}},{"type":"Feature","geometry":{"type":"Point","coordinates":[37.497541,-1.381955]},"properties":{"id":"650759606","n":"Maundu Family Dug well","t":"pdw","c":"Machakos"}},{"type":"Feature","geometry":{"type":"Point","coordinates":[37.411673,-1.395163]},"properties":{"id":"650867556","n":"Kwavala kiosk","t":"bh","c":"Machakos"}},{"type":"Feature","geometry":{"type":"Point","coordinates":[37.518867,-1.354533]},"properties":{"id":"650829921","n":"Ngei Mutiku Ngomano borehole","t":"bh","c":"Machakos"}},{"type":"Feature","geometry":{"type":"Point","coordinates":[37.449011,-1.353029]},"properties":{"id":"490409941","n":"Mwala deb water point","t":"bh","c":"Machakos"}},{"type":"Feature","geometry":{"type":"Point","coordinates":[37.445484,-1.382147]},"properties":{"id":"650886841","n":"Kyoimbi","t":"pdw","c":"Machakos"}},{"type":"Feature","geometry":{"type":"Point","coordinates":[37.50037,-1.332319]},"properties":{"id":"650878217","n":"Kyawango","t":"bh","c":"Machakos"}},{"type":"Feature","geometry":{"type":"Point","coordinates":[37.444966,-1.408192]},"properties":{"id":"421881163","n":"Kyanganga waterpoint","t":"bh","c":"Machakos","d":90.0}},{"type":"Feature","geometry":{"type":"Point","coordinates":[37.429886,-1.377469]},"properties":{"id":"490435285","n":"Kitange water point 11","t":"bh","c":"Machakos","d":120.0}},{"type":"Feature","geometry":{"type":"Point","coordinates":[37.42721,-1.371872]},"properties":{"id":"652517578","n":"Blance tank","t":"pdw","c":"Machakos","d":120.0}},{"type":"Feature","geometry":{"type":"Point","coordinates":[37.417686,-1.370939]},"properties":{"id":"490434882","n":"Kitange water kiosk no.4","t":"bh","c":"Machakos","d":120.0}},{"type":"Feature","geometry":{"type":"Point","coordinates":[37.418095,-1.410983]},"properties":{"id":"650727696","n":"Justus Nzioka","t":"bh","c":"Machakos"}},{"type":"Feature","geometry":{"type":"Point","coordinates":[37.447332,-1.408962]},"properties":{"id":"490436822","n":"Salvation army water point","t":"bh","c":"Machakos","d":90.0}},{"type":"Feature","geometry":{"type":"Point","coordinates":[37.41638,-1.409371]},"properties":{"id":"650727720","n":"Kwamalombe","t":"bh","c":"Machakos"}},{"type":"Feature","geometry":{"type":"Point","coordinates":[37.440945,-1.311478]},"properties":{"id":"650738436","n":"Mulis well","t":"pdw","c":"Machakos"}},{"type":"Feature","geometry":{"type":"Point","coordinates":[37.477985,-1.286159]},"properties":{"id":"650705559","n":"Kwa John borehole","t":"bh","c":"Machakos"}},{"type":"Feature","geometry":{"type":"Point","coordinates":[37.425197,-1.404858]},"properties":{"id":"421881039","n":"Kwandunda water point","t":"bh","c":"Machakos","d":150.0}},{"type":"Feature","geometry":{"type":"Point","coordinates":[37.413798,-1.408812]},"properties":{"id":"650870295","n":"Mr. David muli private borehole","t":"bh","c":"Machakos"}},{"type":"Feature","geometry":{"type":"Point","coordinates":[37.4864,-1.38063]},"properties":{"id":"650759541","n":"Mbuthu's Family Dug Well","t":"pdw","c":"Machakos","d":15.0}},{"type":"Feature","geometry":{"type":"Point","coordinates":[37.512593,-1.408942]},"properties":{"id":"650748615","n":"Jones kitonyi ngulu","t":"bh","c":"Machakos"}},{"type":"Feature","geometry":{"type":"Point","coordinates":[37.478689,-1.440643]},"properties":{"id":"650815614","n":"Kwa Mary John","t":"bh","c":"Machakos"}},{"type":"Feature","geometry":{"type":"Point","coordinates":[37.453042,-1.416822]},"properties":{"id":"421881211","n":"A b c munyiiki waterpoint","t":"bh","c":"Machakos","d":90.0}},{"type":"Feature","geometry":{"type":"Point","coordinates":[37.465782,-1.421538]},"properties":{"id":"650815229","n":"Kwa Nduli","t":"ps","c":"Machakos"}},{"type":"Feature","geometry":{"type":"Point","coordinates":[37.383577,-1.46828]},"properties":{"id":"650664203","n":"Kwa Kasyula","t":"bh","c":"Machakos"}},{"type":"Feature","geometry":{"type":"Point","coordinates":[37.38979,-1.457316]},"properties":{"id":"650689398","n":"Private borehole","t":"bh","c":"Machakos"}},{"type":"Feature","geometry":{"type":"Point","coordinates":[37.468772,-1.41471]},"properties":{"id":"650796876","n":"Underground well","t":"pdw","c":"Machakos","d":200.0}},{"type":"Feature","geometry":{"type":"Point","coordinates":[37.489193,-1.427133]},"properties":{"id":"650815449","n":"Kwa Mutuku","t":"bh","c":"Machakos"}},{"type":"Feature","geometry":{"type":"Point","coordinates":[37.479083,-1.409557]},"properties":{"id":"490407444","n":"Makutano Boys Borehole","t":"bh","c":"Machakos"}},{"type":"Feature","geometry":{"type":"Point","coordinates":[37.362287,-1.418508]},"properties":{"id":"650864539","n":"Kwa Rodah kithimani","t":"udw","c":"Machakos"}},{"type":"Feature","geometry":{"type":"Point","coordinates":[37.453718,-1.441743]},"properties":{"id":"650752489","n":"Tumaini girls","t":"bh","c":"Machakos"}},{"type":"Feature","geometry":{"type":"Point","coordinates":[37.513458,-1.397896]},"properties":{"id":"650831377","n":"Kwa mbele primary school water point","t":"bh","c":"Machakos"}},{"type":"Feature","geometry":{"type":"Point","coordinates":[37.365676,-1.427301]},"properties":{"id":"650647965","n":"JosephMunguti","t":"bh","c":"Machakos"}},{"type":"Feature","geometry":{"type":"Point","coordinates":[37.371433,-1.485118]},"properties":{"id":"650689824","n":"Kwa mbinzi kiosk","t":"bh","c":"Machakos"}},{"type":"Feature","geometry":{"type":"Point","coordinates":[37.364069,-1.426381]},"properties":{"id":"421883873","n":"Musoa water point","t":"bh","c":"Machakos"}},{"type":"Feature","geometry":{"type":"Point","coordinates":[37.484482,-1.415]},"properties":{"id":"650752537","n":"Nzevea community water","t":"bh","c":"Machakos"}},{"type":"Feature","geometry":{"type":"Point","coordinates":[37.48426,-1.41685]},"properties":{"id":"650752568","n":"Nzevea community water","t":"bh","c":"Machakos"}},{"type":"Feature","geometry":{"type":"Point","coordinates":[37.468919,-1.414731]},"properties":{"id":"650796900","n":"Piped into tap","t":"pdw","c":"Machakos"}},{"type":"Feature","geometry":{"type":"Point","coordinates":[37.3871,-1.4556]},"properties":{"id":"19841250","n":"Kyandwiki Well 2 - 4776","t":"pdw","c":"Machakos"}},{"type":"Feature","geometry":{"type":"Point","coordinates":[37.369843,-1.43035]},"properties":{"id":"490773754","n":"MUUSINI SALVATION ARMY","t":"bh","c":"Machakos"}},{"type":"Feature","geometry":{"type":"Point","coordinates":[37.477007,-1.41065]},"properties":{"id":"650790090","n":"Makutano DEB water point - borehole","t":"bh","c":"Machakos","d":250.0}},{"type":"Feature","geometry":{"type":"Point","coordinates":[37.377723,-1.46978]},"properties":{"id":"650689628","n":"Kwa Jacob water point","t":"bh","c":"Machakos"}},{"type":"Feature","geometry":{"type":"Point","coordinates":[37.366357,-1.425775]},"properties":{"id":"650756641","n":"Kasuna borehole","t":"bh","c":"Machakos"}},{"type":"Feature","geometry":{"type":"Point","coordinates":[37.39,-1.46]},"properties":{"id":"930778","n":"Kyandwiki Well 1 - 4481","t":"pdw","c":"Machakos"}},{"type":"Feature","geometry":{"type":"Point","coordinates":[37.47671,-1.412854]},"properties":{"id":"490407262","n":"Kalikoo water point","t":"bh","c":"Machakos"}},{"type":"Feature","geometry":{"type":"Point","coordinates":[37.396298,-1.450902]},"properties":{"id":"650689288","n":"Kwa mumo borehole","t":"bh","c":"Machakos"}},{"type":"Feature","geometry":{"type":"Point","coordinates":[37.375688,-1.452457]},"properties":{"id":"650655582","n":"Vyulya","t":"bh","c":"Machakos"}},{"type":"Feature","geometry":{"type":"Point","coordinates":[37.383036,-1.445348]},"properties":{"id":"650730586","n":"Vyulya secondary school","t":"bh","c":"Machakos"}},{"type":"Feature","geometry":{"type":"Point","coordinates":[37.361818,-1.418232]},"properties":{"id":"650647381","n":"Kiomo water kiosk","t":"bh","c":"Machakos"}},{"type":"Feature","geometry":{"type":"Point","coordinates":[37.41203,-1.42783]},"properties":{"id":"19841315","n":"Mwanyani Well 1 - 4782","t":"pdw","c":"Machakos"}},{"type":"Feature","geometry":{"type":"Point","coordinates":[37.442175,-1.455628]},"properties":{"id":"829857467","n":"Green hub resort 1","t":"pdw","c":"Machakos"}},{"type":"Feature","geometry":{"type":"Point","coordinates":[37.478838,-1.433591]},"properties":{"id":"650815542","n":"Kwa kithome","t":"bh","c":"Machakos"}},{"type":"Feature","geometry":{"type":"Point","coordinates":[37.47781,-1.439701]},"properties":{"id":"650815573","n":"Kwa Muuo","t":"bh","c":"Machakos"}},{"type":"Feature","geometry":{"type":"Point","coordinates":[37.484697,-1.430704]},"properties":{"id":"650752733","n":"Kwa kisiu borehole","t":"bh","c":"Machakos"}},{"type":"Feature","geometry":{"type":"Point","coordinates":[37.494875,-1.423798]},"properties":{"id":"650815456","n":"Kwa Nova","t":"bh","c":"Machakos"}},{"type":"Feature","geometry":{"type":"Point","coordinates":[37.367507,-1.419685]},"properties":{"id":"650647642","n":"GedionKyalo borehole","t":"bh","c":"Machakos"}},{"type":"Feature","geometry":{"type":"Point","coordinates":[37.36975,-1.49549]},"properties":{"id":"19841298","n":"Mbuuni Well 1 - 4780","t":"pdw","c":"Machakos"}},{"type":"Feature","geometry":{"type":"Point","coordinates":[37.497625,-1.424015]},"properties":{"id":"650815494","n":"Kwa Kyuli","t":"bh","c":"Machakos"}},{"type":"Feature","geometry":{"type":"Point","coordinates":[37.37927,-1.486484]},"properties":{"id":"650690499","n":"Kithangaini secondary borehole","t":"bh","c":"Machakos"}},{"type":"Feature","geometry":{"type":"Point","coordinates":[37.41598,-1.43288]},"properties":{"id":"43139499","n":"Mwanyani Hand-Dug Well 3 - 18223","t":"pdw","c":"Machakos"}},{"type":"Feature","geometry":{"type":"Point","coordinates":[37.472868,-1.43001]},"properties":{"id":"490421394","n":"Yikiatine waterpoint","t":"bh","c":"Machakos"}},{"type":"Feature","geometry":{"type":"Point","coordinates":[37.375219,-1.485574]},"properties":{"id":"650746462","n":"Katithi B primary","t":"bh","c":"Machakos"}},{"type":"Feature","geometry":{"type":"Point","coordinates":[37.40997,-1.42387]},"properties":{"id":"19841449","n":"Mwanyani Well 2 - 4794","t":"pdw","c":"Machakos"}},{"type":"Feature","geometry":{"type":"Point","coordinates":[37.520125,-1.384371]},"properties":{"id":"650722983","n":"Kwa David Kioko protected Hand dug well","t":"pdw","c":"Machakos","d":57.0}},{"type":"Feature","geometry":{"type":"Point","coordinates":[37.372173,-1.480813]},"properties":{"id":"650689790","n":"Tanks","t":"bh","c":"Machakos"}},{"type":"Feature","geometry":{"type":"Point","coordinates":[37.3616,-1.419263]},"properties":{"id":"650647518","n":"Kwa lotta","t":"us","c":"Machakos"}},{"type":"Feature","geometry":{"type":"Point","coordinates":[37.372942,-1.423153]},"properties":{"id":"650647790","n":"Kithuyani borehole","t":"bh","c":"Machakos"}},{"type":"Feature","geometry":{"type":"Point","coordinates":[37.452265,-1.432867]},"properties":{"id":"288744584","n":"King'atuani Water kiosk","t":"bh","c":"Machakos"}},{"type":"Feature","geometry":{"type":"Point","coordinates":[37.394462,-1.45477]},"properties":{"id":"650689350","n":"Kwa ndonye borehole","t":"bh","c":"Machakos"}},{"type":"Feature","geometry":{"type":"Point","coordinates":[37.375003,-1.47688]},"properties":{"id":"288744546","n":"Water kiosk No. 1","t":"bh","c":"Machakos"}},{"type":"Feature","geometry":{"type":"Point","coordinates":[37.508479,-1.408467]},"properties":{"id":"650722567","n":"Kwa Muendo Borehole Water Point Mililuni Village","t":"bh","c":"Machakos","d":150.0}},{"type":"Feature","geometry":{"type":"Point","coordinates":[37.38308,-1.484071]},"properties":{"id":"650856039","n":"Muukuni well","t":"udw","c":"Machakos"}},{"type":"Feature","geometry":{"type":"Point","coordinates":[37.46987,-1.413872]},"properties":{"id":"650796924","n":"Piped into tap","t":"pdw","c":"Machakos","d":200.0}},{"type":"Feature","geometry":{"type":"Point","coordinates":[37.513729,-1.397929]},"properties":{"id":"650831360","n":"Kwa mbele water borehole located at uvaini primary school","t":"bh","c":"Machakos"}},{"type":"Feature","geometry":{"type":"Point","coordinates":[37.370468,-1.424113]},"properties":{"id":"650647817","n":"World vision borehole","t":"bh","c":"Machakos"}},{"type":"Feature","geometry":{"type":"Point","coordinates":[37.371023,-1.47172]},"properties":{"id":"650742729","n":"Katithi borehole","t":"bh","c":"Machakos"}},{"type":"Feature","geometry":{"type":"Point","coordinates":[37.470326,-1.409809]},"properties":{"id":"650807248","n":"Makutano Mall Water Point","t":"bh","c":"Machakos"}},{"type":"Feature","geometry":{"type":"Point","coordinates":[37.407298,-1.414995]},"properties":{"id":"650842571","n":"Mulwa","t":"bh","c":"Machakos"}},{"type":"Feature","geometry":{"type":"Point","coordinates":[37.367693,-1.419788]},"properties":{"id":"650864474","n":"Kwa ndavali","t":"pdw","c":"Machakos"}},{"type":"Feature","geometry":{"type":"Point","coordinates":[37.472995,-1.412084]},"properties":{"id":"650748646","n":"Makutano water kiosk","t":"bh","c":"Machakos"}},{"type":"Feature","geometry":{"type":"Point","coordinates":[37.385865,-1.477742]},"properties":{"id":"650690530","n":"Mangome well","t":"udw","c":"Machakos"}},{"type":"Feature","geometry":{"type":"Point","coordinates":[37.42079,-1.44063]},"properties":{"id":"19841425","n":"Kisaila Well 2 - 4792","t":"pdw","c":"Machakos"}},{"type":"Feature","geometry":{"type":"Point","coordinates":[37.371022,-1.471718]},"properties":{"id":"650742705","n":"Kyanguli borehoe","t":"bh","c":"Machakos"}},{"type":"Feature","geometry":{"type":"Point","coordinates":[37.370996,-1.495043]},"properties":{"id":"650742846","n":"Kwa waeni pump","t":"ps","c":"Machakos"}},{"type":"Feature","geometry":{"type":"Point","coordinates":[37.391983,-1.450895]},"properties":{"id":"650553453","n":"Borehole","t":"bh","c":"Machakos"}},{"type":"Feature","geometry":{"type":"Point","coordinates":[37.407511,-1.414134]},"properties":{"id":"650842564","n":"Mulwa","t":"bh","c":"Machakos"}},{"type":"Feature","geometry":{"type":"Point","coordinates":[37.37216,-1.49956]},"properties":{"id":"43138838","n":"Kithangaini Kithuluni Atui Hand-Dug Well 2 - 18216","t":"pdw","c":"Machakos"}},{"type":"Feature","geometry":{"type":"Point","coordinates":[37.365763,-1.429033]},"properties":{"id":"650647958","n":"Daniel dugwell","t":"pdw","c":"Machakos"}},{"type":"Feature","geometry":{"type":"Point","coordinates":[37.376908,-1.478173]},"properties":{"id":"650664935","n":"Katithi B","t":"bh","c":"Machakos"}},{"type":"Feature","geometry":{"type":"Point","coordinates":[37.49266,-1.407957]},"properties":{"id":"650815339","n":"Kwa kyove","t":"bh","c":"Machakos"}},{"type":"Feature","geometry":{"type":"Point","coordinates":[37.396803,-1.418566]},"properties":{"id":"650827448","n":"Francis Opemi","t":"bh","c":"Machakos"}},{"type":"Feature","geometry":{"type":"Point","coordinates":[37.397447,-1.406436]},"properties":{"id":"650826069","n":"Winfred mutua","t":"udw","c":"Machakos"}},{"type":"Feature","geometry":{"type":"Point","coordinates":[37.499293,-1.42442]},"properties":{"id":"650815528","n":"Kwa Mwanzia","t":"bh","c":"Machakos"}},{"type":"Feature","geometry":{"type":"Point","coordinates":[37.519625,-1.405042]},"properties":{"id":"653219981","n":"Dauglas borehole","t":"bh","c":"Machakos","d":600.0}},{"type":"Feature","geometry":{"type":"Point","coordinates":[37.384892,-1.483539]},"properties":{"id":"650690475","n":"Muukuni well","t":"udw","c":"Machakos"}},{"type":"Feature","geometry":{"type":"Point","coordinates":[37.378767,-1.4687]},"properties":{"id":"650664739","n":"Kwa Yakovo","t":"bh","c":"Machakos"}},{"type":"Feature","geometry":{"type":"Point","coordinates":[37.368602,-1.420622]},"properties":{"id":"650647659","n":"GedionKyalo borehole","t":"bh","c":"Machakos"}},{"type":"Feature","geometry":{"type":"Point","coordinates":[37.514016,-1.41038]},"properties":{"id":"650797059","n":"Household water tank","t":"ps","c":"Machakos"}},{"type":"Feature","geometry":{"type":"Point","coordinates":[37.36586,-1.423223]},"properties":{"id":"650647714","n":"Machakos County borehole","t":"bh","c":"Machakos"}},{"type":"Feature","geometry":{"type":"Point","coordinates":[37.371004,-1.49506]},"properties":{"id":"650742839","n":"Kwa waeni pump","t":"ps","c":"Machakos"}},{"type":"Feature","geometry":{"type":"Point","coordinates":[37.368032,-1.427203]},"properties":{"id":"650648045","n":"David Mutua","t":"bh","c":"Machakos"}},{"type":"Feature","geometry":{"type":"Point","coordinates":[37.40459,-1.4192]},"properties":{"id":"44515360","n":"Mitini Hand-Dug Well 2 - 18226","t":"pdw","c":"Machakos"}},{"type":"Feature","geometry":{"type":"Point","coordinates":[37.434508,-1.458818]},"properties":{"id":"565612339","n":"Kyamutwii Community Borehole","t":"bh","c":"Machakos"}},{"type":"Feature","geometry":{"type":"Point","coordinates":[37.399147,-1.404157]},"properties":{"id":"650825965","n":"Muthengi Ngulukyo","t":"bh","c":"Machakos"}},{"type":"Feature","geometry":{"type":"Point","coordinates":[37.45229,-1.432782]},"properties":{"id":"492431489","n":"King'atuani water kiosk","t":"bh","c":"Machakos"}},{"type":"Feature","geometry":{"type":"Point","coordinates":[37.376409,-1.467359]},"properties":{"id":"650742592","n":"Jacob ndonye","t":"bh","c":"Machakos"}},{"type":"Feature","geometry":{"type":"Point","coordinates":[37.46723,-1.432727]},"properties":{"id":"650752506","n":"Kwa kasiu","t":"bh","c":"Machakos"}},{"type":"Feature","geometry":{"type":"Point","coordinates":[37.39075,-1.42052]},"properties":{"id":"19841487","n":"Mitini Hand-Dug Well 1 - 4866","t":"pdw","c":"Machakos"}},{"type":"Feature","geometry":{"type":"Point","coordinates":[37.372687,-1.419502]},"properties":{"id":"650864443","n":"Kithimani","t":"pdw","c":"Machakos"}},{"type":"Feature","geometry":{"type":"Point","coordinates":[37.473244,-1.423422]},"properties":{"id":"650748529","n":"Musyoka luusa","t":"bh","c":"Machakos"}},{"type":"Feature","geometry":{"type":"Point","coordinates":[37.473169,-1.422717]},"properties":{"id":"650752513","n":"Kwa Luhusa","t":"bh","c":"Machakos"}},{"type":"Feature","geometry":{"type":"Point","coordinates":[37.369355,-1.426375]},"properties":{"id":"650648052","n":"Kilungu dug well","t":"pdw","c":"Machakos"}},{"type":"Feature","geometry":{"type":"Point","coordinates":[37.512462,-1.410362]},"properties":{"id":"650797066","n":"Household protected water borehole","t":"ps","c":"Machakos"}},{"type":"Feature","geometry":{"type":"Point","coordinates":[37.363803,-1.425597]},"properties":{"id":"650851371","n":"Machakos county","t":"bh","c":"Machakos"}},{"type":"Feature","geometry":{"type":"Point","coordinates":[37.471277,-1.411862]},"properties":{"id":"421889398","n":"Makutano market waterpoint","t":"bh","c":"Machakos"}},{"type":"Feature","geometry":{"type":"Point","coordinates":[37.361882,-1.422654]},"properties":{"id":"650647439","n":"Kiimani Kya kyevaluki","t":"us","c":"Machakos"}},{"type":"Feature","geometry":{"type":"Point","coordinates":[37.384756,-1.44669]},"properties":{"id":"490772540","n":"Vyulya water kiosk","t":"bh","c":"Machakos"}},{"type":"Feature","geometry":{"type":"Point","coordinates":[37.48183,-1.436833]},"properties":{"id":"650752678","n":"Kwa kithome","t":"bh","c":"Machakos"}},{"type":"Feature","geometry":{"type":"Point","coordinates":[37.486228,-1.427007]},"properties":{"id":"650815425","n":"Kwa wambua","t":"bh","c":"Machakos"}},{"type":"Feature","geometry":{"type":"Point","coordinates":[37.476391,-1.419598]},"properties":{"id":"650748574","n":"Peter mbuuti","t":"bh","c":"Machakos"}},{"type":"Feature","geometry":{"type":"Point","coordinates":[37.384206,-1.465174]},"properties":{"id":"650742523","n":"Patrick kasyula","t":"bh","c":"Machakos"}},{"type":"Feature","geometry":{"type":"Point","coordinates":[37.488659,-1.405263]},"properties":{"id":"389476609","n":"Embui Kiosk no.5","t":"bh","c":"Machakos"}},{"type":"Feature","geometry":{"type":"Point","coordinates":[37.495918,-1.421248]},"properties":{"id":"650752757","n":"Kwa jane","t":"bh","c":"Machakos"}},{"type":"Feature","geometry":{"type":"Point","coordinates":[37.512697,-1.402273]},"properties":{"id":"650812178","n":"Mililuni dam","t":"udw","c":"Machakos"}},{"type":"Feature","geometry":{"type":"Point","coordinates":[37.482417,-1.437273]},"properties":{"id":"650752702","n":"Kwa kithome borehole","t":"bh","c":"Machakos"}},{"type":"Feature","geometry":{"type":"Point","coordinates":[37.467096,-1.432662]},"properties":{"id":"650748505","n":"Nzivo muloba","t":"bh","c":"Machakos"}},{"type":"Feature","geometry":{"type":"Point","coordinates":[37.36101,-1.420424]},"properties":{"id":"650647549","n":"Kyalo borehole","t":"bh","c":"Machakos"}},{"type":"Feature","geometry":{"type":"Point","coordinates":[37.498851,-1.424345]},"properties":{"id":"650815511","n":"Kwa Kitema","t":"bh","c":"Machakos"}},{"type":"Feature","geometry":{"type":"Point","coordinates":[37.380568,-1.483797]},"properties":{"id":"650664959","n":"Muukuni","t":"us","c":"Machakos"}},{"type":"Feature","geometry":{"type":"Point","coordinates":[37.36419,-1.426669]},"properties":{"id":"650647910","n":"Machakos county borehole","t":"bh","c":"Machakos"}},{"type":"Feature","geometry":{"type":"Point","coordinates":[37.39686,-1.407174]},"properties":{"id":"650826038","n":"Katheka borehole","t":"bh","c":"Machakos"}},{"type":"Feature","geometry":{"type":"Point","coordinates":[37.442201,-1.455625]},"properties":{"id":"829892439","n":"Green hub resort 2","t":"pdw","c":"Machakos"}},{"type":"Feature","geometry":{"type":"Point","coordinates":[37.371192,-1.487807]},"properties":{"id":"650689862","n":"Kwa musyoki(katithi b)","t":"bh","c":"Machakos"}},{"type":"Feature","geometry":{"type":"Point","coordinates":[37.516913,-1.408355]},"properties":{"id":"650723159","n":"Mililuni Market Water Point","t":"bh","c":"Machakos"}},{"type":"Feature","geometry":{"type":"Point","coordinates":[37.475308,-1.412]},"properties":{"id":"650748598","n":"Aic makutano boarding primary school","t":"bh","c":"Machakos"}},{"type":"Feature","geometry":{"type":"Point","coordinates":[37.365741,-1.429046]},"properties":{"id":"650647941","n":"Agnesmutuku","t":"pdw","c":"Machakos"}},{"type":"Feature","geometry":{"type":"Point","coordinates":[37.373954,-1.482619]},"properties":{"id":"288744560","n":"Katithi water looks No. 2","t":"bh","c":"Machakos"}},{"type":"Feature","geometry":{"type":"Point","coordinates":[37.519084,-1.393318]},"properties":{"id":"650723128","n":"Kwa Muinde wa Mbele Water Point","t":"bh","c":"Machakos"}},{"type":"Feature","geometry":{"type":"Point","coordinates":[37.434828,-1.310638]},"properties":{"id":"650790234","n":"Kwa ndoo primary school water point -borehole","t":"bh","c":"Machakos"}},{"type":"Feature","geometry":{"type":"Point","coordinates":[37.468306,-1.281149]},"properties":{"id":"650782693","n":"Harrison","t":"udw","c":"Machakos","d":30.0}},{"type":"Feature","geometry":{"type":"Point","coordinates":[37.434433,-1.30959]},"properties":{"id":"650738979","n":"Fr Dominic well","t":"pdw","c":"Machakos"}},{"type":"Feature","geometry":{"type":"Point","coordinates":[37.43736,-1.307028]},"properties":{"id":"650738120","n":"Mathek's well","t":"pdw","c":"Machakos","d":45.0}},{"type":"Feature","geometry":{"type":"Point","coordinates":[37.435727,-1.31017]},"properties":{"id":"421884472","n":"Kwa ndoo secondary school borehole","t":"bh","c":"Machakos"}},{"type":"Feature","geometry":{"type":"Point","coordinates":[37.488308,-1.269675]},"properties":{"id":"490407080","n":"Kwamutia primary school water point","t":"bh","c":"Machakos"}},{"type":"Feature","geometry":{"type":"Point","coordinates":[37.485265,-1.434118]},"properties":{"id":"650752740","n":"Kyaani borehole","t":"bh","c":"Machakos"}},{"type":"Feature","geometry":{"type":"Point","coordinates":[37.64577,-1.43704]},"properties":{"id":"697146579","n":"Mutiluni Shallow Well. ASDF/JAD.","t":"pdw","c":"Machakos"}},{"type":"Feature","geometry":{"type":"Point","coordinates":[37.538091,-1.38378]},"properties":{"id":"816223309","n":"Mbaiki Joint","t":"pdw","c":"Machakos"}},{"type":"Feature","geometry":{"type":"Point","coordinates":[37.629457,-1.449293]},"properties":{"id":"816223323","n":"Wendano Kwa Nthei SHG","t":"pdw","c":"Machakos"}},{"type":"Feature","geometry":{"type":"Point","coordinates":[37.607738,-1.446193]},"properties":{"id":"432093520","n":"Katothya Well 2 - 22523","t":"pdw","c":"Machakos","d":23.0}},{"type":"Feature","geometry":{"type":"Point","coordinates":[37.538225,-1.388157]},"properties":{"id":"816223347","n":"Mbaikini Joint SHG","t":"pdw","c":"Machakos"}}]}