{"type":"FeatureCollection","features":[{"type":"Feature","geometry":{"type":"Point","coordinates":[34.74161,0.017145]},"properties":{"id":"523265490","n":"Jepkoyai A UD","t":"udw","c":"Vihiga"}},{"type":"Feature","geometry":{"type":"Point","coordinates":[34.758018,0.030304]},"properties":{"id":"523262442","n":"Giminoni US 2","t":"us","c":"Vihiga"}},{"type":"Feature","geometry":{"type":"Point","coordinates":[34.731727,0.035494]},"properties":{"id":"523230724","n":"Givole PS","t":"ps","c":"Vihiga"}},{"type":"Feature","geometry":{"type":"Point","coordinates":[34.748015,0.038409]},"properties":{"id":"523275301","n":"Sawani US","t":"us","c":"Vihiga"}},{"type":"Feature","geometry":{"type":"Point","coordinates":[34.743898,0.032766]},"properties":{"id":"523338794","n":"Buyangu PD 2","t":"pdw","c":"Vihiga"}},{"type":"Feature","geometry":{"type":"Point","coordinates":[34.723903,0.017584]},"properties":{"id":"523217198","n":"Ikoli PS 1","t":"ps","c":"Vihiga"}},{"type":"Feature","geometry":{"type":"Point","coordinates":[34.72432,0.011864]},"properties":{"id":"523277028","n":"Logele US 2","t":"us","c":"Vihiga"}},{"type":"Feature","geometry":{"type":"Point","coordinates":[34.736854,0.042153]},"properties":{"id":"523206585","n":"Itovo PS","t":"ps","c":"Vihiga"}},{"type":"Feature","geometry":{"type":"Point","coordinates":[34.758294,0.036895]},"properties":{"id":"523194181","n":"Galona PS 6","t":"ps","c":"Vihiga"}},{"type":"Feature","geometry":{"type":"Point","coordinates":[34.729233,0.042672]},"properties":{"id":"523203609","n":"Itovo RW 3","t":"pdw","c":"Vihiga"}},{"type":"Feature","geometry":{"type":"Point","coordinates":[34.734577,0.021836]},"properties":{"id":"539195680","n":"Jepkoyai Primary School - 22213","t":"bh","c":"Vihiga","d":70.0}},{"type":"Feature","geometry":{"type":"Point","coordinates":[34.741091,0.039392]},"properties":{"id":"523305130","n":"Jepseri PS","t":"ps","c":"Vihiga"}},{"type":"Feature","geometry":{"type":"Point","coordinates":[34.755931,0.021057]},"properties":{"id":"523214322","n":"Kapchemgung PS4","t":"ps","c":"Vihiga"}},{"type":"Feature","geometry":{"type":"Point","coordinates":[34.744552,0.043067]},"properties":{"id":"523278737","n":"Givogi PS 1","t":"ps","c":"Vihiga"}},{"type":"Feature","geometry":{"type":"Point","coordinates":[34.75005,0.037026]},"properties":{"id":"523220507","n":"Sawani ps","t":"ps","c":"Vihiga"}},{"type":"Feature","geometry":{"type":"Point","coordinates":[34.728196,0.03709]},"properties":{"id":"523234687","n":"Givole US 2","t":"us","c":"Vihiga"}},{"type":"Feature","geometry":{"type":"Point","coordinates":[34.732368,0.021578]},"properties":{"id":"523270007","n":"Kipteret PD 1","t":"pdw","c":"Vihiga"}},{"type":"Feature","geometry":{"type":"Point","coordinates":[34.728009,0.014585]},"properties":{"id":"523295381","n":"Waigenge US 1","t":"us","c":"Vihiga"}},{"type":"Feature","geometry":{"type":"Point","coordinates":[34.756976,0.0365]},"properties":{"id":"523217961","n":"Galona UD 7","t":"udw","c":"Vihiga"}},{"type":"Feature","geometry":{"type":"Point","coordinates":[34.743619,0.018056]},"properties":{"id":"523338842","n":"Kipsino PD 3","t":"pdw","c":"Vihiga"}},{"type":"Feature","geometry":{"type":"Point","coordinates":[34.737274,0.052753]},"properties":{"id":"523212241","n":"Gidu US 4","t":"us","c":"Vihiga"}},{"type":"Feature","geometry":{"type":"Point","coordinates":[34.748053,0.039697]},"properties":{"id":"523344285","n":"Givogi UD 8","t":"udw","c":"Vihiga"}},{"type":"Feature","geometry":{"type":"Point","coordinates":[34.73605,0.020326]},"properties":{"id":"523252926","n":"Kipteret PS 5","t":"ps","c":"Vihiga"}},{"type":"Feature","geometry":{"type":"Point","coordinates":[34.737645,0.024179]},"properties":{"id":"523332080","n":"Jepkoyai B PS 1","t":"ps","c":"Vihiga"}},{"type":"Feature","geometry":{"type":"Point","coordinates":[34.728787,0.015327]},"properties":{"id":"523280743","n":"Mudindi PS 1","t":"ps","c":"Vihiga"}},{"type":"Feature","geometry":{"type":"Point","coordinates":[34.719001,0.013118]},"properties":{"id":"523303107","n":"Ikoli PS 2","t":"ps","c":"Vihiga"}},{"type":"Feature","geometry":{"type":"Point","coordinates":[34.729564,0.034075]},"properties":{"id":"523216719","n":"Givole PS 1","t":"ps","c":"Vihiga"}},{"type":"Feature","geometry":{"type":"Point","coordinates":[34.733924,0.012981]},"properties":{"id":"523197658","n":"Waigenge PS 2","t":"ps","c":"Vihiga"}},{"type":"Feature","geometry":{"type":"Point","coordinates":[34.731827,0.018407]},"properties":{"id":"523322777","n":"Kipteret PS 2","t":"ps","c":"Vihiga"}},{"type":"Feature","geometry":{"type":"Point","coordinates":[34.738522,0.027729]},"properties":{"id":"523234728","n":"Jepkoyai B US 1","t":"us","c":"Vihiga"}},{"type":"Feature","geometry":{"type":"Point","coordinates":[34.739453,0.044178]},"properties":{"id":"523232544","n":"Gidagadi PS 32","t":"ps","c":"Vihiga"}},{"type":"Feature","geometry":{"type":"Point","coordinates":[34.746867,0.040053]},"properties":{"id":"523337621","n":"Givogi US 6","t":"us","c":"Vihiga"}},{"type":"Feature","geometry":{"type":"Point","coordinates":[34.734919,0.028279]},"properties":{"id":"523308164","n":"Jimarani","t":"ps","c":"Vihiga"}},{"type":"Feature","geometry":{"type":"Point","coordinates":[34.727954,0.026193]},"properties":{"id":"523282453","n":"Boyani PS 1","t":"ps","c":"Vihiga"}},{"type":"Feature","geometry":{"type":"Point","coordinates":[34.734279,0.028961]},"properties":{"id":"523306272","n":"Jimarani PS 1","t":"ps","c":"Vihiga"}},{"type":"Feature","geometry":{"type":"Point","coordinates":[34.746,0.036107]},"properties":{"id":"523350006","n":"Sawani PD 1","t":"pdw","c":"Vihiga"}},{"type":"Feature","geometry":{"type":"Point","coordinates":[34.751935,0.036475]},"properties":{"id":"523346036","n":"Givogi US 13","t":"us","c":"Vihiga"}},{"type":"Feature","geometry":{"type":"Point","coordinates":[34.750549,0.037724]},"properties":{"id":"523208532","n":"Givogi PD 11","t":"pdw","c":"Vihiga"}},{"type":"Feature","geometry":{"type":"Point","coordinates":[34.752891,0.027395]},"properties":{"id":"523324528","n":"Giminoni PS 1","t":"ps","c":"Vihiga"}},{"type":"Feature","geometry":{"type":"Point","coordinates":[34.741564,0.03583]},"properties":{"id":"523244392","n":"Buyangu PS 4","t":"ps","c":"Vihiga"}},{"type":"Feature","geometry":{"type":"Point","coordinates":[34.725239,0.018222]},"properties":{"id":"523323503","n":"Ikoli US 2","t":"us","c":"Vihiga"}},{"type":"Feature","geometry":{"type":"Point","coordinates":[34.741757,0.02871]},"properties":{"id":"523349675","n":"Kipchele US 1","t":"us","c":"Vihiga"}},{"type":"Feature","geometry":{"type":"Point","coordinates":[34.728782,0.012718]},"properties":{"id":"523350305","n":"Waigenge UD 1","t":"udw","c":"Vihiga"}},{"type":"Feature","geometry":{"type":"Point","coordinates":[34.723364,0.013999]},"properties":{"id":"523254258","n":"Ikoli PS 3","t":"ps","c":"Vihiga"}},{"type":"Feature","geometry":{"type":"Point","coordinates":[34.74065,0.0172]},"properties":{"id":"523291057","n":"Jepkoyai A PS 2","t":"ps","c":"Vihiga"}},{"type":"Feature","geometry":{"type":"Point","coordinates":[34.742998,0.017357]},"properties":{"id":"523226149","n":"Kipsino PD 2","t":"pdw","c":"Vihiga"}},{"type":"Feature","geometry":{"type":"Point","coordinates":[34.74443,0.030946]},"properties":{"id":"523237501","n":"Kipchele PS 2","t":"ps","c":"Vihiga"}},{"type":"Feature","geometry":{"type":"Point","coordinates":[34.746584,0.033157]},"properties":{"id":"523340274","n":"Sawani US 1","t":"us","c":"Vihiga"}},{"type":"Feature","geometry":{"type":"Point","coordinates":[34.726245,0.014876]},"properties":{"id":"523337669","n":"Mudindi PD 2","t":"pdw","c":"Vihiga"}},{"type":"Feature","geometry":{"type":"Point","coordinates":[34.750829,0.039833]},"properties":{"id":"523282477","n":"Givogi PS 10","t":"ps","c":"Vihiga"}},{"type":"Feature","geometry":{"type":"Point","coordinates":[34.751144,0.022297]},"properties":{"id":"523218728","n":"Kapchemgung","t":"ps","c":"Vihiga"}},{"type":"Feature","geometry":{"type":"Point","coordinates":[34.754327,0.031164]},"properties":{"id":"523273141","n":"Giminoni US","t":"us","c":"Vihiga"}},{"type":"Feature","geometry":{"type":"Point","coordinates":[34.837098,0.163207]},"properties":{"id":"523205113","n":"Shivembe, US, 6","t":"us","c":"Vihiga"}},{"type":"Feature","geometry":{"type":"Point","coordinates":[34.843325,0.137598]},"properties":{"id":"523254492","n":"Maganda , US, 1","t":"us","c":"Vihiga"}},{"type":"Feature","geometry":{"type":"Point","coordinates":[34.8424,0.171305]},"properties":{"id":"561115405","n":"Mukango Water Spring No 1877","t":"ps","c":"Vihiga"}},{"type":"Feature","geometry":{"type":"Point","coordinates":[34.818115,0.164694]},"properties":{"id":"523330882","n":"Idunya, PS, 4","t":"ps","c":"Vihiga"}},{"type":"Feature","geometry":{"type":"Point","coordinates":[34.837558,0.170451]},"properties":{"id":"523347226","n":"Muhudu B, US, 2","t":"us","c":"Vihiga"}},{"type":"Feature","geometry":{"type":"Point","coordinates":[34.845771,0.139443]},"properties":{"id":"523290207","n":"Maganda, PS, 2","t":"ps","c":"Vihiga"}},{"type":"Feature","geometry":{"type":"Point","coordinates":[34.846783,0.171334]},"properties":{"id":"523225007","n":"Andaye, US, 1","t":"us","c":"Vihiga"}},{"type":"Feature","geometry":{"type":"Point","coordinates":[34.835087,0.170146]},"properties":{"id":"702612983","n":"Karakacha Water Spring 1920","t":"ps","c":"Vihiga"}},{"type":"Feature","geometry":{"type":"Point","coordinates":[34.829751,0.169583]},"properties":{"id":"523347374","n":"Lusasari, PS, 2","t":"ps","c":"Vihiga"}},{"type":"Feature","geometry":{"type":"Point","coordinates":[34.834152,0.168458]},"properties":{"id":"561115632","n":"Khayeka Water Spring No 1895","t":"ps","c":"Vihiga"}},{"type":"Feature","geometry":{"type":"Point","coordinates":[34.838238,0.173438]},"properties":{"id":"523270124","n":"Muhudu B, PS, 1","t":"ps","c":"Vihiga"}},{"type":"Feature","geometry":{"type":"Point","coordinates":[34.832512,0.173056]},"properties":{"id":"523288813","n":"Lusasari, US, 6","t":"us","c":"Vihiga"}},{"type":"Feature","geometry":{"type":"Point","coordinates":[34.829152,0.139629]},"properties":{"id":"523268390","n":"Mulundu, PS, 3","t":"ps","c":"Vihiga"}},{"type":"Feature","geometry":{"type":"Point","coordinates":[34.829162,0.160088]},"properties":{"id":"523304665","n":"Shivembe, PS, 3","t":"ps","c":"Vihiga"}},{"type":"Feature","geometry":{"type":"Point","coordinates":[34.855225,0.164413]},"properties":{"id":"445268025","n":"Siekuti Community, Waluvonga Spring - 22134","t":"ps","c":"Vihiga"}},{"type":"Feature","geometry":{"type":"Point","coordinates":[34.825588,0.151332]},"properties":{"id":"17388234","n":"Maganyi, Bebei Spring - 18091","t":"ps","c":"Vihiga"}},{"type":"Feature","geometry":{"type":"Point","coordinates":[34.843026,0.179233]},"properties":{"id":"523330552","n":"Shianda, US, 2","t":"us","c":"Vihiga"}},{"type":"Feature","geometry":{"type":"Point","coordinates":[34.830568,0.173068]},"properties":{"id":"561115539","n":"Lisamula Water Spring No 1898","t":"ps","c":"Vihiga"}},{"type":"Feature","geometry":{"type":"Point","coordinates":[34.850857,0.170764]},"properties":{"id":"523223469","n":"Rungula, PS, 1","t":"ps","c":"Vihiga"}},{"type":"Feature","geometry":{"type":"Point","coordinates":[34.837534,0.170389]},"properties":{"id":"702613197","n":"Musilo Water Spring No 1935","t":"ps","c":"Vihiga"}},{"type":"Feature","geometry":{"type":"Point","coordinates":[34.843159,0.16799]},"properties":{"id":"523278311","n":"Lutoto, US, 2","t":"us","c":"Vihiga"}},{"type":"Feature","geometry":{"type":"Point","coordinates":[34.849368,0.136161]},"properties":{"id":"523260701","n":"Lototo, US, 1","t":"us","c":"Vihiga"}},{"type":"Feature","geometry":{"type":"Point","coordinates":[34.822178,0.174025]},"properties":{"id":"523277499","n":"Isikhi, PS, 4","t":"ps","c":"Vihiga"}},{"type":"Feature","geometry":{"type":"Point","coordinates":[34.833439,0.163933]},"properties":{"id":"523307709","n":"Shivembe, PS, 4","t":"ps","c":"Vihiga"}},{"type":"Feature","geometry":{"type":"Point","coordinates":[34.824806,0.169693]},"properties":{"id":"523272724","n":"Isikhi, PS, 5","t":"ps","c":"Vihiga"}},{"type":"Feature","geometry":{"type":"Point","coordinates":[34.822001,0.167073]},"properties":{"id":"523234168","n":"Shenjero, PS, 1","t":"ps","c":"Vihiga"}},{"type":"Feature","geometry":{"type":"Point","coordinates":[34.84065,0.171659]},"properties":{"id":"523272535","n":"Lutoto, PS, 4","t":"ps","c":"Vihiga"}},{"type":"Feature","geometry":{"type":"Point","coordinates":[34.840608,0.169565]},"properties":{"id":"523277729","n":"Lutoto, PS, 3","t":"ps","c":"Vihiga"}},{"type":"Feature","geometry":{"type":"Point","coordinates":[34.859039,0.168148]},"properties":{"id":"523311504","n":"Kamulembe, US, 6","t":"us","c":"Vihiga"}},{"type":"Feature","geometry":{"type":"Point","coordinates":[34.830591,0.135722]},"properties":{"id":"523242039","n":"Shiveye, PS, 3","t":"ps","c":"Vihiga"}},{"type":"Feature","geometry":{"type":"Point","coordinates":[34.854809,0.169795]},"properties":{"id":"523299110","n":"Rungula, PS, 4","t":"ps","c":"Vihiga"}},{"type":"Feature","geometry":{"type":"Point","coordinates":[34.843067,0.167977]},"properties":{"id":"561115625","n":"Likhomo Water Spring No 1894","t":"ps","c":"Vihiga"}},{"type":"Feature","geometry":{"type":"Point","coordinates":[34.824375,0.183364]},"properties":{"id":"523245362","n":"Ikoko, US, 2","t":"us","c":"Vihiga"}},{"type":"Feature","geometry":{"type":"Point","coordinates":[34.83648,0.152788]},"properties":{"id":"561114253","n":"Cheptumi Water Spring No 1791","t":"ps","c":"Vihiga"}},{"type":"Feature","geometry":{"type":"Point","coordinates":[34.830851,0.159684]},"properties":{"id":"702613001","n":"Agani Water Spring No 1918","t":"ps","c":"Vihiga"}},{"type":"Feature","geometry":{"type":"Point","coordinates":[34.845796,0.172365]},"properties":{"id":"523339788","n":"Andaye, US, 3","t":"us","c":"Vihiga"}},{"type":"Feature","geometry":{"type":"Point","coordinates":[34.835463,0.155538]},"properties":{"id":"561114459","n":"Shibulu Water Spring No 1821","t":"ps","c":"Vihiga"}},{"type":"Feature","geometry":{"type":"Point","coordinates":[34.84812,0.13411]},"properties":{"id":"439015073","n":"Dovolwa Water Spring No 1771","t":"ps","c":"Vihiga"}},{"type":"Feature","geometry":{"type":"Point","coordinates":[34.846043,0.147975]},"properties":{"id":"419077592","n":"Mukhanji Water Spring No 1752","t":"ps","c":"Vihiga"}},{"type":"Feature","geometry":{"type":"Point","coordinates":[34.839025,0.139958]},"properties":{"id":"523316808","n":"Bwanzi A, PS, 3","t":"ps","c":"Vihiga"}},{"type":"Feature","geometry":{"type":"Point","coordinates":[34.839172,0.140037]},"properties":{"id":"523249153","n":"Bwanzi A, PS, 2","t":"ps","c":"Vihiga"}},{"type":"Feature","geometry":{"type":"Point","coordinates":[34.830022,0.17921]},"properties":{"id":"523218199","n":"Mukomari, PS, 3","t":"ps","c":"Vihiga"}},{"type":"Feature","geometry":{"type":"Point","coordinates":[34.82735,0.142375]},"properties":{"id":"7352852","n":"Wangaluki Water Spring No 1028","t":"ps","c":"Vihiga"}},{"type":"Feature","geometry":{"type":"Point","coordinates":[34.834144,0.138247]},"properties":{"id":"523325756","n":"Mulundu, PS, 2","t":"ps","c":"Vihiga"}},{"type":"Feature","geometry":{"type":"Point","coordinates":[34.828457,0.157005]},"properties":{"id":"561114662","n":"Kaika Water Spring No 1839","t":"ps","c":"Vihiga"}},{"type":"Feature","geometry":{"type":"Point","coordinates":[34.828206,0.180307]},"properties":{"id":"523225973","n":"Ikoko, PS, 1","t":"ps","c":"Vihiga"}},{"type":"Feature","geometry":{"type":"Point","coordinates":[34.830357,0.165388]},"properties":{"id":"561114741","n":"Shivembe Water Spring No 1838","t":"ps","c":"Vihiga"}},{"type":"Feature","geometry":{"type":"Point","coordinates":[34.832792,0.171447]},"properties":{"id":"523208044","n":"Lusasari, US, 5","t":"us","c":"Vihiga"}},{"type":"Feature","geometry":{"type":"Point","coordinates":[34.841043,0.172197]},"properties":{"id":"561115261","n":"Kamukoyi Water Spring No 1878","t":"ps","c":"Vihiga"}},{"type":"Feature","geometry":{"type":"Point","coordinates":[34.855272,0.165732]},"properties":{"id":"523239060","n":"Rungula, PS, 7","t":"ps","c":"Vihiga"}},{"type":"Feature","geometry":{"type":"Point","coordinates":[34.839742,0.174944]},"properties":{"id":"523321879","n":"Shianda, PS, 1","t":"ps","c":"Vihiga"}},{"type":"Feature","geometry":{"type":"Point","coordinates":[34.834881,0.134925]},"properties":{"id":"523256652","n":"Shivembe, US, 5","t":"us","c":"Vihiga"}},{"type":"Feature","geometry":{"type":"Point","coordinates":[34.83672,0.163355]},"properties":{"id":"523320586","n":"Shivembe, PS, 5","t":"ps","c":"Vihiga"}},{"type":"Feature","geometry":{"type":"Point","coordinates":[34.853692,0.172563]},"properties":{"id":"523239400","n":"Rungula, US, 2","t":"us","c":"Vihiga"}},{"type":"Feature","geometry":{"type":"Point","coordinates":[34.828334,0.135021]},"properties":{"id":"523242651","n":"Shiveye, PS, 2","t":"ps","c":"Vihiga"}},{"type":"Feature","geometry":{"type":"Point","coordinates":[34.842426,0.165243]},"properties":{"id":"523316695","n":"Lutoto, PS, 1","t":"ps","c":"Vihiga"}},{"type":"Feature","geometry":{"type":"Point","coordinates":[34.844727,0.145128]},"properties":{"id":"419108315","n":"Mmbo Water Spring No 1753","t":"ps","c":"Vihiga"}},{"type":"Feature","geometry":{"type":"Point","coordinates":[34.820483,0.182548]},"properties":{"id":"523303499","n":"Ikoko, PS, 3","t":"ps","c":"Vihiga"}},{"type":"Feature","geometry":{"type":"Point","coordinates":[34.829408,0.177195]},"properties":{"id":"523341426","n":"Isikhi, PS, 3","t":"ps","c":"Vihiga"}},{"type":"Feature","geometry":{"type":"Point","coordinates":[34.843398,0.151162]},"properties":{"id":"440016900","n":"Wasirinji Water Spring No 1761","t":"ps","c":"Vihiga"}},{"type":"Feature","geometry":{"type":"Point","coordinates":[34.844543,0.144892]},"properties":{"id":"523338691","n":"Shikhambi, US, 2","t":"us","c":"Vihiga"}},{"type":"Feature","geometry":{"type":"Point","coordinates":[34.83521,0.135113]},"properties":{"id":"523226871","n":"Jivuye, US, 3","t":"us","c":"Vihiga"}},{"type":"Feature","geometry":{"type":"Point","coordinates":[34.846477,0.167974]},"properties":{"id":"523290757","n":"Andaye, PS, 5","t":"ps","c":"Vihiga"}},{"type":"Feature","geometry":{"type":"Point","coordinates":[34.828276,0.143206]},"properties":{"id":"523261733","n":"Makanyi A, PS, 2","t":"ps","c":"Vihiga"}},{"type":"Feature","geometry":{"type":"Point","coordinates":[34.83327,0.163822]},"properties":{"id":"561115230","n":"Jivai Water Spring No 1861","t":"ps","c":"Vihiga"}},{"type":"Feature","geometry":{"type":"Point","coordinates":[34.849455,0.172458]},"properties":{"id":"523325471","n":"Andaye, US, 2","t":"us","c":"Vihiga"}},{"type":"Feature","geometry":{"type":"Point","coordinates":[34.833209,0.137435]},"properties":{"id":"523283186","n":"Mulundu, PS, 1","t":"ps","c":"Vihiga"}},{"type":"Feature","geometry":{"type":"Point","coordinates":[34.833279,0.144561]},"properties":{"id":"523314064","n":"Jamulongoji, PS, 4","t":"ps","c":"Vihiga"}},{"type":"Feature","geometry":{"type":"Point","coordinates":[34.819592,0.166911]},"properties":{"id":"523307620","n":"Idunya, US, 5","t":"us","c":"Vihiga"}},{"type":"Feature","geometry":{"type":"Point","coordinates":[34.849388,0.135966]},"properties":{"id":"523297613","n":"Lototo, PS, 3","t":"ps","c":"Vihiga"}},{"type":"Feature","geometry":{"type":"Point","coordinates":[34.831457,0.175659]},"properties":{"id":"523194150","n":"Mukomari, US , 2","t":"us","c":"Vihiga"}},{"type":"Feature","geometry":{"type":"Point","coordinates":[34.851611,0.167549]},"properties":{"id":"523326434","n":"Rungula, PS, 5","t":"ps","c":"Vihiga"}},{"type":"Feature","geometry":{"type":"Point","coordinates":[34.843357,0.151197]},"properties":{"id":"523332279","n":"Bulukhombe A, US, 5","t":"us","c":"Vihiga"}},{"type":"Feature","geometry":{"type":"Point","coordinates":[34.830357,0.165333]},"properties":{"id":"523320366","n":"Lusasari, PS, 3","t":"ps","c":"Vihiga"}},{"type":"Feature","geometry":{"type":"Point","coordinates":[34.83431,0.168466]},"properties":{"id":"523337841","n":"Lusasari, PS, 4","t":"ps","c":"Vihiga"}},{"type":"Feature","geometry":{"type":"Point","coordinates":[34.850439,0.1401]},"properties":{"id":"523193623","n":"Shikhambi, US, 3","t":"us","c":"Vihiga"}},{"type":"Feature","geometry":{"type":"Point","coordinates":[34.851476,0.169983]},"properties":{"id":"523326001","n":"Rungula, PS, 3","t":"ps","c":"Vihiga"}},{"type":"Feature","geometry":{"type":"Point","coordinates":[34.825395,0.141768]},"properties":{"id":"211690263","n":"Wakiyumbu Water Spring No 1291","t":"ps","c":"Vihiga"}},{"type":"Feature","geometry":{"type":"Point","coordinates":[34.829067,0.160032]},"properties":{"id":"561115649","n":"Shiamola Water Spring No 1896","t":"ps","c":"Vihiga"}},{"type":"Feature","geometry":{"type":"Point","coordinates":[34.8411,0.144139]},"properties":{"id":"523348595","n":"Jamulongoji, PS, 1","t":"ps","c":"Vihiga"}},{"type":"Feature","geometry":{"type":"Point","coordinates":[34.83843,0.150803]},"properties":{"id":"440069609","n":"Shimbiro Water Spring No 1763","t":"ps","c":"Vihiga"}},{"type":"Feature","geometry":{"type":"Point","coordinates":[34.830769,0.159721]},"properties":{"id":"523322612","n":"Shiandukuli, PS, 3","t":"ps","c":"Vihiga"}},{"type":"Feature","geometry":{"type":"Point","coordinates":[34.83144,0.17557]},"properties":{"id":"523338251","n":"Mukomari, US, 1","t":"us","c":"Vihiga"}},{"type":"Feature","geometry":{"type":"Point","coordinates":[34.828277,0.135037]},"properties":{"id":"523277420","n":"Joel Shitindo Otuya","t":"ps","c":"Vihiga"}},{"type":"Feature","geometry":{"type":"Point","coordinates":[34.821561,0.164733]},"properties":{"id":"523320294","n":"Idunya , PS, 3","t":"ps","c":"Vihiga"}},{"type":"Feature","geometry":{"type":"Point","coordinates":[34.836422,0.152823]},"properties":{"id":"523254478","n":"Muhudu A, US, 3","t":"us","c":"Vihiga"}},{"type":"Feature","geometry":{"type":"Point","coordinates":[34.839496,0.177963]},"properties":{"id":"523282831","n":"Muyere, US, 1","t":"us","c":"Vihiga"}},{"type":"Feature","geometry":{"type":"Point","coordinates":[34.831653,0.15559]},"properties":{"id":"561114655","n":"Amalemba Water Spring No 1840","t":"ps","c":"Vihiga"}},{"type":"Feature","geometry":{"type":"Point","coordinates":[34.855182,0.16473]},"properties":{"id":"523266776","n":"Kamulembe, PS, 4","t":"ps","c":"Vihiga"}},{"type":"Feature","geometry":{"type":"Point","coordinates":[34.83102,0.172836]},"properties":{"id":"523280396","n":"Isikhi, US, 2","t":"us","c":"Vihiga"}},{"type":"Feature","geometry":{"type":"Point","coordinates":[34.83376,0.147936]},"properties":{"id":"523345626","n":"Jamulongoji, PS, 3","t":"ps","c":"Vihiga"}},{"type":"Feature","geometry":{"type":"Point","coordinates":[34.831218,0.145194]},"properties":{"id":"523312615","n":"Makanyi B, PS, 1","t":"ps","c":"Vihiga"}},{"type":"Feature","geometry":{"type":"Point","coordinates":[34.855728,0.14094]},"properties":{"id":"419049270","n":"Kwaisiaho Water Spring No 1750","t":"ps","c":"Vihiga"}},{"type":"Feature","geometry":{"type":"Point","coordinates":[34.843042,0.138484]},"properties":{"id":"523254784","n":"Bwanzi A, PS, 1","t":"ps","c":"Vihiga"}},{"type":"Feature","geometry":{"type":"Point","coordinates":[34.831684,0.155599]},"properties":{"id":"523203410","n":"Ivumbu, US, 2","t":"pdw","c":"Vihiga"}},{"type":"Feature","geometry":{"type":"Point","coordinates":[34.838737,0.165362]},"properties":{"id":"523289876","n":"Muhudu B, PS, 3","t":"ps","c":"Vihiga"}},{"type":"Feature","geometry":{"type":"Point","coordinates":[34.818537,0.170399]},"properties":{"id":"523334202","n":"Chinjini, US, 3","t":"us","c":"Vihiga"}},{"type":"Feature","geometry":{"type":"Point","coordinates":[34.829626,0.16967]},"properties":{"id":"523209272","n":"Lusasari, PS, 1","t":"ps","c":"Vihiga"}},{"type":"Feature","geometry":{"type":"Point","coordinates":[34.828216,0.144074]},"properties":{"id":"523325251","n":"Makanyi B, US, 2","t":"us","c":"Vihiga"}},{"type":"Feature","geometry":{"type":"Point","coordinates":[34.824936,0.16684]},"properties":{"id":"523233394","n":"Idunya, PS,1","t":"ps","c":"Vihiga"}},{"type":"Feature","geometry":{"type":"Point","coordinates":[34.855167,0.16453]},"properties":{"id":"523261348","n":"Kamulembe, US, 3","t":"us","c":"Vihiga"}},{"type":"Feature","geometry":{"type":"Point","coordinates":[34.834636,0.134671]},"properties":{"id":"523289780","n":"Shiveye, PS, 6","t":"ps","c":"Vihiga"}},{"type":"Feature","geometry":{"type":"Point","coordinates":[34.855458,0.165483]},"properties":{"id":"561114260","n":"Wamusiru Water Spring No 1795","t":"ps","c":"Vihiga"}},{"type":"Feature","geometry":{"type":"Point","coordinates":[34.843097,0.15125]},"properties":{"id":"523292821","n":"Bulukhombe A, PS, 6","t":"ps","c":"Vihiga"}},{"type":"Feature","geometry":{"type":"Point","coordinates":[34.855965,0.16697]},"properties":{"id":"523295817","n":"Kamulembe, US, 5","t":"us","c":"Vihiga"}},{"type":"Feature","geometry":{"type":"Point","coordinates":[34.849948,0.169887]},"properties":{"id":"523308896","n":"Andaye, US, 4","t":"us","c":"Vihiga"}},{"type":"Feature","geometry":{"type":"Point","coordinates":[34.84305,0.167965]},"properties":{"id":"561115151","n":"Mwikhomo Water Spring No","t":"ps","c":"Vihiga"}},{"type":"Feature","geometry":{"type":"Point","coordinates":[34.839391,0.132368]},"properties":{"id":"523219066","n":"Bwanzi B, UP, 1","t":"ps","c":"Vihiga"}},{"type":"Feature","geometry":{"type":"Point","coordinates":[34.847968,0.140893]},"properties":{"id":"439036669","n":"Lidwaji Water Spring No 1773","t":"ps","c":"Vihiga"}},{"type":"Feature","geometry":{"type":"Point","coordinates":[34.822191,0.169668]},"properties":{"id":"523247209","n":"Chinjini, PS, 1","t":"ps","c":"Vihiga"}},{"type":"Feature","geometry":{"type":"Point","coordinates":[34.846515,0.14698]},"properties":{"id":"411702058","n":"Isundwa Water Spring No 1741","t":"ps","c":"Vihiga"}},{"type":"Feature","geometry":{"type":"Point","coordinates":[34.837073,0.163189]},"properties":{"id":"523264925","n":"Shivembe, PS, 7","t":"ps","c":"Vihiga"}},{"type":"Feature","geometry":{"type":"Point","coordinates":[34.832545,0.165437]},"properties":{"id":"561114961","n":"Kwamarko Water Spring No 1859","t":"ps","c":"Vihiga"}},{"type":"Feature","geometry":{"type":"Point","coordinates":[34.84935,0.136003]},"properties":{"id":"439026538","n":"Hamisi Water Spring No 1772","t":"ps","c":"Vihiga"}},{"type":"Feature","geometry":{"type":"Point","coordinates":[34.828304,0.156977]},"properties":{"id":"523284675","n":"Shiandukuli, US, 4","t":"us","c":"Vihiga"}},{"type":"Feature","geometry":{"type":"Point","coordinates":[34.831202,0.173461]},"properties":{"id":"523212777","n":"Isikhi, PS, 1","t":"ps","c":"Vihiga"}},{"type":"Feature","geometry":{"type":"Point","coordinates":[34.840043,0.148047]},"properties":{"id":"523279996","n":"Jamulongoji, PS, 2","t":"ps","c":"Vihiga"}},{"type":"Feature","geometry":{"type":"Point","coordinates":[34.840641,0.169555]},"properties":{"id":"702613207","n":"Shisiali Water Spring No 1936","t":"ps","c":"Vihiga"}},{"type":"Feature","geometry":{"type":"Point","coordinates":[34.835798,0.162335]},"properties":{"id":"561114978","n":"Makhubwi Water Spring No 1860","t":"ps","c":"Vihiga"}},{"type":"Feature","geometry":{"type":"Point","coordinates":[34.844593,0.14492]},"properties":{"id":"419095082","n":"Liatuma Water Spring No 1751","t":"ps","c":"Vihiga"}},{"type":"Feature","geometry":{"type":"Point","coordinates":[34.821759,0.164259]},"properties":{"id":"523228914","n":"Idunya, PS, 2","t":"ps","c":"Vihiga"}},{"type":"Feature","geometry":{"type":"Point","coordinates":[34.816482,0.171427]},"properties":{"id":"307582171","n":"Masheti Water Spring No 1597","t":"ps","c":"Vihiga"}},{"type":"Feature","geometry":{"type":"Point","coordinates":[34.85685,0.139175]},"properties":{"id":"523317995","n":"Mahanga C, PS,3","t":"ps","c":"Vihiga"}},{"type":"Feature","geometry":{"type":"Point","coordinates":[34.855967,0.167077]},"properties":{"id":"471340315","n":"Ivugwi Community, Richard Mwoshi spring - 22143","t":"ps","c":"Vihiga"}},{"type":"Feature","geometry":{"type":"Point","coordinates":[34.820307,0.177377]},"properties":{"id":"523256944","n":"Chinjini, PS, 2","t":"ps","c":"Vihiga"}},{"type":"Feature","geometry":{"type":"Point","coordinates":[34.858752,0.168854]},"properties":{"id":"523231691","n":"Kamulembe B, US, 1","t":"us","c":"Vihiga"}},{"type":"Feature","geometry":{"type":"Point","coordinates":[34.827132,0.161053]},"properties":{"id":"523233514","n":"Shivembe, PS, 2","t":"ps","c":"Vihiga"}},{"type":"Feature","geometry":{"type":"Point","coordinates":[34.83788,0.114627]},"properties":{"id":"15007580","n":"Jivovoli, Wamunala Spring - 18104","t":"ps","c":"Vihiga"}},{"type":"Feature","geometry":{"type":"Point","coordinates":[34.843948,0.10886]},"properties":{"id":"282499125","n":"Chesumei Water Spring No 1572","t":"ps","c":"Vihiga"}},{"type":"Feature","geometry":{"type":"Point","coordinates":[34.83422,0.097948]},"properties":{"id":"272722406","n":"Nzetse Water Spring No","t":"ps","c":"Vihiga"}},{"type":"Feature","geometry":{"type":"Point","coordinates":[34.841093,0.113196]},"properties":{"id":"523338024","n":"Vamoiya US Charles Abdul","t":"us","c":"Vihiga"}},{"type":"Feature","geometry":{"type":"Point","coordinates":[34.841898,0.105023]},"properties":{"id":"506970667","n":"Shivembe Primary School - 22276","t":"bh","c":"Vihiga","d":42.0}},{"type":"Feature","geometry":{"type":"Point","coordinates":[34.843948,0.108795]},"properties":{"id":"523290908","n":"Valukhova US Ibrahim Chesmei","t":"us","c":"Vihiga"}},{"type":"Feature","geometry":{"type":"Point","coordinates":[34.85707,0.098113]},"properties":{"id":"303134952","n":"Kwashikokoti Water Spring No 1576","t":"ps","c":"Vihiga"}},{"type":"Feature","geometry":{"type":"Point","coordinates":[34.833783,0.089972]},"properties":{"id":"523197665","n":"Vachisunde US Hanzi","t":"us","c":"Vihiga"}},{"type":"Feature","geometry":{"type":"Point","coordinates":[34.819274,0.091365]},"properties":{"id":"523255321","n":"Vasuba PS Savai","t":"ps","c":"Vihiga"}},{"type":"Feature","geometry":{"type":"Point","coordinates":[34.841837,0.107791]},"properties":{"id":"523293437","n":"Vikhava PD Patrick Sati","t":"pdw","c":"Vihiga"}},{"type":"Feature","geometry":{"type":"Point","coordinates":[34.846614,0.110659]},"properties":{"id":"523200352","n":"Vasuba PS Wamusinjiri","t":"ps","c":"Vihiga"}},{"type":"Feature","geometry":{"type":"Point","coordinates":[34.822351,0.102407]},"properties":{"id":"523283492","n":"Vichina PS Kwashanjiriwa","t":"ps","c":"Vihiga"}},{"type":"Feature","geometry":{"type":"Point","coordinates":[34.816632,0.088647]},"properties":{"id":"523287881","n":"Vashisungu US Dungani","t":"us","c":"Vihiga"}},{"type":"Feature","geometry":{"type":"Point","coordinates":[34.815015,0.096896]},"properties":{"id":"523275868","n":"Vasanga PS Irarwa","t":"pdw","c":"Vihiga"}},{"type":"Feature","geometry":{"type":"Point","coordinates":[34.837587,0.095146]},"properties":{"id":"523316585","n":"Vasuba PS Khayesi","t":"ps","c":"Vihiga"}},{"type":"Feature","geometry":{"type":"Point","coordinates":[34.82294,0.1216]},"properties":{"id":"41048122","n":"Mukhunya, Mwore Spring - 19116","t":"ps","c":"Vihiga"}},{"type":"Feature","geometry":{"type":"Point","coordinates":[34.857639,0.107241]},"properties":{"id":"523349998","n":"Vavuka US Wakhavere","t":"us","c":"Vihiga"}},{"type":"Feature","geometry":{"type":"Point","coordinates":[34.833848,0.095889]},"properties":{"id":"523257361","n":"Vatura US Sammy","t":"us","c":"Vihiga"}},{"type":"Feature","geometry":{"type":"Point","coordinates":[34.848246,0.09277]},"properties":{"id":"523242778","n":"Vasuba PD Patton","t":"pdw","c":"Vihiga"}},{"type":"Feature","geometry":{"type":"Point","coordinates":[34.847837,0.10334]},"properties":{"id":"523259703","n":"Vasuba PD Alice Muswanyi","t":"pdw","c":"Vihiga"}},{"type":"Feature","geometry":{"type":"Point","coordinates":[34.81515,0.087885]},"properties":{"id":"273600817","n":"Tolondo Water Spring No 1559","t":"ps","c":"Vihiga"}},{"type":"Feature","geometry":{"type":"Point","coordinates":[34.851695,0.098007]},"properties":{"id":"262106487","n":"Kangai Water Spring No 1540","t":"ps","c":"Vihiga"}},{"type":"Feature","geometry":{"type":"Point","coordinates":[34.822175,0.101162]},"properties":{"id":"523281098","n":"Vakhove PD Joseph Amuonda","t":"pdw","c":"Vihiga"}},{"type":"Feature","geometry":{"type":"Point","coordinates":[34.822664,0.085066]},"properties":{"id":"523245331","n":"Vachisichi PS Mwikhova","t":"ps","c":"Vihiga"}},{"type":"Feature","geometry":{"type":"Point","coordinates":[34.844405,0.096402]},"properties":{"id":"15007535","n":"Wasenje, Margaret Jumba Spring - 18098","t":"ps","c":"Vihiga"}},{"type":"Feature","geometry":{"type":"Point","coordinates":[34.82041,0.12663]},"properties":{"id":"7458356","n":"Garagoli-Galilaya, Hanington Mulanda Spring - 4587","t":"ps","c":"Vihiga"}},{"type":"Feature","geometry":{"type":"Point","coordinates":[34.82619,0.11845]},"properties":{"id":"51546005","n":"Butiti, Imbai Spring - 19150","t":"ps","c":"Vihiga"}},{"type":"Feature","geometry":{"type":"Point","coordinates":[34.820532,0.095363]},"properties":{"id":"523324023","n":"Vasaniaka PD","t":"pdw","c":"Vihiga"}},{"type":"Feature","geometry":{"type":"Point","coordinates":[34.810627,0.086626]},"properties":{"id":"523339001","n":"Vashirima US Anaro","t":"us","c":"Vihiga"}},{"type":"Feature","geometry":{"type":"Point","coordinates":[34.840188,0.100911]},"properties":{"id":"523262916","n":"Vamukhombero US Thomas Shitsava","t":"us","c":"Vihiga"}},{"type":"Feature","geometry":{"type":"Point","coordinates":[34.825042,0.09297]},"properties":{"id":"523269470","n":"Vashisungu PD Daudi","t":"pdw","c":"Vihiga"}},{"type":"Feature","geometry":{"type":"Point","coordinates":[34.83587,0.10937]},"properties":{"id":"272020207","n":"Shamakhokho Community, Wizula Spring - 21041","t":"ps","c":"Vihiga"}},{"type":"Feature","geometry":{"type":"Point","coordinates":[34.833625,0.087374]},"properties":{"id":"523279116","n":"Valukhova PD Amatsimbi","t":"ps","c":"Vihiga"}},{"type":"Feature","geometry":{"type":"Point","coordinates":[34.807664,0.083577]},"properties":{"id":"523236074","n":"Valukhova PS Siali Mwoshi","t":"ps","c":"Vihiga"}},{"type":"Feature","geometry":{"type":"Point","coordinates":[34.853034,0.086361]},"properties":{"id":"523287049","n":"Vasalia PS Itwaji","t":"ps","c":"Vihiga"}},{"type":"Feature","geometry":{"type":"Point","coordinates":[34.846912,0.085822]},"properties":{"id":"523207593","n":"Vashirima US","t":"us","c":"Vihiga"}},{"type":"Feature","geometry":{"type":"Point","coordinates":[34.826926,0.116001]},"properties":{"id":"523263285","n":"Butiti A, PS, 4","t":"ps","c":"Vihiga"}},{"type":"Feature","geometry":{"type":"Point","coordinates":[34.821951,0.092097]},"properties":{"id":"523310981","n":"Vavai PS Moses","t":"ps","c":"Vihiga"}},{"type":"Feature","geometry":{"type":"Point","coordinates":[34.833606,0.104405]},"properties":{"id":"523221890","n":"Lunyenya PS 2","t":"ps","c":"Vihiga"}},{"type":"Feature","geometry":{"type":"Point","coordinates":[34.831839,0.125255]},"properties":{"id":"523216496","n":"Bumavi PS 1","t":"ps","c":"Vihiga"}},{"type":"Feature","geometry":{"type":"Point","coordinates":[34.837291,0.107967]},"properties":{"id":"523273282","n":"Vashivo PS Musitu","t":"ps","c":"Vihiga"}},{"type":"Feature","geometry":{"type":"Point","coordinates":[34.809692,0.088489]},"properties":{"id":"523305147","n":"Vasuba PS Chepsengeni","t":"ps","c":"Vihiga"}},{"type":"Feature","geometry":{"type":"Point","coordinates":[34.844865,0.118137]},"properties":{"id":"523238485","n":"Kisingoi PS 3","t":"ps","c":"Vihiga"}},{"type":"Feature","geometry":{"type":"Point","coordinates":[34.84693,0.091748]},"properties":{"id":"523216953","n":"Vashitsutsa PS Lihanda","t":"ps","c":"Vihiga"}},{"type":"Feature","geometry":{"type":"Point","coordinates":[34.837369,0.106236]},"properties":{"id":"523251499","n":"Virembe A PS 4","t":"ps","c":"Vihiga"}},{"type":"Feature","geometry":{"type":"Point","coordinates":[34.823988,0.123558]},"properties":{"id":"13034366","n":"Mkunzulu, Museywa Spring - 4750","t":"ps","c":"Vihiga"}},{"type":"Feature","geometry":{"type":"Point","coordinates":[34.852257,0.103694]},"properties":{"id":"523243236","n":"Vakhove PS Motomat Shirakho","t":"ps","c":"Vihiga"}},{"type":"Feature","geometry":{"type":"Point","coordinates":[34.854685,0.090443]},"properties":{"id":"239078711","n":"Asoka Water Spring No 1495","t":"ps","c":"Vihiga"}},{"type":"Feature","geometry":{"type":"Point","coordinates":[34.853346,0.087758]},"properties":{"id":"523276395","n":"Vasamia PD James","t":"pdw","c":"Vihiga"}},{"type":"Feature","geometry":{"type":"Point","coordinates":[34.853698,0.106861]},"properties":{"id":"523215282","n":"Vamalava PS Jane Ajamba","t":"ps","c":"Vihiga"}},{"type":"Feature","geometry":{"type":"Point","coordinates":[34.827093,0.093673]},"properties":{"id":"381148658","n":"Kwachina Water Spring No 1706","t":"ps","c":"Vihiga"}},{"type":"Feature","geometry":{"type":"Point","coordinates":[34.851774,0.089823]},"properties":{"id":"523263106","n":"Vasalia PS Alulu","t":"ps","c":"Vihiga"}},{"type":"Feature","geometry":{"type":"Point","coordinates":[34.856359,0.09318]},"properties":{"id":"523345956","n":"Vasuba PS Jepkorit","t":"ps","c":"Vihiga"}},{"type":"Feature","geometry":{"type":"Point","coordinates":[34.845636,0.099994]},"properties":{"id":"523255651","n":"Vamukhombero US Elma Mukatisi","t":"us","c":"Vihiga"}},{"type":"Feature","geometry":{"type":"Point","coordinates":[34.836961,0.092972]},"properties":{"id":"523283090","n":"Vasuba US Gideon Fheda","t":"us","c":"Vihiga"}},{"type":"Feature","geometry":{"type":"Point","coordinates":[34.821153,0.103733]},"properties":{"id":"382182833","n":"Kwashisanya Water Spring No 1708","t":"ps","c":"Vihiga"}},{"type":"Feature","geometry":{"type":"Point","coordinates":[34.850783,0.109637]},"properties":{"id":"523334453","n":"Vamalava US John Masika","t":"us","c":"Vihiga"}},{"type":"Feature","geometry":{"type":"Point","coordinates":[34.843511,0.087172]},"properties":{"id":"523215440","n":"Valukhova PS Murukwoni","t":"ps","c":"Vihiga"}},{"type":"Feature","geometry":{"type":"Point","coordinates":[34.852307,0.084978]},"properties":{"id":"243460362","n":"Isabwa Water Spring No 1515","t":"ps","c":"Vihiga"}},{"type":"Feature","geometry":{"type":"Point","coordinates":[34.819668,0.126223]},"properties":{"id":"12627936","n":"Wamahiva Water Spring No1092","t":"ps","c":"Vihiga"}},{"type":"Feature","geometry":{"type":"Point","coordinates":[34.817086,0.111891]},"properties":{"id":"10558483","n":"Mulwanda Spring","t":"ps","c":"Vihiga"}},{"type":"Feature","geometry":{"type":"Point","coordinates":[34.848235,0.099921]},"properties":{"id":"523292072","n":"Vakhombe US Henry Isindu Opepo","t":"us","c":"Vihiga"}},{"type":"Feature","geometry":{"type":"Point","coordinates":[34.827866,0.111952]},"properties":{"id":"523251994","n":"Butiti A, US, 2","t":"us","c":"Vihiga"}},{"type":"Feature","geometry":{"type":"Point","coordinates":[34.807603,0.083502]},"properties":{"id":"261979822","n":"Dunguluwa Water Spring No 1525","t":"ps","c":"Vihiga"}},{"type":"Feature","geometry":{"type":"Point","coordinates":[34.841828,0.112092]},"properties":{"id":"282505224","n":"Munyeti Water Spring No 1571","t":"ps","c":"Vihiga"}},{"type":"Feature","geometry":{"type":"Point","coordinates":[34.844644,0.112992]},"properties":{"id":"523274575","n":"Valukhova PS Kwashaka","t":"ps","c":"Vihiga"}},{"type":"Feature","geometry":{"type":"Point","coordinates":[34.847038,0.097302]},"properties":{"id":"272676880","n":"Kwaluseno Water Spring No 1543","t":"ps","c":"Vihiga"}},{"type":"Feature","geometry":{"type":"Point","coordinates":[34.832449,0.096244]},"properties":{"id":"523198673","n":"Vashisungu US Lukali","t":"us","c":"Vihiga"}},{"type":"Feature","geometry":{"type":"Point","coordinates":[34.829396,0.100424]},"properties":{"id":"366924868","n":"Chepkuony Community, Shaka Spring - 22066","t":"ps","c":"Vihiga"}},{"type":"Feature","geometry":{"type":"Point","coordinates":[34.823066,0.114619]},"properties":{"id":"523254454","n":"Butiti B, BH, 2","t":"bh","c":"Vihiga"}},{"type":"Feature","geometry":{"type":"Point","coordinates":[34.846082,0.122395]},"properties":{"id":"77940599","n":"Jivovoli, Magumba Spring - 19147","t":"ps","c":"Vihiga"}},{"type":"Feature","geometry":{"type":"Point","coordinates":[34.852291,0.084978]},"properties":{"id":"523325660","n":"Vasalia PS Isabwa","t":"ps","c":"Vihiga"}},{"type":"Feature","geometry":{"type":"Point","coordinates":[34.82803,0.089619]},"properties":{"id":"523235468","n":"Vavai PS Miroya","t":"ps","c":"Vihiga"}},{"type":"Feature","geometry":{"type":"Point","coordinates":[34.855538,0.085027]},"properties":{"id":"523321594","n":"Vikhava PD George Mwashi","t":"pdw","c":"Vihiga"}},{"type":"Feature","geometry":{"type":"Point","coordinates":[34.816908,0.11325]},"properties":{"id":"211691518","n":"Alividza Water Spring No 1393","t":"ps","c":"Vihiga"}},{"type":"Feature","geometry":{"type":"Point","coordinates":[34.851024,0.093151]},"properties":{"id":"523275789","n":"Vakhuvera PS Zakariah","t":"ps","c":"Vihiga"}},{"type":"Feature","geometry":{"type":"Point","coordinates":[34.845841,0.095147]},"properties":{"id":"523282446","n":"Valukhova US Toya","t":"us","c":"Vihiga"}},{"type":"Feature","geometry":{"type":"Point","coordinates":[34.845717,0.086009]},"properties":{"id":"523339616","n":"Valukhova PD Nancy Mwonja","t":"pdw","c":"Vihiga"}},{"type":"Feature","geometry":{"type":"Point","coordinates":[34.826678,0.08938]},"properties":{"id":"561115137","n":"Isaika Water Spring No 1862","t":"ps","c":"Vihiga"}},{"type":"Feature","geometry":{"type":"Point","coordinates":[34.851613,0.09007]},"properties":{"id":"248719487","n":"Alulu Water Spring No 1521","t":"ps","c":"Vihiga"}},{"type":"Feature","geometry":{"type":"Point","coordinates":[34.831236,0.108103]},"properties":{"id":"615206882","n":"Shamakhokho Primary School - 23008","t":"bh","c":"Vihiga","d":80.0}},{"type":"Feature","geometry":{"type":"Point","coordinates":[34.828165,0.089237]},"properties":{"id":"523335942","n":"Vavai PS Joseph Murefu","t":"ps","c":"Vihiga"}},{"type":"Feature","geometry":{"type":"Point","coordinates":[34.848937,0.104018]},"properties":{"id":"523313795","n":"Vakhove US Daudi Lundu","t":"us","c":"Vihiga"}},{"type":"Feature","geometry":{"type":"Point","coordinates":[34.821148,0.103684]},"properties":{"id":"523223036","n":"Vasuba US Benjamin Chisanya","t":"us","c":"Vihiga"}},{"type":"Feature","geometry":{"type":"Point","coordinates":[34.836942,0.089738]},"properties":{"id":"523328591","n":"Vavai US Henry","t":"us","c":"Vihiga"}},{"type":"Feature","geometry":{"type":"Point","coordinates":[34.821862,0.093858]},"properties":{"id":"381127079","n":"Kwaameya Water Spring No 1687","t":"ps","c":"Vihiga"}},{"type":"Feature","geometry":{"type":"Point","coordinates":[34.857808,0.104535]},"properties":{"id":"523264437","n":"Vakhuvera US Akosa","t":"us","c":"Vihiga"}},{"type":"Feature","geometry":{"type":"Point","coordinates":[34.843006,0.096726]},"properties":{"id":"523256212","n":"Virembe B US 1","t":"us","c":"Vihiga"}},{"type":"Feature","geometry":{"type":"Point","coordinates":[34.842015,0.095446]},"properties":{"id":"523208398","n":"Virembe B US 2","t":"us","c":"Vihiga"}},{"type":"Feature","geometry":{"type":"Point","coordinates":[34.834488,0.098813]},"properties":{"id":"279666725","n":"Kwamarko Water Spring No 1562","t":"ps","c":"Vihiga"}},{"type":"Feature","geometry":{"type":"Point","coordinates":[34.839506,0.091615]},"properties":{"id":"523274733","n":"Vasaniaka PS Nakite","t":"ps","c":"Vihiga"}},{"type":"Feature","geometry":{"type":"Point","coordinates":[34.828865,0.118676]},"properties":{"id":"523280925","n":"Bumavi B","t":"pdw","c":"Vihiga"}},{"type":"Feature","geometry":{"type":"Point","coordinates":[34.821207,0.097925]},"properties":{"id":"523193025","n":"Vasuba PS Chimeji","t":"ps","c":"Vihiga"}},{"type":"Feature","geometry":{"type":"Point","coordinates":[34.809019,0.084608]},"properties":{"id":"523213204","n":"Vichina Stream Nengesa","t":"us","c":"Vihiga"}},{"type":"Feature","geometry":{"type":"Point","coordinates":[34.85685,0.11377]},"properties":{"id":"523343545","n":"Valukhova PS Mary Akaromba","t":"pdw","c":"Vihiga"}},{"type":"Feature","geometry":{"type":"Point","coordinates":[34.8291,0.11594]},"properties":{"id":"272020159","n":"Bumira Community, Savai Spring - 21036","t":"ps","c":"Vihiga"}},{"type":"Feature","geometry":{"type":"Point","coordinates":[34.832771,0.125551]},"properties":{"id":"17388382","n":"Lwenya, Warosi Spring - 18096","t":"ps","c":"Vihiga"}},{"type":"Feature","geometry":{"type":"Point","coordinates":[34.835593,0.092089]},"properties":{"id":"523319564","n":"Vakhove US Joseph Anyula","t":"us","c":"Vihiga"}},{"type":"Feature","geometry":{"type":"Point","coordinates":[34.819455,0.091173]},"properties":{"id":"416442492","n":"Zavai Water Spring No 1738","t":"ps","c":"Vihiga"}},{"type":"Feature","geometry":{"type":"Point","coordinates":[34.84341,0.10998]},"properties":{"id":"304807705","n":"Iravonga Water Spring No 1570","t":"ps","c":"Vihiga"}},{"type":"Feature","geometry":{"type":"Point","coordinates":[34.847031,0.097323]},"properties":{"id":"523329987","n":"Vasalia US Joash Luseno","t":"us","c":"Vihiga"}},{"type":"Feature","geometry":{"type":"Point","coordinates":[34.826051,0.129743]},"properties":{"id":"523271541","n":"Bumavi A","t":"ps","c":"Vihiga"}},{"type":"Feature","geometry":{"type":"Point","coordinates":[34.839913,0.102572]},"properties":{"id":"523274740","n":"Virembe A US 2","t":"us","c":"Vihiga"}},{"type":"Feature","geometry":{"type":"Point","coordinates":[34.854165,0.085348]},"properties":{"id":"279655538","n":"Litechere Water Spring No 1563","t":"ps","c":"Vihiga"}},{"type":"Feature","geometry":{"type":"Point","coordinates":[34.856215,0.087732]},"properties":{"id":"523252823","n":"Vasaina US Gideon","t":"us","c":"Vihiga"}},{"type":"Feature","geometry":{"type":"Point","coordinates":[34.836052,0.088624]},"properties":{"id":"523257505","n":"Vavai US Aggrey Mwosi","t":"us","c":"Vihiga"}},{"type":"Feature","geometry":{"type":"Point","coordinates":[34.841071,0.107467]},"properties":{"id":"523210294","n":"Vachisunda PD Aggrey Chemovo","t":"pdw","c":"Vihiga"}},{"type":"Feature","geometry":{"type":"Point","coordinates":[34.81204,0.08819]},"properties":{"id":"304803378","n":"Kwaisaya Water Spring No 1569","t":"ps","c":"Vihiga"}},{"type":"Feature","geometry":{"type":"Point","coordinates":[34.840301,0.115673]},"properties":{"id":"523303080","n":"Jivovoli B US 1","t":"us","c":"Vihiga"}},{"type":"Feature","geometry":{"type":"Point","coordinates":[34.856957,0.101807]},"properties":{"id":"298265512","n":"Waamuhanda Water Spring No 1574","t":"ps","c":"Vihiga"}},{"type":"Feature","geometry":{"type":"Point","coordinates":[34.851282,0.095066]},"properties":{"id":"523203575","n":"Vakhuvera PS Shitika","t":"pdw","c":"Vihiga"}},{"type":"Feature","geometry":{"type":"Point","coordinates":[34.826045,0.126207]},"properties":{"id":"6932037","n":"Bumavi, Shoso Mwoga Spring - 4704","t":"ps","c":"Vihiga"}},{"type":"Feature","geometry":{"type":"Point","coordinates":[34.830402,0.085342]},"properties":{"id":"523222451","n":"Valukhova PS Muuka","t":"ps","c":"Vihiga"}},{"type":"Feature","geometry":{"type":"Point","coordinates":[34.827377,0.091378]},"properties":{"id":"523222406","n":"Vikhava PS Andeka","t":"ps","c":"Vihiga"}},{"type":"Feature","geometry":{"type":"Point","coordinates":[34.823292,0.097401]},"properties":{"id":"523350439","n":"Vichina US Tunya","t":"us","c":"Vihiga"}},{"type":"Feature","geometry":{"type":"Point","coordinates":[34.839542,0.091625]},"properties":{"id":"523216427","n":"Vamalava PS Godfrey Shitima","t":"ps","c":"Vihiga"}},{"type":"Feature","geometry":{"type":"Point","coordinates":[34.816546,0.107515]},"properties":{"id":"10558452","n":"Simini Spring","t":"us","c":"Vihiga"}},{"type":"Feature","geometry":{"type":"Point","coordinates":[34.839925,0.104347]},"properties":{"id":"523272009","n":"Valukhova US Elizabeth","t":"us","c":"Vihiga"}},{"type":"Feature","geometry":{"type":"Point","coordinates":[34.848124,0.090543]},"properties":{"id":"523328285","n":"Valukhova PS Zanam Spring","t":"ps","c":"Vihiga"}},{"type":"Feature","geometry":{"type":"Point","coordinates":[34.843238,0.097125]},"properties":{"id":"523324779","n":"Vasuba US Benson Indiatsi","t":"us","c":"Vihiga"}},{"type":"Feature","geometry":{"type":"Point","coordinates":[34.826574,0.094956]},"properties":{"id":"523295068","n":"Vamuyundu PD Shiberenje","t":"pdw","c":"Vihiga"}},{"type":"Feature","geometry":{"type":"Point","coordinates":[34.821548,0.095459]},"properties":{"id":"523300063","n":"Vasaniaka US Mudave","t":"us","c":"Vihiga"}},{"type":"Feature","geometry":{"type":"Point","coordinates":[34.8122,0.090879]},"properties":{"id":"523320160","n":"Warokowa PS Wamuyembera","t":"ps","c":"Vihiga"}},{"type":"Feature","geometry":{"type":"Point","coordinates":[34.81824,0.093532]},"properties":{"id":"523317160","n":"Vashisungu PS Shikalu","t":"ps","c":"Vihiga"}},{"type":"Feature","geometry":{"type":"Point","coordinates":[34.834294,0.08495]},"properties":{"id":"523196963","n":"Vasuba Arnest Igadwa","t":"us","c":"Vihiga"}},{"type":"Feature","geometry":{"type":"Point","coordinates":[34.850479,0.085518]},"properties":{"id":"523251248","n":"Vatura PS Slyvester Makamu","t":"pdw","c":"Vihiga"}},{"type":"Feature","geometry":{"type":"Point","coordinates":[34.829082,0.12522]},"properties":{"id":"82137205","n":"Bumavi, Joseph Njajula Spring - 19162","t":"ps","c":"Vihiga"}},{"type":"Feature","geometry":{"type":"Point","coordinates":[34.841812,0.11205]},"properties":{"id":"523228299","n":"Vamukhombero US Munyeti","t":"us","c":"Vihiga"}},{"type":"Feature","geometry":{"type":"Point","coordinates":[34.850943,0.093222]},"properties":{"id":"248690728","n":"Shijedi Water Spring No 1520","t":"ps","c":"Vihiga"}},{"type":"Feature","geometry":{"type":"Point","coordinates":[34.808064,0.083892]},"properties":{"id":"523318848","n":"Vashimuli US Siali Amai","t":"us","c":"Vihiga"}},{"type":"Feature","geometry":{"type":"Point","coordinates":[34.847158,0.098064]},"properties":{"id":"523206774","n":"Vakhove US Joyce","t":"us","c":"Vihiga"}},{"type":"Feature","geometry":{"type":"Point","coordinates":[34.812763,0.097768]},"properties":{"id":"427240478","n":"Matagaru Water Spring No 1749","t":"ps","c":"Vihiga"}},{"type":"Feature","geometry":{"type":"Point","coordinates":[34.836616,0.095344]},"properties":{"id":"523302364","n":"Vavai PS Luvonga","t":"ps","c":"Vihiga"}},{"type":"Feature","geometry":{"type":"Point","coordinates":[34.849331,0.116914]},"properties":{"id":"523227834","n":"Valukhova PS Kwesiye","t":"ps","c":"Vihiga"}},{"type":"Feature","geometry":{"type":"Point","coordinates":[34.824814,0.107731]},"properties":{"id":"366925010","n":"Busingo Community, Busingo Spring - 22064","t":"ps","c":"Vihiga"}},{"type":"Feature","geometry":{"type":"Point","coordinates":[34.812763,0.097674]},"properties":{"id":"523307912","n":"Vashisungu PS Marekalu","t":"ps","c":"Vihiga"}},{"type":"Feature","geometry":{"type":"Point","coordinates":[34.826233,0.12332]},"properties":{"id":"82137212","n":"Bumira, Madegwa Spring - 19165","t":"ps","c":"Vihiga"}},{"type":"Feature","geometry":{"type":"Point","coordinates":[34.850465,0.090296]},"properties":{"id":"523210366","n":"Vasuba PS Aduma","t":"ps","c":"Vihiga"}},{"type":"Feature","geometry":{"type":"Point","coordinates":[34.847426,0.095418]},"properties":{"id":"8728472","n":"Musutsu, Mwashi Spring - 18136","t":"ps","c":"Vihiga"}},{"type":"Feature","geometry":{"type":"Point","coordinates":[34.847277,0.119073]},"properties":{"id":"523304971","n":"Kisingoi US 2","t":"us","c":"Vihiga"}},{"type":"Feature","geometry":{"type":"Point","coordinates":[34.850782,0.089847]},"properties":{"id":"523215471","n":"Valukhova US Andande","t":"us","c":"Vihiga"}},{"type":"Feature","geometry":{"type":"Point","coordinates":[34.854645,0.096777]},"properties":{"id":"241441154","n":"Waanalo Water Spring No 1494","t":"ps","c":"Vihiga"}},{"type":"Feature","geometry":{"type":"Point","coordinates":[34.854173,0.085342]},"properties":{"id":"523198628","n":"Vikhava PS Wamutechere","t":"ps","c":"Vihiga"}},{"type":"Feature","geometry":{"type":"Point","coordinates":[34.817039,0.094843]},"properties":{"id":"523250027","n":"Vashisungu PS Shiombe","t":"ps","c":"Vihiga"}},{"type":"Feature","geometry":{"type":"Point","coordinates":[34.844954,0.102548]},"properties":{"id":"523255572","n":"Vakhove US Thomas Ongole","t":"us","c":"Vihiga"}},{"type":"Feature","geometry":{"type":"Point","coordinates":[34.851251,0.107576]},"properties":{"id":"523319746","n":"Valimburi PS Gilbert Kaika","t":"ps","c":"Vihiga"}},{"type":"Feature","geometry":{"type":"Point","coordinates":[34.848905,0.094699]},"properties":{"id":"82136826","n":"Imusutsu, Ikosangwa Spring - 19159","t":"ps","c":"Vihiga"}},{"type":"Feature","geometry":{"type":"Point","coordinates":[34.844257,0.096758]},"properties":{"id":"523250979","n":"Vakhove US Aggrey Shisa","t":"us","c":"Vihiga"}},{"type":"Feature","geometry":{"type":"Point","coordinates":[34.828905,0.085555]},"properties":{"id":"506970454","n":"Kamuluguywa Primary School - 22228","t":"bh","c":"Vihiga","d":80.0}},{"type":"Feature","geometry":{"type":"Point","coordinates":[34.822438,0.087866]},"properties":{"id":"523211635","n":"Vasalia PS Shiunza","t":"ps","c":"Vihiga"}},{"type":"Feature","geometry":{"type":"Point","coordinates":[34.839927,0.104357]},"properties":{"id":"272694923","n":"Muchera Water Spring No 1561","t":"ps","c":"Vihiga"}},{"type":"Feature","geometry":{"type":"Point","coordinates":[34.855109,0.101657]},"properties":{"id":"523264035","n":"Vasalia US Wakauwa","t":"us","c":"Vihiga"}},{"type":"Feature","geometry":{"type":"Point","coordinates":[34.837166,0.087226]},"properties":{"id":"523217277","n":"Vasanga PS Chirwani","t":"ps","c":"Vihiga"}},{"type":"Feature","geometry":{"type":"Point","coordinates":[34.8459,0.09379]},"properties":{"id":"523314693","n":"Vakhuvera US Mwanje","t":"us","c":"Vihiga"}},{"type":"Feature","geometry":{"type":"Point","coordinates":[34.829661,0.131539]},"properties":{"id":"523268053","n":"Jivuye, PS, 1","t":"ps","c":"Vihiga"}},{"type":"Feature","geometry":{"type":"Point","coordinates":[34.827012,0.114814]},"properties":{"id":"523286756","n":"Butiti A, PS, 3","t":"ps","c":"Vihiga"}},{"type":"Feature","geometry":{"type":"Point","coordinates":[34.843364,0.110096]},"properties":{"id":"523299495","n":"Valukhova US Wicky","t":"us","c":"Vihiga"}},{"type":"Feature","geometry":{"type":"Point","coordinates":[34.848144,0.087725]},"properties":{"id":"423406605","n":"Mungavo Primary School - 22237","t":"bh","c":"Vihiga","d":100.0}},{"type":"Feature","geometry":{"type":"Point","coordinates":[34.84457,0.103521]},"properties":{"id":"523301806","n":"Vamukhombero US Ezekiel Marugu","t":"us","c":"Vihiga"}},{"type":"Feature","geometry":{"type":"Point","coordinates":[34.819598,0.100358]},"properties":{"id":"523320988","n":"Vasuba PS Mary Ajanga","t":"pdw","c":"Vihiga"}},{"type":"Feature","geometry":{"type":"Point","coordinates":[34.84946,0.086344]},"properties":{"id":"523245221","n":"Vashirima PS Kaina","t":"ps","c":"Vihiga"}},{"type":"Feature","geometry":{"type":"Point","coordinates":[34.84467,0.111089]},"properties":{"id":"523267320","n":"Valukhova UD Joseph Anyula","t":"udw","c":"Vihiga"}},{"type":"Feature","geometry":{"type":"Point","coordinates":[34.84325,0.110426]},"properties":{"id":"523281397","n":"Valukhova US Benayo","t":"us","c":"Vihiga"}},{"type":"Feature","geometry":{"type":"Point","coordinates":[34.817028,0.094878]},"properties":{"id":"416442526","n":"Shiombe Water Spring No 1736","t":"ps","c":"Vihiga"}},{"type":"Feature","geometry":{"type":"Point","coordinates":[34.840018,0.093766]},"properties":{"id":"506970650","n":"St. Peters Erusui Primary School - 22265","t":"bh","c":"Vihiga","d":62.0}},{"type":"Feature","geometry":{"type":"Point","coordinates":[34.844869,0.088708]},"properties":{"id":"523296856","n":"Vasuba US Evans","t":"us","c":"Vihiga"}},{"type":"Feature","geometry":{"type":"Point","coordinates":[34.804654,0.085255]},"properties":{"id":"523253570","n":"Vashirima US Govwa","t":"us","c":"Vihiga"}},{"type":"Feature","geometry":{"type":"Point","coordinates":[34.828044,0.112092]},"properties":{"id":"523304139","n":"Butiti A, US, 1","t":"us","c":"Vihiga"}},{"type":"Feature","geometry":{"type":"Point","coordinates":[34.847006,0.109688]},"properties":{"id":"523246411","n":"Vasuba PS Menyalwa","t":"ps","c":"Vihiga"}},{"type":"Feature","geometry":{"type":"Point","coordinates":[34.847263,0.116798]},"properties":{"id":"360292459","n":"Wajisanga Water Spring No 1678","t":"ps","c":"Vihiga"}},{"type":"Feature","geometry":{"type":"Point","coordinates":[34.84417,0.096785]},"properties":{"id":"264796215","n":"Wasenje Water Spring No 1542","t":"ps","c":"Vihiga"}},{"type":"Feature","geometry":{"type":"Point","coordinates":[34.84418,0.10767]},"properties":{"id":"51546043","n":"Shivembe, Murumbi Spring - 19167","t":"ps","c":"Vihiga"}},{"type":"Feature","geometry":{"type":"Point","coordinates":[34.836574,0.084776]},"properties":{"id":"523300087","n":"Vikhava PD Margaret Imbali","t":"pdw","c":"Vihiga"}},{"type":"Feature","geometry":{"type":"Point","coordinates":[34.847641,0.091864]},"properties":{"id":"523245977","n":"Vakhuvera PS Paul","t":"ps","c":"Vihiga"}},{"type":"Feature","geometry":{"type":"Point","coordinates":[34.844202,0.107595]},"properties":{"id":"523268943","n":"Vakhove PS Mirumbi","t":"ps","c":"Vihiga"}},{"type":"Feature","geometry":{"type":"Point","coordinates":[34.823856,0.101641]},"properties":{"id":"51546036","n":"Masuveni, Masuveni Spring - 19161","t":"ps","c":"Vihiga"}},{"type":"Feature","geometry":{"type":"Point","coordinates":[34.830827,0.087269]},"properties":{"id":"523321116","n":"Vasalia PS Lukondi","t":"ps","c":"Vihiga"}},{"type":"Feature","geometry":{"type":"Point","coordinates":[34.844557,0.114379]},"properties":{"id":"523287609","n":"Valukhova US Sakwa","t":"us","c":"Vihiga"}},{"type":"Feature","geometry":{"type":"Point","coordinates":[34.836002,0.107067]},"properties":{"id":"523263261","n":"Lunyenya US 1","t":"us","c":"Vihiga"}},{"type":"Feature","geometry":{"type":"Point","coordinates":[34.814789,0.089229]},"properties":{"id":"523214858","n":"Vamalaba US Ainea","t":"us","c":"Vihiga"}},{"type":"Feature","geometry":{"type":"Point","coordinates":[34.850123,0.117747]},"properties":{"id":"523311243","n":"Shipala US 1","t":"us","c":"Vihiga"}},{"type":"Feature","geometry":{"type":"Point","coordinates":[34.856638,0.085671]},"properties":{"id":"523275363","n":"Vamakambe US Aron","t":"us","c":"Vihiga"}},{"type":"Feature","geometry":{"type":"Point","coordinates":[34.849473,0.090814]},"properties":{"id":"523273907","n":"Vakhuvera US Malaku","t":"us","c":"Vihiga"}},{"type":"Feature","geometry":{"type":"Point","coordinates":[34.848502,0.100807]},"properties":{"id":"360418149","n":"Asirigwa Water Spring No 1677","t":"ps","c":"Vihiga"}},{"type":"Feature","geometry":{"type":"Point","coordinates":[34.84046,0.097]},"properties":{"id":"523320421","n":"Virembe B US 4","t":"us","c":"Vihiga"}},{"type":"Feature","geometry":{"type":"Point","coordinates":[34.851653,0.098013]},"properties":{"id":"523242974","n":"Vashikunga US Grace Kangaya Mwingisi","t":"us","c":"Vihiga"}},{"type":"Feature","geometry":{"type":"Point","coordinates":[34.841803,0.096407]},"properties":{"id":"523241478","n":"Virembe B US 3","t":"us","c":"Vihiga"}},{"type":"Feature","geometry":{"type":"Point","coordinates":[34.818203,0.103828]},"properties":{"id":"418992793","n":"Ifeza Water Spring No 1737","t":"ps","c":"Vihiga"}},{"type":"Feature","geometry":{"type":"Point","coordinates":[34.854417,0.109314]},"properties":{"id":"523193300","n":"Vavuka PS Saosi","t":"ps","c":"Vihiga"}},{"type":"Feature","geometry":{"type":"Point","coordinates":[34.83698,0.089735]},"properties":{"id":"523343222","n":"Vavai US Henry","t":"us","c":"Vihiga"}},{"type":"Feature","geometry":{"type":"Point","coordinates":[34.857492,0.10635]},"properties":{"id":"523250876","n":"Vasalia US Waisaka","t":"us","c":"Vihiga"}},{"type":"Feature","geometry":{"type":"Point","coordinates":[34.857278,0.103507]},"properties":{"id":"523343150","n":"Vakhuvera US Igadwa","t":"us","c":"Vihiga"}},{"type":"Feature","geometry":{"type":"Point","coordinates":[34.85467,0.096739]},"properties":{"id":"523317940","n":"Vakhatiri PS Waanalo","t":"ps","c":"Vihiga"}},{"type":"Feature","geometry":{"type":"Point","coordinates":[34.837119,0.11338]},"properties":{"id":"15007597","n":"Jivovoli, Gideon Asonga Spring - 18105","t":"ps","c":"Vihiga"}},{"type":"Feature","geometry":{"type":"Point","coordinates":[34.823368,0.09742]},"properties":{"id":"380369177","n":"Dunya Water Spring No 1688","t":"ps","c":"Vihiga"}},{"type":"Feature","geometry":{"type":"Point","coordinates":[34.829055,0.089842]},"properties":{"id":"523272315","n":"Vavai PD Amera","t":"pdw","c":"Vihiga"}},{"type":"Feature","geometry":{"type":"Point","coordinates":[34.825277,0.095032]},"properties":{"id":"523240659","n":"Vamayundu PD Angweye","t":"pdw","c":"Vihiga"}},{"type":"Feature","geometry":{"type":"Point","coordinates":[34.814584,0.087734]},"properties":{"id":"523292120","n":"Valukhova US Patrick Aino","t":"us","c":"Vihiga"}},{"type":"Feature","geometry":{"type":"Point","coordinates":[34.840075,0.101367]},"properties":{"id":"523310699","n":"Vamukhombero US Charles Airo","t":"us","c":"Vihiga"}},{"type":"Feature","geometry":{"type":"Point","coordinates":[34.819397,0.110816]},"properties":{"id":"10558469","n":"Chamakambi Spring","t":"ps","c":"Vihiga"}},{"type":"Feature","geometry":{"type":"Point","coordinates":[34.846648,0.088006]},"properties":{"id":"523260811","n":"Vaunami PS Shikonye","t":"ps","c":"Vihiga"}},{"type":"Feature","geometry":{"type":"Point","coordinates":[34.848096,0.098682]},"properties":{"id":"523349596","n":"Vichina US Elijah Musiro","t":"us","c":"Vihiga"}},{"type":"Feature","geometry":{"type":"Point","coordinates":[34.854885,0.101528]},"properties":{"id":"298259351","n":"Kwakawa Water Spring No 1573","t":"ps","c":"Vihiga"}},{"type":"Feature","geometry":{"type":"Point","coordinates":[34.834786,0.093867]},"properties":{"id":"523303767","n":"Vasuba PS Vashikame","t":"ps","c":"Vihiga"}},{"type":"Feature","geometry":{"type":"Point","coordinates":[34.824983,0.121061]},"properties":{"id":"523348557","n":"Mukhunya, PS, 1","t":"ps","c":"Vihiga"}},{"type":"Feature","geometry":{"type":"Point","coordinates":[34.843259,0.093071]},"properties":{"id":"523255792","n":"Vasuba PS Tambula","t":"ps","c":"Vihiga"}},{"type":"Feature","geometry":{"type":"Point","coordinates":[34.81076,0.086657]},"properties":{"id":"262027355","n":"Injelula Water Spring No 1538","t":"ps","c":"Vihiga"}},{"type":"Feature","geometry":{"type":"Point","coordinates":[34.830697,0.128174]},"properties":{"id":"523264688","n":"Jivuye, PS, 2","t":"ps","c":"Vihiga"}},{"type":"Feature","geometry":{"type":"Point","coordinates":[34.827659,0.131295]},"properties":{"id":"523306698","n":"Shiveye, PS, 4","t":"ps","c":"Vihiga"}},{"type":"Feature","geometry":{"type":"Point","coordinates":[34.844429,0.096409]},"properties":{"id":"523337339","n":"Vichina PS Margret Jumba","t":"ps","c":"Vihiga"}},{"type":"Feature","geometry":{"type":"Point","coordinates":[34.824966,0.088503]},"properties":{"id":"523342788","n":"Vasuba PS Barnabas","t":"ps","c":"Vihiga"}},{"type":"Feature","geometry":{"type":"Point","coordinates":[34.856962,0.101839]},"properties":{"id":"523324810","n":"Vakhuvera US Amuhanda","t":"us","c":"Vihiga"}},{"type":"Feature","geometry":{"type":"Point","coordinates":[34.848358,0.107283]},"properties":{"id":"523212849","n":"Valimburi US Ambrose Mukonyi","t":"us","c":"Vihiga"}},{"type":"Feature","geometry":{"type":"Point","coordinates":[34.837251,0.098986]},"properties":{"id":"523212038","n":"Virembe A PS 1","t":"ps","c":"Vihiga"}},{"type":"Feature","geometry":{"type":"Point","coordinates":[34.826235,0.096769]},"properties":{"id":"523252177","n":"Vaambo PS Masuveni","t":"ps","c":"Vihiga"}},{"type":"Feature","geometry":{"type":"Point","coordinates":[34.811381,0.105699]},"properties":{"id":"10558380","n":"Wadianyi Water Spring","t":"ps","c":"Vihiga"}},{"type":"Feature","geometry":{"type":"Point","coordinates":[34.837405,0.106178]},"properties":{"id":"523309691","n":"Vamoiya PS Kavai","t":"ps","c":"Vihiga"}},{"type":"Feature","geometry":{"type":"Point","coordinates":[34.830532,0.125688]},"properties":{"id":"17388375","n":"Bumavi, Esther Spring - 18095","t":"ps","c":"Vihiga"}},{"type":"Feature","geometry":{"type":"Point","coordinates":[34.856017,0.111941]},"properties":{"id":"523325763","n":"Valukhova PD John Shikunye","t":"pdw","c":"Vihiga"}},{"type":"Feature","geometry":{"type":"Point","coordinates":[34.824813,0.088553]},"properties":{"id":"382181801","n":"Visulu Water Spring No 1707","t":"ps","c":"Vihiga"}},{"type":"Feature","geometry":{"type":"Point","coordinates":[34.818266,0.10382]},"properties":{"id":"523250577","n":"Vichina PS Efetsa","t":"ps","c":"Vihiga"}},{"type":"Feature","geometry":{"type":"Point","coordinates":[34.842421,0.093798]},"properties":{"id":"523307888","n":"Vasuba PS Shamakovi","t":"ps","c":"Vihiga"}},{"type":"Feature","geometry":{"type":"Point","coordinates":[34.852144,0.109724]},"properties":{"id":"523319258","n":"Vakhove pS Joshua Ingaitsa","t":"ps","c":"Vihiga"}},{"type":"Feature","geometry":{"type":"Point","coordinates":[34.842209,0.088987]},"properties":{"id":"523328883","n":"Vasalia PS Isendi","t":"ps","c":"Vihiga"}},{"type":"Feature","geometry":{"type":"Point","coordinates":[34.826351,0.088058]},"properties":{"id":"523252531","n":"Valukhova PS Ingara","t":"ps","c":"Vihiga"}},{"type":"Feature","geometry":{"type":"Point","coordinates":[34.839649,0.103808]},"properties":{"id":"523261513","n":"Virembe A PS 3","t":"ps","c":"Vihiga"}},{"type":"Feature","geometry":{"type":"Point","coordinates":[34.849292,0.090184]},"properties":{"id":"523288648","n":"Valukhova PS Risizi","t":"ps","c":"Vihiga"}},{"type":"Feature","geometry":{"type":"Point","coordinates":[34.848478,0.100756]},"properties":{"id":"523242802","n":"Vasalia PS Asirikwa","t":"ps","c":"Vihiga"}},{"type":"Feature","geometry":{"type":"Point","coordinates":[34.82241,0.087845]},"properties":{"id":"442052975","n":"Shitiavai Water Spring No 1774","t":"ps","c":"Vihiga"}},{"type":"Feature","geometry":{"type":"Point","coordinates":[34.836063,0.088624]},"properties":{"id":"523319430","n":"Vashisungu US Aggrey Musia","t":"us","c":"Vihiga"}},{"type":"Feature","geometry":{"type":"Point","coordinates":[34.857164,0.109585]},"properties":{"id":"523199571","n":"Vamalava US Inyanje","t":"us","c":"Vihiga"}},{"type":"Feature","geometry":{"type":"Point","coordinates":[34.85347,0.098599]},"properties":{"id":"523248444","n":"Vasalia US Wasa Musoni","t":"us","c":"Vihiga"}},{"type":"Feature","geometry":{"type":"Point","coordinates":[34.843008,0.09674]},"properties":{"id":"523217208","n":"Virembe B US 1","t":"us","c":"Vihiga"}},{"type":"Feature","geometry":{"type":"Point","coordinates":[34.844552,0.11443]},"properties":{"id":"360576795","n":"Sakwa Water Spring No","t":"ps","c":"Vihiga"}},{"type":"Feature","geometry":{"type":"Point","coordinates":[34.846987,0.099186]},"properties":{"id":"523214913","n":"Vasuba PS Francis Andika","t":"ps","c":"Vihiga"}},{"type":"Feature","geometry":{"type":"Point","coordinates":[34.851324,0.085986]},"properties":{"id":"523306784","n":"Vachisinde PD Shadrack","t":"pdw","c":"Vihiga"}},{"type":"Feature","geometry":{"type":"Point","coordinates":[34.850968,0.120937]},"properties":{"id":"523219736","n":"Kisingoi US 1","t":"us","c":"Vihiga"}},{"type":"Feature","geometry":{"type":"Point","coordinates":[34.847667,0.091912]},"properties":{"id":"248690711","n":"Wajohn Water Spring No 1519","t":"ps","c":"Vihiga"}},{"type":"Feature","geometry":{"type":"Point","coordinates":[34.83152,0.119952]},"properties":{"id":"51546012","n":"Bumira, Imbwaga Spring - 19158","t":"ps","c":"Vihiga"}},{"type":"Feature","geometry":{"type":"Point","coordinates":[34.83974,0.118707]},"properties":{"id":"523275136","n":"Jivovoli B US 1","t":"us","c":"Vihiga"}},{"type":"Feature","geometry":{"type":"Point","coordinates":[34.81121,0.08465]},"properties":{"id":"250774517","n":"Mahwa Water Spring No 1524","t":"ps","c":"Vihiga"}},{"type":"Feature","geometry":{"type":"Point","coordinates":[34.832935,0.087949]},"properties":{"id":"523262545","n":"Vasuba US Isausi","t":"us","c":"Vihiga"}},{"type":"Feature","geometry":{"type":"Point","coordinates":[34.84006,0.092375]},"properties":{"id":"523242091","n":"Valukhova US Rinuli Lusasi","t":"us","c":"Vihiga"}},{"type":"Feature","geometry":{"type":"Point","coordinates":[34.827138,0.093646]},"properties":{"id":"523264406","n":"Vamusali PS Alulu","t":"ps","c":"Vihiga"}},{"type":"Feature","geometry":{"type":"Point","coordinates":[34.835564,0.092156]},"properties":{"id":"523212722","n":"Vasaina US Khaunzu","t":"us","c":"Vihiga"}},{"type":"Feature","geometry":{"type":"Point","coordinates":[34.830764,0.08827]},"properties":{"id":"523212894","n":"Vasuba UD Atachi","t":"udw","c":"Vihiga"}},{"type":"Feature","geometry":{"type":"Point","coordinates":[34.85789,0.108095]},"properties":{"id":"523277853","n":"Vamalava US Waberu","t":"us","c":"Vihiga"}},{"type":"Feature","geometry":{"type":"Point","coordinates":[34.856297,0.09319]},"properties":{"id":"246654863","n":"Jepkorit Water Spring No 1517","t":"ps","c":"Vihiga"}},{"type":"Feature","geometry":{"type":"Point","coordinates":[34.821056,0.100972]},"properties":{"id":"523245867","n":"Vichina PS Mulira Simeon","t":"pdw","c":"Vihiga"}},{"type":"Feature","geometry":{"type":"Point","coordinates":[34.853942,0.09868]},"properties":{"id":"264403052","n":"Kamnono Water Spring No 1541","t":"ps","c":"Vihiga"}},{"type":"Feature","geometry":{"type":"Point","coordinates":[34.856828,0.120037]},"properties":{"id":"523314576","n":"Shipala PD 3","t":"pdw","c":"Vihiga"}},{"type":"Feature","geometry":{"type":"Point","coordinates":[34.847113,0.109686]},"properties":{"id":"523273385","n":"Valukhova US Anyika","t":"us","c":"Vihiga"}},{"type":"Feature","geometry":{"type":"Point","coordinates":[34.850362,0.109868]},"properties":{"id":"523304263","n":"Vatura PS Imaya","t":"ps","c":"Vihiga"}},{"type":"Feature","geometry":{"type":"Point","coordinates":[34.816769,0.110501]},"properties":{"id":"10558476","n":"Wakenisani Spring","t":"ps","c":"Vihiga"}},{"type":"Feature","geometry":{"type":"Point","coordinates":[34.854701,0.090387]},"properties":{"id":"523315814","n":"Vasamia PS Asoka","t":"ps","c":"Vihiga"}},{"type":"Feature","geometry":{"type":"Point","coordinates":[34.810539,0.085246]},"properties":{"id":"523306966","n":"Valukhova PS Nathan Luvayo","t":"ps","c":"Vihiga"}},{"type":"Feature","geometry":{"type":"Point","coordinates":[34.818343,0.096357]},"properties":{"id":"374552073","n":"Kwavidolo Water Spring No 1686","t":"ps","c":"Vihiga"}},{"type":"Feature","geometry":{"type":"Point","coordinates":[34.824557,0.102464]},"properties":{"id":"366924909","n":"Chepkuony Community, Lwandoni Spring - 22065","t":"ps","c":"Vihiga"}},{"type":"Feature","geometry":{"type":"Point","coordinates":[34.843821,0.089138]},"properties":{"id":"523266707","n":"Vakhuvera PD Elijah Asubwa","t":"pdw","c":"Vihiga"}},{"type":"Feature","geometry":{"type":"Point","coordinates":[34.820283,0.124618]},"properties":{"id":"48271552","n":"Wamigasa Water spring No 1082","t":"ps","c":"Vihiga"}},{"type":"Feature","geometry":{"type":"Point","coordinates":[34.850636,0.113338]},"properties":{"id":"679035497","n":"Musukura Primary School - 22256","t":"bh","c":"Vihiga","d":100.0}},{"type":"Feature","geometry":{"type":"Point","coordinates":[34.846693,0.087978]},"properties":{"id":"523337638","n":"Vaunami PS Shikonye","t":"ps","c":"Vihiga"}},{"type":"Feature","geometry":{"type":"Point","coordinates":[34.84679,0.10713]},"properties":{"id":"25795606","n":"Kisasi, Edward Sabwa Spring - 19164","t":"ps","c":"Vihiga"}},{"type":"Feature","geometry":{"type":"Point","coordinates":[34.85747,0.090918]},"properties":{"id":"523285432","n":"Vakhuvera US Irevaitsa","t":"us","c":"Vihiga"}},{"type":"Feature","geometry":{"type":"Point","coordinates":[34.84936,0.091357]},"properties":{"id":"262053352","n":"Wakole Water Spring No 1539","t":"ps","c":"Vihiga"}},{"type":"Feature","geometry":{"type":"Point","coordinates":[34.81686,0.106669]},"properties":{"id":"10558445","n":"Musa Spring","t":"ps","c":"Vihiga"}},{"type":"Feature","geometry":{"type":"Point","coordinates":[34.848905,0.085404]},"properties":{"id":"523268046","n":"Valukhova US Richard","t":"us","c":"Vihiga"}},{"type":"Feature","geometry":{"type":"Point","coordinates":[34.840153,0.10102]},"properties":{"id":"360405297","n":"Lukuyani Water Spring No 1676","t":"ps","c":"Vihiga"}},{"type":"Feature","geometry":{"type":"Point","coordinates":[34.857395,0.103597]},"properties":{"id":"307592257","n":"Kwaikadwa Water Spring No 1575","t":"ps","c":"Vihiga"}},{"type":"Feature","geometry":{"type":"Point","coordinates":[34.851527,0.088826]},"properties":{"id":"523199344","n":"Vandeka US Mark","t":"us","c":"Vihiga"}},{"type":"Feature","geometry":{"type":"Point","coordinates":[34.854604,0.089784]},"properties":{"id":"523336895","n":"Vatura US Anemesi","t":"us","c":"Vihiga"}},{"type":"Feature","geometry":{"type":"Point","coordinates":[34.816825,0.113128]},"properties":{"id":"10558490","n":"Walmudza Spring","t":"ps","c":"Vihiga"}},{"type":"Feature","geometry":{"type":"Point","coordinates":[34.813367,0.087034]},"properties":{"id":"523198312","n":"Vasuba US Andrea Mbachira","t":"us","c":"Vihiga"}},{"type":"Feature","geometry":{"type":"Point","coordinates":[34.853552,0.09218]},"properties":{"id":"523331443","n":"Vasamia Edith Masiza","t":"pdw","c":"Vihiga"}},{"type":"Feature","geometry":{"type":"Point","coordinates":[34.852258,0.098417]},"properties":{"id":"523269236","n":"Vashikunga PS Wachemei","t":"ps","c":"Vihiga"}},{"type":"Feature","geometry":{"type":"Point","coordinates":[34.878036,0.140803]},"properties":{"id":"523348461","n":"Kaptik US 4","t":"us","c":"Vihiga"}},{"type":"Feature","geometry":{"type":"Point","coordinates":[34.850307,0.15167]},"properties":{"id":"523319320","n":"Bulukhombe A, US, 8","t":"us","c":"Vihiga"}},{"type":"Feature","geometry":{"type":"Point","coordinates":[34.846238,0.158758]},"properties":{"id":"441346341","n":"Alulu Water Spring No 1760","t":"ps","c":"Vihiga"}},{"type":"Feature","geometry":{"type":"Point","coordinates":[34.86391,0.139949]},"properties":{"id":"523309787","n":"Shaviringa A, US, 7","t":"us","c":"Vihiga"}},{"type":"Feature","geometry":{"type":"Point","coordinates":[34.890268,0.178487]},"properties":{"id":"561114693","n":"Asacha Water Spring No 1828","t":"ps","c":"Vihiga"}},{"type":"Feature","geometry":{"type":"Point","coordinates":[34.867253,0.131942]},"properties":{"id":"523347312","n":"Jeptulu PS 1","t":"ps","c":"Vihiga"}},{"type":"Feature","geometry":{"type":"Point","coordinates":[34.852323,0.145312]},"properties":{"id":"411708645","n":"Kongo Water Spring No 1740","t":"ps","c":"Vihiga"}},{"type":"Feature","geometry":{"type":"Point","coordinates":[34.857688,0.130405]},"properties":{"id":"523347192","n":"Jeptulu PS 4","t":"ps","c":"Vihiga"}},{"type":"Feature","geometry":{"type":"Point","coordinates":[34.863162,0.139102]},"properties":{"id":"449803824","n":"Wachiteyi Water Spring No 1776","t":"ps","c":"Vihiga"}},{"type":"Feature","geometry":{"type":"Point","coordinates":[34.895064,0.165007]},"properties":{"id":"523264891","n":"Malovi A PS 2","t":"ps","c":"Vihiga"}},{"type":"Feature","geometry":{"type":"Point","coordinates":[34.89938,0.167935]},"properties":{"id":"523289553","n":"Musunji US 2","t":"us","c":"Vihiga"}},{"type":"Feature","geometry":{"type":"Point","coordinates":[34.8551,0.14808]},"properties":{"id":"561114284","n":"Muhanji Water Spring No 1797","t":"ps","c":"Vihiga"}},{"type":"Feature","geometry":{"type":"Point","coordinates":[34.898558,0.163946]},"properties":{"id":"523292151","n":"Musunji US 5","t":"us","c":"Vihiga"}},{"type":"Feature","geometry":{"type":"Point","coordinates":[34.856796,0.161447]},"properties":{"id":"523242228","n":"Kamulembe, US, 1","t":"us","c":"Vihiga"}},{"type":"Feature","geometry":{"type":"Point","coordinates":[34.860537,0.134107]},"properties":{"id":"523251808","n":"Mahanga B, PS, 3","t":"ps","c":"Vihiga"}},{"type":"Feature","geometry":{"type":"Point","coordinates":[34.898245,0.162648]},"properties":{"id":"523347776","n":"Musunji PD 7","t":"pdw","c":"Vihiga"}},{"type":"Feature","geometry":{"type":"Point","coordinates":[34.862792,0.154025]},"properties":{"id":"523277619","n":"Makuchi, US, 1","t":"us","c":"Vihiga"}},{"type":"Feature","geometry":{"type":"Point","coordinates":[34.853645,0.145279]},"properties":{"id":"523323527","n":"Makuchi, PS, 4","t":"ps","c":"Vihiga"}},{"type":"Feature","geometry":{"type":"Point","coordinates":[34.894232,0.161097]},"properties":{"id":"561114480","n":"Shimini Water Spring No 1810","t":"ps","c":"Vihiga"}},{"type":"Feature","geometry":{"type":"Point","coordinates":[34.897988,0.163032]},"properties":{"id":"523325024","n":"Musunji PD 6","t":"pdw","c":"Vihiga"}},{"type":"Feature","geometry":{"type":"Point","coordinates":[34.901595,0.158108]},"properties":{"id":"523305800","n":"Sukura B PS 3","t":"ps","c":"Vihiga"}},{"type":"Feature","geometry":{"type":"Point","coordinates":[34.880602,0.145705]},"properties":{"id":"366925137","n":"Kaptik Primary School - 22254","t":"bh","c":"Vihiga","d":100.0}},{"type":"Feature","geometry":{"type":"Point","coordinates":[34.86521,0.144355]},"properties":{"id":"427254929","n":"Wakisia Water Spring No 1766","t":"ps","c":"Vihiga"}},{"type":"Feature","geometry":{"type":"Point","coordinates":[34.888608,0.179467]},"properties":{"id":"561114624","n":"Muzori Water Spring No 1827","t":"ps","c":"Vihiga"}},{"type":"Feature","geometry":{"type":"Point","coordinates":[34.88849,0.180982]},"properties":{"id":"523252373","n":"Masuguvi US 8","t":"us","c":"Vihiga"}},{"type":"Feature","geometry":{"type":"Point","coordinates":[34.869262,0.143674]},"properties":{"id":"523264451","n":"Shaviringa A, US, 3","t":"us","c":"Vihiga"}},{"type":"Feature","geometry":{"type":"Point","coordinates":[34.892872,0.175383]},"properties":{"id":"561114428","n":"Ndoli Water Spring No 1815","t":"ps","c":"Vihiga"}},{"type":"Feature","geometry":{"type":"Point","coordinates":[34.834091,0.159011]},"properties":{"id":"523313537","n":"Shiandukuli, PS, 2","t":"ps","c":"Vihiga"}},{"type":"Feature","geometry":{"type":"Point","coordinates":[34.893487,0.170655]},"properties":{"id":"561115395","n":"Mwoshi Water Spring No 1876","t":"ps","c":"Vihiga"}},{"type":"Feature","geometry":{"type":"Point","coordinates":[34.887912,0.179585]},"properties":{"id":"523232616","n":"Masuguvi PS 5","t":"ps","c":"Vihiga"}},{"type":"Feature","geometry":{"type":"Point","coordinates":[34.839056,0.159178]},"properties":{"id":"523257000","n":"Muhudu A, PS, 2","t":"ps","c":"Vihiga"}},{"type":"Feature","geometry":{"type":"Point","coordinates":[34.89803,0.170173]},"properties":{"id":"561114552","n":"Ingasa Water Spring No 1807","t":"ps","c":"Vihiga"}},{"type":"Feature","geometry":{"type":"Point","coordinates":[34.873095,0.138207]},"properties":{"id":"385569525","n":"Shaviringa Primary School - 22227","t":"bh","c":"Vihiga","d":100.0}},{"type":"Feature","geometry":{"type":"Point","coordinates":[34.905452,0.160703]},"properties":{"id":"523207146","n":"Musunji US 11","t":"us","c":"Vihiga"}},{"type":"Feature","geometry":{"type":"Point","coordinates":[34.896298,0.16118]},"properties":{"id":"523330909","n":"Malovi PS 5","t":"ps","c":"Vihiga"}},{"type":"Feature","geometry":{"type":"Point","coordinates":[34.85724,0.151258]},"properties":{"id":"416580893","n":"Makuchi Primary School - 22202","t":"bh","c":"Vihiga","d":100.0}},{"type":"Feature","geometry":{"type":"Point","coordinates":[34.863885,0.139922]},"properties":{"id":"444888332","n":"Ikhabi Water Spring No 1775","t":"ps","c":"Vihiga"}},{"type":"Feature","geometry":{"type":"Point","coordinates":[34.837972,0.159856]},"properties":{"id":"523224879","n":"Muhudu A, US, 1","t":"us","c":"Vihiga"}},{"type":"Feature","geometry":{"type":"Point","coordinates":[34.857021,0.125742]},"properties":{"id":"574294458","n":"Kaimosi Boys High School - 23007","t":"bh","c":"Vihiga","d":66.0}},{"type":"Feature","geometry":{"type":"Point","coordinates":[34.887898,0.175953]},"properties":{"id":"523274946","n":"Masuguvi PD 2","t":"pdw","c":"Vihiga"}},{"type":"Feature","geometry":{"type":"Point","coordinates":[34.898598,0.15774]},"properties":{"id":"523350219","n":"Sukura B US 6","t":"us","c":"Vihiga"}},{"type":"Feature","geometry":{"type":"Point","coordinates":[34.840517,0.158331]},"properties":{"id":"523334460","n":"Llari, US, 1","t":"us","c":"Vihiga"}},{"type":"Feature","geometry":{"type":"Point","coordinates":[34.894982,0.165113]},"properties":{"id":"561115364","n":"Muhembi Water Spring No 1875","t":"ps","c":"Vihiga"}},{"type":"Feature","geometry":{"type":"Point","coordinates":[34.851273,0.149122]},"properties":{"id":"523265524","n":"Bulukhombe A, PS, 1","t":"ps","c":"Vihiga"}},{"type":"Feature","geometry":{"type":"Point","coordinates":[34.864837,0.129923]},"properties":{"id":"523325639","n":"Singong'o B PS 5","t":"ps","c":"Vihiga"}},{"type":"Feature","geometry":{"type":"Point","coordinates":[34.869405,0.135468]},"properties":{"id":"523224817","n":"Singong'o B PS 3","t":"ps","c":"Vihiga"}},{"type":"Feature","geometry":{"type":"Point","coordinates":[34.886722,0.17308]},"properties":{"id":"561114648","n":"Malovi Water Spring No 1831","t":"ps","c":"Vihiga"}},{"type":"Feature","geometry":{"type":"Point","coordinates":[34.904548,0.161687]},"properties":{"id":"561114576","n":"Adiga Water Spring No 1814","t":"ps","c":"Vihiga"}},{"type":"Feature","geometry":{"type":"Point","coordinates":[34.901728,0.158088]},"properties":{"id":"561114796","n":"Avosa Water Spring No 1842","t":"ps","c":"Vihiga"}},{"type":"Feature","geometry":{"type":"Point","coordinates":[34.902655,0.161955]},"properties":{"id":"561114631","n":"Kwaliyai Water Spring No 1830","t":"ps","c":"Vihiga"}},{"type":"Feature","geometry":{"type":"Point","coordinates":[34.862829,0.134676]},"properties":{"id":"523268424","n":"Mahanga A, PS, 5","t":"ps","c":"Vihiga"}},{"type":"Feature","geometry":{"type":"Point","coordinates":[34.835075,0.158833]},"properties":{"id":"523235767","n":"Ivumbu, PS, 1","t":"ps","c":"Vihiga"}},{"type":"Feature","geometry":{"type":"Point","coordinates":[34.848743,0.152617]},"properties":{"id":"440035219","n":"Kevo Water Spring No 1782","t":"ps","c":"Vihiga"}},{"type":"Feature","geometry":{"type":"Point","coordinates":[34.845952,0.155035]},"properties":{"id":"561114112","n":"Kavuyonje Water No 1781","t":"ps","c":"Vihiga"}},{"type":"Feature","geometry":{"type":"Point","coordinates":[34.887587,0.173955]},"properties":{"id":"523306409","n":"Jidereri US 1","t":"us","c":"Vihiga"}},{"type":"Feature","geometry":{"type":"Point","coordinates":[34.869187,0.136493]},"properties":{"id":"427291656","n":"Mkauka Water Spring No 1767","t":"ps","c":"Vihiga"}},{"type":"Feature","geometry":{"type":"Point","coordinates":[34.899103,0.161015]},"properties":{"id":"523263522","n":"Malovi PD 6","t":"pdw","c":"Vihiga"}},{"type":"Feature","geometry":{"type":"Point","coordinates":[34.890273,0.178608]},"properties":{"id":"523343442","n":"Masuguvi US 10","t":"us","c":"Vihiga"}},{"type":"Feature","geometry":{"type":"Point","coordinates":[34.846372,0.158734]},"properties":{"id":"523253178","n":"Bulukhombe B, US, 1","t":"us","c":"Vihiga"}},{"type":"Feature","geometry":{"type":"Point","coordinates":[34.851285,0.15684]},"properties":{"id":"440020509","n":"Anduka Water Spring No 1762","t":"ps","c":"Vihiga"}},{"type":"Feature","geometry":{"type":"Point","coordinates":[34.86767,0.136623]},"properties":{"id":"427291072","n":"Mwitsikolo Water Spring No 1758","t":"ps","c":"Vihiga"}},{"type":"Feature","geometry":{"type":"Point","coordinates":[34.863269,0.140273]},"properties":{"id":"523263209","n":"Mahanga A, US, 2","t":"us","c":"Vihiga"}},{"type":"Feature","geometry":{"type":"Point","coordinates":[34.858161,0.145976]},"properties":{"id":"523261953","n":"Makuchi, PS, 3","t":"ps","c":"Vihiga"}},{"type":"Feature","geometry":{"type":"Point","coordinates":[34.852311,0.145327]},"properties":{"id":"523307929","n":"Makuchi, US, 5","t":"us","c":"Vihiga"}},{"type":"Feature","geometry":{"type":"Point","coordinates":[34.895325,0.167432]},"properties":{"id":"702612969","n":"Isalanwa  Water Spring No 1905","t":"ps","c":"Vihiga"}},{"type":"Feature","geometry":{"type":"Point","coordinates":[34.870827,0.14792]},"properties":{"id":"561114291","n":"Mayodi Water Spring No 1799","t":"ps","c":"Vihiga"}},{"type":"Feature","geometry":{"type":"Point","coordinates":[34.869848,0.143339]},"properties":{"id":"523217095","n":"Shaviringa A, US, 2","t":"us","c":"Vihiga"}},{"type":"Feature","geometry":{"type":"Point","coordinates":[34.870428,0.136948]},"properties":{"id":"523325079","n":"Shaviringa B, US, 1","t":"us","c":"Vihiga"}},{"type":"Feature","geometry":{"type":"Point","coordinates":[34.854177,0.155742]},"properties":{"id":"561114394","n":"Kalava Water Spring No 1826","t":"ps","c":"Vihiga"}},{"type":"Feature","geometry":{"type":"Point","coordinates":[34.859837,0.146603]},"properties":{"id":"561114404","n":"Mukhoto Water Spring No 1820","t":"ps","c":"Vihiga"}},{"type":"Feature","geometry":{"type":"Point","coordinates":[34.863267,0.140273]},"properties":{"id":"561114363","n":"Lusava Water Spring No 1800","t":"ps","c":"Vihiga"}},{"type":"Feature","geometry":{"type":"Point","coordinates":[34.84724,0.16587]},"properties":{"id":"523246552","n":"Shirumba, PS, 2","t":"ps","c":"Vihiga"}},{"type":"Feature","geometry":{"type":"Point","coordinates":[34.899652,0.157033]},"properties":{"id":"523311999","n":"Sukura B PD 7","t":"pdw","c":"Vihiga"}},{"type":"Feature","geometry":{"type":"Point","coordinates":[34.894518,0.17275]},"properties":{"id":"561114521","n":"Aluda Water Spring No 1808","t":"ps","c":"Vihiga"}},{"type":"Feature","geometry":{"type":"Point","coordinates":[34.892457,0.172855]},"properties":{"id":"523348038","n":"Jidereri US 5","t":"us","c":"Vihiga"}},{"type":"Feature","geometry":{"type":"Point","coordinates":[34.89414,0.160347]},"properties":{"id":"523240738","n":"Malovi B US 3","t":"us","c":"Vihiga"}},{"type":"Feature","geometry":{"type":"Point","coordinates":[34.89433,0.163192]},"properties":{"id":"523263175","n":"Malovi B PD 4","t":"pdw","c":"Vihiga"}},{"type":"Feature","geometry":{"type":"Point","coordinates":[34.8891,0.178158]},"properties":{"id":"523335612","n":"Masuguvi PS 3","t":"ps","c":"Vihiga"}},{"type":"Feature","geometry":{"type":"Point","coordinates":[34.87065,0.136823]},"properties":{"id":"426957506","n":"Kwainyanje Water Spring No 1756","t":"ps","c":"Vihiga"}},{"type":"Feature","geometry":{"type":"Point","coordinates":[34.855692,0.148292]},"properties":{"id":"561114239","n":"Ayamunda Water Spring No 1780","t":"ps","c":"Vihiga"}},{"type":"Feature","geometry":{"type":"Point","coordinates":[34.898787,0.160053]},"properties":{"id":"561114765","n":"Chengo Water Spring No 1832","t":"ps","c":"Vihiga"}},{"type":"Feature","geometry":{"type":"Point","coordinates":[34.860002,0.143877]},"properties":{"id":"523299251","n":"Bvundolovo, US, 3","t":"us","c":"Vihiga"}},{"type":"Feature","geometry":{"type":"Point","coordinates":[34.872777,0.1427]},"properties":{"id":"430495656","n":"Malenya Water Spring No 1757","t":"ps","c":"Vihiga"}},{"type":"Feature","geometry":{"type":"Point","coordinates":[34.899392,0.167936]},"properties":{"id":"702612952","n":"Shivairo  Water Spring No 1906","t":"ps","c":"Vihiga"}},{"type":"Feature","geometry":{"type":"Point","coordinates":[34.890403,0.176395]},"properties":{"id":"561114617","n":"Mavundi Water Spring No 1829","t":"ps","c":"Vihiga"}},{"type":"Feature","geometry":{"type":"Point","coordinates":[34.8904,0.17112]},"properties":{"id":"523306674","n":"Jidereri PD 3","t":"pdw","c":"Vihiga"}},{"type":"Feature","geometry":{"type":"Point","coordinates":[34.860523,0.141915]},"properties":{"id":"561114277","n":"Sakali Water Spring No 1798","t":"ps","c":"Vihiga"}},{"type":"Feature","geometry":{"type":"Point","coordinates":[34.894505,0.172757]},"properties":{"id":"523292546","n":"Jidededi US 6","t":"us","c":"Vihiga"}},{"type":"Feature","geometry":{"type":"Point","coordinates":[34.899632,0.158763]},"properties":{"id":"523216180","n":"Sukura B US 5","t":"us","c":"Vihiga"}},{"type":"Feature","geometry":{"type":"Point","coordinates":[34.859333,0.155593]},"properties":{"id":"523205632","n":"Makuchi, PS, 2","t":"ps","c":"Vihiga"}},{"type":"Feature","geometry":{"type":"Point","coordinates":[34.867057,0.140765]},"properties":{"id":"523311126","n":"Shaviringa A, US, 11","t":"us","c":"Vihiga"}},{"type":"Feature","geometry":{"type":"Point","coordinates":[34.873203,0.139645]},"properties":{"id":"433511920","n":"Kavaya Water Spring No 1768","t":"ps","c":"Vihiga"}},{"type":"Feature","geometry":{"type":"Point","coordinates":[34.842954,0.156755]},"properties":{"id":"523213369","n":"Llari, US, 3","t":"us","c":"Vihiga"}},{"type":"Feature","geometry":{"type":"Point","coordinates":[34.872257,0.141024]},"properties":{"id":"523348698","n":"Shaviringa A, US, 14","t":"us","c":"Vihiga"}},{"type":"Feature","geometry":{"type":"Point","coordinates":[34.879361,0.142538]},"properties":{"id":"523270100","n":"Kaptik PS 2","t":"ps","c":"Vihiga"}},{"type":"Feature","geometry":{"type":"Point","coordinates":[34.864709,0.144893]},"properties":{"id":"523332004","n":"Bvundolovo, PS, 1","t":"ps","c":"Vihiga"}},{"type":"Feature","geometry":{"type":"Point","coordinates":[34.892422,0.1729]},"properties":{"id":"561114538","n":"Obonyo Water Spring No 1809","t":"ps","c":"Vihiga"}},{"type":"Feature","geometry":{"type":"Point","coordinates":[34.894718,0.162773]},"properties":{"id":"523305051","n":"Malovi B PD 1","t":"pdw","c":"Vihiga"}},{"type":"Feature","geometry":{"type":"Point","coordinates":[34.872919,0.139357]},"properties":{"id":"523264767","n":"Shaviringa A, PS, 20","t":"ps","c":"Vihiga"}},{"type":"Feature","geometry":{"type":"Point","coordinates":[34.849777,0.16362]},"properties":{"id":"561114174","n":"Likhula Water Spring No 1793","t":"ps","c":"Vihiga"}},{"type":"Feature","geometry":{"type":"Point","coordinates":[34.896302,0.161208]},"properties":{"id":"561114909","n":"Nehemiah Water Spring No 1841","t":"ps","c":"Vihiga"}},{"type":"Feature","geometry":{"type":"Point","coordinates":[34.895547,0.17295]},"properties":{"id":"523225461","n":"Jidereri PD 7","t":"pdw","c":"Vihiga"}},{"type":"Feature","geometry":{"type":"Point","coordinates":[34.848234,0.147704]},"properties":{"id":"523322674","n":"Bulukhombe A, PS, 3","t":"ps","c":"Vihiga"}},{"type":"Feature","geometry":{"type":"Point","coordinates":[34.894252,0.15909]},"properties":{"id":"523305848","n":"Malovi B US 4","t":"us","c":"Vihiga"}},{"type":"Feature","geometry":{"type":"Point","coordinates":[34.878497,0.147661]},"properties":{"id":"523295934","n":"Manzalala B PS 2","t":"ps","c":"Vihiga"}},{"type":"Feature","geometry":{"type":"Point","coordinates":[34.892848,0.165655]},"properties":{"id":"523198116","n":"Malovi A US 3","t":"us","c":"Vihiga"}},{"type":"Feature","geometry":{"type":"Point","coordinates":[34.849794,0.159088]},"properties":{"id":"523322155","n":"Kamulembe A, PS, 1","t":"ps","c":"Vihiga"}},{"type":"Feature","geometry":{"type":"Point","coordinates":[34.917255,0.18258]},"properties":{"id":"523234498","n":"Lukose PD 4","t":"pdw","c":"Vihiga"}},{"type":"Feature","geometry":{"type":"Point","coordinates":[34.848645,0.152698]},"properties":{"id":"523347123","n":"Bulukhombe A, PS, 7","t":"ps","c":"Vihiga"}},{"type":"Feature","geometry":{"type":"Point","coordinates":[34.856749,0.128776]},"properties":{"id":"290455393","n":"Friends Kaimosi Special Primary School - 21239","t":"bh","c":"Vihiga","d":100.0}},{"type":"Feature","geometry":{"type":"Point","coordinates":[34.864562,0.144453]},"properties":{"id":"523210562","n":"Shaviringa A, PS, 5","t":"ps","c":"Vihiga"}},{"type":"Feature","geometry":{"type":"Point","coordinates":[34.8598,0.133833]},"properties":{"id":"561114325","n":"Ikutwa Water Spring No 1819","t":"ps","c":"Vihiga"}},{"type":"Feature","geometry":{"type":"Point","coordinates":[34.847362,0.151374]},"properties":{"id":"523226527","n":"Bulukhombe A, PS, 4","t":"ps","c":"Vihiga"}},{"type":"Feature","geometry":{"type":"Point","coordinates":[34.848377,0.14775]},"properties":{"id":"411704153","n":"Madaga Water Spring No 1742","t":"ps","c":"Vihiga"}},{"type":"Feature","geometry":{"type":"Point","coordinates":[34.873475,0.140615]},"properties":{"id":"415595629","n":"Isiebeye Water Spring No 1739","t":"ps","c":"Vihiga"}},{"type":"Feature","geometry":{"type":"Point","coordinates":[34.84056,0.15836]},"properties":{"id":"561114208","n":"Mukhaya Water Spring No 1792","t":"ps","c":"Vihiga"}},{"type":"Feature","geometry":{"type":"Point","coordinates":[34.888202,0.175113]},"properties":{"id":"523197218","n":"Masuguvi PD 1","t":"pdw","c":"Vihiga"}},{"type":"Feature","geometry":{"type":"Point","coordinates":[34.886688,0.180252]},"properties":{"id":"523232991","n":"Masuguvi PS 6","t":"ps","c":"Vihiga"}},{"type":"Feature","geometry":{"type":"Point","coordinates":[34.893547,0.170603]},"properties":{"id":"523320335","n":"Jidereri PS 4","t":"ps","c":"Vihiga"}},{"type":"Feature","geometry":{"type":"Point","coordinates":[34.863023,0.12807]},"properties":{"id":"661122419","n":"Jeptulu Primary School - 410016","t":"bh","c":"Vihiga","d":90.0}},{"type":"Feature","geometry":{"type":"Point","coordinates":[34.840052,0.155987]},"properties":{"id":"523318563","n":"Llari, US, 2","t":"us","c":"Vihiga"}},{"type":"Feature","geometry":{"type":"Point","coordinates":[34.846266,0.158755]},"properties":{"id":"523292797","n":"Bulukhombe B, US, 2","t":"us","c":"Vihiga"}},{"type":"Feature","geometry":{"type":"Point","coordinates":[34.853422,0.158923]},"properties":{"id":"561114167","n":"Wapali Water Spring No 1796","t":"ps","c":"Vihiga"}},{"type":"Feature","geometry":{"type":"Point","coordinates":[34.84736,0.151347]},"properties":{"id":"440005517","n":"Mvuvu Water Spring No 1759","t":"ps","c":"Vihiga"}},{"type":"Feature","geometry":{"type":"Point","coordinates":[34.869346,0.139954]},"properties":{"id":"523340164","n":"Shaviringa B, US, 3","t":"us","c":"Vihiga"}},{"type":"Feature","geometry":{"type":"Point","coordinates":[34.863665,0.14276]},"properties":{"id":"523246813","n":"Shaviringa A, US, 8","t":"us","c":"Vihiga"}},{"type":"Feature","geometry":{"type":"Point","coordinates":[34.888532,0.179443]},"properties":{"id":"523311975","n":"Masuguvi US 4","t":"us","c":"Vihiga"}},{"type":"Feature","geometry":{"type":"Point","coordinates":[34.8691,0.140088]},"properties":{"id":"427284762","n":"Lihanda Water Spring No 1755","t":"ps","c":"Vihiga"}},{"type":"Feature","geometry":{"type":"Point","coordinates":[34.872183,0.141072]},"properties":{"id":"523274609","n":"Shaviringa A, US, 15","t":"us","c":"Vihiga"}},{"type":"Feature","geometry":{"type":"Point","coordinates":[34.895852,0.155472]},"properties":{"id":"13034359","n":"Kakubudu, Fred Lagueni Spring - 4749","t":"ps","c":"Vihiga"}},{"type":"Feature","geometry":{"type":"Point","coordinates":[34.85757,0.161516]},"properties":{"id":"523207816","n":"Kamulembe, US, 2","t":"us","c":"Vihiga"}},{"type":"Feature","geometry":{"type":"Point","coordinates":[34.860608,0.131154]},"properties":{"id":"523295037","n":"Mahanga B, PS, 1","t":"ps","c":"Vihiga"}},{"type":"Feature","geometry":{"type":"Point","coordinates":[34.871351,0.141615]},"properties":{"id":"523293279","n":"Shaviringa A, US, 21","t":"us","c":"Vihiga"}},{"type":"Feature","geometry":{"type":"Point","coordinates":[34.891342,0.17593]},"properties":{"id":"561114545","n":"Maheri Water Spring No 1817","t":"ps","c":"Vihiga"}},{"type":"Feature","geometry":{"type":"Point","coordinates":[34.869302,0.136413]},"properties":{"id":"523282659","n":"Shaviringa B, US, 2","t":"us","c":"Vihiga"}},{"type":"Feature","geometry":{"type":"Point","coordinates":[34.867563,0.134593]},"properties":{"id":"523259851","n":"Singong'o B PS 4","t":"ps","c":"Vihiga"}},{"type":"Feature","geometry":{"type":"Point","coordinates":[34.854537,0.16102]},"properties":{"id":"334787534","n":"Siekuti Primary School - 21267","t":"bh","c":"Vihiga","d":90.0}},{"type":"Feature","geometry":{"type":"Point","coordinates":[34.902987,0.160295]},"properties":{"id":"561114583","n":"Masiongo Water Spring No 1813","t":"ps","c":"Vihiga"}},{"type":"Feature","geometry":{"type":"Point","coordinates":[34.898746,0.160018]},"properties":{"id":"523340236","n":"Malovi US 8","t":"us","c":"Vihiga"}},{"type":"Feature","geometry":{"type":"Point","coordinates":[34.848139,0.134097]},"properties":{"id":"523314480","n":"Lototo, PS, 2","t":"ps","c":"Vihiga"}},{"type":"Feature","geometry":{"type":"Point","coordinates":[34.868434,0.141589]},"properties":{"id":"523314260","n":"Shaviringa A, US, 12","t":"us","c":"Vihiga"}},{"type":"Feature","geometry":{"type":"Point","coordinates":[34.90267,0.161945]},"properties":{"id":"523308614","n":"Musunji PS 9","t":"ps","c":"Vihiga"}},{"type":"Feature","geometry":{"type":"Point","coordinates":[34.898743,0.165637]},"properties":{"id":"523320328","n":"Musunji PS 3","t":"ps","c":"Vihiga"}},{"type":"Feature","geometry":{"type":"Point","coordinates":[34.866758,0.140608]},"properties":{"id":"523248822","n":"Shaviringa A, US, 9","t":"us","c":"Vihiga"}},{"type":"Feature","geometry":{"type":"Point","coordinates":[34.891298,0.175905]},"properties":{"id":"523237446","n":"Masuguvi US 14","t":"us","c":"Vihiga"}},{"type":"Feature","geometry":{"type":"Point","coordinates":[34.889386,0.171396]},"properties":{"id":"523339197","n":"Jidereri US 2","t":"us","c":"Vihiga"}},{"type":"Feature","geometry":{"type":"Point","coordinates":[34.86037,0.14262]},"properties":{"id":"523317799","n":"Mahanga A, PS, 1","t":"ps","c":"Vihiga"}},{"type":"Feature","geometry":{"type":"Point","coordinates":[34.857352,0.134836]},"properties":{"id":"523327466","n":"Mahanga C, PS, 2","t":"ps","c":"Vihiga"}},{"type":"Feature","geometry":{"type":"Point","coordinates":[34.866965,0.140522]},"properties":{"id":"523302209","n":"Shaviringa A, US, 10","t":"us","c":"Vihiga"}},{"type":"Feature","geometry":{"type":"Point","coordinates":[34.901163,0.158172]},"properties":{"id":"523197706","n":"Sukuru B US 4","t":"us","c":"Vihiga"}},{"type":"Feature","geometry":{"type":"Point","coordinates":[34.859877,0.146484]},"properties":{"id":"523240374","n":"Bvundolovo, PS, 2","t":"ps","c":"Vihiga"}},{"type":"Feature","geometry":{"type":"Point","coordinates":[34.878675,0.144638]},"properties":{"id":"523208790","n":"Manzalala B PD 3","t":"pdw","c":"Vihiga"}},{"type":"Feature","geometry":{"type":"Point","coordinates":[34.848134,0.164577]},"properties":{"id":"523225739","n":"Shirumba, PS, 2","t":"ps","c":"Vihiga"}},{"type":"Feature","geometry":{"type":"Point","coordinates":[34.878488,0.142065]},"properties":{"id":"523262260","n":"Kaptik US 1","t":"us","c":"Vihiga"}},{"type":"Feature","geometry":{"type":"Point","coordinates":[34.851322,0.149092]},"properties":{"id":"561114129","n":"Visako Water Spring No 1783","t":"ps","c":"Vihiga"}},{"type":"Feature","geometry":{"type":"Point","coordinates":[34.872507,0.141567]},"properties":{"id":"430633469","n":"Sagali Water Spring No 1765","t":"ps","c":"Vihiga"}},{"type":"Feature","geometry":{"type":"Point","coordinates":[34.834103,0.159045]},"properties":{"id":"561114947","n":"Liyerero Water Spring No 1847","t":"ps","c":"Vihiga"}},{"type":"Feature","geometry":{"type":"Point","coordinates":[34.85408,0.155943]},"properties":{"id":"523234106","n":"Bulukhombe B, PS, 3","t":"ps","c":"Vihiga"}},{"type":"Feature","geometry":{"type":"Point","coordinates":[34.843674,0.160798]},"properties":{"id":"523275806","n":"Llari, PS, 5","t":"ps","c":"Vihiga"}},{"type":"Feature","geometry":{"type":"Point","coordinates":[34.870782,0.147928]},"properties":{"id":"523340834","n":"Nando Scheme, US, 1","t":"us","c":"Vihiga"}},{"type":"Feature","geometry":{"type":"Point","coordinates":[34.853965,0.145077]},"properties":{"id":"426985330","n":"Ihachi Water Spring No 1754","t":"ps","c":"Vihiga"}},{"type":"Feature","geometry":{"type":"Point","coordinates":[34.909797,0.159168]},"properties":{"id":"561115223","n":"Shiru Water Spring No 1873","t":"ps","c":"Vihiga"}},{"type":"Feature","geometry":{"type":"Point","coordinates":[34.902825,0.160352]},"properties":{"id":"523312062","n":"Musunji US 8","t":"us","c":"Vihiga"}},{"type":"Feature","geometry":{"type":"Point","coordinates":[34.869993,0.143182]},"properties":{"id":"523270681","n":"Shaviringa A, US, 1","t":"us","c":"Vihiga"}},{"type":"Feature","geometry":{"type":"Point","coordinates":[34.88934,0.171348]},"properties":{"id":"561114507","n":"Kwajuma Water Spring No 1816","t":"ps","c":"Vihiga"}},{"type":"Feature","geometry":{"type":"Point","coordinates":[34.886737,0.180263]},"properties":{"id":"561114435","n":"Gulera Water Spring No 1818","t":"ps","c":"Vihiga"}},{"type":"Feature","geometry":{"type":"Point","coordinates":[34.854939,0.148264]},"properties":{"id":"523259112","n":"Makuchi, US, 7","t":"us","c":"Vihiga"}},{"type":"Feature","geometry":{"type":"Point","coordinates":[34.869398,0.149185]},"properties":{"id":"561114923","n":"Adoli Water Spring No 1845","t":"ps","c":"Vihiga"}},{"type":"Feature","geometry":{"type":"Point","coordinates":[34.859413,0.131007]},"properties":{"id":"523288916","n":"Jeptulu PS 3","t":"ps","c":"Vihiga"}},{"type":"Feature","geometry":{"type":"Point","coordinates":[34.862057,0.127733]},"properties":{"id":"523241045","n":"Kamgoi A US 1","t":"us","c":"Vihiga"}},{"type":"Feature","geometry":{"type":"Point","coordinates":[34.86064,0.131214]},"properties":{"id":"523233318","n":"Mahanga B, PS, 2","t":"ps","c":"Vihiga"}},{"type":"Feature","geometry":{"type":"Point","coordinates":[34.890643,0.176672]},"properties":{"id":"523264860","n":"Masuguvi US 11","t":"us","c":"Vihiga"}},{"type":"Feature","geometry":{"type":"Point","coordinates":[34.858042,0.12387]},"properties":{"id":"523293028","n":"Shipala PD 5","t":"pdw","c":"Vihiga"}},{"type":"Feature","geometry":{"type":"Point","coordinates":[34.848154,0.14759]},"properties":{"id":"523276962","n":"Bulukhombe A, PS, 2","t":"ps","c":"Vihiga"}},{"type":"Feature","geometry":{"type":"Point","coordinates":[34.867957,0.141077]},"properties":{"id":"523258252","n":"Shaviringa A, US, 13","t":"us","c":"Vihiga"}},{"type":"Feature","geometry":{"type":"Point","coordinates":[34.851063,0.159878]},"properties":{"id":"561114150","n":"Amalemba Water Spring No","t":"ps","c":"Vihiga"}},{"type":"Feature","geometry":{"type":"Point","coordinates":[34.890775,0.175927]},"properties":{"id":"523300843","n":"Masuguvi PS 13","t":"ps","c":"Vihiga"}},{"type":"Feature","geometry":{"type":"Point","coordinates":[34.861624,0.137782]},"properties":{"id":"523231419","n":"Mahanga A, US, 3","t":"us","c":"Vihiga"}},{"type":"Feature","geometry":{"type":"Point","coordinates":[34.849701,0.163566]},"properties":{"id":"523346469","n":"Shirumba, PS, 1","t":"ps","c":"Vihiga"}},{"type":"Feature","geometry":{"type":"Point","coordinates":[34.88751,0.18062]},"properties":{"id":"523310008","n":"Masuguvi US 7","t":"us","c":"Vihiga"}},{"type":"Feature","geometry":{"type":"Point","coordinates":[34.865066,0.151576]},"properties":{"id":"523232362","n":"Nando Scheme, US, 2","t":"us","c":"Vihiga"}},{"type":"Feature","geometry":{"type":"Point","coordinates":[34.85488,0.148794]},"properties":{"id":"523204727","n":"Makuchi, PS, 6","t":"ps","c":"Vihiga"}},{"type":"Feature","geometry":{"type":"Point","coordinates":[34.904458,0.161568]},"properties":{"id":"523326719","n":"Musunji US 10","t":"us","c":"Vihiga"}},{"type":"Feature","geometry":{"type":"Point","coordinates":[34.855568,0.142635]},"properties":{"id":"411370101","n":"Kwaayodi Water Spring No 1722","t":"ps","c":"Vihiga"}},{"type":"Feature","geometry":{"type":"Point","coordinates":[34.867769,0.144089]},"properties":{"id":"523276704","n":"Shaviringa A, US, 4","t":"us","c":"Vihiga"}},{"type":"Feature","geometry":{"type":"Point","coordinates":[34.843235,0.160512]},"properties":{"id":"523345121","n":"Llari, PS, 4","t":"ps","c":"Vihiga"}},{"type":"Feature","geometry":{"type":"Point","coordinates":[34.864732,0.144492]},"properties":{"id":"440035202","n":"Kwaasenga Water Spring No","t":"ps","c":"Vihiga"}},{"type":"Feature","geometry":{"type":"Point","coordinates":[34.873136,0.140082]},"properties":{"id":"523259387","n":"Shaviringa A, US, 19","t":"us","c":"Vihiga"}},{"type":"Feature","geometry":{"type":"Point","coordinates":[34.892807,0.165685]},"properties":{"id":"561115656","n":"Madaga Water Spring No 1898","t":"ps","c":"Vihiga"}},{"type":"Feature","geometry":{"type":"Point","coordinates":[34.855572,0.142628]},"properties":{"id":"523269683","n":"Shikhambi, US, 1","t":"us","c":"Vihiga"}},{"type":"Feature","geometry":{"type":"Point","coordinates":[34.896863,0.170532]},"properties":{"id":"523266800","n":"Jidereri PD 8","t":"pdw","c":"Vihiga"}},{"type":"Feature","geometry":{"type":"Point","coordinates":[34.898329,0.169129]},"properties":{"id":"523208068","n":"Musunji PS 1","t":"ps","c":"Vihiga"}},{"type":"Feature","geometry":{"type":"Point","coordinates":[34.898473,0.163797]},"properties":{"id":"523296090","n":"Musunji PD 4","t":"pdw","c":"Vihiga"}},{"type":"Feature","geometry":{"type":"Point","coordinates":[34.854853,0.156564]},"properties":{"id":"523270375","n":"Kamulembe A, PS, 2","t":"ps","c":"Vihiga"}},{"type":"Feature","geometry":{"type":"Point","coordinates":[34.898017,0.170175]},"properties":{"id":"523268730","n":"Jidereri PS 9","t":"ps","c":"Vihiga"}},{"type":"Feature","geometry":{"type":"Point","coordinates":[34.858787,0.13]},"properties":{"id":"523238856","n":"Jeptulu PS 4","t":"ps","c":"Vihiga"}},{"type":"Feature","geometry":{"type":"Point","coordinates":[34.858418,0.134319]},"properties":{"id":"523268266","n":"Mahanga C, PS, 1","t":"ps","c":"Vihiga"}},{"type":"Feature","geometry":{"type":"Point","coordinates":[34.871838,0.145247]},"properties":{"id":"561114136","n":"Khatenje Water Spring No 1779","t":"ps","c":"Vihiga"}},{"type":"Feature","geometry":{"type":"Point","coordinates":[34.865012,0.151465]},"properties":{"id":"471340243","n":"Mulula Community, Mulula Spring - 22144","t":"ps","c":"Vihiga"}},{"type":"Feature","geometry":{"type":"Point","coordinates":[34.919002,0.183547]},"properties":{"id":"523245544","n":"Lukose US 2","t":"us","c":"Vihiga"}},{"type":"Feature","geometry":{"type":"Point","coordinates":[34.863833,0.136567]},"properties":{"id":"449803855","n":"Timateo Water Spring No 1777","t":"ps","c":"Vihiga"}},{"type":"Feature","geometry":{"type":"Point","coordinates":[34.895295,0.16745]},"properties":{"id":"523304335","n":"Malovi A PS 1","t":"ps","c":"Vihiga"}},{"type":"Feature","geometry":{"type":"Point","coordinates":[34.880687,0.149822]},"properties":{"id":"523255486","n":"Manzalala B PS 1","t":"ps","c":"Vihiga"}},{"type":"Feature","geometry":{"type":"Point","coordinates":[34.862875,0.154053]},"properties":{"id":"471340250","n":"Makuchi Community, Ominde Spring - 22135","t":"ps","c":"Vihiga"}},{"type":"Feature","geometry":{"type":"Point","coordinates":[34.85487,0.148778]},"properties":{"id":"440035192","n":"Mukhuyu Water Spring No 1764","t":"ps","c":"Vihiga"}},{"type":"Feature","geometry":{"type":"Point","coordinates":[34.899645,0.158787]},"properties":{"id":"561114569","n":"Anami Water Spring No 1812","t":"ps","c":"Vihiga"}},{"type":"Feature","geometry":{"type":"Point","coordinates":[34.844565,0.164055]},"properties":{"id":"561115618","n":"Mwera Water Spring No 1893","t":"ps","c":"Vihiga"}},{"type":"Feature","geometry":{"type":"Point","coordinates":[34.898528,0.164033]},"properties":{"id":"561114442","n":"Isoyi Water Spring No 1811","t":"ps","c":"Vihiga"}},{"type":"Feature","geometry":{"type":"Point","coordinates":[34.860673,0.131158]},"properties":{"id":"523339805","n":"Jeptulu PS 2","t":"ps","c":"Vihiga"}},{"type":"Feature","geometry":{"type":"Point","coordinates":[34.834061,0.159003]},"properties":{"id":"523319698","n":"Shiandukuli, US, 1","t":"us","c":"Vihiga"}},{"type":"Feature","geometry":{"type":"Point","coordinates":[34.849833,0.159005]},"properties":{"id":"561114143","n":"Kabaka Water Spring No 1794","t":"ps","c":"Vihiga"}},{"type":"Feature","geometry":{"type":"Point","coordinates":[34.861659,0.137829]},"properties":{"id":"523244378","n":"Mahanga A, US, 4","t":"us","c":"Vihiga"}},{"type":"Feature","geometry":{"type":"Point","coordinates":[34.865232,0.144325]},"properties":{"id":"523278500","n":"Shaviringa A, US, 6","t":"us","c":"Vihiga"}},{"type":"Feature","geometry":{"type":"Point","coordinates":[34.894203,0.161115]},"properties":{"id":"523234326","n":"Malovi B US 2","t":"us","c":"Vihiga"}},{"type":"Feature","geometry":{"type":"Point","coordinates":[34.785601,0.045125]},"properties":{"id":"523310527","n":"Chepsaga PD 7","t":"pdw","c":"Vihiga"}},{"type":"Feature","geometry":{"type":"Point","coordinates":[34.785381,0.028767]},"properties":{"id":"523314459","n":"Ivola A PS 7","t":"ps","c":"Vihiga"}},{"type":"Feature","geometry":{"type":"Point","coordinates":[34.80556,0.031581]},"properties":{"id":"523314868","n":"Mwembe A PD 1","t":"pdw","c":"Vihiga"}},{"type":"Feature","geometry":{"type":"Point","coordinates":[34.80041,0.036347]},"properties":{"id":"523348375","n":"Mujinga PS 4","t":"ps","c":"Vihiga"}},{"type":"Feature","geometry":{"type":"Point","coordinates":[34.770166,0.023764]},"properties":{"id":"523301521","n":"Givavei B PD 3","t":"pdw","c":"Vihiga"}},{"type":"Feature","geometry":{"type":"Point","coordinates":[34.782332,0.030985]},"properties":{"id":"523298171","n":"Ivola A PS 6","t":"ps","c":"Vihiga"}},{"type":"Feature","geometry":{"type":"Point","coordinates":[34.781392,0.021419]},"properties":{"id":"523268149","n":"Ikonza A PS 1","t":"ps","c":"Vihiga"}},{"type":"Feature","geometry":{"type":"Point","coordinates":[34.808079,0.038987]},"properties":{"id":"523325392","n":"Mwembe B PD 3","t":"pdw","c":"Vihiga"}},{"type":"Feature","geometry":{"type":"Point","coordinates":[34.765637,0.015834]},"properties":{"id":"523226943","n":"Gimarakwa B US 16","t":"us","c":"Vihiga"}},{"type":"Feature","geometry":{"type":"Point","coordinates":[34.768405,0.02416]},"properties":{"id":"523297620","n":"Givavei A US 4","t":"us","c":"Vihiga"}},{"type":"Feature","geometry":{"type":"Point","coordinates":[34.795795,0.041769]},"properties":{"id":"523327356","n":"Mujinga PS 10","t":"ps","c":"Vihiga"}},{"type":"Feature","geometry":{"type":"Point","coordinates":[34.782141,0.045679]},"properties":{"id":"523325677","n":"Gamugeni US 4","t":"us","c":"Vihiga"}},{"type":"Feature","geometry":{"type":"Point","coordinates":[34.77498,0.028775]},"properties":{"id":"523260464","n":"Mukuyu US 6","t":"us","c":"Vihiga"}},{"type":"Feature","geometry":{"type":"Point","coordinates":[34.773312,0.028691]},"properties":{"id":"523355496","n":"Saride PD 25","t":"pdw","c":"Vihiga"}},{"type":"Feature","geometry":{"type":"Point","coordinates":[34.786795,0.040025]},"properties":{"id":"411380005","n":"Wamuyari Water Spring No 1733","t":"ps","c":"Vihiga"}},{"type":"Feature","geometry":{"type":"Point","coordinates":[34.769369,0.020407]},"properties":{"id":"523325086","n":"Givavei B UD 14","t":"udw","c":"Vihiga"}},{"type":"Feature","geometry":{"type":"Point","coordinates":[34.78029,0.038472]},"properties":{"id":"506970416","n":"St. Marys Chepsaga Primary School - 22249","t":"bh","c":"Vihiga","d":85.0}},{"type":"Feature","geometry":{"type":"Point","coordinates":[34.789838,0.046777]},"properties":{"id":"506970636","n":"Kinu Friends Primary School - 22223","t":"bh","c":"Vihiga","d":78.0}},{"type":"Feature","geometry":{"type":"Point","coordinates":[34.770406,0.019008]},"properties":{"id":"523285054","n":"Givavei B US 13","t":"us","c":"Vihiga"}},{"type":"Feature","geometry":{"type":"Point","coordinates":[34.765253,0.016869]},"properties":{"id":"523223263","n":"Gimarakwa B PD 19","t":"pdw","c":"Vihiga"}},{"type":"Feature","geometry":{"type":"Point","coordinates":[34.77035,0.024529]},"properties":{"id":"523286725","n":"Givavei B PD 6","t":"pdw","c":"Vihiga"}},{"type":"Feature","geometry":{"type":"Point","coordinates":[34.750021,0.01246]},"properties":{"id":"523246693","n":"Kapsaoi PD 1","t":"pdw","c":"Vihiga"}},{"type":"Feature","geometry":{"type":"Point","coordinates":[34.795462,0.033215]},"properties":{"id":"523224192","n":"Viyalo PS 6","t":"ps","c":"Vihiga"}},{"type":"Feature","geometry":{"type":"Point","coordinates":[34.795181,0.037937]},"properties":{"id":"523252555","n":"Givigoi PS 10","t":"ps","c":"Vihiga"}},{"type":"Feature","geometry":{"type":"Point","coordinates":[34.790873,0.039101]},"properties":{"id":"523321556","n":"Givigoi PD 6","t":"pdw","c":"Vihiga"}},{"type":"Feature","geometry":{"type":"Point","coordinates":[34.782702,0.025616]},"properties":{"id":"523335629","n":"Ikonza A PS 3","t":"ps","c":"Vihiga"}},{"type":"Feature","geometry":{"type":"Point","coordinates":[34.798728,0.048056]},"properties":{"id":"523260550","n":"Mutiva PS 2","t":"ps","c":"Vihiga"}},{"type":"Feature","geometry":{"type":"Point","coordinates":[34.787865,0.028851]},"properties":{"id":"523293169","n":"Ivola A PS 8","t":"ps","c":"Vihiga"}},{"type":"Feature","geometry":{"type":"Point","coordinates":[34.804092,0.038597]},"properties":{"id":"523216881","n":"Mwembe B PS 1","t":"ps","c":"Vihiga"}},{"type":"Feature","geometry":{"type":"Point","coordinates":[34.753283,0.015676]},"properties":{"id":"523266635","n":"Kapsaoi US1","t":"us","c":"Vihiga"}},{"type":"Feature","geometry":{"type":"Point","coordinates":[34.761645,0.010613]},"properties":{"id":"523208422","n":"Gimarakwa A PD 1","t":"pdw","c":"Vihiga"}},{"type":"Feature","geometry":{"type":"Point","coordinates":[34.806541,0.038544]},"properties":{"id":"523222217","n":"Mwembe B PS 2","t":"ps","c":"Vihiga"}},{"type":"Feature","geometry":{"type":"Point","coordinates":[34.781041,0.028954]},"properties":{"id":"523309134","n":"Mukuyu PS 10","t":"ps","c":"Vihiga"}},{"type":"Feature","geometry":{"type":"Point","coordinates":[34.774065,0.021677]},"properties":{"id":"523272944","n":"Givudemesi A PS 7","t":"ps","c":"Vihiga"}},{"type":"Feature","geometry":{"type":"Point","coordinates":[34.766299,0.019952]},"properties":{"id":"523349589","n":"Givavei A PS 1","t":"ps","c":"Vihiga"}},{"type":"Feature","geometry":{"type":"Point","coordinates":[34.813773,0.044005]},"properties":{"id":"523230645","n":"Givogi PD","t":"pdw","c":"Vihiga"}},{"type":"Feature","geometry":{"type":"Point","coordinates":[34.786305,0.019311]},"properties":{"id":"523348571","n":"Ikonza B US 3","t":"us","c":"Vihiga"}},{"type":"Feature","geometry":{"type":"Point","coordinates":[34.81996,0.040546]},"properties":{"id":"523217071","n":"Kitulu B US","t":"us","c":"Vihiga"}},{"type":"Feature","geometry":{"type":"Point","coordinates":[34.752501,0.015914]},"properties":{"id":"523236249","n":"Kapsaoi PS 1","t":"ps","c":"Vihiga"}},{"type":"Feature","geometry":{"type":"Point","coordinates":[34.771412,0.028033]},"properties":{"id":"523211398","n":"Jepkose US 3","t":"us","c":"Vihiga"}},{"type":"Feature","geometry":{"type":"Point","coordinates":[34.788777,0.043268]},"properties":{"id":"523202990","n":"Givigoi PS 13","t":"pdw","c":"Vihiga"}},{"type":"Feature","geometry":{"type":"Point","coordinates":[34.810832,0.042332]},"properties":{"id":"561115292","n":"Mwore Water Spring No 1880","t":"ps","c":"Vihiga"}},{"type":"Feature","geometry":{"type":"Point","coordinates":[34.802346,0.046991]},"properties":{"id":"523292041","n":"Gambaragai US 2","t":"us","c":"Vihiga"}},{"type":"Feature","geometry":{"type":"Point","coordinates":[34.771811,0.019806]},"properties":{"id":"523279680","n":"Givudemesi A PD 10","t":"pdw","c":"Vihiga"}},{"type":"Feature","geometry":{"type":"Point","coordinates":[34.783043,0.047618]},"properties":{"id":"523198415","n":"Gamugeni US 6","t":"us","c":"Vihiga"}},{"type":"Feature","geometry":{"type":"Point","coordinates":[34.817499,0.042305]},"properties":{"id":"523285700","n":"Gemange","t":"ps","c":"Vihiga"}},{"type":"Feature","geometry":{"type":"Point","coordinates":[34.764599,0.009596]},"properties":{"id":"523344151","n":"Gimarakwa B PS 2","t":"ps","c":"Vihiga"}},{"type":"Feature","geometry":{"type":"Point","coordinates":[34.771693,0.020561]},"properties":{"id":"523253927","n":"Givavei B PD 11","t":"pdw","c":"Vihiga"}},{"type":"Feature","geometry":{"type":"Point","coordinates":[34.808511,0.042674]},"properties":{"id":"523288064","n":"Givogi US","t":"us","c":"Vihiga"}},{"type":"Feature","geometry":{"type":"Point","coordinates":[34.762185,0.015612]},"properties":{"id":"523313771","n":"Gimarakwa A PS 4","t":"ps","c":"Vihiga"}},{"type":"Feature","geometry":{"type":"Point","coordinates":[34.757023,0.01636]},"properties":{"id":"523224006","n":"Jongodi PS 1","t":"ps","c":"Vihiga"}},{"type":"Feature","geometry":{"type":"Point","coordinates":[34.750681,0.011855]},"properties":{"id":"714108474","n":"VIHIGA.HAMISI.KAPSAOI PRIMARY SCHOOL.NEAR KITCHEN.DELIVERED WATER","t":"ps","c":"Vihiga"}},{"type":"Feature","geometry":{"type":"Point","coordinates":[34.789627,0.030888]},"properties":{"id":"523304878","n":"Ivola PS 9","t":"ps","c":"Vihiga"}},{"type":"Feature","geometry":{"type":"Point","coordinates":[34.80495,0.034928]},"properties":{"id":"523230700","n":"Mwembe A US 5","t":"us","c":"Vihiga"}},{"type":"Feature","geometry":{"type":"Point","coordinates":[34.793049,0.032771]},"properties":{"id":"523199241","n":"Ivola B US 9","t":"us","c":"Vihiga"}},{"type":"Feature","geometry":{"type":"Point","coordinates":[34.770672,0.026092]},"properties":{"id":"523291349","n":"Givavei B US 7","t":"us","c":"Vihiga"}},{"type":"Feature","geometry":{"type":"Point","coordinates":[34.758578,0.018414]},"properties":{"id":"523355702","n":"Jongodi PD 3","t":"pdw","c":"Vihiga"}},{"type":"Feature","geometry":{"type":"Point","coordinates":[34.793238,0.050345]},"properties":{"id":"523266123","n":"Ivona PS 3","t":"ps","c":"Vihiga"}},{"type":"Feature","geometry":{"type":"Point","coordinates":[34.819333,0.042957]},"properties":{"id":"523220758","n":"Gemange US","t":"us","c":"Vihiga"}},{"type":"Feature","geometry":{"type":"Point","coordinates":[34.798664,0.045598]},"properties":{"id":"523235781","n":"Mutiva US 3","t":"us","c":"Vihiga"}},{"type":"Feature","geometry":{"type":"Point","coordinates":[34.78729,0.041757]},"properties":{"id":"523295051","n":"Chepsaga PS 11","t":"ps","c":"Vihiga"}},{"type":"Feature","geometry":{"type":"Point","coordinates":[34.762896,0.017067]},"properties":{"id":"523297541","n":"Gimarakwa A PS 5","t":"ps","c":"Vihiga"}},{"type":"Feature","geometry":{"type":"Point","coordinates":[34.809815,0.028504]},"properties":{"id":"523280585","n":"Gimariani B US 14","t":"us","c":"Vihiga"}},{"type":"Feature","geometry":{"type":"Point","coordinates":[34.751166,0.017831]},"properties":{"id":"523262088","n":"Kiptegeno PS 1","t":"ps","c":"Vihiga"}},{"type":"Feature","geometry":{"type":"Point","coordinates":[34.763289,0.023686]},"properties":{"id":"523224161","n":"Jepkose US 20","t":"us","c":"Vihiga"}},{"type":"Feature","geometry":{"type":"Point","coordinates":[34.783699,0.039222]},"properties":{"id":"523235255","n":"Chepsaga PS 5","t":"ps","c":"Vihiga"}},{"type":"Feature","geometry":{"type":"Point","coordinates":[34.784197,0.043651]},"properties":{"id":"523300898","n":"Gamugeni US 2","t":"us","c":"Vihiga"}},{"type":"Feature","geometry":{"type":"Point","coordinates":[34.770271,0.027288]},"properties":{"id":"523328979","n":"Jepkose PS 2","t":"ps","c":"Vihiga"}},{"type":"Feature","geometry":{"type":"Point","coordinates":[34.798719,0.032962]},"properties":{"id":"523318240","n":"Viyalo US 3","t":"us","c":"Vihiga"}},{"type":"Feature","geometry":{"type":"Point","coordinates":[34.773006,0.024223]},"properties":{"id":"523306289","n":"Givudemesi A PD 4","t":"pdw","c":"Vihiga"}},{"type":"Feature","geometry":{"type":"Point","coordinates":[34.810842,0.042254]},"properties":{"id":"523268974","n":"Givogi US 1","t":"us","c":"Vihiga"}},{"type":"Feature","geometry":{"type":"Point","coordinates":[34.779195,0.029098]},"properties":{"id":"523263230","n":"Mukuyu UD 1","t":"udw","c":"Vihiga"}},{"type":"Feature","geometry":{"type":"Point","coordinates":[34.768883,0.015796]},"properties":{"id":"523217679","n":"Mutave A PS 4","t":"ps","c":"Vihiga"}},{"type":"Feature","geometry":{"type":"Point","coordinates":[34.772024,0.029451]},"properties":{"id":"523287678","n":"Saride PD 10","t":"pdw","c":"Vihiga"}},{"type":"Feature","geometry":{"type":"Point","coordinates":[34.807304,0.036207]},"properties":{"id":"523297998","n":"Mwembe B PS 4","t":"ps","c":"Vihiga"}},{"type":"Feature","geometry":{"type":"Point","coordinates":[34.792648,0.027326]},"properties":{"id":"523308432","n":"Malinda PS 2","t":"ps","c":"Vihiga"}},{"type":"Feature","geometry":{"type":"Point","coordinates":[34.790595,0.039296]},"properties":{"id":"523282075","n":"Givigoi PD 5","t":"pdw","c":"Vihiga"}},{"type":"Feature","geometry":{"type":"Point","coordinates":[34.806465,0.041114]},"properties":{"id":"523260842","n":"Givogi US","t":"us","c":"Vihiga"}},{"type":"Feature","geometry":{"type":"Point","coordinates":[34.786103,0.035066]},"properties":{"id":"523341220","n":"Ivola B US 3","t":"us","c":"Vihiga"}},{"type":"Feature","geometry":{"type":"Point","coordinates":[34.787238,0.043328]},"properties":{"id":"411647807","n":"Emoja Water Spring No 1734","t":"ps","c":"Vihiga"}},{"type":"Feature","geometry":{"type":"Point","coordinates":[34.762852,0.01806]},"properties":{"id":"523302694","n":"Gimarakwa A PD 7","t":"pdw","c":"Vihiga"}},{"type":"Feature","geometry":{"type":"Point","coordinates":[34.753158,0.016339]},"properties":{"id":"523247144","n":"Kiptegeno US 1","t":"us","c":"Vihiga"}},{"type":"Feature","geometry":{"type":"Point","coordinates":[34.766592,0.011811]},"properties":{"id":"523241911","n":"Gimarakwa B PD 8","t":"pdw","c":"Vihiga"}},{"type":"Feature","geometry":{"type":"Point","coordinates":[34.760556,0.008413]},"properties":{"id":"523218209","n":"Kitambazi A PS 5","t":"ps","c":"Vihiga"}},{"type":"Feature","geometry":{"type":"Point","coordinates":[34.783057,0.047648]},"properties":{"id":"287807945","n":"Waadudila Water Spring No 1568","t":"ps","c":"Vihiga"}},{"type":"Feature","geometry":{"type":"Point","coordinates":[34.786729,0.051051]},"properties":{"id":"523325402","n":"Shikomoli US 3","t":"us","c":"Vihiga"}},{"type":"Feature","geometry":{"type":"Point","coordinates":[34.795237,0.031675]},"properties":{"id":"523348739","n":"Viyalo PS 7","t":"ps","c":"Vihiga"}},{"type":"Feature","geometry":{"type":"Point","coordinates":[34.778213,0.028565]},"properties":{"id":"523256975","n":"Mukuyu PS 9","t":"ps","c":"Vihiga"}},{"type":"Feature","geometry":{"type":"Point","coordinates":[34.799088,0.046717]},"properties":{"id":"523258977","n":"Mutiva US 1","t":"us","c":"Vihiga"}},{"type":"Feature","geometry":{"type":"Point","coordinates":[34.792673,0.041403]},"properties":{"id":"404487025","n":"Kwarande Water Spring No 1717","t":"ps","c":"Vihiga"}},{"type":"Feature","geometry":{"type":"Point","coordinates":[34.780036,0.02752]},"properties":{"id":"523241193","n":"Mukuyu PS 2","t":"ps","c":"Vihiga"}},{"type":"Feature","geometry":{"type":"Point","coordinates":[34.794014,0.045333]},"properties":{"id":"523220349","n":"Mugango PD 2","t":"pdw","c":"Vihiga"}},{"type":"Feature","geometry":{"type":"Point","coordinates":[34.785084,0.054055]},"properties":{"id":"523299141","n":"Shikomoli PD 16","t":"pdw","c":"Vihiga"}},{"type":"Feature","geometry":{"type":"Point","coordinates":[34.786508,0.024547]},"properties":{"id":"523323321","n":"Ikonza A PD 2","t":"pdw","c":"Vihiga"}},{"type":"Feature","geometry":{"type":"Point","coordinates":[34.773056,0.024285]},"properties":{"id":"523264255","n":"Givudemesi A US 5","t":"us","c":"Vihiga"}},{"type":"Feature","geometry":{"type":"Point","coordinates":[34.794563,0.029426]},"properties":{"id":"523260543","n":"Malinda US 1","t":"us","c":"Vihiga"}},{"type":"Feature","geometry":{"type":"Point","coordinates":[34.789014,0.038211]},"properties":{"id":"523230102","n":"Givigoi PS 1","t":"ps","c":"Vihiga"}},{"type":"Feature","geometry":{"type":"Point","coordinates":[34.786282,0.04504]},"properties":{"id":"449878794","n":"Ndonga Water Spring No 1786","t":"ps","c":"Vihiga"}},{"type":"Feature","geometry":{"type":"Point","coordinates":[34.759257,0.022511]},"properties":{"id":"523215598","n":"Musiri PS 3","t":"ps","c":"Vihiga"}},{"type":"Feature","geometry":{"type":"Point","coordinates":[34.792604,0.041404]},"properties":{"id":"523280602","n":"Givigoi PS 12","t":"ps","c":"Vihiga"}},{"type":"Feature","geometry":{"type":"Point","coordinates":[34.806443,0.041148]},"properties":{"id":"561115027","n":"Arusa Water Spring No 1871","t":"ps","c":"Vihiga"}},{"type":"Feature","geometry":{"type":"Point","coordinates":[34.806658,0.039799]},"properties":{"id":"702613056","n":"Evelia Water Spring No 1934","t":"ps","c":"Vihiga"}},{"type":"Feature","geometry":{"type":"Point","coordinates":[34.803786,0.046672]},"properties":{"id":"523300719","n":"Bweywe PS 1","t":"ps","c":"Vihiga"}},{"type":"Feature","geometry":{"type":"Point","coordinates":[34.789155,0.033835]},"properties":{"id":"523271376","n":"Ivola B PS 6","t":"ps","c":"Vihiga"}},{"type":"Feature","geometry":{"type":"Point","coordinates":[34.749222,0.017346]},"properties":{"id":"523321532","n":"Kipsino PS1","t":"ps","c":"Vihiga"}},{"type":"Feature","geometry":{"type":"Point","coordinates":[34.785176,0.036665]},"properties":{"id":"523324401","n":"Chepsaga PS 3","t":"ps","c":"Vihiga"}},{"type":"Feature","geometry":{"type":"Point","coordinates":[34.756399,0.018216]},"properties":{"id":"523238540","n":"Kiptegeno US 2","t":"us","c":"Vihiga"}},{"type":"Feature","geometry":{"type":"Point","coordinates":[34.783778,0.034689]},"properties":{"id":"523281830","n":"Ivola A US 3","t":"us","c":"Vihiga"}},{"type":"Feature","geometry":{"type":"Point","coordinates":[34.756366,0.018759]},"properties":{"id":"523337133","n":"Kiptegeno PS 2","t":"ps","c":"Vihiga"}},{"type":"Feature","geometry":{"type":"Point","coordinates":[34.762071,0.020522]},"properties":{"id":"523337171","n":"Jongodi US 1","t":"us","c":"Vihiga"}},{"type":"Feature","geometry":{"type":"Point","coordinates":[34.789087,0.04436]},"properties":{"id":"523231756","n":"Chepsaga PS 9","t":"ps","c":"Vihiga"}},{"type":"Feature","geometry":{"type":"Point","coordinates":[34.790597,0.039685]},"properties":{"id":"523287434","n":"Givigoi PD 4","t":"pdw","c":"Vihiga"}},{"type":"Feature","geometry":{"type":"Point","coordinates":[34.785755,0.031165]},"properties":{"id":"539195697","n":"Ivola Secondary School - 23001","t":"bh","c":"Vihiga","d":80.0}},{"type":"Feature","geometry":{"type":"Point","coordinates":[34.804958,0.034917]},"properties":{"id":"561115601","n":"Muzulyu Water Spring No 1903","t":"ps","c":"Vihiga"}},{"type":"Feature","geometry":{"type":"Point","coordinates":[34.792884,0.034806]},"properties":{"id":"523271699","n":"Ivola B US 10","t":"us","c":"Vihiga"}},{"type":"Feature","geometry":{"type":"Point","coordinates":[34.794085,0.05334]},"properties":{"id":"523245898","n":"Ivona PS 1","t":"ps","c":"Vihiga"}},{"type":"Feature","geometry":{"type":"Point","coordinates":[34.788297,0.043117]},"properties":{"id":"411374473","n":"Dingiri Water Spring No 1735","t":"ps","c":"Vihiga"}},{"type":"Feature","geometry":{"type":"Point","coordinates":[34.789703,0.03881]},"properties":{"id":"523302072","n":"Givigoi PD 2","t":"pdw","c":"Vihiga"}},{"type":"Feature","geometry":{"type":"Point","coordinates":[34.774453,0.029364]},"properties":{"id":"523279862","n":"Saride US 27","t":"us","c":"Vihiga"}},{"type":"Feature","geometry":{"type":"Point","coordinates":[34.795934,0.039756]},"properties":{"id":"523329468","n":"Mujinga PS 9","t":"ps","c":"Vihiga"}},{"type":"Feature","geometry":{"type":"Point","coordinates":[34.801183,0.047393]},"properties":{"id":"523306351","n":"Mutiva PS 1","t":"ps","c":"Vihiga"}},{"type":"Feature","geometry":{"type":"Point","coordinates":[34.78644,0.050823]},"properties":{"id":"272697012","n":"Kwamailo Water Spring No 1534","t":"ps","c":"Vihiga"}},{"type":"Feature","geometry":{"type":"Point","coordinates":[34.790259,0.039201]},"properties":{"id":"523234773","n":"Givigoi UD 7","t":"udw","c":"Vihiga"}},{"type":"Feature","geometry":{"type":"Point","coordinates":[34.763254,0.022019]},"properties":{"id":"523224893","n":"Jongodi US 2","t":"us","c":"Vihiga"}},{"type":"Feature","geometry":{"type":"Point","coordinates":[34.746402,0.013492]},"properties":{"id":"523353047","n":"Kapsaoi PD 2","t":"pdw","c":"Vihiga"}},{"type":"Feature","geometry":{"type":"Point","coordinates":[34.774003,0.021453]},"properties":{"id":"523282484","n":"Givudemesi A US 8","t":"us","c":"Vihiga"}},{"type":"Feature","geometry":{"type":"Point","coordinates":[34.810813,0.036699]},"properties":{"id":"523341835","n":"Mwembe B PS 6","t":"ps","c":"Vihiga"}},{"type":"Feature","geometry":{"type":"Point","coordinates":[34.793864,0.044743]},"properties":{"id":"523325316","n":"Mugango PD 4","t":"pdw","c":"Vihiga"}},{"type":"Feature","geometry":{"type":"Point","coordinates":[34.797124,0.028995]},"properties":{"id":"523219664","n":"Kegondi A PS 5","t":"ps","c":"Vihiga"}},{"type":"Feature","geometry":{"type":"Point","coordinates":[34.772167,0.028827]},"properties":{"id":"523209227","n":"Saride PD 8","t":"pdw","c":"Vihiga"}},{"type":"Feature","geometry":{"type":"Point","coordinates":[34.764104,0.008394]},"properties":{"id":"523337535","n":"Kitambazi A PD 4","t":"pdw","c":"Vihiga"}},{"type":"Feature","geometry":{"type":"Point","coordinates":[34.767515,0.007242]},"properties":{"id":"523314040","n":"Kitambazi B PD 7","t":"pdw","c":"Vihiga"}},{"type":"Feature","geometry":{"type":"Point","coordinates":[34.808971,0.036864]},"properties":{"id":"523309385","n":"Mwembe B US 5","t":"us","c":"Vihiga"}},{"type":"Feature","geometry":{"type":"Point","coordinates":[34.787506,0.054298]},"properties":{"id":"523207445","n":"Museywa PS 2","t":"ps","c":"Vihiga"}},{"type":"Feature","geometry":{"type":"Point","coordinates":[34.799226,0.042172]},"properties":{"id":"523276766","n":"Mujinga PS 1","t":"ps","c":"Vihiga"}},{"type":"Feature","geometry":{"type":"Point","coordinates":[34.782296,0.038829]},"properties":{"id":"523196530","n":"Chepsaga PS 4","t":"ps","c":"Vihiga"}},{"type":"Feature","geometry":{"type":"Point","coordinates":[34.79528,0.030489]},"properties":{"id":"523234333","n":"Viyalo PS 1","t":"ps","c":"Vihiga"}},{"type":"Feature","geometry":{"type":"Point","coordinates":[34.795489,0.036711]},"properties":{"id":"523302869","n":"Viyalo PS 5","t":"ps","c":"Vihiga"}},{"type":"Feature","geometry":{"type":"Point","coordinates":[34.769866,0.027026]},"properties":{"id":"523308535","n":"Jepkose US 1","t":"us","c":"Vihiga"}},{"type":"Feature","geometry":{"type":"Point","coordinates":[34.776157,0.035116]},"properties":{"id":"523247948","n":"Kaptum US 7","t":"us","c":"Vihiga"}},{"type":"Feature","geometry":{"type":"Point","coordinates":[34.777124,0.031181]},"properties":{"id":"523205412","n":"Mukuyu PD 8","t":"pdw","c":"Vihiga"}},{"type":"Feature","geometry":{"type":"Point","coordinates":[34.813965,0.042397]},"properties":{"id":"561114851","n":"Indiazi Water Spring No 1850","t":"ps","c":"Vihiga"}},{"type":"Feature","geometry":{"type":"Point","coordinates":[34.782483,0.039925]},"properties":{"id":"523293217","n":"Chepsaga PD 1","t":"pdw","c":"Vihiga"}},{"type":"Feature","geometry":{"type":"Point","coordinates":[34.7669,0.006301]},"properties":{"id":"523279965","n":"Kitambazi B PD 1","t":"pdw","c":"Vihiga"}},{"type":"Feature","geometry":{"type":"Point","coordinates":[34.793907,0.045467]},"properties":{"id":"523244859","n":"Mugango PD 1","t":"pdw","c":"Vihiga"}},{"type":"Feature","geometry":{"type":"Point","coordinates":[34.768169,0.019862]},"properties":{"id":"523213572","n":"Givavei A US 2","t":"us","c":"Vihiga"}},{"type":"Feature","geometry":{"type":"Point","coordinates":[34.774363,0.030214]},"properties":{"id":"523213534","n":"Saride US 29","t":"us","c":"Vihiga"}},{"type":"Feature","geometry":{"type":"Point","coordinates":[34.788103,0.045738]},"properties":{"id":"449805895","n":"Vachali Water Spring No 1785","t":"ps","c":"Vihiga"}},{"type":"Feature","geometry":{"type":"Point","coordinates":[34.766717,0.011732]},"properties":{"id":"523285188","n":"Gimarakwa B PD 7","t":"pdw","c":"Vihiga"}},{"type":"Feature","geometry":{"type":"Point","coordinates":[34.803227,0.047343]},"properties":{"id":"523256322","n":"Bweywe US 1","t":"us","c":"Vihiga"}},{"type":"Feature","geometry":{"type":"Point","coordinates":[34.786481,0.050829]},"properties":{"id":"523234027","n":"Shikomoli US 4","t":"us","c":"Vihiga"}},{"type":"Feature","geometry":{"type":"Point","coordinates":[34.801992,0.043577]},"properties":{"id":"702613173","n":"Jamnagar Water Spring No","t":"ps","c":"Vihiga"}},{"type":"Feature","geometry":{"type":"Point","coordinates":[34.808387,0.042625]},"properties":{"id":"561115003","n":"Ayodi Water Spring No 1872","t":"ps","c":"Vihiga"}},{"type":"Feature","geometry":{"type":"Point","coordinates":[34.770345,0.023808]},"properties":{"id":"523291291","n":"Givavei B PD 4","t":"pdw","c":"Vihiga"}},{"type":"Feature","geometry":{"type":"Point","coordinates":[34.791467,0.042397]},"properties":{"id":"397687763","n":"Kwajairo Water Spring No 1716","t":"ps","c":"Vihiga"}},{"type":"Feature","geometry":{"type":"Point","coordinates":[34.781526,0.026036]},"properties":{"id":"523265892","n":"Mukuyu US 3","t":"us","c":"Vihiga"}},{"type":"Feature","geometry":{"type":"Point","coordinates":[34.772762,0.026701]},"properties":{"id":"523347666","n":"Givavei B UD 8","t":"udw","c":"Vihiga"}},{"type":"Feature","geometry":{"type":"Point","coordinates":[34.759157,0.016829]},"properties":{"id":"523216960","n":"Jongodi PD 1","t":"pdw","c":"Vihiga"}},{"type":"Feature","geometry":{"type":"Point","coordinates":[34.798752,0.031595]},"properties":{"id":"523350525","n":"Kegondi B US 1","t":"us","c":"Vihiga"}},{"type":"Feature","geometry":{"type":"Point","coordinates":[34.781483,0.024346]},"properties":{"id":"523203544","n":"Ikonza A US 4","t":"us","c":"Vihiga"}},{"type":"Feature","geometry":{"type":"Point","coordinates":[34.783729,0.022628]},"properties":{"id":"574294386","n":"Adc Ikonza Primary School - 22236","t":"bh","c":"Vihiga","d":100.0}},{"type":"Feature","geometry":{"type":"Point","coordinates":[34.765143,0.025413]},"properties":{"id":"523196884","n":"Jepkose PS 13","t":"ps","c":"Vihiga"}},{"type":"Feature","geometry":{"type":"Point","coordinates":[34.76532,0.018071]},"properties":{"id":"366925151","n":"Friends School For The Deaf- Givavei - 22231","t":"bh","c":"Vihiga","d":70.0}},{"type":"Feature","geometry":{"type":"Point","coordinates":[34.788346,0.041983]},"properties":{"id":"523275686","n":"Givigoi PS 14","t":"ps","c":"Vihiga"}},{"type":"Feature","geometry":{"type":"Point","coordinates":[34.790285,0.025384]},"properties":{"id":"523240185","n":"Malinda US 3","t":"us","c":"Vihiga"}},{"type":"Feature","geometry":{"type":"Point","coordinates":[34.768332,0.032021]},"properties":{"id":"523262772","n":"Kaptum PS 8","t":"ps","c":"Vihiga"}},{"type":"Feature","geometry":{"type":"Point","coordinates":[34.782968,0.043989]},"properties":{"id":"523348131","n":"Gamugeni PS 3","t":"ps","c":"Vihiga"}},{"type":"Feature","geometry":{"type":"Point","coordinates":[34.79281,0.045075]},"properties":{"id":"523217844","n":"Mugango PD 5","t":"pdw","c":"Vihiga"}},{"type":"Feature","geometry":{"type":"Point","coordinates":[34.78144,0.038475]},"properties":{"id":"523296241","n":"Chepsaga US 6","t":"us","c":"Vihiga"}},{"type":"Feature","geometry":{"type":"Point","coordinates":[34.794122,0.04662]},"properties":{"id":"523320050","n":"Mugango PS 3","t":"ps","c":"Vihiga"}},{"type":"Feature","geometry":{"type":"Point","coordinates":[34.763795,0.024842]},"properties":{"id":"523295989","n":"Jepkose UD 19","t":"udw","c":"Vihiga"}},{"type":"Feature","geometry":{"type":"Point","coordinates":[34.805053,0.034198]},"properties":{"id":"523197524","n":"Mwembe A US 4","t":"us","c":"Vihiga"}},{"type":"Feature","geometry":{"type":"Point","coordinates":[34.784752,0.03375]},"properties":{"id":"523300829","n":"Ivola A US 2","t":"us","c":"Vihiga"}},{"type":"Feature","geometry":{"type":"Point","coordinates":[34.775286,0.030248]},"properties":{"id":"523218254","n":"Mukuyu US 7","t":"us","c":"Vihiga"}},{"type":"Feature","geometry":{"type":"Point","coordinates":[34.7707,0.02401]},"properties":{"id":"523218522","n":"Givavei B PD 5","t":"pdw","c":"Vihiga"}},{"type":"Feature","geometry":{"type":"Point","coordinates":[34.776483,0.026266]},"properties":{"id":"523220222","n":"Mukuyu PS 5","t":"ps","c":"Vihiga"}},{"type":"Feature","geometry":{"type":"Point","coordinates":[34.789835,0.04237]},"properties":{"id":"404493200","n":"Wamwigai Water Spring No 1718","t":"ps","c":"Vihiga"}},{"type":"Feature","geometry":{"type":"Point","coordinates":[34.787936,0.036567]},"properties":{"id":"523311913","n":"Ivola B US 1","t":"us","c":"Vihiga"}},{"type":"Feature","geometry":{"type":"Point","coordinates":[34.773816,0.024742]},"properties":{"id":"523285494","n":"Givudemesi A US 3","t":"us","c":"Vihiga"}},{"type":"Feature","geometry":{"type":"Point","coordinates":[34.758662,0.017908]},"properties":{"id":"523327734","n":"Jongodi PD 4","t":"pdw","c":"Vihiga"}},{"type":"Feature","geometry":{"type":"Point","coordinates":[34.762452,0.004045]},"properties":{"id":"523250553","n":"Kitambazi A PD 3","t":"pdw","c":"Vihiga"}},{"type":"Feature","geometry":{"type":"Point","coordinates":[34.790077,0.047488]},"properties":{"id":"523346115","n":"Mugango PS 9","t":"ps","c":"Vihiga"}},{"type":"Feature","geometry":{"type":"Point","coordinates":[34.802435,0.041451]},"properties":{"id":"523237329","n":"Mujinga PS 3","t":"ps","c":"Vihiga"}},{"type":"Feature","geometry":{"type":"Point","coordinates":[34.777742,0.023547]},"properties":{"id":"523318123","n":"Givudemesi A PS 2","t":"ps","c":"Vihiga"}},{"type":"Feature","geometry":{"type":"Point","coordinates":[34.7807,0.031919]},"properties":{"id":"523329080","n":"Ivola A PS 5","t":"ps","c":"Vihiga"}},{"type":"Feature","geometry":{"type":"Point","coordinates":[34.801796,0.043731]},"properties":{"id":"702613269","n":"Jamwaka Water Spring No","t":"ps","c":"Vihiga"}},{"type":"Feature","geometry":{"type":"Point","coordinates":[34.786629,0.039942]},"properties":{"id":"523273244","n":"Chepsaga PS 13","t":"ps","c":"Vihiga"}},{"type":"Feature","geometry":{"type":"Point","coordinates":[34.813998,0.04245]},"properties":{"id":"523326489","n":"Givogi PS 1","t":"ps","c":"Vihiga"}},{"type":"Feature","geometry":{"type":"Point","coordinates":[34.74518,0.013452]},"properties":{"id":"523264482","n":"Gimude PS 1","t":"ps","c":"Vihiga"}},{"type":"Feature","geometry":{"type":"Point","coordinates":[34.804115,0.038565]},"properties":{"id":"702613283","n":"Amata Water Spring No 1933","t":"ps","c":"Vihiga"}},{"type":"Feature","geometry":{"type":"Point","coordinates":[34.788582,0.03194]},"properties":{"id":"523326551","n":"Ivola B PS 4","t":"ps","c":"Vihiga"}},{"type":"Feature","geometry":{"type":"Point","coordinates":[34.76695,0.017714]},"properties":{"id":"523346658","n":"Givavei A PS 5","t":"ps","c":"Vihiga"}},{"type":"Feature","geometry":{"type":"Point","coordinates":[34.807675,0.028234]},"properties":{"id":"523327095","n":"Gimariani B PS 12","t":"ps","c":"Vihiga"}},{"type":"Feature","geometry":{"type":"Point","coordinates":[34.799119,0.046658]},"properties":{"id":"702613166","n":"Kasavai Water Spring No 1916","t":"ps","c":"Vihiga"}},{"type":"Feature","geometry":{"type":"Point","coordinates":[34.769661,0.023696]},"properties":{"id":"523307280","n":"Givavei B PD 1","t":"pdw","c":"Vihiga"}},{"type":"Feature","geometry":{"type":"Point","coordinates":[34.807292,0.036415]},"properties":{"id":"561115443","n":"Asuruda Water Spring No 1879","t":"ps","c":"Vihiga"}},{"type":"Feature","geometry":{"type":"Point","coordinates":[34.790562,0.034879]},"properties":{"id":"523197634","n":"Ivola B US 7","t":"us","c":"Vihiga"}},{"type":"Feature","geometry":{"type":"Point","coordinates":[34.787237,0.04323]},"properties":{"id":"523222262","n":"Chepsaga PS 12","t":"ps","c":"Vihiga"}},{"type":"Feature","geometry":{"type":"Point","coordinates":[34.784282,0.043702]},"properties":{"id":"419011738","n":"Idumbu Water Spring No 1748","t":"ps","c":"Vihiga"}},{"type":"Feature","geometry":{"type":"Point","coordinates":[34.742161,0.009806]},"properties":{"id":"523339850","n":"Gimude PD 1","t":"pdw","c":"Vihiga"}},{"type":"Feature","geometry":{"type":"Point","coordinates":[34.797972,0.039109]},"properties":{"id":"506970430","n":"Luther Primary School - 22247","t":"bh","c":"Vihiga","d":60.0}},{"type":"Feature","geometry":{"type":"Point","coordinates":[34.766303,0.009903]},"properties":{"id":"523212131","n":"Gimarakwa B PS 3","t":"ps","c":"Vihiga"}},{"type":"Feature","geometry":{"type":"Point","coordinates":[34.765419,0.011846]},"properties":{"id":"523220552","n":"Gimarakwa B PD 10","t":"pdw","c":"Vihiga"}},{"type":"Feature","geometry":{"type":"Point","coordinates":[34.780165,0.02603]},"properties":{"id":"523210799","n":"Mukuyu UD 4","t":"udw","c":"Vihiga"}},{"type":"Feature","geometry":{"type":"Point","coordinates":[34.765668,0.016563]},"properties":{"id":"523253288","n":"Gimarakwa B PD 17","t":"pdw","c":"Vihiga"}},{"type":"Feature","geometry":{"type":"Point","coordinates":[34.765991,0.014259]},"properties":{"id":"523213826","n":"Gimarakwa B PD 15","t":"pdw","c":"Vihiga"}},{"type":"Feature","geometry":{"type":"Point","coordinates":[34.788977,0.052008]},"properties":{"id":"523254038","n":"Museywa PS 1","t":"ps","c":"Vihiga"}},{"type":"Feature","geometry":{"type":"Point","coordinates":[34.806645,0.038455]},"properties":{"id":"561115319","n":"Keverenge Water Spring No 1885","t":"ps","c":"Vihiga"}},{"type":"Feature","geometry":{"type":"Point","coordinates":[34.797439,0.051954]},"properties":{"id":"523310943","n":"Kapkoi US 1","t":"us","c":"Vihiga"}},{"type":"Feature","geometry":{"type":"Point","coordinates":[34.800554,0.042145]},"properties":{"id":"523256762","n":"Mujinga PS 2","t":"ps","c":"Vihiga"}},{"type":"Feature","geometry":{"type":"Point","coordinates":[34.791065,0.0367]},"properties":{"id":"523308638","n":"Givigoi PS 3","t":"ps","c":"Vihiga"}},{"type":"Feature","geometry":{"type":"Point","coordinates":[34.79386,0.037223]},"properties":{"id":"523288033","n":"Givigoi PS 9","t":"ps","c":"Vihiga"}},{"type":"Feature","geometry":{"type":"Point","coordinates":[34.78506,0.032304]},"properties":{"id":"523282051","n":"Ivola A PS 1","t":"ps","c":"Vihiga"}},{"type":"Feature","geometry":{"type":"Point","coordinates":[34.791969,0.033417]},"properties":{"id":"523324432","n":"Ivola B US 8","t":"us","c":"Vihiga"}},{"type":"Feature","geometry":{"type":"Point","coordinates":[34.78579,0.052895]},"properties":{"id":"523236342","n":"Shikomoli PS 1","t":"ps","c":"Vihiga"}},{"type":"Feature","geometry":{"type":"Point","coordinates":[34.763677,0.021366]},"properties":{"id":"523274355","n":"Jongodi UD 2","t":"udw","c":"Vihiga"}},{"type":"Feature","geometry":{"type":"Point","coordinates":[34.78506,0.043063]},"properties":{"id":"523322461","n":"Gamugeni US 1","t":"us","c":"Vihiga"}},{"type":"Feature","geometry":{"type":"Point","coordinates":[34.774251,0.011177]},"properties":{"id":"523348399","n":"Mutave A PS 3","t":"ps","c":"Vihiga"}},{"type":"Feature","geometry":{"type":"Point","coordinates":[34.764478,0.013185]},"properties":{"id":"523331876","n":"Gimarakwa B PD 14","t":"pdw","c":"Vihiga"}},{"type":"Feature","geometry":{"type":"Point","coordinates":[34.769793,0.023906]},"properties":{"id":"523242510","n":"Givavei B PD 2","t":"pdw","c":"Vihiga"}},{"type":"Feature","geometry":{"type":"Point","coordinates":[34.773847,0.023017]},"properties":{"id":"523338347","n":"Givudemesi A PS 6","t":"ps","c":"Vihiga"}},{"type":"Feature","geometry":{"type":"Point","coordinates":[34.781057,0.035075]},"properties":{"id":"523339582","n":"Ivola A US 4","t":"us","c":"Vihiga"}},{"type":"Feature","geometry":{"type":"Point","coordinates":[34.761338,0.012201]},"properties":{"id":"523220291","n":"Gimarakwa A PS 3","t":"ps","c":"Vihiga"}},{"type":"Feature","geometry":{"type":"Point","coordinates":[34.79872,0.036081]},"properties":{"id":"523273622","n":"Mujinga PS 6","t":"ps","c":"Vihiga"}},{"type":"Feature","geometry":{"type":"Point","coordinates":[34.758821,0.017608]},"properties":{"id":"523266147","n":"Jongodi PD 2","t":"pdw","c":"Vihiga"}},{"type":"Feature","geometry":{"type":"Point","coordinates":[34.762071,0.020522]},"properties":{"id":"523228622","n":"Jongodi UD 1","t":"udw","c":"Vihiga"}},{"type":"Feature","geometry":{"type":"Point","coordinates":[34.791872,0.051702]},"properties":{"id":"523193018","n":"Ivona PS 2","t":"ps","c":"Vihiga"}},{"type":"Feature","geometry":{"type":"Point","coordinates":[34.795932,0.031148]},"properties":{"id":"523259978","n":"Viyalo US 2","t":"us","c":"Vihiga"}},{"type":"Feature","geometry":{"type":"Point","coordinates":[34.770252,0.00891]},"properties":{"id":"523310455","n":"Mutave A PS 2","t":"ps","c":"Vihiga"}},{"type":"Feature","geometry":{"type":"Point","coordinates":[34.76947,0.021917]},"properties":{"id":"523224673","n":"Givavei A PD 3","t":"pdw","c":"Vihiga"}},{"type":"Feature","geometry":{"type":"Point","coordinates":[34.635868,0.018713]},"properties":{"id":"35014045","n":"Esilulu Water Spring","t":"ps","c":"Vihiga"}},{"type":"Feature","geometry":{"type":"Point","coordinates":[34.603383,0.018897]},"properties":{"id":"11604567","n":"Ebusiralo spring","t":"ps","c":"Vihiga"}}]}