{"type":"FeatureCollection","features":[{"type":"Feature","geometry":{"type":"Point","coordinates":[34.688763,0.292528]},"properties":{"id":"523214906","n":"Eshivembe C PS 3","t":"ps","c":"Kakamega"}},{"type":"Feature","geometry":{"type":"Point","coordinates":[34.662054,0.29794]},"properties":{"id":"523287207","n":"Ebuhayi A PD 6","t":"pdw","c":"Kakamega"}},{"type":"Feature","geometry":{"type":"Point","coordinates":[34.718286,0.296918]},"properties":{"id":"523219949","n":"Mulwanda, PD, 21","t":"pdw","c":"Kakamega"}},{"type":"Feature","geometry":{"type":"Point","coordinates":[34.664862,0.282252]},"properties":{"id":"523233253","n":"Emasindikha PD15","t":"pdw","c":"Kakamega"}},{"type":"Feature","geometry":{"type":"Point","coordinates":[34.709801,0.285726]},"properties":{"id":"1045554","n":"Mundoli, Mundoli Spring - 4418","t":"ps","c":"Kakamega"}},{"type":"Feature","geometry":{"type":"Point","coordinates":[34.669174,0.292099]},"properties":{"id":"523219413","n":"Iyala A PD 4","t":"pdw","c":"Kakamega"}},{"type":"Feature","geometry":{"type":"Point","coordinates":[34.684186,0.293309]},"properties":{"id":"523200462","n":"Eshivembe C US 6","t":"us","c":"Kakamega"}},{"type":"Feature","geometry":{"type":"Point","coordinates":[34.657121,0.297858]},"properties":{"id":"523254643","n":"Ebuhayi B PS 1","t":"ps","c":"Kakamega"}},{"type":"Feature","geometry":{"type":"Point","coordinates":[34.697631,0.293326]},"properties":{"id":"523317483","n":"Eshifumbi A US 2","t":"us","c":"Kakamega"}},{"type":"Feature","geometry":{"type":"Point","coordinates":[34.686623,0.28704]},"properties":{"id":"523216166","n":"Ebuchira A US 1","t":"us","c":"Kakamega"}},{"type":"Feature","geometry":{"type":"Point","coordinates":[34.714213,0.290764]},"properties":{"id":"523339441","n":"Elukala US 2","t":"us","c":"Kakamega"}},{"type":"Feature","geometry":{"type":"Point","coordinates":[34.67023,0.29431]},"properties":{"id":"3749874","n":"Decommissioned 2016 - Shiambula Community Well","t":"bh","c":"Kakamega"}},{"type":"Feature","geometry":{"type":"Point","coordinates":[34.718232,0.296907]},"properties":{"id":"523343662","n":"Mulwanda, US, 23","t":"us","c":"Kakamega"}},{"type":"Feature","geometry":{"type":"Point","coordinates":[34.714816,0.296838]},"properties":{"id":"523345963","n":"Emasera A, UD, 4","t":"udw","c":"Kakamega"}},{"type":"Feature","geometry":{"type":"Point","coordinates":[34.723072,0.292511]},"properties":{"id":"523322014","n":"Mulwanda, PS, 1","t":"ps","c":"Kakamega"}},{"type":"Feature","geometry":{"type":"Point","coordinates":[34.717173,0.297665]},"properties":{"id":"523232764","n":"Emasera A, PD, 6","t":"pdw","c":"Kakamega"}},{"type":"Feature","geometry":{"type":"Point","coordinates":[34.668283,0.288601]},"properties":{"id":"523286622","n":"Eshiambula A PD 4","t":"pdw","c":"Kakamega"}},{"type":"Feature","geometry":{"type":"Point","coordinates":[34.713772,0.273048]},"properties":{"id":"523238739","n":"Munzeywe US 4","t":"us","c":"Kakamega"}},{"type":"Feature","geometry":{"type":"Point","coordinates":[34.718596,0.295461]},"properties":{"id":"523204806","n":"Mulwanda, PS, 13","t":"ps","c":"Kakamega"}},{"type":"Feature","geometry":{"type":"Point","coordinates":[34.640635,0.294119]},"properties":{"id":"523209344","n":"Eshiehembela PD 10","t":"pdw","c":"Kakamega"}},{"type":"Feature","geometry":{"type":"Point","coordinates":[34.715457,0.283038]},"properties":{"id":"523236108","n":"Mundoli Upper C BH2","t":"bh","c":"Kakamega"}},{"type":"Feature","geometry":{"type":"Point","coordinates":[34.710028,0.276194]},"properties":{"id":"3615584","n":"Ijinha, Emuyokha Spring - 4430","t":"ps","c":"Kakamega"}},{"type":"Feature","geometry":{"type":"Point","coordinates":[34.64871,0.26685]},"properties":{"id":"3750188","n":"Emayungu Community Borehole - 4011","t":"bh","c":"Kakamega"}},{"type":"Feature","geometry":{"type":"Point","coordinates":[34.656368,0.302457]},"properties":{"id":"523222190","n":"Ebuhayi C PD 17","t":"pdw","c":"Kakamega"}},{"type":"Feature","geometry":{"type":"Point","coordinates":[34.664211,0.297519]},"properties":{"id":"523200716","n":"Ebuhayi A US 4","t":"us","c":"Kakamega"}},{"type":"Feature","geometry":{"type":"Point","coordinates":[34.653709,0.283543]},"properties":{"id":"523289656","n":"Emulele PD3","t":"pdw","c":"Kakamega"}},{"type":"Feature","geometry":{"type":"Point","coordinates":[34.658133,0.280277]},"properties":{"id":"523270571","n":"Elwaminyi US3","t":"us","c":"Kakamega"}},{"type":"Feature","geometry":{"type":"Point","coordinates":[34.720119,0.292622]},"properties":{"id":"523248028","n":"Mulwanda, US, 10","t":"us","c":"Kakamega"}},{"type":"Feature","geometry":{"type":"Point","coordinates":[34.665392,0.278072]},"properties":{"id":"523196183","n":"Emukangu A BH1","t":"bh","c":"Kakamega"}},{"type":"Feature","geometry":{"type":"Point","coordinates":[34.639931,0.29243]},"properties":{"id":"523297864","n":"Eshiehembela PD 7","t":"pdw","c":"Kakamega"}},{"type":"Feature","geometry":{"type":"Point","coordinates":[34.696745,0.290759]},"properties":{"id":"523271819","n":"Eshivembe A US 4","t":"us","c":"Kakamega"}},{"type":"Feature","geometry":{"type":"Point","coordinates":[34.65333,0.255657]},"properties":{"id":"523292209","n":"Elusolokho PS2","t":"ps","c":"Kakamega"}},{"type":"Feature","geometry":{"type":"Point","coordinates":[34.702165,0.275122]},"properties":{"id":"523221041","n":"Emurumba B US 6","t":"us","c":"Kakamega"}},{"type":"Feature","geometry":{"type":"Point","coordinates":[34.704362,0.283485]},"properties":{"id":"523263687","n":"Mundoli Lower B","t":"pdw","c":"Kakamega"}},{"type":"Feature","geometry":{"type":"Point","coordinates":[34.663785,0.28109]},"properties":{"id":"523257419","n":"Emasindikha PD9","t":"pdw","c":"Kakamega"}},{"type":"Feature","geometry":{"type":"Point","coordinates":[34.712655,0.297099]},"properties":{"id":"523231581","n":"Wetai A, US, 7","t":"us","c":"Kakamega"}},{"type":"Feature","geometry":{"type":"Point","coordinates":[34.65711,0.301528]},"properties":{"id":"523266855","n":"Ebuhayi C PD 15","t":"pdw","c":"Kakamega"}},{"type":"Feature","geometry":{"type":"Point","coordinates":[34.659702,0.267427]},"properties":{"id":"523283791","n":"Emukangu C US1","t":"us","c":"Kakamega"}},{"type":"Feature","geometry":{"type":"Point","coordinates":[34.681353,0.295475]},"properties":{"id":"523332846","n":"Emabanga A PD 1","t":"pdw","c":"Kakamega"}},{"type":"Feature","geometry":{"type":"Point","coordinates":[34.664217,0.278258]},"properties":{"id":"523351045","n":"Emasindikha PD4","t":"pdw","c":"Kakamega"}},{"type":"Feature","geometry":{"type":"Point","coordinates":[34.687075,0.26192]},"properties":{"id":"523247883","n":"Ibinzo B US5","t":"us","c":"Kakamega"}},{"type":"Feature","geometry":{"type":"Point","coordinates":[34.711686,0.309481]},"properties":{"id":"523267038","n":"Nyangwira B, PD, 9","t":"pdw","c":"Kakamega"}},{"type":"Feature","geometry":{"type":"Point","coordinates":[34.668583,0.275758]},"properties":{"id":"523243676","n":"Emukangu B PD3","t":"pdw","c":"Kakamega"}},{"type":"Feature","geometry":{"type":"Point","coordinates":[34.650159,0.254388]},"properties":{"id":"432093441","n":"Elusolokho Community, Makuba Spring - 22074","t":"ps","c":"Kakamega"}},{"type":"Feature","geometry":{"type":"Point","coordinates":[34.650682,0.273653]},"properties":{"id":"523262868","n":"Elwaminyi PD 13","t":"pdw","c":"Kakamega"}},{"type":"Feature","geometry":{"type":"Point","coordinates":[34.713707,0.291757]},"properties":{"id":"523309282","n":"Elukala US 3","t":"us","c":"Kakamega"}},{"type":"Feature","geometry":{"type":"Point","coordinates":[34.714157,0.294837]},"properties":{"id":"523276364","n":"Wetai A, PD, 5","t":"pdw","c":"Kakamega"}},{"type":"Feature","geometry":{"type":"Point","coordinates":[34.65603,0.298893]},"properties":{"id":"366924961","n":"Ebuhayi Community, Charles Makhokha Spring - 22109","t":"ps","c":"Kakamega"}},{"type":"Feature","geometry":{"type":"Point","coordinates":[34.705479,0.295503]},"properties":{"id":"523287410","n":"Shiyuli B US 2","t":"us","c":"Kakamega"}},{"type":"Feature","geometry":{"type":"Point","coordinates":[34.707985,0.294165]},"properties":{"id":"523349321","n":"Shiyuli A US 3","t":"us","c":"Kakamega"}},{"type":"Feature","geometry":{"type":"Point","coordinates":[34.661373,0.279028]},"properties":{"id":"523338110","n":"Emasindikha PD6","t":"pdw","c":"Kakamega"}},{"type":"Feature","geometry":{"type":"Point","coordinates":[34.658633,0.246503]},"properties":{"id":"523274551","n":"Ematetie B US1","t":"us","c":"Kakamega"}},{"type":"Feature","geometry":{"type":"Point","coordinates":[34.706556,0.293622]},"properties":{"id":"523283241","n":"Shiyuli A PD 2","t":"pdw","c":"Kakamega"}},{"type":"Feature","geometry":{"type":"Point","coordinates":[34.638403,0.28443]},"properties":{"id":"523327394","n":"Eshiamboko PS","t":"ps","c":"Kakamega"}},{"type":"Feature","geometry":{"type":"Point","coordinates":[34.664615,0.290333]},"properties":{"id":"523271039","n":"Eshiambula A PD 5","t":"pdw","c":"Kakamega"}},{"type":"Feature","geometry":{"type":"Point","coordinates":[34.682496,0.269937]},"properties":{"id":"665782","n":"Emutsiliba Community - 4354","t":"bh","c":"Kakamega"}},{"type":"Feature","geometry":{"type":"Point","coordinates":[34.719305,0.299209]},"properties":{"id":"523275882","n":"Mulwanda, PD, 18","t":"pdw","c":"Kakamega"}},{"type":"Feature","geometry":{"type":"Point","coordinates":[34.715035,0.271592]},"properties":{"id":"523271943","n":"Munzeywe B PD6","t":"pdw","c":"Kakamega"}},{"type":"Feature","geometry":{"type":"Point","coordinates":[34.706271,0.270262]},"properties":{"id":"523266642","n":"Emukoko PS 3","t":"ps","c":"Kakamega"}},{"type":"Feature","geometry":{"type":"Point","coordinates":[34.71231,0.301658]},"properties":{"id":"523333366","n":"Emasera A, UD, 15","t":"udw","c":"Kakamega"}},{"type":"Feature","geometry":{"type":"Point","coordinates":[34.665675,0.27303]},"properties":{"id":"523249335","n":"Emukangu A PD7","t":"pdw","c":"Kakamega"}},{"type":"Feature","geometry":{"type":"Point","coordinates":[34.706497,0.275278]},"properties":{"id":"523346421","n":"Munzeywe B PD10","t":"pdw","c":"Kakamega"}},{"type":"Feature","geometry":{"type":"Point","coordinates":[34.654522,0.294258]},"properties":{"id":"523276261","n":"Emusanda B PD 3","t":"pdw","c":"Kakamega"}},{"type":"Feature","geometry":{"type":"Point","coordinates":[34.662749,0.299321]},"properties":{"id":"523347996","n":"Ebuhayi C PD 4","t":"pdw","c":"Kakamega"}},{"type":"Feature","geometry":{"type":"Point","coordinates":[34.656552,0.284628]},"properties":{"id":"523260907","n":"Emulele PD2","t":"pdw","c":"Kakamega"}},{"type":"Feature","geometry":{"type":"Point","coordinates":[34.698783,0.26829]},"properties":{"id":"523269267","n":"Emurumba B US 17","t":"us","c":"Kakamega"}},{"type":"Feature","geometry":{"type":"Point","coordinates":[34.655275,0.25195]},"properties":{"id":"523286866","n":"Elusolokho US4","t":"us","c":"Kakamega"}},{"type":"Feature","geometry":{"type":"Point","coordinates":[34.695445,0.287553]},"properties":{"id":"523275208","n":"Shivakala US 2","t":"us","c":"Kakamega"}},{"type":"Feature","geometry":{"type":"Point","coordinates":[34.701182,0.270612]},"properties":{"id":"523250209","n":"Emurumba B PS 14","t":"ps","c":"Kakamega"}},{"type":"Feature","geometry":{"type":"Point","coordinates":[34.640135,0.277708]},"properties":{"id":"17388306","n":"Esembe, Chera Spring - 18131","t":"ps","c":"Kakamega"}},{"type":"Feature","geometry":{"type":"Point","coordinates":[34.667761,0.288356]},"properties":{"id":"523293145","n":"Eshiambula A PD 1","t":"pdw","c":"Kakamega"}},{"type":"Feature","geometry":{"type":"Point","coordinates":[34.666243,0.266603]},"properties":{"id":"523308308","n":"Emaungu PS1","t":"ps","c":"Kakamega"}},{"type":"Feature","geometry":{"type":"Point","coordinates":[34.641757,0.281113]},"properties":{"id":"523276735","n":"Shibuli PS2","t":"ps","c":"Kakamega"}},{"type":"Feature","geometry":{"type":"Point","coordinates":[34.71513,0.283493]},"properties":{"id":"523284022","n":"Mundoli Upper C BH3","t":"bh","c":"Kakamega"}},{"type":"Feature","geometry":{"type":"Point","coordinates":[34.706078,0.280437]},"properties":{"id":"523350013","n":"Ejinja B PD1","t":"pdw","c":"Kakamega"}},{"type":"Feature","geometry":{"type":"Point","coordinates":[34.7102,0.284508]},"properties":{"id":"523315319","n":"Mundoli Lower A PD 2","t":"pdw","c":"Kakamega"}},{"type":"Feature","geometry":{"type":"Point","coordinates":[34.710394,0.296787]},"properties":{"id":"523307479","n":"Wetai A, US, 8","t":"us","c":"Kakamega"}},{"type":"Feature","geometry":{"type":"Point","coordinates":[34.667792,0.266229]},"properties":{"id":"3750212","n":"Emahungu Primary School Borehole - 4222","t":"bh","c":"Kakamega"}},{"type":"Feature","geometry":{"type":"Point","coordinates":[34.663585,0.28557]},"properties":{"id":"523314301","n":"Eshiambula B PD 5","t":"pdw","c":"Kakamega"}},{"type":"Feature","geometry":{"type":"Point","coordinates":[34.701633,0.29247]},"properties":{"id":"523212856","n":"Mumbinga A PD 7","t":"pdw","c":"Kakamega"}},{"type":"Feature","geometry":{"type":"Point","coordinates":[34.694084,0.281728]},"properties":{"id":"523223328","n":"Emahondo PD 8","t":"pdw","c":"Kakamega"}},{"type":"Feature","geometry":{"type":"Point","coordinates":[34.646475,0.282931]},"properties":{"id":"523324700","n":"Shibuli","t":"ps","c":"Kakamega"}},{"type":"Feature","geometry":{"type":"Point","coordinates":[34.705633,0.272178]},"properties":{"id":"523344498","n":"Emukoko US 1","t":"us","c":"Kakamega"}},{"type":"Feature","geometry":{"type":"Point","coordinates":[34.710214,0.307996]},"properties":{"id":"523320940","n":"Emasera B, PD, 6","t":"pdw","c":"Kakamega"}},{"type":"Feature","geometry":{"type":"Point","coordinates":[34.644977,0.292839]},"properties":{"id":"523327868","n":"Eshinabatende US 3","t":"us","c":"Kakamega"}},{"type":"Feature","geometry":{"type":"Point","coordinates":[34.706865,0.296657]},"properties":{"id":"523247711","n":"Shiyuli B UD 4","t":"udw","c":"Kakamega"}},{"type":"Feature","geometry":{"type":"Point","coordinates":[34.639652,0.283118]},"properties":{"id":"523303293","n":"Eshiamboko PS1","t":"ps","c":"Kakamega"}},{"type":"Feature","geometry":{"type":"Point","coordinates":[34.665063,0.292247]},"properties":{"id":"523348966","n":"Iyala A PS 5","t":"ps","c":"Kakamega"}},{"type":"Feature","geometry":{"type":"Point","coordinates":[34.714812,0.296765]},"properties":{"id":"523245850","n":"Emasera A, UD, 5","t":"udw","c":"Kakamega"}},{"type":"Feature","geometry":{"type":"Point","coordinates":[34.699673,0.286018]},"properties":{"id":"523208312","n":"Shivakala US 3","t":"us","c":"Kakamega"}},{"type":"Feature","geometry":{"type":"Point","coordinates":[34.711346,0.279525]},"properties":{"id":"523309529","n":"Ejinja B PD8","t":"pdw","c":"Kakamega"}},{"type":"Feature","geometry":{"type":"Point","coordinates":[34.688611,0.285561]},"properties":{"id":"523295886","n":"Ebuchira A PD 3","t":"pdw","c":"Kakamega"}},{"type":"Feature","geometry":{"type":"Point","coordinates":[34.715057,0.27423]},"properties":{"id":"523319007","n":"Munzeywe B PD8","t":"pdw","c":"Kakamega"}},{"type":"Feature","geometry":{"type":"Point","coordinates":[34.680471,0.262264]},"properties":{"id":"523227463","n":"Elunyu B US1","t":"us","c":"Kakamega"}},{"type":"Feature","geometry":{"type":"Point","coordinates":[34.691249,0.289413]},"properties":{"id":"523280815","n":"Eshivembe C PD 1","t":"us","c":"Kakamega"}},{"type":"Feature","geometry":{"type":"Point","coordinates":[34.672397,0.253955]},"properties":{"id":"523256164","n":"Emulomonye US1","t":"us","c":"Kakamega"}},{"type":"Feature","geometry":{"type":"Point","coordinates":[34.688688,0.277403]},"properties":{"id":"523234357","n":"Emahondo BH 1","t":"bh","c":"Kakamega"}},{"type":"Feature","geometry":{"type":"Point","coordinates":[34.650205,0.252723]},"properties":{"id":"523257048","n":"Elusolokho US2","t":"us","c":"Kakamega"}},{"type":"Feature","geometry":{"type":"Point","coordinates":[34.694976,0.269153]},"properties":{"id":"523262583","n":"Emurumba A PD 6","t":"pdw","c":"Kakamega"}},{"type":"Feature","geometry":{"type":"Point","coordinates":[34.658033,0.267762]},"properties":{"id":"523351007","n":"Emayungu PD1","t":"pdw","c":"Kakamega"}},{"type":"Feature","geometry":{"type":"Point","coordinates":[34.706343,0.281305]},"properties":{"id":"523237707","n":"Ejinja B PD3","t":"pdw","c":"Kakamega"}},{"type":"Feature","geometry":{"type":"Point","coordinates":[34.7157,0.273262]},"properties":{"id":"523252067","n":"Munzeywe B PD2","t":"pdw","c":"Kakamega"}},{"type":"Feature","geometry":{"type":"Point","coordinates":[34.710789,0.294857]},"properties":{"id":"380885","n":"Wetai, Musembe Spring - 4563","t":"ps","c":"Kakamega"}},{"type":"Feature","geometry":{"type":"Point","coordinates":[34.662138,0.273222]},"properties":{"id":"523239352","n":"Emukangu A PD5","t":"pdw","c":"Kakamega"}},{"type":"Feature","geometry":{"type":"Point","coordinates":[34.651908,0.28493]},"properties":{"id":"523344649","n":"Shibuli US2","t":"us","c":"Kakamega"}},{"type":"Feature","geometry":{"type":"Point","coordinates":[34.692482,0.280278]},"properties":{"id":"523289986","n":"Emahondo US 7","t":"us","c":"Kakamega"}},{"type":"Feature","geometry":{"type":"Point","coordinates":[34.640151,0.27774]},"properties":{"id":"523298391","n":"Isembe PS1","t":"ps","c":"Kakamega"}},{"type":"Feature","geometry":{"type":"Point","coordinates":[34.685449,0.270239]},"properties":{"id":"523274812","n":"Ibinzo A PS1","t":"ps","c":"Kakamega"}},{"type":"Feature","geometry":{"type":"Point","coordinates":[34.653185,0.297635]},"properties":{"id":"523305738","n":"Emusanda B PD 6","t":"pdw","c":"Kakamega"}},{"type":"Feature","geometry":{"type":"Point","coordinates":[34.727362,0.294292]},"properties":{"id":"11516941","n":"Shitungu B, Charles Amala Spring - 4731","t":"ps","c":"Kakamega"}},{"type":"Feature","geometry":{"type":"Point","coordinates":[34.662758,0.275715]},"properties":{"id":"523292058","n":"Emukangu APD 2","t":"pdw","c":"Kakamega"}},{"type":"Feature","geometry":{"type":"Point","coordinates":[34.663413,0.282865]},"properties":{"id":"523350453","n":"Emasindikha PD12","t":"pdw","c":"Kakamega"}},{"type":"Feature","geometry":{"type":"Point","coordinates":[34.714008,0.28016]},"properties":{"id":"523314129","n":"Ejinja A PD 4","t":"pdw","c":"Kakamega"}},{"type":"Feature","geometry":{"type":"Point","coordinates":[34.714153,0.294159]},"properties":{"id":"523199825","n":"Wetai A, PD, 4","t":"pdw","c":"Kakamega"}},{"type":"Feature","geometry":{"type":"Point","coordinates":[34.656462,0.28081]},"properties":{"id":"523204590","n":"Elwaminyi BH1","t":"pdw","c":"Kakamega"}},{"type":"Feature","geometry":{"type":"Point","coordinates":[34.720916,0.289269]},"properties":{"id":"523253109","n":"Mulwanda, PS, 3","t":"ps","c":"Kakamega"}},{"type":"Feature","geometry":{"type":"Point","coordinates":[34.719384,0.297222]},"properties":{"id":"523276601","n":"Mulwanda, PD, 16","t":"pdw","c":"Kakamega"}},{"type":"Feature","geometry":{"type":"Point","coordinates":[34.698,0.288656]},"properties":{"id":"523317500","n":"Shivakala US 4","t":"us","c":"Kakamega"}},{"type":"Feature","geometry":{"type":"Point","coordinates":[34.668898,0.285435]},"properties":{"id":"523297486","n":"Eshiambula A PD 10","t":"pdw","c":"Kakamega"}},{"type":"Feature","geometry":{"type":"Point","coordinates":[34.708104,0.296946]},"properties":{"id":"523221687","n":"Wetai A, PD,14","t":"pdw","c":"Kakamega"}},{"type":"Feature","geometry":{"type":"Point","coordinates":[34.687975,0.29204]},"properties":{"id":"523286921","n":"Eshivembe C US 4","t":"us","c":"Kakamega"}},{"type":"Feature","geometry":{"type":"Point","coordinates":[34.652537,0.280758]},"properties":{"id":"523287977","n":"Elwaminyi BH4","t":"bh","c":"Kakamega"}},{"type":"Feature","geometry":{"type":"Point","coordinates":[34.645014,0.290257]},"properties":{"id":"523293248","n":"Emusanda A PD 4","t":"pdw","c":"Kakamega"}},{"type":"Feature","geometry":{"type":"Point","coordinates":[34.671485,0.269133]},"properties":{"id":"523308504","n":"Emaungu US 2","t":"us","c":"Kakamega"}},{"type":"Feature","geometry":{"type":"Point","coordinates":[34.646803,0.277613]},"properties":{"id":"523255826","n":"Emulele PD 13","t":"pdw","c":"Kakamega"}},{"type":"Feature","geometry":{"type":"Point","coordinates":[34.658378,0.281947]},"properties":{"id":"523249256","n":"Elwaminyi US1","t":"us","c":"Kakamega"}},{"type":"Feature","geometry":{"type":"Point","coordinates":[34.70536,0.295006]},"properties":{"id":"17388258","n":"Shiyunzu, Imbukwa Spring - 18097","t":"ps","c":"Kakamega"}},{"type":"Feature","geometry":{"type":"Point","coordinates":[34.716292,0.302206]},"properties":{"id":"523213338","n":"Nyangwira A, PD, 8","t":"pdw","c":"Kakamega"}},{"type":"Feature","geometry":{"type":"Point","coordinates":[34.72728,0.295391]},"properties":{"id":"523259356","n":"Shitungu A, PS, 8","t":"ps","c":"Kakamega"}},{"type":"Feature","geometry":{"type":"Point","coordinates":[34.707097,0.276105]},"properties":{"id":"523311676","n":"Munzeywe A PD 2","t":"pdw","c":"Kakamega"}},{"type":"Feature","geometry":{"type":"Point","coordinates":[34.68,0.28]},"properties":{"id":"3615333","n":"Ebenezer Praise Centre Church Well Rehabilitation - 4359","t":"bh","c":"Kakamega"}},{"type":"Feature","geometry":{"type":"Point","coordinates":[34.686266,0.282873]},"properties":{"id":"523262600","n":"Ebuchira A BH 5","t":"bh","c":"Kakamega"}},{"type":"Feature","geometry":{"type":"Point","coordinates":[34.653245,0.28225]},"properties":{"id":"523347721","n":"Elwaminyi PD 10","t":"pdw","c":"Kakamega"}},{"type":"Feature","geometry":{"type":"Point","coordinates":[34.710163,0.310346]},"properties":{"id":"523192794","n":"Nyangwira B, PD, 10","t":"pdw","c":"Kakamega"}},{"type":"Feature","geometry":{"type":"Point","coordinates":[34.653098,0.282999]},"properties":{"id":"523249122","n":"Emulele PD4","t":"pdw","c":"Kakamega"}},{"type":"Feature","geometry":{"type":"Point","coordinates":[34.661695,0.296242]},"properties":{"id":"523350295","n":"Ebuhayi A UD 7","t":"udw","c":"Kakamega"}},{"type":"Feature","geometry":{"type":"Point","coordinates":[34.696773,0.291495]},"properties":{"id":"3983858","n":"Decommissioned 2019 - Chris Ochango Spring","t":"ps","c":"Kakamega"}},{"type":"Feature","geometry":{"type":"Point","coordinates":[34.696665,0.283998]},"properties":{"id":"523265249","n":"Shivakala PD 1","t":"pdw","c":"Kakamega"}},{"type":"Feature","geometry":{"type":"Point","coordinates":[34.682701,0.279442]},"properties":{"id":"523306502","n":"Emabanga C PS 3","t":"ps","c":"Kakamega"}},{"type":"Feature","geometry":{"type":"Point","coordinates":[34.708315,0.301459]},"properties":{"id":"523220617","n":"Wetai B, PS, 5","t":"ps","c":"Kakamega"}},{"type":"Feature","geometry":{"type":"Point","coordinates":[34.656845,0.302639]},"properties":{"id":"385569611","n":"Ebuhayi Community, Omunyang'Oli Spring - 22110","t":"ps","c":"Kakamega"}},{"type":"Feature","geometry":{"type":"Point","coordinates":[34.650575,0.26529]},"properties":{"id":"523205625","n":"Emayungu PS1","t":"ps","c":"Kakamega"}},{"type":"Feature","geometry":{"type":"Point","coordinates":[34.703625,0.266348]},"properties":{"id":"523267045","n":"Emakaka B PD 6","t":"pdw","c":"Kakamega"}},{"type":"Feature","geometry":{"type":"Point","coordinates":[34.664663,0.272123]},"properties":{"id":"523251884","n":"Emukangu PD6","t":"pdw","c":"Kakamega"}},{"type":"Feature","geometry":{"type":"Point","coordinates":[34.652021,0.29588]},"properties":{"id":"523193977","n":"Emusanda B PD 4","t":"pdw","c":"Kakamega"}},{"type":"Feature","geometry":{"type":"Point","coordinates":[34.641797,0.28565]},"properties":{"id":"523192969","n":"Eshiehembela US 1","t":"us","c":"Kakamega"}},{"type":"Feature","geometry":{"type":"Point","coordinates":[34.64949,0.294648]},"properties":{"id":"523308731","n":"Emusanda A US 2","t":"us","c":"Kakamega"}},{"type":"Feature","geometry":{"type":"Point","coordinates":[34.65245,0.260565]},"properties":{"id":"523259617","n":"Eshikhuyu BH2","t":"bh","c":"Kakamega"}},{"type":"Feature","geometry":{"type":"Point","coordinates":[34.650236,0.296207]},"properties":{"id":"523209519","n":"Emusanda B BH 8","t":"bh","c":"Kakamega"}},{"type":"Feature","geometry":{"type":"Point","coordinates":[34.654492,0.251963]},"properties":{"id":"523281074","n":"Elusolokho PS3","t":"ps","c":"Kakamega"}},{"type":"Feature","geometry":{"type":"Point","coordinates":[34.706574,0.29129]},"properties":{"id":"523322344","n":"Shiyuli A PD 6","t":"pdw","c":"Kakamega"}},{"type":"Feature","geometry":{"type":"Point","coordinates":[34.67415,0.29668]},"properties":{"id":"3749836","n":"UCC 2020 - Khasunire Well","t":"bh","c":"Kakamega"}},{"type":"Feature","geometry":{"type":"Point","coordinates":[34.694948,0.27487]},"properties":{"id":"523331230","n":"Emurumba A PD 9","t":"pdw","c":"Kakamega"}},{"type":"Feature","geometry":{"type":"Point","coordinates":[34.644269,0.287402]},"properties":{"id":"523243913","n":"Eshinabatende PD 5","t":"pdw","c":"Kakamega"}},{"type":"Feature","geometry":{"type":"Point","coordinates":[34.678827,0.278917]},"properties":{"id":"523295109","n":"Eshitinji BH1","t":"bh","c":"Kakamega"}},{"type":"Feature","geometry":{"type":"Point","coordinates":[34.6472,0.28286]},"properties":{"id":"17388203","n":"Shibuli, Khamala Spring - 18088","t":"ps","c":"Kakamega"}},{"type":"Feature","geometry":{"type":"Point","coordinates":[34.676103,0.260623]},"properties":{"id":"523235107","n":"Emulomonye PS1","t":"ps","c":"Kakamega"}},{"type":"Feature","geometry":{"type":"Point","coordinates":[34.704076,0.294314]},"properties":{"id":"523197483","n":"Mumbinga A PD 5","t":"pdw","c":"Kakamega"}},{"type":"Feature","geometry":{"type":"Point","coordinates":[34.718137,0.299136]},"properties":{"id":"523340731","n":"Mulwanda, US, 19","t":"us","c":"Kakamega"}},{"type":"Feature","geometry":{"type":"Point","coordinates":[34.727251,0.293419]},"properties":{"id":"523263137","n":"Shitungu A, PD, 4","t":"pdw","c":"Kakamega"}},{"type":"Feature","geometry":{"type":"Point","coordinates":[34.665549,0.27807]},"properties":{"id":"523249799","n":"Emukangu A PD 1","t":"pdw","c":"Kakamega"}},{"type":"Feature","geometry":{"type":"Point","coordinates":[34.698173,0.268703]},"properties":{"id":"523194851","n":"Emurumba B US 16","t":"us","c":"Kakamega"}},{"type":"Feature","geometry":{"type":"Point","coordinates":[34.645704,0.292244]},"properties":{"id":"523278287","n":"Eshinabatende PD 1","t":"pdw","c":"Kakamega"}},{"type":"Feature","geometry":{"type":"Point","coordinates":[34.648222,0.25533]},"properties":{"id":"523268864","n":"Elusolokho PS1","t":"ps","c":"Kakamega"}},{"type":"Feature","geometry":{"type":"Point","coordinates":[34.666138,0.273172]},"properties":{"id":"523333555","n":"Emukangu A PD8","t":"pdw","c":"Kakamega"}},{"type":"Feature","geometry":{"type":"Point","coordinates":[34.662572,0.275525]},"properties":{"id":"523264004","n":"Emukangu A PD 3","t":"pdw","c":"Kakamega"}},{"type":"Feature","geometry":{"type":"Point","coordinates":[34.712951,0.280346]},"properties":{"id":"523305549","n":"Ejinja A PD 1","t":"pdw","c":"Kakamega"}},{"type":"Feature","geometry":{"type":"Point","coordinates":[34.70948,0.305266]},"properties":{"id":"523254045","n":"Emasera B, PS, 10","t":"ps","c":"Kakamega"}},{"type":"Feature","geometry":{"type":"Point","coordinates":[34.663823,0.299691]},"properties":{"id":"523199801","n":"Ebuhayi A PD 1","t":"pdw","c":"Kakamega"}},{"type":"Feature","geometry":{"type":"Point","coordinates":[34.647867,0.276717]},"properties":{"id":"523198381","n":"Emulele PD 12","t":"pdw","c":"Kakamega"}},{"type":"Feature","geometry":{"type":"Point","coordinates":[34.631721,0.275102]},"properties":{"id":"366925058","n":"Isembe Community, Mangala Spring - 22106","t":"ps","c":"Kakamega"}},{"type":"Feature","geometry":{"type":"Point","coordinates":[34.72575,0.294621]},"properties":{"id":"9606058","n":"Shitungu, Suleiman Spring - 4696","t":"ps","c":"Kakamega"}},{"type":"Feature","geometry":{"type":"Point","coordinates":[34.704923,0.303276]},"properties":{"id":"523230566","n":"Wetai B, UD, 6","t":"udw","c":"Kakamega"}},{"type":"Feature","geometry":{"type":"Point","coordinates":[34.719276,0.299131]},"properties":{"id":"523306227","n":"Mulwanda, US, 20","t":"us","c":"Kakamega"}},{"type":"Feature","geometry":{"type":"Point","coordinates":[34.691804,0.296601]},"properties":{"id":"523236490","n":"Eshifumbi A US 6","t":"us","c":"Kakamega"}},{"type":"Feature","geometry":{"type":"Point","coordinates":[34.673838,0.269972]},"properties":{"id":"523235884","n":"Elunyu A PD 1","t":"pdw","c":"Kakamega"}},{"type":"Feature","geometry":{"type":"Point","coordinates":[34.708071,0.310613]},"properties":{"id":"523345516","n":"Emasera B, PS, 9","t":"ps","c":"Kakamega"}},{"type":"Feature","geometry":{"type":"Point","coordinates":[34.65688,0.27079]},"properties":{"id":"523266831","n":"Emayungu US 2","t":"us","c":"Kakamega"}},{"type":"Feature","geometry":{"type":"Point","coordinates":[34.716007,0.302085]},"properties":{"id":"523285157","n":"Nyangwira A, PD, 6","t":"pdw","c":"Kakamega"}},{"type":"Feature","geometry":{"type":"Point","coordinates":[34.661028,0.300364]},"properties":{"id":"523217112","n":"Ebuhayi C BH 9","t":"bh","c":"Kakamega"}},{"type":"Feature","geometry":{"type":"Point","coordinates":[34.647727,0.277968]},"properties":{"id":"523224099","n":"Emulele PD 11","t":"pdw","c":"Kakamega"}},{"type":"Feature","geometry":{"type":"Point","coordinates":[34.662188,0.275657]},"properties":{"id":"523199014","n":"Emukangu A PS1","t":"ps","c":"Kakamega"}},{"type":"Feature","geometry":{"type":"Point","coordinates":[34.638789,0.289786]},"properties":{"id":"523262208","n":"Eshiehembela US 5","t":"us","c":"Kakamega"}},{"type":"Feature","geometry":{"type":"Point","coordinates":[34.658092,0.288746]},"properties":{"id":"523250340","n":"Ebusang'ang'a A PD 5","t":"pdw","c":"Kakamega"}},{"type":"Feature","geometry":{"type":"Point","coordinates":[34.698048,0.29479]},"properties":{"id":"523285896","n":"Eshifumbi A US 3","t":"us","c":"Kakamega"}},{"type":"Feature","geometry":{"type":"Point","coordinates":[34.695647,0.300052]},"properties":{"id":"523309835","n":"Eshifumbi B US 2","t":"us","c":"Kakamega"}},{"type":"Feature","geometry":{"type":"Point","coordinates":[34.65796,0.284857]},"properties":{"id":"523350996","n":"Elwaminyi PD1","t":"pdw","c":"Kakamega"}},{"type":"Feature","geometry":{"type":"Point","coordinates":[34.705427,0.293395]},"properties":{"id":"523311652","n":"Mumbinga A US 2","t":"us","c":"Kakamega"}},{"type":"Feature","geometry":{"type":"Point","coordinates":[34.662182,0.264003]},"properties":{"id":"523199124","n":"Emukangu B US6","t":"us","c":"Kakamega"}},{"type":"Feature","geometry":{"type":"Point","coordinates":[34.662639,0.30001]},"properties":{"id":"523297637","n":"Ebuhayi C US 5","t":"us","c":"Kakamega"}},{"type":"Feature","geometry":{"type":"Point","coordinates":[34.67766,0.270803]},"properties":{"id":"523351076","n":"Elunyu A village PS1","t":"ps","c":"Kakamega"}},{"type":"Feature","geometry":{"type":"Point","coordinates":[34.65985,0.263963]},"properties":{"id":"523197366","n":"Emukangu C US4","t":"us","c":"Kakamega"}},{"type":"Feature","geometry":{"type":"Point","coordinates":[34.667253,0.272925]},"properties":{"id":"523221261","n":"Emukangu B PD1","t":"pdw","c":"Kakamega"}},{"type":"Feature","geometry":{"type":"Point","coordinates":[34.639717,0.283083]},"properties":{"id":"11516958","n":"Shiamboko, Oluchinji Spring - 4732","t":"ps","c":"Kakamega"}},{"type":"Feature","geometry":{"type":"Point","coordinates":[34.711495,0.278571]},"properties":{"id":"523300427","n":"Ejinja A PD 3","t":"pdw","c":"Kakamega"}},{"type":"Feature","geometry":{"type":"Point","coordinates":[34.653925,0.261802]},"properties":{"id":"523322588","n":"Eshikhuyu PD2","t":"pdw","c":"Kakamega"}},{"type":"Feature","geometry":{"type":"Point","coordinates":[34.683828,0.28111]},"properties":{"id":"523238636","n":"Ebuchira B US 3","t":"us","c":"Kakamega"}},{"type":"Feature","geometry":{"type":"Point","coordinates":[34.712915,0.278148]},"properties":{"id":"523239761","n":"Munzeywe A US1","t":"us","c":"Kakamega"}},{"type":"Feature","geometry":{"type":"Point","coordinates":[34.687003,0.262187]},"properties":{"id":"523217167","n":"Ibinzo B US3","t":"us","c":"Kakamega"}},{"type":"Feature","geometry":{"type":"Point","coordinates":[34.670149,0.264971]},"properties":{"id":"523274283","n":"Emaungu US 1","t":"us","c":"Kakamega"}},{"type":"Feature","geometry":{"type":"Point","coordinates":[34.678757,0.270368]},"properties":{"id":"403751772","n":"Elunyu Community, Wilson Nzosi Spring - 22039","t":"ps","c":"Kakamega"}},{"type":"Feature","geometry":{"type":"Point","coordinates":[34.7025,0.266719]},"properties":{"id":"523237006","n":"Emakaka B PD 4","t":"pdw","c":"Kakamega"}},{"type":"Feature","geometry":{"type":"Point","coordinates":[34.658087,0.267805]},"properties":{"id":"523351014","n":"Emayungu PD 2","t":"pdw","c":"Kakamega"}},{"type":"Feature","geometry":{"type":"Point","coordinates":[34.658315,0.288469]},"properties":{"id":"523205041","n":"Ebusang'ang'a A PD 4","t":"pdw","c":"Kakamega"}},{"type":"Feature","geometry":{"type":"Point","coordinates":[34.71761,0.300667]},"properties":{"id":"523263649","n":"Nyangwira A, UD, 1","t":"udw","c":"Kakamega"}},{"type":"Feature","geometry":{"type":"Point","coordinates":[34.693163,0.278254]},"properties":{"id":"523215512","n":"Emahondo PD 4","t":"pdw","c":"Kakamega"}},{"type":"Feature","geometry":{"type":"Point","coordinates":[34.688012,0.26685]},"properties":{"id":"523243803","n":"Ibinzo B US2","t":"us","c":"Kakamega"}},{"type":"Feature","geometry":{"type":"Point","coordinates":[34.639553,0.289517]},"properties":{"id":"523233820","n":"Eshiehembela PD 4","t":"pdw","c":"Kakamega"}},{"type":"Feature","geometry":{"type":"Point","coordinates":[34.644213,0.276457]},"properties":{"id":"523270928","n":"Emulele PD 15","t":"pdw","c":"Kakamega"}},{"type":"Feature","geometry":{"type":"Point","coordinates":[34.654051,0.294021]},"properties":{"id":"523309804","n":"Emusanda B PD 2","t":"pdw","c":"Kakamega"}},{"type":"Feature","geometry":{"type":"Point","coordinates":[34.727369,0.295399]},"properties":{"id":"523355025","n":"Shitungu A, PD, 6","t":"pdw","c":"Kakamega"}},{"type":"Feature","geometry":{"type":"Point","coordinates":[34.670225,0.290009]},"properties":{"id":"523250120","n":"Iyala B PD 7","t":"pdw","c":"Kakamega"}},{"type":"Feature","geometry":{"type":"Point","coordinates":[34.719425,0.285457]},"properties":{"id":"523349235","n":"Mundoli Upper B PS1","t":"ps","c":"Kakamega"}},{"type":"Feature","geometry":{"type":"Point","coordinates":[34.709706,0.279965]},"properties":{"id":"523193056","n":"Ejinja B PD7","t":"pdw","c":"Kakamega"}},{"type":"Feature","geometry":{"type":"Point","coordinates":[34.709542,0.272233]},"properties":{"id":"41048218","n":"Mukoko, Mukoko Spring - 19096","t":"ps","c":"Kakamega"}},{"type":"Feature","geometry":{"type":"Point","coordinates":[34.693899,0.266849]},"properties":{"id":"523343057","n":"Emurumba A PS 4","t":"ps","c":"Kakamega"}},{"type":"Feature","geometry":{"type":"Point","coordinates":[34.712592,0.280028]},"properties":{"id":"523305154","n":"Ejinja PD2","t":"pdw","c":"Kakamega"}},{"type":"Feature","geometry":{"type":"Point","coordinates":[34.640293,0.293783]},"properties":{"id":"523281122","n":"Eshiehembela PD 8","t":"pdw","c":"Kakamega"}},{"type":"Feature","geometry":{"type":"Point","coordinates":[34.663588,0.282005]},"properties":{"id":"523241258","n":"Emasindikha PD11","t":"pdw","c":"Kakamega"}},{"type":"Feature","geometry":{"type":"Point","coordinates":[34.697788,0.275352]},"properties":{"id":"523307819","n":"Emurumba B PS 1","t":"ps","c":"Kakamega"}},{"type":"Feature","geometry":{"type":"Point","coordinates":[34.715399,0.299177]},"properties":{"id":"523257543","n":"Emasera A, PD,11","t":"pdw","c":"Kakamega"}},{"type":"Feature","geometry":{"type":"Point","coordinates":[34.672895,0.275683]},"properties":{"id":"523311047","n":"Mwibubi PD 2","t":"pdw","c":"Kakamega"}},{"type":"Feature","geometry":{"type":"Point","coordinates":[34.692935,0.294948]},"properties":{"id":"523214982","n":"Eshivembe B US 3","t":"us","c":"Kakamega"}},{"type":"Feature","geometry":{"type":"Point","coordinates":[34.723903,0.296161]},"properties":{"id":"385569398","n":"Shitungu Community, Bulimo Spring - 22082","t":"ps","c":"Kakamega"}},{"type":"Feature","geometry":{"type":"Point","coordinates":[34.719948,0.296117]},"properties":{"id":"523355049","n":"Mulwanda, PD, 14","t":"pdw","c":"Kakamega"}},{"type":"Feature","geometry":{"type":"Point","coordinates":[34.705715,0.292884]},"properties":{"id":"523287740","n":"Shiyuli A US 5","t":"us","c":"Kakamega"}},{"type":"Feature","geometry":{"type":"Point","coordinates":[34.648125,0.289512]},"properties":{"id":"13034407","n":"Emusanda, Walusai Spring - 4753","t":"ps","c":"Kakamega"}},{"type":"Feature","geometry":{"type":"Point","coordinates":[34.665168,0.290943]},"properties":{"id":"523297493","n":"Ebuhayi A PD 10","t":"pdw","c":"Kakamega"}},{"type":"Feature","geometry":{"type":"Point","coordinates":[34.669313,0.29505]},"properties":{"id":"523283643","n":"Iyala A BH 1","t":"bh","c":"Kakamega"}},{"type":"Feature","geometry":{"type":"Point","coordinates":[34.662296,0.287]},"properties":{"id":"523292924","n":"Eshiambula B US 8","t":"us","c":"Kakamega"}},{"type":"Feature","geometry":{"type":"Point","coordinates":[34.706932,0.279463]},"properties":{"id":"523291301","n":"Ejinja B PD2","t":"pdw","c":"Kakamega"}},{"type":"Feature","geometry":{"type":"Point","coordinates":[34.691218,0.274183]},"properties":{"id":"523347109","n":"Emurumba A BH 12","t":"bh","c":"Kakamega"}},{"type":"Feature","geometry":{"type":"Point","coordinates":[34.715816,0.30196]},"properties":{"id":"523355111","n":"Nyangwira A, PD, 9","t":"pdw","c":"Kakamega"}},{"type":"Feature","geometry":{"type":"Point","coordinates":[34.698278,0.268178]},"properties":{"id":"523328041","n":"Emurumba A US 2","t":"us","c":"Kakamega"}},{"type":"Feature","geometry":{"type":"Point","coordinates":[34.711061,0.302054]},"properties":{"id":"523341873","n":"Emasera A, PD, 13","t":"pdw","c":"Kakamega"}},{"type":"Feature","geometry":{"type":"Point","coordinates":[34.670188,0.287902]},"properties":{"id":"523281658","n":"Eshiambula A PD 6","t":"pdw","c":"Kakamega"}},{"type":"Feature","geometry":{"type":"Point","coordinates":[34.668219,0.285245]},"properties":{"id":"523335928","n":"Eshiambula A PD 11","t":"pdw","c":"Kakamega"}},{"type":"Feature","geometry":{"type":"Point","coordinates":[34.694478,0.298735]},"properties":{"id":"523227803","n":"Eshifumbi B US 1","t":"us","c":"Kakamega"}},{"type":"Feature","geometry":{"type":"Point","coordinates":[34.649793,0.296618]},"properties":{"id":"523330253","n":"Emusanda B PD 7","t":"pdw","c":"Kakamega"}},{"type":"Feature","geometry":{"type":"Point","coordinates":[34.660285,0.278328]},"properties":{"id":"523248705","n":"Emasindikha US1","t":"us","c":"Kakamega"}},{"type":"Feature","geometry":{"type":"Point","coordinates":[34.7172,0.303256]},"properties":{"id":"523285645","n":"Nyangwira A, US, 10","t":"us","c":"Kakamega"}},{"type":"Feature","geometry":{"type":"Point","coordinates":[34.707364,0.26831]},"properties":{"id":"41048153","n":"Mukoko, Mshimuli Spring - 19099","t":"ps","c":"Kakamega"}},{"type":"Feature","geometry":{"type":"Point","coordinates":[34.705215,0.280726]},"properties":{"id":"523261719","n":"Ejinja B US1","t":"us","c":"Kakamega"}},{"type":"Feature","geometry":{"type":"Point","coordinates":[34.713456,0.303037]},"properties":{"id":"523280846","n":"Emasera A, PS, 12","t":"ps","c":"Kakamega"}},{"type":"Feature","geometry":{"type":"Point","coordinates":[34.701947,0.282065]},"properties":{"id":"523205285","n":"Mundoli Lower C PS2","t":"ps","c":"Kakamega"}},{"type":"Feature","geometry":{"type":"Point","coordinates":[34.702942,0.269512]},"properties":{"id":"523284981","n":"Emakaka B PS 3","t":"ps","c":"Kakamega"}},{"type":"Feature","geometry":{"type":"Point","coordinates":[34.66234,0.248227]},"properties":{"id":"523294483","n":"Ematetie A US 1","t":"us","c":"Kakamega"}},{"type":"Feature","geometry":{"type":"Point","coordinates":[34.704943,0.28621]},"properties":{"id":"523208525","n":"Mumbinga B PS 3","t":"ps","c":"Kakamega"}},{"type":"Feature","geometry":{"type":"Point","coordinates":[34.695579,0.269999]},"properties":{"id":"523220806","n":"Emurumba A PD 7","t":"pdw","c":"Kakamega"}},{"type":"Feature","geometry":{"type":"Point","coordinates":[34.694167,0.271818]},"properties":{"id":"82141309","n":"Emurumba, Makokha Spring - 19154","t":"ps","c":"Kakamega"}},{"type":"Feature","geometry":{"type":"Point","coordinates":[34.715755,0.272532]},"properties":{"id":"523241863","n":"Munzeywe PD3","t":"pdw","c":"Kakamega"}},{"type":"Feature","geometry":{"type":"Point","coordinates":[34.705927,0.28441]},"properties":{"id":"523256418","n":"Mundoli Lower B PD4","t":"pdw","c":"Kakamega"}},{"type":"Feature","geometry":{"type":"Point","coordinates":[34.700151,0.281023]},"properties":{"id":"7465893","n":"Decommissioned 2023-Isaac Jumba Spring - 4593","t":"ps","c":"Kakamega"}},{"type":"Feature","geometry":{"type":"Point","coordinates":[34.713899,0.308956]},"properties":{"id":"523209368","n":"Nyangwira B, PD, 7","t":"pdw","c":"Kakamega"}},{"type":"Feature","geometry":{"type":"Point","coordinates":[34.714584,0.284245]},"properties":{"id":"523216434","n":"Mundoli Upper C PD2","t":"pdw","c":"Kakamega"}},{"type":"Feature","geometry":{"type":"Point","coordinates":[34.657395,0.299172]},"properties":{"id":"523336046","n":"Ebuhayi B PD 3","t":"pdw","c":"Kakamega"}},{"type":"Feature","geometry":{"type":"Point","coordinates":[34.720411,0.291081]},"properties":{"id":"523306801","n":"Mulwanda, US, 7","t":"us","c":"Kakamega"}},{"type":"Feature","geometry":{"type":"Point","coordinates":[34.660796,0.302847]},"properties":{"id":"523251585","n":"Ebuhayi C UD 11","t":"udw","c":"Kakamega"}},{"type":"Feature","geometry":{"type":"Point","coordinates":[34.693339,0.277229]},"properties":{"id":"523260691","n":"Emahondo PS 5","t":"ps","c":"Kakamega"}},{"type":"Feature","geometry":{"type":"Point","coordinates":[34.703803,0.300006]},"properties":{"id":"523226936","n":"Wetai B, PD, 8","t":"pdw","c":"Kakamega"}},{"type":"Feature","geometry":{"type":"Point","coordinates":[34.693196,0.289773]},"properties":{"id":"523199832","n":"Eshivembe A US 3","t":"us","c":"Kakamega"}},{"type":"Feature","geometry":{"type":"Point","coordinates":[34.688148,0.297539]},"properties":{"id":"3909535","n":"Bushibo, Emusioma Spring - 4566","t":"ps","c":"Kakamega"}},{"type":"Feature","geometry":{"type":"Point","coordinates":[34.646995,0.281332]},"properties":{"id":"523211752","n":"Emulele PD 10","t":"pdw","c":"Kakamega"}},{"type":"Feature","geometry":{"type":"Point","coordinates":[34.660977,0.299121]},"properties":{"id":"523270715","n":"Ebuhayi C PD 6","t":"pdw","c":"Kakamega"}},{"type":"Feature","geometry":{"type":"Point","coordinates":[34.683112,0.259592]},"properties":{"id":"523276319","n":"Elunyu B PD1","t":"pdw","c":"Kakamega"}},{"type":"Feature","geometry":{"type":"Point","coordinates":[34.649327,0.278155]},"properties":{"id":"523229843","n":"Emulele US2","t":"us","c":"Kakamega"}},{"type":"Feature","geometry":{"type":"Point","coordinates":[34.71918,0.294902]},"properties":{"id":"523280901","n":"Mulwanda, PD, 12","t":"pdw","c":"Kakamega"}},{"type":"Feature","geometry":{"type":"Point","coordinates":[34.682378,0.261068]},"properties":{"id":"445268056","n":"Elunyu Community, John Akhulunya Spring - 22040","t":"ps","c":"Kakamega"}},{"type":"Feature","geometry":{"type":"Point","coordinates":[34.681096,0.295411]},"properties":{"id":"523225698","n":"Emabanga A PD 2","t":"pdw","c":"Kakamega"}},{"type":"Feature","geometry":{"type":"Point","coordinates":[34.71325,0.271075]},"properties":{"id":"523258544","n":"Emukoko US 6","t":"us","c":"Kakamega"}},{"type":"Feature","geometry":{"type":"Point","coordinates":[34.695314,0.275597]},"properties":{"id":"523213479","n":"Emurumba A PD 10","t":"pdw","c":"Kakamega"}},{"type":"Feature","geometry":{"type":"Point","coordinates":[34.727347,0.29435]},"properties":{"id":"523276175","n":"Shitungu A, PS, 5","t":"ps","c":"Kakamega"}},{"type":"Feature","geometry":{"type":"Point","coordinates":[34.66353,0.281417]},"properties":{"id":"523329640","n":"Emasindikha US10","t":"us","c":"Kakamega"}},{"type":"Feature","geometry":{"type":"Point","coordinates":[34.687413,0.281432]},"properties":{"id":"523260237","n":"Ebuchira B US 2","t":"us","c":"Kakamega"}},{"type":"Feature","geometry":{"type":"Point","coordinates":[34.718537,0.296765]},"properties":{"id":"523223115","n":"Mulwanda, PD, 22","t":"pdw","c":"Kakamega"}},{"type":"Feature","geometry":{"type":"Point","coordinates":[34.632282,0.274852]},"properties":{"id":"523344027","n":"Isembe PS4","t":"ps","c":"Kakamega"}},{"type":"Feature","geometry":{"type":"Point","coordinates":[34.69393,0.27888]},"properties":{"id":"3750054","n":"Emusembe Church Borehole Well - 405","t":"bh","c":"Kakamega"}},{"type":"Feature","geometry":{"type":"Point","coordinates":[34.654902,0.264202]},"properties":{"id":"523336778","n":"Eshikhuyu PD1","t":"pdw","c":"Kakamega"}},{"type":"Feature","geometry":{"type":"Point","coordinates":[34.702601,0.266546]},"properties":{"id":"523296038","n":"Emakaka B PD 5","t":"pdw","c":"Kakamega"}},{"type":"Feature","geometry":{"type":"Point","coordinates":[34.711982,0.30747]},"properties":{"id":"15007652","n":"Masera, Salim Hassan Spring - 18112","t":"ps","c":"Kakamega"}},{"type":"Feature","geometry":{"type":"Point","coordinates":[34.662962,0.297904]},"properties":{"id":"523273983","n":"Ebuhayi A PD 3","t":"pdw","c":"Kakamega"}},{"type":"Feature","geometry":{"type":"Point","coordinates":[34.653993,0.289125]},"properties":{"id":"523346799","n":"Ebusang'ang'a A PD 2","t":"pdw","c":"Kakamega"}},{"type":"Feature","geometry":{"type":"Point","coordinates":[34.657453,0.284448]},"properties":{"id":"523211817","n":"Elwaminyi PD2","t":"pdw","c":"Kakamega"}},{"type":"Feature","geometry":{"type":"Point","coordinates":[34.705835,0.281052]},"properties":{"id":"523294005","n":"Ejinja B PD5","t":"pdw","c":"Kakamega"}},{"type":"Feature","geometry":{"type":"Point","coordinates":[34.716513,0.286685]},"properties":{"id":"71551379","n":"Mubinga, Mulutondo Spring - 19131","t":"ps","c":"Kakamega"}},{"type":"Feature","geometry":{"type":"Point","coordinates":[34.654237,0.260457]},"properties":{"id":"523196626","n":"Eshikhuyu PS1","t":"ps","c":"Kakamega"}},{"type":"Feature","geometry":{"type":"Point","coordinates":[34.726153,0.292221]},"properties":{"id":"523271015","n":"Shitungu B, UD, 16","t":"udw","c":"Kakamega"}},{"type":"Feature","geometry":{"type":"Point","coordinates":[34.715522,0.297428]},"properties":{"id":"471340274","n":"Emasera Community School - 22200","t":"bh","c":"Kakamega","d":80.0}},{"type":"Feature","geometry":{"type":"Point","coordinates":[34.707997,0.27004]},"properties":{"id":"523211257","n":"Emukoko PD 5","t":"pdw","c":"Kakamega"}},{"type":"Feature","geometry":{"type":"Point","coordinates":[34.709477,0.307989]},"properties":{"id":"523199722","n":"Emasera B, PD, 8","t":"pdw","c":"Kakamega"}},{"type":"Feature","geometry":{"type":"Point","coordinates":[34.664045,0.282805]},"properties":{"id":"523236524","n":"Emasindikha PD13","t":"pdw","c":"Kakamega"}},{"type":"Feature","geometry":{"type":"Point","coordinates":[34.643323,0.277795]},"properties":{"id":"523310125","n":"Emulele PD 18","t":"pdw","c":"Kakamega"}},{"type":"Feature","geometry":{"type":"Point","coordinates":[34.690475,0.274538]},"properties":{"id":"523219602","n":"Emurumba A PD 13","t":"pdw","c":"Kakamega"}},{"type":"Feature","geometry":{"type":"Point","coordinates":[34.648725,0.266836]},"properties":{"id":"523313960","n":"Emayungu BH1","t":"bh","c":"Kakamega"}},{"type":"Feature","geometry":{"type":"Point","coordinates":[34.653475,0.282602]},"properties":{"id":"523330624","n":"Elwaminyi PD9","t":"pdw","c":"Kakamega"}},{"type":"Feature","geometry":{"type":"Point","coordinates":[34.718882,0.288864]},"properties":{"id":"523203094","n":"Mulwanda, US, 28","t":"pdw","c":"Kakamega"}},{"type":"Feature","geometry":{"type":"Point","coordinates":[34.65615,0.270203]},"properties":{"id":"523277578","n":"Emayungu US1","t":"us","c":"Kakamega"}},{"type":"Feature","geometry":{"type":"Point","coordinates":[34.71114,0.27178]},"properties":{"id":"530934","n":"Lwesero, Emukoko Spring - 4574","t":"ps","c":"Kakamega"}},{"type":"Feature","geometry":{"type":"Point","coordinates":[34.709688,0.286517]},"properties":{"id":"523251530","n":"Mumbinga B US 1","t":"us","c":"Kakamega"}},{"type":"Feature","geometry":{"type":"Point","coordinates":[34.705018,0.29421]},"properties":{"id":"523263182","n":"Mumbinga A PD 4","t":"pdw","c":"Kakamega"}},{"type":"Feature","geometry":{"type":"Point","coordinates":[34.648157,0.259162]},"properties":{"id":"523254894","n":"Ebukhube PD1","t":"pdw","c":"Kakamega"}},{"type":"Feature","geometry":{"type":"Point","coordinates":[34.687106,0.267738]},"properties":{"id":"71551386","n":"Maondo, Ambundo Spring - 19134","t":"ps","c":"Kakamega"}},{"type":"Feature","geometry":{"type":"Point","coordinates":[34.707413,0.28359]},"properties":{"id":"523307699","n":"Mundoli lower A PS I","t":"ps","c":"Kakamega"}},{"type":"Feature","geometry":{"type":"Point","coordinates":[34.686335,0.264573]},"properties":{"id":"366924992","n":"Mohondo Community, Andrico Murunga - 22042","t":"ps","c":"Kakamega"}},{"type":"Feature","geometry":{"type":"Point","coordinates":[34.713428,0.30304]},"properties":{"id":"47024759","n":"Emasera, Visenda Spring - 18166","t":"ps","c":"Kakamega"}},{"type":"Feature","geometry":{"type":"Point","coordinates":[34.648518,0.280638]},"properties":{"id":"523283533","n":"Emulele PD7","t":"pdw","c":"Kakamega"}},{"type":"Feature","geometry":{"type":"Point","coordinates":[34.699731,0.297869]},"properties":{"id":"523263560","n":"Eshifumbi B US 4","t":"us","c":"Kakamega"}},{"type":"Feature","geometry":{"type":"Point","coordinates":[34.659765,0.267389]},"properties":{"id":"563537584","n":"Emukangu B Community, Omukuva Spring - 23127","t":"ps","c":"Kakamega"}},{"type":"Feature","geometry":{"type":"Point","coordinates":[34.655666,0.292083]},"properties":{"id":"523337119","n":"Ebusang'ang'a A US 3","t":"us","c":"Kakamega"}},{"type":"Feature","geometry":{"type":"Point","coordinates":[34.712335,0.277571]},"properties":{"id":"440220","n":"Ejija, Andrea Mutende Spring - 4558","t":"ps","c":"Kakamega"}},{"type":"Feature","geometry":{"type":"Point","coordinates":[34.638427,0.284489]},"properties":{"id":"3615663","n":"Shibuli, Eshitirira Spring - 4436","t":"ps","c":"Kakamega"}},{"type":"Feature","geometry":{"type":"Point","coordinates":[34.719631,0.29178]},"properties":{"id":"523237398","n":"Mulwanda, US, 6","t":"us","c":"Kakamega"}},{"type":"Feature","geometry":{"type":"Point","coordinates":[34.659854,0.303333]},"properties":{"id":"523304988","n":"Ebuhayi C PD 13","t":"pdw","c":"Kakamega"}},{"type":"Feature","geometry":{"type":"Point","coordinates":[34.725731,0.292889]},"properties":{"id":"523313977","n":"Shitungu A, PD, 3","t":"pdw","c":"Kakamega"}},{"type":"Feature","geometry":{"type":"Point","coordinates":[34.70424,0.284565]},"properties":{"id":"15007669","n":"Ejinja, Anekha Spring - 18113","t":"ps","c":"Kakamega"}},{"type":"Feature","geometry":{"type":"Point","coordinates":[34.710742,0.294831]},"properties":{"id":"523242479","n":"Wetai A, PS, 1","t":"ps","c":"Kakamega"}},{"type":"Feature","geometry":{"type":"Point","coordinates":[34.663982,0.27113]},"properties":{"id":"523198185","n":"Emukangu B UD1","t":"udw","c":"Kakamega"}},{"type":"Feature","geometry":{"type":"Point","coordinates":[34.719558,0.298221]},"properties":{"id":"523291624","n":"Mulwanda, PD, 17","t":"pdw","c":"Kakamega"}},{"type":"Feature","geometry":{"type":"Point","coordinates":[34.674082,0.275805]},"properties":{"id":"523253501","n":"Mwibubi PD 3","t":"pdw","c":"Kakamega"}},{"type":"Feature","geometry":{"type":"Point","coordinates":[34.720845,0.293003]},"properties":{"id":"523253192","n":"Mulwanda, PD, 11","t":"pdw","c":"Kakamega"}},{"type":"Feature","geometry":{"type":"Point","coordinates":[34.65211,0.299825]},"properties":{"id":"523216269","n":"Ebusang'ang'a B PD 3","t":"pdw","c":"Kakamega"}},{"type":"Feature","geometry":{"type":"Point","coordinates":[34.720376,0.292243]},"properties":{"id":"523261939","n":"Mulwanda, PD, 9","t":"pdw","c":"Kakamega"}},{"type":"Feature","geometry":{"type":"Point","coordinates":[34.651027,0.284722]},"properties":{"id":"523283258","n":"Shibuli PD1","t":"pdw","c":"Kakamega"}},{"type":"Feature","geometry":{"type":"Point","coordinates":[34.692972,0.294944]},"properties":{"id":"523273220","n":"Eshifumbi A US 5","t":"us","c":"Kakamega"}},{"type":"Feature","geometry":{"type":"Point","coordinates":[34.715875,0.290663]},"properties":{"id":"523261984","n":"Elukala PS 1","t":"ps","c":"Kakamega"}},{"type":"Feature","geometry":{"type":"Point","coordinates":[34.654297,0.267716]},"properties":{"id":"523272346","n":"Emayungu PS4","t":"ps","c":"Kakamega"}},{"type":"Feature","geometry":{"type":"Point","coordinates":[34.659763,0.266502]},"properties":{"id":"523312512","n":"Emukangu C US2","t":"us","c":"Kakamega"}},{"type":"Feature","geometry":{"type":"Point","coordinates":[34.662228,0.275673]},"properties":{"id":"41048737","n":"Emukangu, Okhaso Spring - 19117","t":"ps","c":"Kakamega"}},{"type":"Feature","geometry":{"type":"Point","coordinates":[34.709587,0.281713]},"properties":{"id":"523295477","n":"Mundoli lower A PD 4","t":"pdw","c":"Kakamega"}},{"type":"Feature","geometry":{"type":"Point","coordinates":[34.693695,0.268607]},"properties":{"id":"523199894","n":"Emurumba A US 5","t":"us","c":"Kakamega"}},{"type":"Feature","geometry":{"type":"Point","coordinates":[34.640272,0.281699]},"properties":{"id":"523246260","n":"Eshiamboko PD1","t":"pdw","c":"Kakamega"}},{"type":"Feature","geometry":{"type":"Point","coordinates":[34.632513,0.28859]},"properties":{"id":"523308315","n":"Eshiamboko PS3","t":"ps","c":"Kakamega"}},{"type":"Feature","geometry":{"type":"Point","coordinates":[34.632943,0.285838]},"properties":{"id":"523236122","n":"Eshiamboko PD3","t":"pdw","c":"Kakamega"}},{"type":"Feature","geometry":{"type":"Point","coordinates":[34.691585,0.279982]},"properties":{"id":"523317672","n":"Emahondo PS 3","t":"ps","c":"Kakamega"}},{"type":"Feature","geometry":{"type":"Point","coordinates":[34.697268,0.292815]},"properties":{"id":"523304414","n":"Eshifumbi A PD 1","t":"pdw","c":"Kakamega"}},{"type":"Feature","geometry":{"type":"Point","coordinates":[34.712955,0.288409]},"properties":{"id":"523321769","n":"Elukala US 5","t":"us","c":"Kakamega"}},{"type":"Feature","geometry":{"type":"Point","coordinates":[34.674396,0.280461]},"properties":{"id":"75248","n":"Kewa Community - 4217","t":"pdw","c":"Kakamega"}},{"type":"Feature","geometry":{"type":"Point","coordinates":[34.710623,0.284137]},"properties":{"id":"523257787","n":"Mundoli lower A PD 1","t":"pdw","c":"Kakamega"}},{"type":"Feature","geometry":{"type":"Point","coordinates":[34.665927,0.299803]},"properties":{"id":"523339544","n":"Iyala A PD 3","t":"pdw","c":"Kakamega"}},{"type":"Feature","geometry":{"type":"Point","coordinates":[34.725904,0.294412]},"properties":{"id":"523205711","n":"Nyangwira A, PS, 17","t":"ps","c":"Kakamega"}},{"type":"Feature","geometry":{"type":"Point","coordinates":[34.648197,0.255414]},"properties":{"id":"432093434","n":"Elusolokho Community, Shirama Spring - 22083","t":"ps","c":"Kakamega"}},{"type":"Feature","geometry":{"type":"Point","coordinates":[34.707632,0.281102]},"properties":{"id":"523284417","n":"Ejinja B PD6","t":"pdw","c":"Kakamega"}},{"type":"Feature","geometry":{"type":"Point","coordinates":[34.662319,0.297138]},"properties":{"id":"523242486","n":"Ebuhayi A PD","t":"pdw","c":"Kakamega"}},{"type":"Feature","geometry":{"type":"Point","coordinates":[34.663878,0.280767]},"properties":{"id":"523250560","n":"Emasindikha PD7","t":"pdw","c":"Kakamega"}},{"type":"Feature","geometry":{"type":"Point","coordinates":[34.683948,0.295223]},"properties":{"id":"523343569","n":"Eshivembe B US 2","t":"us","c":"Kakamega"}},{"type":"Feature","geometry":{"type":"Point","coordinates":[34.647837,0.28496]},"properties":{"id":"523295367","n":"Shibuli PD2","t":"pdw","c":"Kakamega"}},{"type":"Feature","geometry":{"type":"Point","coordinates":[34.71194,0.307407]},"properties":{"id":"523279013","n":"Emasera B, PS, 5","t":"ps","c":"Kakamega"}},{"type":"Feature","geometry":{"type":"Point","coordinates":[34.664075,0.278007]},"properties":{"id":"523315931","n":"Emasindikha PD5","t":"pdw","c":"Kakamega"}},{"type":"Feature","geometry":{"type":"Point","coordinates":[34.65233,0.261458]},"properties":{"id":"523314662","n":"Eshikhuyu BH3","t":"bh","c":"Kakamega"}},{"type":"Feature","geometry":{"type":"Point","coordinates":[34.716199,0.295572]},"properties":{"id":"523309103","n":"Mulwanda, PD, 24","t":"pdw","c":"Kakamega"}},{"type":"Feature","geometry":{"type":"Point","coordinates":[34.699313,0.269857]},"properties":{"id":"523290575","n":"Emurumba B PD 15","t":"pdw","c":"Kakamega"}},{"type":"Feature","geometry":{"type":"Point","coordinates":[34.716671,0.293658]},"properties":{"id":"523309141","n":"Mulwanda, PD, 26","t":"pdw","c":"Kakamega"}},{"type":"Feature","geometry":{"type":"Point","coordinates":[34.669921,0.288336]},"properties":{"id":"523214061","n":"Eshiambula A PD 7","t":"pdw","c":"Kakamega"}},{"type":"Feature","geometry":{"type":"Point","coordinates":[34.705243,0.292822]},"properties":{"id":"523345310","n":"Mumbinga A US 1","t":"us","c":"Kakamega"}},{"type":"Feature","geometry":{"type":"Point","coordinates":[34.661142,0.253687]},"properties":{"id":"523326214","n":"Mundutsu PS1","t":"ps","c":"Kakamega"}},{"type":"Feature","geometry":{"type":"Point","coordinates":[34.657827,0.298343]},"properties":{"id":"523321020","n":"Ebuhayi B US 2","t":"us","c":"Kakamega"}},{"type":"Feature","geometry":{"type":"Point","coordinates":[34.662543,0.300623]},"properties":{"id":"523232128","n":"Ebuhayi C PD 7","t":"pdw","c":"Kakamega"}},{"type":"Feature","geometry":{"type":"Point","coordinates":[34.706716,0.291529]},"properties":{"id":"523317081","n":"Shiyuli A PD 4","t":"pdw","c":"Kakamega"}},{"type":"Feature","geometry":{"type":"Point","coordinates":[34.706226,0.296236]},"properties":{"id":"523224130","n":"Shiyuli B PD 1","t":"pdw","c":"Kakamega"}},{"type":"Feature","geometry":{"type":"Point","coordinates":[34.687035,0.287369]},"properties":{"id":"523293925","n":"Ebuchira A PD 2","t":"pdw","c":"Kakamega"}},{"type":"Feature","geometry":{"type":"Point","coordinates":[34.654711,0.302328]},"properties":{"id":"523221010","n":"Ebuhayi B US 4","t":"us","c":"Kakamega"}},{"type":"Feature","geometry":{"type":"Point","coordinates":[34.660023,0.26509]},"properties":{"id":"523285786","n":"Emukangu C US3","t":"us","c":"Kakamega"}},{"type":"Feature","geometry":{"type":"Point","coordinates":[34.659117,0.294939]},"properties":{"id":"523326269","n":"Ebuhayi D PD 2","t":"pdw","c":"Kakamega"}},{"type":"Feature","geometry":{"type":"Point","coordinates":[34.664358,0.283182]},"properties":{"id":"523307084","n":"Emasindikha PD14","t":"pdw","c":"Kakamega"}},{"type":"Feature","geometry":{"type":"Point","coordinates":[34.706372,0.277435]},"properties":{"id":"523310572","n":"Munzeywe A PS1","t":"ps","c":"Kakamega"}},{"type":"Feature","geometry":{"type":"Point","coordinates":[34.704569,0.267135]},"properties":{"id":"523195357","n":"Emakaka B US 2","t":"us","c":"Kakamega"}},{"type":"Feature","geometry":{"type":"Point","coordinates":[34.632817,0.281364]},"properties":{"id":"523232331","n":"Eshiamboko PS4","t":"ps","c":"Kakamega"}},{"type":"Feature","geometry":{"type":"Point","coordinates":[34.649642,0.282528]},"properties":{"id":"523263962","n":"Emulele PD6","t":"pdw","c":"Kakamega"}},{"type":"Feature","geometry":{"type":"Point","coordinates":[34.706315,0.298832]},"properties":{"id":"523219451","n":"Wetai B, US, 3","t":"us","c":"Kakamega"}},{"type":"Feature","geometry":{"type":"Point","coordinates":[34.769018,0.344516]},"properties":{"id":"3506437","n":"Elufafwa, Alphonce Mukoshi Spring - 4564","t":"ps","c":"Kakamega"}},{"type":"Feature","geometry":{"type":"Point","coordinates":[34.729161,0.308915]},"properties":{"id":"523326386","n":"Shitirira South A, PS, 3","t":"ps","c":"Kakamega"}},{"type":"Feature","geometry":{"type":"Point","coordinates":[34.737129,0.315179]},"properties":{"id":"523199519","n":"Shikoti A, PD, 2","t":"pdw","c":"Kakamega"}},{"type":"Feature","geometry":{"type":"Point","coordinates":[34.784872,0.329352]},"properties":{"id":"523306540","n":"Isembe PS 4","t":"ps","c":"Kakamega"}},{"type":"Feature","geometry":{"type":"Point","coordinates":[34.735768,0.331322]},"properties":{"id":"523238100","n":"Emulakha PD 6","t":"pdw","c":"Kakamega"}},{"type":"Feature","geometry":{"type":"Point","coordinates":[34.744627,0.311507]},"properties":{"id":"523253305","n":"Emavusi PWS 7","t":"pdw","c":"Kakamega"}},{"type":"Feature","geometry":{"type":"Point","coordinates":[34.724835,0.315192]},"properties":{"id":"8514561","n":"Murumba, Muyokani Spring - 4722","t":"ps","c":"Kakamega"}},{"type":"Feature","geometry":{"type":"Point","coordinates":[34.770052,0.35149]},"properties":{"id":"523332619","n":"Ebunuku US 2","t":"us","c":"Kakamega"}},{"type":"Feature","geometry":{"type":"Point","coordinates":[34.729774,0.330417]},"properties":{"id":"523275916","n":"Efihule B, PS, 1","t":"ps","c":"Kakamega"}},{"type":"Feature","geometry":{"type":"Point","coordinates":[34.732932,0.32304]},"properties":{"id":"523355173","n":"Shikoti B, PD, 9","t":"pdw","c":"Kakamega"}},{"type":"Feature","geometry":{"type":"Point","coordinates":[34.715792,0.325342]},"properties":{"id":"523276728","n":"Emarebwa, US, 2","t":"us","c":"Kakamega"}},{"type":"Feature","geometry":{"type":"Point","coordinates":[34.733357,0.323796]},"properties":{"id":"523355159","n":"Shikoti B, PD, 3","t":"pdw","c":"Kakamega"}},{"type":"Feature","geometry":{"type":"Point","coordinates":[34.76604,0.34389]},"properties":{"id":"530972","n":"Emukaba, Omulakha Spring - 4578","t":"ps","c":"Kakamega"}},{"type":"Feature","geometry":{"type":"Point","coordinates":[34.771045,0.355167]},"properties":{"id":"523250742","n":"Eshianda PS 1","t":"ps","c":"Kakamega"}},{"type":"Feature","geometry":{"type":"Point","coordinates":[34.747331,0.311451]},"properties":{"id":"523199935","n":"Emavusi PD 14","t":"pdw","c":"Kakamega"}},{"type":"Feature","geometry":{"type":"Point","coordinates":[34.736462,0.325312]},"properties":{"id":"523261960","n":"Emulakha PD 20","t":"udw","c":"Kakamega"}},{"type":"Feature","geometry":{"type":"Point","coordinates":[34.73017,0.325893]},"properties":{"id":"523339290","n":"Efihule B, PD, 7","t":"pdw","c":"Kakamega"}},{"type":"Feature","geometry":{"type":"Point","coordinates":[34.769785,0.337663]},"properties":{"id":"523219712","n":"Eshisunguluri B PD 3","t":"pdw","c":"Kakamega"}},{"type":"Feature","geometry":{"type":"Point","coordinates":[34.737025,0.332032]},"properties":{"id":"523264073","n":"Emulakha PD 11","t":"pdw","c":"Kakamega"}},{"type":"Feature","geometry":{"type":"Point","coordinates":[34.733054,0.33144]},"properties":{"id":"25795589","n":"Emmachembe, Magina Spring - 19152","t":"ps","c":"Kakamega"}},{"type":"Feature","geometry":{"type":"Point","coordinates":[34.726141,0.319497]},"properties":{"id":"523313647","n":"Shitoto B, PD, 10","t":"pdw","c":"Kakamega"}},{"type":"Feature","geometry":{"type":"Point","coordinates":[34.769998,0.340107]},"properties":{"id":"523281933","n":"Eshisunguluri B PD 1","t":"pdw","c":"Kakamega"}},{"type":"Feature","geometry":{"type":"Point","coordinates":[34.726448,0.322869]},"properties":{"id":"523212399","n":"Efihule A, PD, 5","t":"pdw","c":"Kakamega"}},{"type":"Feature","geometry":{"type":"Point","coordinates":[34.751573,0.332755]},"properties":{"id":"523224446","n":"Eluhinjiro PD 1","t":"pdw","c":"Kakamega"}},{"type":"Feature","geometry":{"type":"Point","coordinates":[34.789031,0.333415]},"properties":{"id":"523295752","n":"Ebung'aya North PS 1","t":"ps","c":"Kakamega"}},{"type":"Feature","geometry":{"type":"Point","coordinates":[34.770289,0.350605]},"properties":{"id":"523208192","n":"Ebunuku US 3","t":"us","c":"Kakamega"}},{"type":"Feature","geometry":{"type":"Point","coordinates":[34.731584,0.318078]},"properties":{"id":"523239053","n":"Shitirira North, PS, 3","t":"ps","c":"Kakamega"}},{"type":"Feature","geometry":{"type":"Point","coordinates":[34.750305,0.318935]},"properties":{"id":"523239675","n":"Shiandivsi PD 13","t":"pdw","c":"Kakamega"}},{"type":"Feature","geometry":{"type":"Point","coordinates":[34.76038,0.342167]},"properties":{"id":"523338086","n":"Emukhalari PS 10","t":"ps","c":"Kakamega"}},{"type":"Feature","geometry":{"type":"Point","coordinates":[34.74885,0.320303]},"properties":{"id":"523308449","n":"Emakusi PD 14","t":"pdw","c":"Kakamega"}},{"type":"Feature","geometry":{"type":"Point","coordinates":[34.752175,0.32875]},"properties":{"id":"8514523","n":"Elukho, Rosa Spring - 4718","t":"ps","c":"Kakamega"}},{"type":"Feature","geometry":{"type":"Point","coordinates":[34.75344,0.331711]},"properties":{"id":"523268242","n":"Mwichina PD 3","t":"pdw","c":"Kakamega"}},{"type":"Feature","geometry":{"type":"Point","coordinates":[34.736183,0.31797]},"properties":{"id":"523294940","n":"Ebuhang'wa PD 1","t":"pdw","c":"Kakamega"}},{"type":"Feature","geometry":{"type":"Point","coordinates":[34.736189,0.313616]},"properties":{"id":"523277248","n":"Shikoti A, PS, 1","t":"ps","c":"Kakamega"}},{"type":"Feature","geometry":{"type":"Point","coordinates":[34.747607,0.328985]},"properties":{"id":"523206468","n":"Eluhinjiro PD 8","t":"pdw","c":"Kakamega"}},{"type":"Feature","geometry":{"type":"Point","coordinates":[34.741373,0.316035]},"properties":{"id":"523282587","n":"Mukoyani PS 17","t":"ps","c":"Kakamega"}},{"type":"Feature","geometry":{"type":"Point","coordinates":[34.733218,0.333625]},"properties":{"id":"523204923","n":"Emulakha UD 3","t":"udw","c":"Kakamega"}},{"type":"Feature","geometry":{"type":"Point","coordinates":[34.718483,0.307763]},"properties":{"id":"523220741","n":"Mwichina, US, 1","t":"us","c":"Kakamega"}},{"type":"Feature","geometry":{"type":"Point","coordinates":[34.731431,0.32445]},"properties":{"id":"523275679","n":"Efihule B, US, 8","t":"us","c":"Kakamega"}},{"type":"Feature","geometry":{"type":"Point","coordinates":[34.748753,0.322443]},"properties":{"id":"523306454","n":"Emakusi PD 10","t":"pdw","c":"Kakamega"}},{"type":"Feature","geometry":{"type":"Point","coordinates":[34.75637,0.33082]},"properties":{"id":"523311937","n":"Mwichina PS 5","t":"ps","c":"Kakamega"}},{"type":"Feature","geometry":{"type":"Point","coordinates":[34.783119,0.340719]},"properties":{"id":"523224594","n":"Eshilongo PS 2","t":"ps","c":"Kakamega"}},{"type":"Feature","geometry":{"type":"Point","coordinates":[34.734451,0.31778]},"properties":{"id":"523228206","n":"Shikoti B, PS, 18","t":"ps","c":"Kakamega"}},{"type":"Feature","geometry":{"type":"Point","coordinates":[34.75159,0.32201]},"properties":{"id":"523218735","n":"Shiandivsi PD 16","t":"pdw","c":"Kakamega"}},{"type":"Feature","geometry":{"type":"Point","coordinates":[34.74964,0.333037]},"properties":{"id":"523272645","n":"Eluhinjiro PD 2","t":"pdw","c":"Kakamega"}},{"type":"Feature","geometry":{"type":"Point","coordinates":[34.725219,0.327322]},"properties":{"id":"523298092","n":"Emachembe, PS, 4","t":"ps","c":"Kakamega"}},{"type":"Feature","geometry":{"type":"Point","coordinates":[34.715828,0.315257]},"properties":{"id":"523225557","n":"Mumuli, PS, 5","t":"ps","c":"Kakamega"}},{"type":"Feature","geometry":{"type":"Point","coordinates":[34.713801,0.310098]},"properties":{"id":"523198037","n":"Nyangwira B, PS, 6","t":"ps","c":"Kakamega"}},{"type":"Feature","geometry":{"type":"Point","coordinates":[34.752961,0.325438]},"properties":{"id":"523315625","n":"Elukho PD 7","t":"pdw","c":"Kakamega"}},{"type":"Feature","geometry":{"type":"Point","coordinates":[34.724863,0.31806]},"properties":{"id":"523267667","n":"Shitoto B, PD, 3","t":"pdw","c":"Kakamega"}},{"type":"Feature","geometry":{"type":"Point","coordinates":[34.755115,0.343417]},"properties":{"id":"523303547","n":"Emukhalari PS 4","t":"ps","c":"Kakamega"}},{"type":"Feature","geometry":{"type":"Point","coordinates":[34.742535,0.323462]},"properties":{"id":"523272731","n":"Mmsaa PD 12","t":"pdw","c":"Kakamega"}},{"type":"Feature","geometry":{"type":"Point","coordinates":[34.729365,0.315994]},"properties":{"id":"523245386","n":"Shitirira North, PD, 8","t":"pdw","c":"Kakamega"}},{"type":"Feature","geometry":{"type":"Point","coordinates":[34.720873,0.309977]},"properties":{"id":"6932549","n":"Shitoto, Abraham Spring - 4705","t":"ps","c":"Kakamega"}},{"type":"Feature","geometry":{"type":"Point","coordinates":[34.741569,0.336184]},"properties":{"id":"3749520","n":"Emusaka, Furi Spring - 4286","t":"ps","c":"Kakamega"}},{"type":"Feature","geometry":{"type":"Point","coordinates":[34.757097,0.330932]},"properties":{"id":"523247986","n":"Mwichina PD 6","t":"pdw","c":"Kakamega"}},{"type":"Feature","geometry":{"type":"Point","coordinates":[34.790497,0.342967]},"properties":{"id":"523260581","n":"Matende PS 2","t":"ps","c":"Kakamega"}},{"type":"Feature","geometry":{"type":"Point","coordinates":[34.748917,0.324094]},"properties":{"id":"523277949","n":"Emakusi PD 6","t":"pdw","c":"Kakamega"}},{"type":"Feature","geometry":{"type":"Point","coordinates":[34.746541,0.327073]},"properties":{"id":"523235121","n":"Emakusi PD 2","t":"pdw","c":"Kakamega"}},{"type":"Feature","geometry":{"type":"Point","coordinates":[34.736033,0.317593]},"properties":{"id":"523236933","n":"Shikoti B, BH, 19","t":"bh","c":"Kakamega"}},{"type":"Feature","geometry":{"type":"Point","coordinates":[34.765104,0.338168]},"properties":{"id":"523199791","n":"Eshisunguluri US 4","t":"us","c":"Kakamega"}},{"type":"Feature","geometry":{"type":"Point","coordinates":[34.774119,0.363185]},"properties":{"id":"523259882","n":"Shivakala A US 2","t":"us","c":"Kakamega"}},{"type":"Feature","geometry":{"type":"Point","coordinates":[34.725191,0.304022]},"properties":{"id":"523269418","n":"Elukaka A, PS, 1","t":"ps","c":"Kakamega"}},{"type":"Feature","geometry":{"type":"Point","coordinates":[34.75904,0.344432]},"properties":{"id":"523258403","n":"Emukaba US 2","t":"us","c":"Kakamega"}},{"type":"Feature","geometry":{"type":"Point","coordinates":[34.728382,0.314467]},"properties":{"id":"523238818","n":"Shitirira North, PD, 12","t":"pdw","c":"Kakamega"}},{"type":"Feature","geometry":{"type":"Point","coordinates":[34.752285,0.320148]},"properties":{"id":"523290898","n":"Shiandivsi PD 6","t":"pdw","c":"Kakamega"}},{"type":"Feature","geometry":{"type":"Point","coordinates":[34.731744,0.323758]},"properties":{"id":"523323383","n":"Shikoti B, PD, 12","t":"pdw","c":"Kakamega"}},{"type":"Feature","geometry":{"type":"Point","coordinates":[34.718571,0.319604]},"properties":{"id":"13034328","n":"Shitoto, Laurence Spring - 4746","t":"ps","c":"Kakamega"}},{"type":"Feature","geometry":{"type":"Point","coordinates":[34.73788,0.32407]},"properties":{"id":"523241241","n":"Ebuhang'wa PD 18","t":"pdw","c":"Kakamega"}},{"type":"Feature","geometry":{"type":"Point","coordinates":[34.751226,0.318177]},"properties":{"id":"523238564","n":"Shiandivsi PD 9","t":"pdw","c":"Kakamega"}},{"type":"Feature","geometry":{"type":"Point","coordinates":[34.77948,0.339955]},"properties":{"id":"523253958","n":"Eshilongo US 1","t":"us","c":"Kakamega"}},{"type":"Feature","geometry":{"type":"Point","coordinates":[34.750762,0.332323]},"properties":{"id":"523312419","n":"Eluhinjiro PD 6","t":"pdw","c":"Kakamega"}},{"type":"Feature","geometry":{"type":"Point","coordinates":[34.775968,0.358608]},"properties":{"id":"523222293","n":"Eshianda US 5","t":"us","c":"Kakamega"}},{"type":"Feature","geometry":{"type":"Point","coordinates":[34.730164,0.332898]},"properties":{"id":"523343064","n":"Sasala Community PD 10","t":"pdw","c":"Kakamega"}},{"type":"Feature","geometry":{"type":"Point","coordinates":[34.733296,0.324236]},"properties":{"id":"523277987","n":"Shikoti B, PD, 2","t":"pdw","c":"Kakamega"}},{"type":"Feature","geometry":{"type":"Point","coordinates":[34.768442,0.343686]},"properties":{"id":"523240460","n":"Mumulakha PD 5","t":"pdw","c":"Kakamega"}},{"type":"Feature","geometry":{"type":"Point","coordinates":[34.760291,0.342073]},"properties":{"id":"523312457","n":"Emukhalari US 11","t":"us","c":"Kakamega"}},{"type":"Feature","geometry":{"type":"Point","coordinates":[34.772756,0.364919]},"properties":{"id":"523308755","n":"Shivakala A PD 7","t":"pdw","c":"Kakamega"}},{"type":"Feature","geometry":{"type":"Point","coordinates":[34.767066,0.331999]},"properties":{"id":"523239888","n":"Isanjiro PS 4","t":"ps","c":"Kakamega"}},{"type":"Feature","geometry":{"type":"Point","coordinates":[34.762902,0.341162]},"properties":{"id":"523266721","n":"Emukaba PD 5","t":"pdw","c":"Kakamega"}},{"type":"Feature","geometry":{"type":"Point","coordinates":[34.740055,0.329182]},"properties":{"id":"523285267","n":"Ebuhang'wa PS 29","t":"ps","c":"Kakamega"}},{"type":"Feature","geometry":{"type":"Point","coordinates":[34.771952,0.349692]},"properties":{"id":"523320744","n":"Ebunuku US 5","t":"us","c":"Kakamega"}},{"type":"Feature","geometry":{"type":"Point","coordinates":[34.720288,0.331]},"properties":{"id":"523214092","n":"717773784","t":"ps","c":"Kakamega"}},{"type":"Feature","geometry":{"type":"Point","coordinates":[34.74396,0.313808]},"properties":{"id":"523266941","n":"Mmsaa PS 1","t":"ps","c":"Kakamega"}},{"type":"Feature","geometry":{"type":"Point","coordinates":[34.75184,0.338332]},"properties":{"id":"523329891","n":"Shibikhwa PD 12","t":"pdw","c":"Kakamega"}},{"type":"Feature","geometry":{"type":"Point","coordinates":[34.718621,0.319494]},"properties":{"id":"47024728","n":"Shitoto, Mashirobe Spring - 18162","t":"ps","c":"Kakamega"}},{"type":"Feature","geometry":{"type":"Point","coordinates":[34.764642,0.342675]},"properties":{"id":"523243597","n":"Mumulakha PD 2","t":"pdw","c":"Kakamega"}},{"type":"Feature","geometry":{"type":"Point","coordinates":[34.719082,0.322249]},"properties":{"id":"523330662","n":"Emarebwa, PD, 6","t":"pdw","c":"Kakamega"}},{"type":"Feature","geometry":{"type":"Point","coordinates":[34.751358,0.318983]},"properties":{"id":"523306643","n":"Shiandivsi PD 7","t":"pdw","c":"Kakamega"}},{"type":"Feature","geometry":{"type":"Point","coordinates":[34.7441,0.317699]},"properties":{"id":"523228158","n":"Mmsaa PS 6","t":"ps","c":"Kakamega"}},{"type":"Feature","geometry":{"type":"Point","coordinates":[34.774564,0.352396]},"properties":{"id":"523313616","n":"Emashere PS 2","t":"ps","c":"Kakamega"}},{"type":"Feature","geometry":{"type":"Point","coordinates":[34.75732,0.345109]},"properties":{"id":"523294160","n":"Emukaba PD 1","t":"pdw","c":"Kakamega"}},{"type":"Feature","geometry":{"type":"Point","coordinates":[34.724015,0.323239]},"properties":{"id":"523244794","n":"Efihule A, PD, 8","t":"pdw","c":"Kakamega"}},{"type":"Feature","geometry":{"type":"Point","coordinates":[34.75314,0.320337]},"properties":{"id":"523339465","n":"Shiandivsi PD 5","t":"pdw","c":"Kakamega"}},{"type":"Feature","geometry":{"type":"Point","coordinates":[34.726828,0.331616]},"properties":{"id":"661122440","n":"Emachembe Primary School - 410017","t":"bh","c":"Kakamega","d":100.0}},{"type":"Feature","geometry":{"type":"Point","coordinates":[34.726476,0.319563]},"properties":{"id":"523255448","n":"Shitoto B, PD, 9","t":"pdw","c":"Kakamega"}},{"type":"Feature","geometry":{"type":"Point","coordinates":[34.726632,0.319737]},"properties":{"id":"523310778","n":"Shitoto B, PD, 8","t":"pdw","c":"Kakamega"}},{"type":"Feature","geometry":{"type":"Point","coordinates":[34.718044,0.322145]},"properties":{"id":"523293891","n":"Emarebwa, US, 5","t":"us","c":"Kakamega"}},{"type":"Feature","geometry":{"type":"Point","coordinates":[34.730029,0.333945]},"properties":{"id":"523254605","n":"Sasala PD 6","t":"pdw","c":"Kakamega"}},{"type":"Feature","geometry":{"type":"Point","coordinates":[34.74676,0.3344]},"properties":{"id":"272020180","n":"Shibikhwa Community, Musotsi Spring - 21037","t":"ps","c":"Kakamega"}},{"type":"Feature","geometry":{"type":"Point","coordinates":[34.719646,0.325296]},"properties":{"id":"523257550","n":"Emarebwa, PD, 4","t":"pdw","c":"Kakamega"}},{"type":"Feature","geometry":{"type":"Point","coordinates":[34.747337,0.315434]},"properties":{"id":"523299093","n":"Mushikulu PD 2","t":"pdw","c":"Kakamega"}},{"type":"Feature","geometry":{"type":"Point","coordinates":[34.735129,0.321143]},"properties":{"id":"523317445","n":"Ebuhang'wa PD 14","t":"pdw","c":"Kakamega"}},{"type":"Feature","geometry":{"type":"Point","coordinates":[34.727327,0.317837]},"properties":{"id":"523342458","n":"Shitoto B, PD, 5","t":"pdw","c":"Kakamega"}},{"type":"Feature","geometry":{"type":"Point","coordinates":[34.747658,0.33273]},"properties":{"id":"523240477","n":"Musaga PS 14","t":"ps","c":"Kakamega"}},{"type":"Feature","geometry":{"type":"Point","coordinates":[34.781982,0.357747]},"properties":{"id":"523288820","n":"Busokho US 1","t":"us","c":"Kakamega"}},{"type":"Feature","geometry":{"type":"Point","coordinates":[34.7188,0.310446]},"properties":{"id":"523215914","n":"Mwichina, PS, 2","t":"ps","c":"Kakamega"}},{"type":"Feature","geometry":{"type":"Point","coordinates":[34.727703,0.31418]},"properties":{"id":"523278407","n":"Shitirira North, PD, 10","t":"pdw","c":"Kakamega"}},{"type":"Feature","geometry":{"type":"Point","coordinates":[34.730229,0.319562]},"properties":{"id":"366925034","n":"Murumba Community, Patrick Muyembere Spring - 22031","t":"ps","c":"Kakamega"}},{"type":"Feature","geometry":{"type":"Point","coordinates":[34.72524,0.32738]},"properties":{"id":"13034517","n":"Decommissioned 2023- Amboka Spring - 4754","t":"ps","c":"Kakamega"}},{"type":"Feature","geometry":{"type":"Point","coordinates":[34.729255,0.333344]},"properties":{"id":"523245733","n":"Sasala Community PD 8","t":"pdw","c":"Kakamega"}},{"type":"Feature","geometry":{"type":"Point","coordinates":[34.729007,0.326824]},"properties":{"id":"523231622","n":"Efihule B, PD, 3","t":"pdw","c":"Kakamega"}},{"type":"Feature","geometry":{"type":"Point","coordinates":[34.742969,0.315456]},"properties":{"id":"523280750","n":"Mmsaa PD 4","t":"pdw","c":"Kakamega"}},{"type":"Feature","geometry":{"type":"Point","coordinates":[34.750571,0.336672]},"properties":{"id":"523354495","n":"Shibikhwa PS 8","t":"ps","c":"Kakamega"}},{"type":"Feature","geometry":{"type":"Point","coordinates":[34.784495,0.336857]},"properties":{"id":"523306461","n":"Eshilongo PS 4","t":"ps","c":"Kakamega"}},{"type":"Feature","geometry":{"type":"Point","coordinates":[34.75296,0.331332]},"properties":{"id":"523265153","n":"Mwichina PD 2","t":"pdw","c":"Kakamega"}},{"type":"Feature","geometry":{"type":"Point","coordinates":[34.729144,0.312079]},"properties":{"id":"523217480","n":"Shitirira North, PD, 13","t":"pdw","c":"Kakamega"}},{"type":"Feature","geometry":{"type":"Point","coordinates":[34.756681,0.344629]},"properties":{"id":"523354536","n":"Emukhalari US 6","t":"us","c":"Kakamega"}},{"type":"Feature","geometry":{"type":"Point","coordinates":[34.735821,0.330893]},"properties":{"id":"523210548","n":"Emulakha PD 7","t":"pdw","c":"Kakamega"}},{"type":"Feature","geometry":{"type":"Point","coordinates":[34.732796,0.315116]},"properties":{"id":"523218649","n":"Shitirira South A, PS, 2","t":"ps","c":"Kakamega"}},{"type":"Feature","geometry":{"type":"Point","coordinates":[34.71651,0.311763]},"properties":{"id":"4011521","n":"Mumuli, Shololwa Spring - 4737","t":"ps","c":"Kakamega"}},{"type":"Feature","geometry":{"type":"Point","coordinates":[34.746958,0.329553]},"properties":{"id":"523280987","n":"Musaga US 21","t":"us","c":"Kakamega"}},{"type":"Feature","geometry":{"type":"Point","coordinates":[34.736889,0.324452]},"properties":{"id":"523215574","n":"Ebuhang'wa PD 17","t":"pdw","c":"Kakamega"}},{"type":"Feature","geometry":{"type":"Point","coordinates":[34.741762,0.314767]},"properties":{"id":"523302663","n":"Mukoyani PD 16","t":"pdw","c":"Kakamega"}},{"type":"Feature","geometry":{"type":"Point","coordinates":[34.792126,0.344774]},"properties":{"id":"661122330","n":"Ifwetere Village, Makutano Spring - 410006","t":"ps","c":"Kakamega"}},{"type":"Feature","geometry":{"type":"Point","coordinates":[34.787724,0.335301]},"properties":{"id":"523295790","n":"Ebung'aya North PD 2","t":"pdw","c":"Kakamega"}},{"type":"Feature","geometry":{"type":"Point","coordinates":[34.749288,0.322782]},"properties":{"id":"523326867","n":"Emakusi PD 8","t":"pdw","c":"Kakamega"}},{"type":"Feature","geometry":{"type":"Point","coordinates":[34.739711,0.314792]},"properties":{"id":"523236397","n":"Mukoyani PS 13","t":"ps","c":"Kakamega"}},{"type":"Feature","geometry":{"type":"Point","coordinates":[34.781052,0.346448]},"properties":{"id":"523196798","n":"Inaya B PS 2","t":"ps","c":"Kakamega"}},{"type":"Feature","geometry":{"type":"Point","coordinates":[34.768596,0.336681]},"properties":{"id":"523305666","n":"Emusala B PS 6","t":"ps","c":"Kakamega"}},{"type":"Feature","geometry":{"type":"Point","coordinates":[34.749441,0.318993]},"properties":{"id":"523329121","n":"Emakusi PD 15","t":"pdw","c":"Kakamega"}},{"type":"Feature","geometry":{"type":"Point","coordinates":[34.758845,0.341093]},"properties":{"id":"523254344","n":"Emukhalari PD 7","t":"pdw","c":"Kakamega"}},{"type":"Feature","geometry":{"type":"Point","coordinates":[34.745789,0.33179]},"properties":{"id":"523324047","n":"Musaga PS 17","t":"ps","c":"Kakamega"}},{"type":"Feature","geometry":{"type":"Point","coordinates":[34.72767,0.335305]},"properties":{"id":"523266271","n":"Sasala PS 2","t":"ps","c":"Kakamega"}},{"type":"Feature","geometry":{"type":"Point","coordinates":[34.719187,0.321915]},"properties":{"id":"523273550","n":"Emarebwa, PD, 7","t":"pdw","c":"Kakamega"}},{"type":"Feature","geometry":{"type":"Point","coordinates":[34.776849,0.35431]},"properties":{"id":"523205326","n":"Eshianda PS 8","t":"ps","c":"Kakamega"}},{"type":"Feature","geometry":{"type":"Point","coordinates":[34.7732,0.3371]},"properties":{"id":"9606065","n":"Mwinaya, Severe Spring - 4697","t":"ps","c":"Kakamega"}},{"type":"Feature","geometry":{"type":"Point","coordinates":[34.723815,0.335598]},"properties":{"id":"47024522","n":"Emachembe, Mukabane Spring - 18138","t":"ps","c":"Kakamega"}},{"type":"Feature","geometry":{"type":"Point","coordinates":[34.776372,0.339743]},"properties":{"id":"523354529","n":"Inaya A PS 5","t":"us","c":"Kakamega"}},{"type":"Feature","geometry":{"type":"Point","coordinates":[34.786483,0.342781]},"properties":{"id":"523218670","n":"Ivale PS 8","t":"ps","c":"Kakamega"}},{"type":"Feature","geometry":{"type":"Point","coordinates":[34.736575,0.31722]},"properties":{"id":"523343136","n":"Ebuhang'wa PD 3","t":"pdw","c":"Kakamega"}},{"type":"Feature","geometry":{"type":"Point","coordinates":[34.725585,0.300155]},"properties":{"id":"523317548","n":"Mungulu, PD, 1","t":"pdw","c":"Kakamega"}},{"type":"Feature","geometry":{"type":"Point","coordinates":[34.734795,0.335036]},"properties":{"id":"523262277","n":"Emulakha PS 2","t":"ps","c":"Kakamega"}},{"type":"Feature","geometry":{"type":"Point","coordinates":[34.752811,0.33295]},"properties":{"id":"523200682","n":"Shibikhwa PS 15","t":"ps","c":"Kakamega"}},{"type":"Feature","geometry":{"type":"Point","coordinates":[34.724787,0.317355]},"properties":{"id":"523273464","n":"Shitoto B, PS, 4","t":"ps","c":"Kakamega"}},{"type":"Feature","geometry":{"type":"Point","coordinates":[34.733038,0.339801]},"properties":{"id":"71552404","n":"Tumaini, Ndombi Spring - 19146","t":"ps","c":"Kakamega"}},{"type":"Feature","geometry":{"type":"Point","coordinates":[34.745631,0.315112]},"properties":{"id":"523294641","n":"Mushikulu PS 6","t":"ps","c":"Kakamega"}},{"type":"Feature","geometry":{"type":"Point","coordinates":[34.747086,0.32404]},"properties":{"id":"523262239","n":"Emukasi PS 3","t":"ps","c":"Kakamega"}},{"type":"Feature","geometry":{"type":"Point","coordinates":[34.747407,0.327478]},"properties":{"id":"523354464","n":"Mushianda PD 12","t":"pdw","c":"Kakamega"}},{"type":"Feature","geometry":{"type":"Point","coordinates":[34.766256,0.34173]},"properties":{"id":"523212935","n":"Mumulakha UD 8","t":"udw","c":"Kakamega"}},{"type":"Feature","geometry":{"type":"Point","coordinates":[34.732274,0.327964]},"properties":{"id":"523334501","n":"Mulwanda PD 4","t":"pdw","c":"Kakamega"}},{"type":"Feature","geometry":{"type":"Point","coordinates":[34.754702,0.329109]},"properties":{"id":"563537498","n":"Elukho Secondary School - 22218","t":"bh","c":"Kakamega","d":120.0}},{"type":"Feature","geometry":{"type":"Point","coordinates":[34.744076,0.317639]},"properties":{"id":"366925065","n":"Musaa Shikoti Community, Mugonjia Spring - 22094","t":"ps","c":"Kakamega"}},{"type":"Feature","geometry":{"type":"Point","coordinates":[34.783815,0.345382]},"properties":{"id":"523312495","n":"Inaya B 4","t":"pdw","c":"Kakamega"}},{"type":"Feature","geometry":{"type":"Point","coordinates":[34.718853,0.312529]},"properties":{"id":"523217631","n":"Mumuli, PD, 11","t":"pdw","c":"Kakamega"}},{"type":"Feature","geometry":{"type":"Point","coordinates":[34.746856,0.315631]},"properties":{"id":"523299282","n":"Mushikulu PD 3","t":"pdw","c":"Kakamega"}},{"type":"Feature","geometry":{"type":"Point","coordinates":[34.749005,0.314118]},"properties":{"id":"523323936","n":"Elutali PD 11","t":"pdw","c":"Kakamega"}},{"type":"Feature","geometry":{"type":"Point","coordinates":[34.756437,0.332178]},"properties":{"id":"523240958","n":"Mwichina US 4","t":"us","c":"Kakamega"}},{"type":"Feature","geometry":{"type":"Point","coordinates":[34.767317,0.345753]},"properties":{"id":"523258702","n":"Eshimalabandu US 5","t":"us","c":"Kakamega"}},{"type":"Feature","geometry":{"type":"Point","coordinates":[34.779363,0.348162]},"properties":{"id":"523203386","n":"Ebunuku PS 10","t":"us","c":"Kakamega"}},{"type":"Feature","geometry":{"type":"Point","coordinates":[34.721829,0.311409]},"properties":{"id":"523266972","n":"Mwichina, PD, 3","t":"pdw","c":"Kakamega"}},{"type":"Feature","geometry":{"type":"Point","coordinates":[34.744812,0.33604]},"properties":{"id":"523312172","n":"Musaga PS 12","t":"ps","c":"Kakamega"}},{"type":"Feature","geometry":{"type":"Point","coordinates":[34.762516,0.334594]},"properties":{"id":"523250072","n":"Eshibutse PS 3","t":"ps","c":"Kakamega"}},{"type":"Feature","geometry":{"type":"Point","coordinates":[34.729981,0.314971]},"properties":{"id":"523307091","n":"Shitirira North, PD, 1","t":"pdw","c":"Kakamega"}},{"type":"Feature","geometry":{"type":"Point","coordinates":[34.750354,0.325584]},"properties":{"id":"523308999","n":"Mushianda PD 8","t":"ps","c":"Kakamega"}},{"type":"Feature","geometry":{"type":"Point","coordinates":[34.731982,0.321975]},"properties":{"id":"523300702","n":"Shikoti B, PD, 14","t":"pdw","c":"Kakamega"}},{"type":"Feature","geometry":{"type":"Point","coordinates":[34.751125,0.319171]},"properties":{"id":"523255802","n":"Shiandivsi PD 14","t":"pdw","c":"Kakamega"}},{"type":"Feature","geometry":{"type":"Point","coordinates":[34.752145,0.330477]},"properties":{"id":"523294335","n":"Elukho PD 1","t":"pdw","c":"Kakamega"}},{"type":"Feature","geometry":{"type":"Point","coordinates":[34.785708,0.335553]},"properties":{"id":"523285937","n":"Ivale PS 5","t":"ps","c":"Kakamega"}},{"type":"Feature","geometry":{"type":"Point","coordinates":[34.74662,0.335423]},"properties":{"id":"523321192","n":"Shibikhwa US 5","t":"us","c":"Kakamega"}},{"type":"Feature","geometry":{"type":"Point","coordinates":[34.729615,0.328014]},"properties":{"id":"523233198","n":"Efihule B, PD, 2","t":"pdw","c":"Kakamega"}},{"type":"Feature","geometry":{"type":"Point","coordinates":[34.736005,0.319547]},"properties":{"id":"523339269","n":"Ebuhang'wa PD 9","t":"pdw","c":"Kakamega"}},{"type":"Feature","geometry":{"type":"Point","coordinates":[34.7851,0.331167]},"properties":{"id":"523311528","n":"Ebung'aya South US 3","t":"us","c":"Kakamega"}},{"type":"Feature","geometry":{"type":"Point","coordinates":[34.762989,0.348539]},"properties":{"id":"523284747","n":"Cairo US 2","t":"us","c":"Kakamega"}},{"type":"Feature","geometry":{"type":"Point","coordinates":[34.773527,0.352379]},"properties":{"id":"523241928","n":"Ebunuku PD 1","t":"pdw","c":"Kakamega"}},{"type":"Feature","geometry":{"type":"Point","coordinates":[34.724379,0.322655]},"properties":{"id":"523214346","n":"Efihule A, PD, 2","t":"pdw","c":"Kakamega"}},{"type":"Feature","geometry":{"type":"Point","coordinates":[34.72679,0.322422]},"properties":{"id":"531007","n":"Evihule, Bartholomew Spring - 4581","t":"ps","c":"Kakamega"}},{"type":"Feature","geometry":{"type":"Point","coordinates":[34.727678,0.326253]},"properties":{"id":"523278995","n":"Efihule B, US, 6","t":"us","c":"Kakamega"}},{"type":"Feature","geometry":{"type":"Point","coordinates":[34.718201,0.318535]},"properties":{"id":"523231718","n":"Shitoto A, PD, 4","t":"pdw","c":"Kakamega"}},{"type":"Feature","geometry":{"type":"Point","coordinates":[34.750719,0.318112]},"properties":{"id":"523318408","n":"Shiandivsi PD 12","t":"pdw","c":"Kakamega"}},{"type":"Feature","geometry":{"type":"Point","coordinates":[34.788271,0.349093]},"properties":{"id":"523307826","n":"Ifwetere PD 1","t":"pdw","c":"Kakamega"}},{"type":"Feature","geometry":{"type":"Point","coordinates":[34.763266,0.341084]},"properties":{"id":"523349194","n":"Eshisunguluri PD 2","t":"pdw","c":"Kakamega"}},{"type":"Feature","geometry":{"type":"Point","coordinates":[34.749694,0.313777]},"properties":{"id":"523327325","n":"Elutali PD 10","t":"udw","c":"Kakamega"}},{"type":"Feature","geometry":{"type":"Point","coordinates":[34.73952,0.32686]},"properties":{"id":"523321659","n":"Ebuhang'wa PD 24","t":"ps","c":"Kakamega"}},{"type":"Feature","geometry":{"type":"Point","coordinates":[34.756903,0.340267]},"properties":{"id":"3615625","n":"Emukhalari, Asatsa Spring - 4439","t":"ps","c":"Kakamega"}},{"type":"Feature","geometry":{"type":"Point","coordinates":[34.744633,0.311669]},"properties":{"id":"523337092","n":"Emavusi PS 4","t":"ps","c":"Kakamega"}},{"type":"Feature","geometry":{"type":"Point","coordinates":[34.733134,0.32491]},"properties":{"id":"523261616","n":"Shikoti B, PD, 1","t":"pdw","c":"Kakamega"}},{"type":"Feature","geometry":{"type":"Point","coordinates":[34.781077,0.350819]},"properties":{"id":"523260031","n":"Ebunuku PD 11","t":"pdw","c":"Kakamega"}},{"type":"Feature","geometry":{"type":"Point","coordinates":[34.743676,0.314416]},"properties":{"id":"523354433","n":"Mmsaa PD 2","t":"pdw","c":"Kakamega"}},{"type":"Feature","geometry":{"type":"Point","coordinates":[34.773745,0.341734]},"properties":{"id":"523347790","n":"Inaya A PD 7","t":"pdw","c":"Kakamega"}},{"type":"Feature","geometry":{"type":"Point","coordinates":[34.7654,0.343194]},"properties":{"id":"523282714","n":"Mumulakha PS 3","t":"ps","c":"Kakamega"}},{"type":"Feature","geometry":{"type":"Point","coordinates":[34.751766,0.326932]},"properties":{"id":"523242572","n":"Elukho PD 4","t":"pdw","c":"Kakamega"}},{"type":"Feature","geometry":{"type":"Point","coordinates":[34.792154,0.344755]},"properties":{"id":"523235970","n":"Ifwetere US 3","t":"us","c":"Kakamega"}},{"type":"Feature","geometry":{"type":"Point","coordinates":[34.718557,0.319545]},"properties":{"id":"523339283","n":"Shitoto A, PS, 6","t":"ps","c":"Kakamega"}},{"type":"Feature","geometry":{"type":"Point","coordinates":[34.717541,0.313265]},"properties":{"id":"523286763","n":"Mumuli, PD, 3","t":"pdw","c":"Kakamega"}},{"type":"Feature","geometry":{"type":"Point","coordinates":[34.772287,0.344292]},"properties":{"id":"523232465","n":"Inaya APS 9","t":"ps","c":"Kakamega"}},{"type":"Feature","geometry":{"type":"Point","coordinates":[34.720295,0.330938]},"properties":{"id":"47024584","n":"Emmachembe, Hosea Spring - 18145","t":"ps","c":"Kakamega"}},{"type":"Feature","geometry":{"type":"Point","coordinates":[34.71706,0.327887]},"properties":{"id":"523272607","n":"Emarebwa, US, 1","t":"us","c":"Kakamega"}},{"type":"Feature","geometry":{"type":"Point","coordinates":[34.733758,0.320284]},"properties":{"id":"679035514","n":"Shikoti Mixed Primary School - 410018","t":"bh","c":"Kakamega","d":90.0}},{"type":"Feature","geometry":{"type":"Point","coordinates":[34.714217,0.311013]},"properties":{"id":"523217136","n":"Nyangwira B, PS, 5","t":"ps","c":"Kakamega"}},{"type":"Feature","geometry":{"type":"Point","coordinates":[34.725173,0.323374]},"properties":{"id":"523222932","n":"Efihule A, PD, 1","t":"pdw","c":"Kakamega"}},{"type":"Feature","geometry":{"type":"Point","coordinates":[34.778962,0.332795]},"properties":{"id":"523205797","n":"Emusala PS 6","t":"ps","c":"Kakamega"}},{"type":"Feature","geometry":{"type":"Point","coordinates":[34.781898,0.334363]},"properties":{"id":"523260945","n":"Eshilongo PS 5","t":"ps","c":"Kakamega"}},{"type":"Feature","geometry":{"type":"Point","coordinates":[34.758029,0.346326]},"properties":{"id":"523268008","n":"Cairo US 5","t":"us","c":"Kakamega"}},{"type":"Feature","geometry":{"type":"Point","coordinates":[34.738837,0.32863]},"properties":{"id":"523328663","n":"Ebuhang'wa PD 24","t":"pdw","c":"Kakamega"}},{"type":"Feature","geometry":{"type":"Point","coordinates":[34.729879,0.33315]},"properties":{"id":"523339843","n":"Sasala community PD 7","t":"udw","c":"Kakamega"}},{"type":"Feature","geometry":{"type":"Point","coordinates":[34.788084,0.34026]},"properties":{"id":"523256308","n":"Ivale US 10","t":"us","c":"Kakamega"}},{"type":"Feature","geometry":{"type":"Point","coordinates":[34.735728,0.329409]},"properties":{"id":"523259930","n":"Emulakha PS 14","t":"ps","c":"Kakamega"}},{"type":"Feature","geometry":{"type":"Point","coordinates":[34.714629,0.315123]},"properties":{"id":"523206561","n":"Mumuli, PD, 6","t":"pdw","c":"Kakamega"}},{"type":"Feature","geometry":{"type":"Point","coordinates":[34.736821,0.322808]},"properties":{"id":"523348492","n":"Ebuhang'wa PD 15","t":"pdw","c":"Kakamega"}},{"type":"Feature","geometry":{"type":"Point","coordinates":[34.724803,0.315234]},"properties":{"id":"523244237","n":"Shitoto B, PS, 11","t":"ps","c":"Kakamega"}},{"type":"Feature","geometry":{"type":"Point","coordinates":[34.749582,0.323661]},"properties":{"id":"523241203","n":"Emakusi PD 7","t":"pdw","c":"Kakamega"}},{"type":"Feature","geometry":{"type":"Point","coordinates":[34.733648,0.32732]},"properties":{"id":"523259088","n":"Mulwanda PS 6","t":"ps","c":"Kakamega"}},{"type":"Feature","geometry":{"type":"Point","coordinates":[34.775368,0.357818]},"properties":{"id":"523282240","n":"Eshianda PD 4","t":"pdw","c":"Kakamega"}},{"type":"Feature","geometry":{"type":"Point","coordinates":[34.726058,0.299592]},"properties":{"id":"523283564","n":"Mungulu, UD, 2","t":"udw","c":"Kakamega"}},{"type":"Feature","geometry":{"type":"Point","coordinates":[34.725845,0.313211]},"properties":{"id":"523286574","n":"Shitirira North, PS, 11","t":"ps","c":"Kakamega"}},{"type":"Feature","geometry":{"type":"Point","coordinates":[34.7362,0.327489]},"properties":{"id":"523300740","n":"Emulakha PD 16","t":"pdw","c":"Kakamega"}},{"type":"Feature","geometry":{"type":"Point","coordinates":[34.719939,0.303805]},"properties":{"id":"41048184","n":"Mwichina, Shihunwa Spring - 19121","t":"ps","c":"Kakamega"}},{"type":"Feature","geometry":{"type":"Point","coordinates":[34.732205,0.332588]},"properties":{"id":"523198075","n":"Mulwanda PS 2","t":"ps","c":"Kakamega"}},{"type":"Feature","geometry":{"type":"Point","coordinates":[34.71977,0.321504]},"properties":{"id":"523225564","n":"Emarebwa, PD, 8","t":"pdw","c":"Kakamega"}},{"type":"Feature","geometry":{"type":"Point","coordinates":[34.775377,0.358594]},"properties":{"id":"523267722","n":"Eshianda US 6","t":"us","c":"Kakamega"}},{"type":"Feature","geometry":{"type":"Point","coordinates":[34.739927,0.323549]},"properties":{"id":"523350288","n":"Mukoyani PS 2","t":"ps","c":"Kakamega"}},{"type":"Feature","geometry":{"type":"Point","coordinates":[34.730187,0.316342]},"properties":{"id":"523257794","n":"Shitirira North, PD, 6","t":"pdw","c":"Kakamega"}},{"type":"Feature","geometry":{"type":"Point","coordinates":[34.748766,0.317253]},"properties":{"id":"523338189","n":"Elutali PS 17","t":"ps","c":"Kakamega"}},{"type":"Feature","geometry":{"type":"Point","coordinates":[34.782604,0.356934]},"properties":{"id":"366924813","n":"Busokha Community, Luvale Spring - 22050","t":"ps","c":"Kakamega"}},{"type":"Feature","geometry":{"type":"Point","coordinates":[34.721904,0.311328]},"properties":{"id":"523348777","n":"Mwichina, US, 4","t":"us","c":"Kakamega"}},{"type":"Feature","geometry":{"type":"Point","coordinates":[34.741657,0.329477]},"properties":{"id":"523280217","n":"Ebuhang'wa PD 28","t":"pdw","c":"Kakamega"}},{"type":"Feature","geometry":{"type":"Point","coordinates":[34.787854,0.335531]},"properties":{"id":"523286165","n":"Ebung'aya North US 3","t":"us","c":"Kakamega"}},{"type":"Feature","geometry":{"type":"Point","coordinates":[34.735748,0.329432]},"properties":{"id":"15007683","n":"Emulakha, Alukoye Spring - 18117","t":"ps","c":"Kakamega"}},{"type":"Feature","geometry":{"type":"Point","coordinates":[34.778377,0.345436]},"properties":{"id":"523341323","n":"Ebunuku PS 9","t":"ps","c":"Kakamega"}},{"type":"Feature","geometry":{"type":"Point","coordinates":[34.766127,0.34383]},"properties":{"id":"523205962","n":"Mumulakha PS 4","t":"ps","c":"Kakamega"}},{"type":"Feature","geometry":{"type":"Point","coordinates":[34.728964,0.33304]},"properties":{"id":"523213448","n":"Sasala community PD 9","t":"pdw","c":"Kakamega"}},{"type":"Feature","geometry":{"type":"Point","coordinates":[34.767049,0.338452]},"properties":{"id":"523227542","n":"Eshisunguluri PS 6","t":"ps","c":"Kakamega"}},{"type":"Feature","geometry":{"type":"Point","coordinates":[34.737596,0.326629]},"properties":{"id":"523221656","n":"Ebuhang'wa PD 21","t":"pdw","c":"Kakamega"}},{"type":"Feature","geometry":{"type":"Point","coordinates":[34.719132,0.322036]},"properties":{"id":"523214803","n":"Emarebwa, PD, 10","t":"pdw","c":"Kakamega"}},{"type":"Feature","geometry":{"type":"Point","coordinates":[34.742169,0.328725]},"properties":{"id":"523193795","n":"Ebuhang'wa PSW 27","t":"pdw","c":"Kakamega"}},{"type":"Feature","geometry":{"type":"Point","coordinates":[34.719431,0.311979]},"properties":{"id":"523224116","n":"Mumuli, PD, 12","t":"pdw","c":"Kakamega"}},{"type":"Feature","geometry":{"type":"Point","coordinates":[34.735295,0.332695]},"properties":{"id":"523192567","n":"Emulakha PD 4","t":"pdw","c":"Kakamega"}},{"type":"Feature","geometry":{"type":"Point","coordinates":[34.733867,0.319595]},"properties":{"id":"523333067","n":"Shikoti B, BH, 15","t":"bh","c":"Kakamega"}},{"type":"Feature","geometry":{"type":"Point","coordinates":[34.733229,0.324038]},"properties":{"id":"523209045","n":"Shikoti B, PD, 5","t":"pdw","c":"Kakamega"}},{"type":"Feature","geometry":{"type":"Point","coordinates":[34.73509,0.32426]},"properties":{"id":"3749568","n":"Decommissioned 2019 - St. Mary's Gorreti Shikoti Girls' Secondary School Borehole","t":"bh","c":"Kakamega"}},{"type":"Feature","geometry":{"type":"Point","coordinates":[34.743189,0.330174]},"properties":{"id":"523254272","n":"Ebuhang'wa PD 25","t":"pdw","c":"Kakamega"}},{"type":"Feature","geometry":{"type":"Point","coordinates":[34.740687,0.320183]},"properties":{"id":"523345114","n":"Mukoyani PD 5","t":"pdw","c":"Kakamega"}},{"type":"Feature","geometry":{"type":"Point","coordinates":[34.766531,0.347608]},"properties":{"id":"523323699","n":"Eshimalabandu PD 1","t":"pdw","c":"Kakamega"}},{"type":"Feature","geometry":{"type":"Point","coordinates":[34.726813,0.328768]},"properties":{"id":"523350501","n":"Emachembe, PS, 5","t":"ps","c":"Kakamega"}},{"type":"Feature","geometry":{"type":"Point","coordinates":[34.749924,0.335526]},"properties":{"id":"523317524","n":"Shibikhwa PD 7","t":"pdw","c":"Kakamega"}},{"type":"Feature","geometry":{"type":"Point","coordinates":[34.79275,0.342268]},"properties":{"id":"523342087","n":"Matende US 2","t":"us","c":"Kakamega"}},{"type":"Feature","geometry":{"type":"Point","coordinates":[34.726278,0.30818]},"properties":{"id":"523242118","n":"Elukaka B, PS, 2","t":"ps","c":"Kakamega"}},{"type":"Feature","geometry":{"type":"Point","coordinates":[34.773763,0.334276]},"properties":{"id":"523349132","n":"Emusala B PS 2","t":"ps","c":"Kakamega"}},{"type":"Feature","geometry":{"type":"Point","coordinates":[34.721664,0.323841]},"properties":{"id":"523229623","n":"Efihule A, PD, 9","t":"pdw","c":"Kakamega"}},{"type":"Feature","geometry":{"type":"Point","coordinates":[34.750415,0.323425]},"properties":{"id":"523195450","n":"Mushianda PD 6","t":"pdw","c":"Kakamega"}},{"type":"Feature","geometry":{"type":"Point","coordinates":[34.736298,0.317776]},"properties":{"id":"523193537","n":"Ebuhang'wa PD 2","t":"pdw","c":"Kakamega"}},{"type":"Feature","geometry":{"type":"Point","coordinates":[34.773119,0.337076]},"properties":{"id":"523213637","n":"Emusala B PS 7","t":"ps","c":"Kakamega"}},{"type":"Feature","geometry":{"type":"Point","coordinates":[34.752154,0.328845]},"properties":{"id":"523258087","n":"Elukho PS 3","t":"ps","c":"Kakamega"}},{"type":"Feature","geometry":{"type":"Point","coordinates":[34.712592,0.312323]},"properties":{"id":"523318587","n":"Nyangwira B, PD, 14","t":"pdw","c":"Kakamega"}},{"type":"Feature","geometry":{"type":"Point","coordinates":[34.763998,0.340735]},"properties":{"id":"523258104","n":"Eshisunguluri PD 1","t":"pdw","c":"Kakamega"}},{"type":"Feature","geometry":{"type":"Point","coordinates":[34.774659,0.358293]},"properties":{"id":"523286701","n":"Eshianda US 3","t":"us","c":"Kakamega"}},{"type":"Feature","geometry":{"type":"Point","coordinates":[34.747627,0.326762]},"properties":{"id":"523243195","n":"Mushianda PD 11","t":"pdw","c":"Kakamega"}},{"type":"Feature","geometry":{"type":"Point","coordinates":[34.725652,0.33213]},"properties":{"id":"523308047","n":"Emachembe, BH, 7","t":"bh","c":"Kakamega"}},{"type":"Feature","geometry":{"type":"Point","coordinates":[34.777642,0.353234]},"properties":{"id":"523331852","n":"Emashere PD 3","t":"pdw","c":"Kakamega"}},{"type":"Feature","geometry":{"type":"Point","coordinates":[34.740435,0.321576]},"properties":{"id":"523218656","n":"Mukoyani PD 4","t":"pdw","c":"Kakamega"}},{"type":"Feature","geometry":{"type":"Point","coordinates":[34.718456,0.31547]},"properties":{"id":"523290867","n":"Shitoto A,PS , 3","t":"ps","c":"Kakamega"}},{"type":"Feature","geometry":{"type":"Point","coordinates":[34.723194,0.330764]},"properties":{"id":"523227016","n":"Emachembe, US, 2","t":"us","c":"Kakamega"}},{"type":"Feature","geometry":{"type":"Point","coordinates":[34.739733,0.314683]},"properties":{"id":"41047602","n":"Emukoyani, Ombalasi Spring - 19177","t":"ps","c":"Kakamega"}},{"type":"Feature","geometry":{"type":"Point","coordinates":[34.739313,0.324307]},"properties":{"id":"523264358","n":"Ebuhang'wa PWS 19","t":"pdw","c":"Kakamega"}},{"type":"Feature","geometry":{"type":"Point","coordinates":[34.730753,0.316131]},"properties":{"id":"523355221","n":"Shitirira North, PD, 2","t":"pdw","c":"Kakamega"}},{"type":"Feature","geometry":{"type":"Point","coordinates":[34.780672,0.356776]},"properties":{"id":"523337236","n":"Mulwanda US 3","t":"us","c":"Kakamega"}},{"type":"Feature","geometry":{"type":"Point","coordinates":[34.768912,0.344541]},"properties":{"id":"523244275","n":"Mumulakha PS 6","t":"ps","c":"Kakamega"}},{"type":"Feature","geometry":{"type":"Point","coordinates":[34.774526,0.365049]},"properties":{"id":"523269432","n":"Shivakala A PD 6","t":"pdw","c":"Kakamega"}},{"type":"Feature","geometry":{"type":"Point","coordinates":[34.77611,0.360207]},"properties":{"id":"523305604","n":"Mulwanda US 2","t":"us","c":"Kakamega"}},{"type":"Feature","geometry":{"type":"Point","coordinates":[34.722417,0.329671]},"properties":{"id":"523329695","n":"Emachembe, PD, 3","t":"pdw","c":"Kakamega"}},{"type":"Feature","geometry":{"type":"Point","coordinates":[34.726786,0.328754]},"properties":{"id":"3615577","n":"Emachembe, Peter Spring - 4425","t":"ps","c":"Kakamega"}},{"type":"Feature","geometry":{"type":"Point","coordinates":[34.773742,0.345887]},"properties":{"id":"523286419","n":"Inaya A PD 3","t":"pdw","c":"Kakamega"}},{"type":"Feature","geometry":{"type":"Point","coordinates":[34.748302,0.333642]},"properties":{"id":"523337243","n":"Shibikhwa PD 1","t":"pdw","c":"Kakamega"}},{"type":"Feature","geometry":{"type":"Point","coordinates":[34.75069,0.326256]},"properties":{"id":"523262291","n":"Elukho PD 5","t":"pdw","c":"Kakamega"}},{"type":"Feature","geometry":{"type":"Point","coordinates":[34.746148,0.328745]},"properties":{"id":"523238179","n":"Musaga PD 19","t":"pdw","c":"Kakamega"}},{"type":"Feature","geometry":{"type":"Point","coordinates":[34.715063,0.30899]},"properties":{"id":"523248750","n":"Nyangwira B, PD, 1","t":"pdw","c":"Kakamega"}},{"type":"Feature","geometry":{"type":"Point","coordinates":[34.728376,0.314533]},"properties":{"id":"523208965","n":"Shitirira North, PD, 9","t":"pdw","c":"Kakamega"}},{"type":"Feature","geometry":{"type":"Point","coordinates":[34.753716,0.321445]},"properties":{"id":"523338945","n":"Mukangu US 1","t":"us","c":"Kakamega"}},{"type":"Feature","geometry":{"type":"Point","coordinates":[34.748779,0.325979]},"properties":{"id":"523226431","n":"Mushianda PD 10","t":"pdw","c":"Kakamega"}},{"type":"Feature","geometry":{"type":"Point","coordinates":[34.774344,0.341927]},"properties":{"id":"523204198","n":"Inaya A PWS 6","t":"pdw","c":"Kakamega"}},{"type":"Feature","geometry":{"type":"Point","coordinates":[34.732999,0.323359]},"properties":{"id":"523298126","n":"Shikoti B, PD, 8","t":"pdw","c":"Kakamega"}},{"type":"Feature","geometry":{"type":"Point","coordinates":[34.730235,0.319463]},"properties":{"id":"523305439","n":"Shitirira North, PS, 5","t":"ps","c":"Kakamega"}},{"type":"Feature","geometry":{"type":"Point","coordinates":[34.737899,0.316667]},"properties":{"id":"523226307","n":"Mukoyani PD 10","t":"pdw","c":"Kakamega"}},{"type":"Feature","geometry":{"type":"Point","coordinates":[34.747917,0.334777]},"properties":{"id":"523238306","n":"Shibikhwa PD 2","t":"pdw","c":"Kakamega"}},{"type":"Feature","geometry":{"type":"Point","coordinates":[34.744987,0.313905]},"properties":{"id":"523270296","n":"Emavusi UW 6","t":"udw","c":"Kakamega"}},{"type":"Feature","geometry":{"type":"Point","coordinates":[34.728759,0.31921]},"properties":{"id":"523199454","n":"Shitoto B, PS, 6","t":"ps","c":"Kakamega"}},{"type":"Feature","geometry":{"type":"Point","coordinates":[34.755827,0.343953]},"properties":{"id":"523270739","n":"Emukhalari PS 5","t":"ps","c":"Kakamega"}},{"type":"Feature","geometry":{"type":"Point","coordinates":[34.777151,0.343638]},"properties":{"id":"523251176","n":"Inaya A PS 1","t":"ps","c":"Kakamega"}},{"type":"Feature","geometry":{"type":"Point","coordinates":[34.786605,0.342122]},"properties":{"id":"523291473","n":"Ivale US 9","t":"us","c":"Kakamega"}},{"type":"Feature","geometry":{"type":"Point","coordinates":[34.78186,0.35125]},"properties":{"id":"445267897","n":"Indangalasia Secondary School - 22281","t":"bh","c":"Kakamega","d":60.0}},{"type":"Feature","geometry":{"type":"Point","coordinates":[34.750038,0.324046]},"properties":{"id":"523216001","n":"Mushianda PD 7","t":"pdw","c":"Kakamega"}},{"type":"Feature","geometry":{"type":"Point","coordinates":[34.750633,0.329765]},"properties":{"id":"523318336","n":"Eluhinjiro PS 10","t":"ps","c":"Kakamega"}},{"type":"Feature","geometry":{"type":"Point","coordinates":[34.771415,0.347492]},"properties":{"id":"523242596","n":"Eshimalabandu US 9","t":"us","c":"Kakamega"}},{"type":"Feature","geometry":{"type":"Point","coordinates":[34.71622,0.32479]},"properties":{"id":"9606096","n":"Emarembwa, Nyangweso Spring - 4700","t":"ps","c":"Kakamega"}},{"type":"Feature","geometry":{"type":"Point","coordinates":[34.782138,0.355835]},"properties":{"id":"278902923","n":"Lumunyasi Community, Tubula Spring - 21059","t":"ps","c":"Kakamega"}},{"type":"Feature","geometry":{"type":"Point","coordinates":[34.788395,0.344347]},"properties":{"id":"523303619","n":"Matende PS 1","t":"ps","c":"Kakamega"}},{"type":"Feature","geometry":{"type":"Point","coordinates":[34.785623,0.333174]},"properties":{"id":"523273512","n":"Ebung'aya South PS 1","t":"ps","c":"Kakamega"}},{"type":"Feature","geometry":{"type":"Point","coordinates":[34.783778,0.347012]},"properties":{"id":"523314837","n":"Inaya B US 3","t":"us","c":"Kakamega"}},{"type":"Feature","geometry":{"type":"Point","coordinates":[34.729377,0.334393]},"properties":{"id":"523203898","n":"Sasala PD 4","t":"pdw","c":"Kakamega"}},{"type":"Feature","geometry":{"type":"Point","coordinates":[34.7518,0.329126]},"properties":{"id":"523269016","n":"Elukho PS 2","t":"ps","c":"Kakamega"}},{"type":"Feature","geometry":{"type":"Point","coordinates":[34.785719,0.338215]},"properties":{"id":"523307785","n":"Ivale PS 6","t":"ps","c":"Kakamega"}},{"type":"Feature","geometry":{"type":"Point","coordinates":[34.734813,0.334996]},"properties":{"id":"38573","n":"Emulakha, Marko Achina Spring - 4242","t":"ps","c":"Kakamega"}},{"type":"Feature","geometry":{"type":"Point","coordinates":[34.735248,0.332488]},"properties":{"id":"523245324","n":"Emulakha PD 5","t":"pdw","c":"Kakamega"}},{"type":"Feature","geometry":{"type":"Point","coordinates":[34.779935,0.337093]},"properties":{"id":"523221742","n":"Emusala A PS 6","t":"ps","c":"Kakamega"}},{"type":"Feature","geometry":{"type":"Point","coordinates":[34.736192,0.318109]},"properties":{"id":"523281445","n":"Ebuhang'wa PD 6","t":"pdw","c":"Kakamega"}},{"type":"Feature","geometry":{"type":"Point","coordinates":[34.722774,0.318668]},"properties":{"id":"523315247","n":"Shitoto B, PS, 1","t":"ps","c":"Kakamega"}},{"type":"Feature","geometry":{"type":"Point","coordinates":[34.770512,0.334831]},"properties":{"id":"523305068","n":"Emusala B PD 4","t":"pdw","c":"Kakamega"}},{"type":"Feature","geometry":{"type":"Point","coordinates":[34.766917,0.335791]},"properties":{"id":"523274290","n":"Eshisunguluri B PD 4","t":"pdw","c":"Kakamega"}},{"type":"Feature","geometry":{"type":"Point","coordinates":[34.717062,0.318624]},"properties":{"id":"523228079","n":"Shitoto A, PD, 5","t":"pdw","c":"Kakamega"}},{"type":"Feature","geometry":{"type":"Point","coordinates":[34.7661,0.346626]},"properties":{"id":"523311827","n":"Eshimalabandu PS 2","t":"ps","c":"Kakamega"}},{"type":"Feature","geometry":{"type":"Point","coordinates":[34.743564,0.320149]},"properties":{"id":"523245788","n":"Mmsaa PD 8","t":"pdw","c":"Kakamega"}},{"type":"Feature","geometry":{"type":"Point","coordinates":[34.743338,0.336301]},"properties":{"id":"523275538","n":"Musaga PS 11","t":"ps","c":"Kakamega"}},{"type":"Feature","geometry":{"type":"Point","coordinates":[34.741642,0.336173]},"properties":{"id":"523290685","n":"Musaga PS 7","t":"ps","c":"Kakamega"}},{"type":"Feature","geometry":{"type":"Point","coordinates":[34.749953,0.322118]},"properties":{"id":"523219035","n":"Mushianda PD 4","t":"pdw","c":"Kakamega"}},{"type":"Feature","geometry":{"type":"Point","coordinates":[34.749686,0.314331]},"properties":{"id":"523216991","n":"Elutali PD 8","t":"pdw","c":"Kakamega"}},{"type":"Feature","geometry":{"type":"Point","coordinates":[34.772568,0.345913]},"properties":{"id":"523263326","n":"Inaya A PD 10","t":"pdw","c":"Kakamega"}},{"type":"Feature","geometry":{"type":"Point","coordinates":[34.736964,0.326251]},"properties":{"id":"523341048","n":"Emulakha PD 18","t":"pdw","c":"Kakamega"}},{"type":"Feature","geometry":{"type":"Point","coordinates":[34.725021,0.304289]},"properties":{"id":"523237453","n":"Elukaka B, PS, 1","t":"ps","c":"Kakamega"}},{"type":"Feature","geometry":{"type":"Point","coordinates":[34.746791,0.312587]},"properties":{"id":"523343112","n":"Emavusi US 16","t":"us","c":"Kakamega"}},{"type":"Feature","geometry":{"type":"Point","coordinates":[34.750932,0.336619]},"properties":{"id":"523293901","n":"Shibikhwa US 9","t":"us","c":"Kakamega"}},{"type":"Feature","geometry":{"type":"Point","coordinates":[34.735472,0.320244]},"properties":{"id":"523309196","n":"Ebuhang'wa PD 13","t":"pdw","c":"Kakamega"}},{"type":"Feature","geometry":{"type":"Point","coordinates":[34.739063,0.332664]},"properties":{"id":"523323400","n":"Musaga PD 5","t":"pdw","c":"Kakamega"}},{"type":"Feature","geometry":{"type":"Point","coordinates":[34.744765,0.320469]},"properties":{"id":"523302955","n":"Mmsaa PD 7","t":"pdw","c":"Kakamega"}},{"type":"Feature","geometry":{"type":"Point","coordinates":[34.774555,0.353429]},"properties":{"id":"523298528","n":"Emashere PS 1","t":"ps","c":"Kakamega"}},{"type":"Feature","geometry":{"type":"Point","coordinates":[34.751137,0.325902]},"properties":{"id":"523203630","n":"Elukho PD 6","t":"us","c":"Kakamega"}},{"type":"Feature","geometry":{"type":"Point","coordinates":[34.750115,0.329577]},"properties":{"id":"523316949","n":"Eluhinjiro PD 9","t":"pdw","c":"Kakamega"}},{"type":"Feature","geometry":{"type":"Point","coordinates":[34.737937,0.317485]},"properties":{"id":"523324566","n":"Ebuhang'wa PD 5","t":"pdw","c":"Kakamega"}},{"type":"Feature","geometry":{"type":"Point","coordinates":[34.774692,0.353858]},"properties":{"id":"523333294","n":"Eshianda US 9","t":"us","c":"Kakamega"}},{"type":"Feature","geometry":{"type":"Point","coordinates":[34.739103,0.330555]},"properties":{"id":"523202907","n":"Musaga PD 1","t":"udw","c":"Kakamega"}},{"type":"Feature","geometry":{"type":"Point","coordinates":[34.738123,0.333852]},"properties":{"id":"523242613","n":"Emulakha PS 1","t":"ps","c":"Kakamega"}},{"type":"Feature","geometry":{"type":"Point","coordinates":[34.769364,0.333216]},"properties":{"id":"523348942","n":"Emakuche PS 5","t":"ps","c":"Kakamega"}},{"type":"Feature","geometry":{"type":"Point","coordinates":[34.726052,0.33693]},"properties":{"id":"523283980","n":"Sasala PS 1","t":"ps","c":"Kakamega"}},{"type":"Feature","geometry":{"type":"Point","coordinates":[34.724464,0.308171]},"properties":{"id":"41048191","n":"Mwichina, Matanyi Spring - 19095","t":"ps","c":"Kakamega"}},{"type":"Feature","geometry":{"type":"Point","coordinates":[34.724512,0.30812]},"properties":{"id":"523316286","n":"Elukaka B, PS, 3","t":"ps","c":"Kakamega"}},{"type":"Feature","geometry":{"type":"Point","coordinates":[34.731272,0.333361]},"properties":{"id":"523205869","n":"Mulwanda Community PD 1","t":"pdw","c":"Kakamega"}},{"type":"Feature","geometry":{"type":"Point","coordinates":[34.76907,0.346373]},"properties":{"id":"523327071","n":"Eshimalabandu PD 7","t":"pdw","c":"Kakamega"}},{"type":"Feature","geometry":{"type":"Point","coordinates":[34.745799,0.321026]},"properties":{"id":"523315357","n":"Mmsaa PD 7","t":"pdw","c":"Kakamega"}},{"type":"Feature","geometry":{"type":"Point","coordinates":[34.768516,0.336288]},"properties":{"id":"523228464","n":"Emusala B US 5","t":"us","c":"Kakamega"}},{"type":"Feature","geometry":{"type":"Point","coordinates":[34.790302,0.348791]},"properties":{"id":"736922953","n":"Efwetere Primary School - 430011","t":"bh","c":"Kakamega","d":38.8}},{"type":"Feature","geometry":{"type":"Point","coordinates":[34.73045,0.31821]},"properties":{"id":"523309347","n":"Shitirira North, UD, 4","t":"udw","c":"Kakamega"}},{"type":"Feature","geometry":{"type":"Point","coordinates":[34.789997,0.34891]},"properties":{"id":"523198068","n":"Ifwetere PD 2","t":"pdw","c":"Kakamega"}},{"type":"Feature","geometry":{"type":"Point","coordinates":[34.729197,0.333157]},"properties":{"id":"523259583","n":"Sasala Community PD 9","t":"pdw","c":"Kakamega"}},{"type":"Feature","geometry":{"type":"Point","coordinates":[34.772228,0.354188]},"properties":{"id":"523255170","n":"Eshianda PS 2","t":"ps","c":"Kakamega"}},{"type":"Feature","geometry":{"type":"Point","coordinates":[34.738244,0.315965]},"properties":{"id":"523287283","n":"Mukoyani PD 11","t":"pdw","c":"Kakamega"}},{"type":"Feature","geometry":{"type":"Point","coordinates":[34.732622,0.323231]},"properties":{"id":"523355180","n":"Shikoti B, PD, 10","t":"pdw","c":"Kakamega"}},{"type":"Feature","geometry":{"type":"Point","coordinates":[34.784267,0.33116]},"properties":{"id":"523307558","n":"Ivale US 1","t":"us","c":"Kakamega"}},{"type":"Feature","geometry":{"type":"Point","coordinates":[34.728672,0.330676]},"properties":{"id":"523314428","n":"Emachembe, PS, 9","t":"ps","c":"Kakamega"}},{"type":"Feature","geometry":{"type":"Point","coordinates":[34.739251,0.325813]},"properties":{"id":"523230858","n":"Ebuhang'wa PD 20","t":"pdw","c":"Kakamega"}},{"type":"Feature","geometry":{"type":"Point","coordinates":[34.736316,0.331902]},"properties":{"id":"523204318","n":"Emulakha UD 10","t":"pdw","c":"Kakamega"}},{"type":"Feature","geometry":{"type":"Point","coordinates":[34.737968,0.315518]},"properties":{"id":"523273440","n":"Mukoyani PD 12","t":"pdw","c":"Kakamega"}},{"type":"Feature","geometry":{"type":"Point","coordinates":[34.762846,0.34286]},"properties":{"id":"523240532","n":"Emukaba PD 4","t":"pdw","c":"Kakamega"}},{"type":"Feature","geometry":{"type":"Point","coordinates":[34.759712,0.338659]},"properties":{"id":"523245829","n":"Emukhalari US 9","t":"us","c":"Kakamega"}},{"type":"Feature","geometry":{"type":"Point","coordinates":[34.714776,0.312912]},"properties":{"id":"1027727","n":"Mumuli, Marko Mutamba Mumuli Spring - 4375","t":"ps","c":"Kakamega"}},{"type":"Feature","geometry":{"type":"Point","coordinates":[34.725615,0.323138]},"properties":{"id":"523267375","n":"Efihule A, PD, 4","t":"pdw","c":"Kakamega"}},{"type":"Feature","geometry":{"type":"Point","coordinates":[34.749421,0.321673]},"properties":{"id":"523228787","n":"Emakusi PD 11","t":"pdw","c":"Kakamega"}},{"type":"Feature","geometry":{"type":"Point","coordinates":[34.749219,0.331946]},"properties":{"id":"523347886","n":"Eluhinjiro PD 5","t":"pdw","c":"Kakamega"}},{"type":"Feature","geometry":{"type":"Point","coordinates":[34.79158,0.342158]},"properties":{"id":"523310871","n":"Matende US 1","t":"us","c":"Kakamega"}},{"type":"Feature","geometry":{"type":"Point","coordinates":[34.790523,0.344417]},"properties":{"id":"523252218","n":"Ifwetere PS 4","t":"ps","c":"Kakamega"}},{"type":"Feature","geometry":{"type":"Point","coordinates":[34.742993,0.31594]},"properties":{"id":"523221821","n":"Mmsaa PD 5","t":"pdw","c":"Kakamega"}},{"type":"Feature","geometry":{"type":"Point","coordinates":[34.789588,0.34719]},"properties":{"id":"523328508","n":"Ifwetere PS 2","t":"ps","c":"Kakamega"}},{"type":"Feature","geometry":{"type":"Point","coordinates":[34.765505,0.332782]},"properties":{"id":"523329516","n":"Isanjiro PS 5","t":"ps","c":"Kakamega"}},{"type":"Feature","geometry":{"type":"Point","coordinates":[34.785043,0.333509]},"properties":{"id":"523343813","n":"Ivale US 4","t":"us","c":"Kakamega"}},{"type":"Feature","geometry":{"type":"Point","coordinates":[34.731916,0.314309]},"properties":{"id":"523349857","n":"Shitirira South A, PS, 1","t":"ps","c":"Kakamega"}},{"type":"Feature","geometry":{"type":"Point","coordinates":[34.748986,0.33187]},"properties":{"id":"523311401","n":"Eluhinjiro PD 4","t":"pdw","c":"Kakamega"}},{"type":"Feature","geometry":{"type":"Point","coordinates":[34.721595,0.312973]},"properties":{"id":"523246277","n":"Mumuli, PD, 15","t":"pdw","c":"Kakamega"}},{"type":"Feature","geometry":{"type":"Point","coordinates":[34.785056,0.332239]},"properties":{"id":"523322447","n":"Ivale PS 2","t":"ps","c":"Kakamega"}},{"type":"Feature","geometry":{"type":"Point","coordinates":[34.782547,0.339033]},"properties":{"id":"523243346","n":"Eshilongo PD 3","t":"pdw","c":"Kakamega"}},{"type":"Feature","geometry":{"type":"Point","coordinates":[34.722918,0.314677]},"properties":{"id":"523229915","n":"Shitoto A, PD, 2","t":"pdw","c":"Kakamega"}},{"type":"Feature","geometry":{"type":"Point","coordinates":[34.775482,0.334121]},"properties":{"id":"523313142","n":"Emusala B PS 1","t":"ps","c":"Kakamega"}},{"type":"Feature","geometry":{"type":"Point","coordinates":[34.746501,0.314887]},"properties":{"id":"523315663","n":"Mushikulu PD 7","t":"pdw","c":"Kakamega"}},{"type":"Feature","geometry":{"type":"Point","coordinates":[34.747165,0.327038]},"properties":{"id":"523309756","n":"Emakusi PD 1","t":"pdw","c":"Kakamega"}},{"type":"Feature","geometry":{"type":"Point","coordinates":[34.723743,0.324995]},"properties":{"id":"523300410","n":"Efihule A, PS, 12","t":"ps","c":"Kakamega"}},{"type":"Feature","geometry":{"type":"Point","coordinates":[34.757215,0.341937]},"properties":{"id":"523348454","n":"Emukhalari PD 3","t":"pdw","c":"Kakamega"}},{"type":"Feature","geometry":{"type":"Point","coordinates":[34.754132,0.334607]},"properties":{"id":"523301954","n":"Shibikhwa PS 14","t":"ps","c":"Kakamega"}},{"type":"Feature","geometry":{"type":"Point","coordinates":[34.726224,0.336805]},"properties":{"id":"530958","n":"Emmachembe, Saul Shivogo Spring - 4576","t":"ps","c":"Kakamega"}},{"type":"Feature","geometry":{"type":"Point","coordinates":[34.729213,0.309008]},"properties":{"id":"523309206","n":"Elukaka A, PS, 2","t":"ps","c":"Kakamega"}},{"type":"Feature","geometry":{"type":"Point","coordinates":[34.784301,0.339789]},"properties":{"id":"523344254","n":"Ivale US 7","t":"us","c":"Kakamega"}},{"type":"Feature","geometry":{"type":"Point","coordinates":[34.749786,0.320935]},"properties":{"id":"523327136","n":"Emakusi PD 12","t":"pdw","c":"Kakamega"}},{"type":"Feature","geometry":{"type":"Point","coordinates":[34.75397,0.324001]},"properties":{"id":"523315371","n":"Mukangu PD 9","t":"pdw","c":"Kakamega"}},{"type":"Feature","geometry":{"type":"Point","coordinates":[34.714233,0.31105]},"properties":{"id":"15007645","n":"Masera, Ernest Mumbo Spring - 18111","t":"ps","c":"Kakamega"}},{"type":"Feature","geometry":{"type":"Point","coordinates":[34.786302,0.34992]},"properties":{"id":"523269872","n":"Ifwetere PS 1","t":"ps","c":"Kakamega"}},{"type":"Feature","geometry":{"type":"Point","coordinates":[34.749796,0.330742]},"properties":{"id":"523290616","n":"Eluhinjiro PD 7","t":"pdw","c":"Kakamega"}},{"type":"Feature","geometry":{"type":"Point","coordinates":[34.717573,0.313335]},"properties":{"id":"523215464","n":"Mumuli, PD, 1","t":"pdw","c":"Kakamega"}},{"type":"Feature","geometry":{"type":"Point","coordinates":[34.75288,0.336284]},"properties":{"id":"523203104","n":"Shibikhwa PD 13","t":"ps","c":"Kakamega"}},{"type":"Feature","geometry":{"type":"Point","coordinates":[34.74653,0.33335]},"properties":{"id":"523252115","n":"Musaga PD 13","t":"pdw","c":"Kakamega"}},{"type":"Feature","geometry":{"type":"Point","coordinates":[34.728066,0.326242]},"properties":{"id":"523276955","n":"Efihule B, PS, 5","t":"ps","c":"Kakamega"}},{"type":"Feature","geometry":{"type":"Point","coordinates":[34.723865,0.335624]},"properties":{"id":"523217284","n":"Emachembe, PS, 8","t":"ps","c":"Kakamega"}},{"type":"Feature","geometry":{"type":"Point","coordinates":[34.776745,0.344694]},"properties":{"id":"523312529","n":"Inaya A PD 2","t":"pdw","c":"Kakamega"}},{"type":"Feature","geometry":{"type":"Point","coordinates":[34.720786,0.3137]},"properties":{"id":"523302852","n":"Mumuli, PD, 13","t":"pdw","c":"Kakamega"}},{"type":"Feature","geometry":{"type":"Point","coordinates":[34.739113,0.33596]},"properties":{"id":"523199117","n":"Musaga PD 6","t":"pdw","c":"Kakamega"}},{"type":"Feature","geometry":{"type":"Point","coordinates":[34.759133,0.344223]},"properties":{"id":"523279446","n":"Emukaba US 3","t":"us","c":"Kakamega"}},{"type":"Feature","geometry":{"type":"Point","coordinates":[34.790497,0.346513]},"properties":{"id":"523324968","n":"Ifwetere US 2","t":"us","c":"Kakamega"}},{"type":"Feature","geometry":{"type":"Point","coordinates":[34.781242,0.347173]},"properties":{"id":"523343215","n":"Inaya B PS 1","t":"ps","c":"Kakamega"}},{"type":"Feature","geometry":{"type":"Point","coordinates":[34.741482,0.311122]},"properties":{"id":"523355214","n":"Shikoti A, PD, 5","t":"pdw","c":"Kakamega"}},{"type":"Feature","geometry":{"type":"Point","coordinates":[34.716521,0.311767]},"properties":{"id":"523343868","n":"Mumuli, PS, 9","t":"ps","c":"Kakamega"}},{"type":"Feature","geometry":{"type":"Point","coordinates":[34.716248,0.324871]},"properties":{"id":"523246174","n":"Emarebwa, PS, 3","t":"ps","c":"Kakamega"}},{"type":"Feature","geometry":{"type":"Point","coordinates":[34.713231,0.311466]},"properties":{"id":"523355135","n":"Nyangwira B, PD, 15","t":"pdw","c":"Kakamega"}},{"type":"Feature","geometry":{"type":"Point","coordinates":[34.771686,0.339789]},"properties":{"id":"523232506","n":"Eshisunguluri B US 2","t":"us","c":"Kakamega"}},{"type":"Feature","geometry":{"type":"Point","coordinates":[34.717194,0.305698]},"properties":{"id":"523214360","n":"Nyangwira A, US, 11","t":"us","c":"Kakamega"}},{"type":"Feature","geometry":{"type":"Point","coordinates":[34.741532,0.319275]},"properties":{"id":"523193032","n":"Mukoyani PD 7","t":"pdw","c":"Kakamega"}},{"type":"Feature","geometry":{"type":"Point","coordinates":[34.733862,0.330749]},"properties":{"id":"523222712","n":"Mulwanda PD 3","t":"pdw","c":"Kakamega"}},{"type":"Feature","geometry":{"type":"Point","coordinates":[34.7472,0.338383]},"properties":{"id":"523279312","n":"Shibikhwa US 6","t":"us","c":"Kakamega"}},{"type":"Feature","geometry":{"type":"Point","coordinates":[34.791265,0.338087]},"properties":{"id":"25795565","n":"Bungaya, Charles Khainga Spring - 19142","t":"ps","c":"Kakamega"}},{"type":"Feature","geometry":{"type":"Point","coordinates":[34.785986,0.33199]},"properties":{"id":"523262882","n":"Ebung'aya South PS 2","t":"ps","c":"Kakamega"}},{"type":"Feature","geometry":{"type":"Point","coordinates":[34.734951,0.313844]},"properties":{"id":"523199478","n":"Shitirira South B, PS, 1","t":"ps","c":"Kakamega"}},{"type":"Feature","geometry":{"type":"Point","coordinates":[34.729427,0.315764]},"properties":{"id":"523355238","n":"Shitirira North, PD, 7","t":"pdw","c":"Kakamega"}},{"type":"Feature","geometry":{"type":"Point","coordinates":[34.736528,0.331857]},"properties":{"id":"523264808","n":"Emulakha UD 9","t":"udw","c":"Kakamega"}},{"type":"Feature","geometry":{"type":"Point","coordinates":[34.772844,0.349495]},"properties":{"id":"523242716","n":"Ebunuku PS 6","t":"ps","c":"Kakamega"}},{"type":"Feature","geometry":{"type":"Point","coordinates":[34.721927,0.309628]},"properties":{"id":"17388241","n":"Mwichina, Mwichina Spring - 18092","t":"ps","c":"Kakamega"}},{"type":"Feature","geometry":{"type":"Point","coordinates":[34.764413,0.349041]},"properties":{"id":"523318051","n":"Cairo PS 1","t":"ps","c":"Kakamega"}},{"type":"Feature","geometry":{"type":"Point","coordinates":[34.779151,0.35983]},"properties":{"id":"523228471","n":"Mulwanda US 1","t":"us","c":"Kakamega"}},{"type":"Feature","geometry":{"type":"Point","coordinates":[34.748476,0.320754]},"properties":{"id":"523231237","n":"Emakusi PD 13","t":"pdw","c":"Kakamega"}},{"type":"Feature","geometry":{"type":"Point","coordinates":[34.746417,0.334286]},"properties":{"id":"523286220","n":"Shibikhwa PS 4","t":"ps","c":"Kakamega"}},{"type":"Feature","geometry":{"type":"Point","coordinates":[34.765888,0.338313]},"properties":{"id":"523323101","n":"Eshisunguluri US 5","t":"us","c":"Kakamega"}},{"type":"Feature","geometry":{"type":"Point","coordinates":[34.751378,0.338616]},"properties":{"id":"523267289","n":"Shirakalu PD 11","t":"pdw","c":"Kakamega"}},{"type":"Feature","geometry":{"type":"Point","coordinates":[34.760687,0.347792]},"properties":{"id":"523332341","n":"Cairo PS 4","t":"ps","c":"Kakamega"}},{"type":"Feature","geometry":{"type":"Point","coordinates":[34.788707,0.347314]},"properties":{"id":"523242448","n":"Ifwetere US 1","t":"us","c":"Kakamega"}},{"type":"Feature","geometry":{"type":"Point","coordinates":[34.746226,0.316803]},"properties":{"id":"523266202","n":"Mushikulu US 5","t":"us","c":"Kakamega"}},{"type":"Feature","geometry":{"type":"Point","coordinates":[34.735522,0.320713]},"properties":{"id":"523292216","n":"Ebuhang'wa PD 12","t":"pdw","c":"Kakamega"}},{"type":"Feature","geometry":{"type":"Point","coordinates":[34.733758,0.32321]},"properties":{"id":"679035387","n":"St. Jude Shikoti Girls Boarding Primary School - 410020","t":"bh","c":"Kakamega","d":70.0}},{"type":"Feature","geometry":{"type":"Point","coordinates":[34.77064,0.334245]},"properties":{"id":"523265878","n":"Emusala B 3","t":"ps","c":"Kakamega"}},{"type":"Feature","geometry":{"type":"Point","coordinates":[34.73303,0.3315]},"properties":{"id":"523233174","n":"Mulwanda Community PS 2","t":"ps","c":"Kakamega"}},{"type":"Feature","geometry":{"type":"Point","coordinates":[34.723695,0.324902]},"properties":{"id":"13033767","n":"Shitoto, William Manga Spring - 4743","t":"ps","c":"Kakamega"}},{"type":"Feature","geometry":{"type":"Point","coordinates":[34.736791,0.323546]},"properties":{"id":"523231536","n":"Ebuhang'wa PD 16","t":"pdw","c":"Kakamega"}},{"type":"Feature","geometry":{"type":"Point","coordinates":[34.73606,0.3244]},"properties":{"id":"3749551","n":"Emachembe Community - 4261","t":"bh","c":"Kakamega"}},{"type":"Feature","geometry":{"type":"Point","coordinates":[34.774487,0.336441]},"properties":{"id":"523236380","n":"Emusala B PD 8","t":"pdw","c":"Kakamega"}},{"type":"Feature","geometry":{"type":"Point","coordinates":[34.748717,0.314402]},"properties":{"id":"523323613","n":"Elutali PD 18","t":"pdw","c":"Kakamega"}},{"type":"Feature","geometry":{"type":"Point","coordinates":[34.764923,0.338273]},"properties":{"id":"523263814","n":"Eshisunguluri PS 3","t":"ps","c":"Kakamega"}},{"type":"Feature","geometry":{"type":"Point","coordinates":[34.734622,0.320335]},"properties":{"id":"523241234","n":"Ebuhang'wa PD 11","t":"pdw","c":"Kakamega"}},{"type":"Feature","geometry":{"type":"Point","coordinates":[34.72115,0.30317]},"properties":{"id":"4069294","n":"Mungulu, Zikhungu Spring - 4742","t":"ps","c":"Kakamega"}},{"type":"Feature","geometry":{"type":"Point","coordinates":[34.719741,0.319866]},"properties":{"id":"523225090","n":"Emarebwa, PD, 11","t":"pdw","c":"Kakamega"}},{"type":"Feature","geometry":{"type":"Point","coordinates":[34.715832,0.313785]},"properties":{"id":"523219578","n":"Mumuli, UD, 4","t":"udw","c":"Kakamega"}},{"type":"Feature","geometry":{"type":"Point","coordinates":[34.725623,0.322816]},"properties":{"id":"523233208","n":"Efihule A, PD, 3","t":"pdw","c":"Kakamega"}},{"type":"Feature","geometry":{"type":"Point","coordinates":[34.735248,0.328169]},"properties":{"id":"523280853","n":"Emulakha PD 17","t":"pdw","c":"Kakamega"}},{"type":"Feature","geometry":{"type":"Point","coordinates":[34.720834,0.320031]},"properties":{"id":"523276924","n":"Shitoto A, PS, 7","t":"ps","c":"Kakamega"}},{"type":"Feature","geometry":{"type":"Point","coordinates":[34.762524,0.332524]},"properties":{"id":"523316994","n":"Eshibutse PD 4","t":"pdw","c":"Kakamega"}},{"type":"Feature","geometry":{"type":"Point","coordinates":[34.775711,0.341263]},"properties":{"id":"523193410","n":"Inaya A PS 4","t":"ps","c":"Kakamega"}},{"type":"Feature","geometry":{"type":"Point","coordinates":[34.740801,0.332221]},"properties":{"id":"523224800","n":"Musaga PD 4","t":"pdw","c":"Kakamega"}},{"type":"Feature","geometry":{"type":"Point","coordinates":[34.722476,0.314346]},"properties":{"id":"523255565","n":"Shitoto A, US, 1","t":"us","c":"Kakamega"}},{"type":"Feature","geometry":{"type":"Point","coordinates":[34.74768,0.335444]},"properties":{"id":"523354488","n":"Shibikhwa PD 3","t":"pdw","c":"Kakamega"}},{"type":"Feature","geometry":{"type":"Point","coordinates":[34.739796,0.327804]},"properties":{"id":"523330734","n":"Ebuhang'wa PD /PWS 24","t":"pdw","c":"Kakamega"}},{"type":"Feature","geometry":{"type":"Point","coordinates":[34.73718,0.330585]},"properties":{"id":"523329956","n":"Emulakha PD 12","t":"pdw","c":"Kakamega"}},{"type":"Feature","geometry":{"type":"Point","coordinates":[34.74305,0.329578]},"properties":{"id":"523333201","n":"Ebuhang'wa PD 26","t":"pdw","c":"Kakamega"}},{"type":"Feature","geometry":{"type":"Point","coordinates":[34.721471,0.326423]},"properties":{"id":"523330507","n":"Efihule A, US, 10","t":"us","c":"Kakamega"}},{"type":"Feature","geometry":{"type":"Point","coordinates":[34.740791,0.318906]},"properties":{"id":"523280523","n":"Mukoyani US 7","t":"us","c":"Kakamega"}},{"type":"Feature","geometry":{"type":"Point","coordinates":[34.733821,0.319627]},"properties":{"id":"523308274","n":"Shikoti B, PD, 14","t":"us","c":"Kakamega"}},{"type":"Feature","geometry":{"type":"Point","coordinates":[34.744862,0.310903]},"properties":{"id":"523268912","n":"Emavusi PD 9","t":"pdw","c":"Kakamega"}},{"type":"Feature","geometry":{"type":"Point","coordinates":[34.71489,0.312907]},"properties":{"id":"523192880","n":"Mumuli, PS, 8","t":"ps","c":"Kakamega"}},{"type":"Feature","geometry":{"type":"Point","coordinates":[34.734057,0.321345]},"properties":{"id":"523293365","n":"Emulakha PD 23","t":"pdw","c":"Kakamega"}},{"type":"Feature","geometry":{"type":"Point","coordinates":[34.743942,0.313841]},"properties":{"id":"445268111","n":"Musaa Community, Perita Andika Spring - 22035","t":"ps","c":"Kakamega"}},{"type":"Feature","geometry":{"type":"Point","coordinates":[34.726929,0.328282]},"properties":{"id":"523275514","n":"Efihule B, PS, 4","t":"ps","c":"Kakamega"}},{"type":"Feature","geometry":{"type":"Point","coordinates":[34.615707,0.21195]},"properties":{"id":"523277372","n":"Enyakwaka PS2","t":"ps","c":"Kakamega"}},{"type":"Feature","geometry":{"type":"Point","coordinates":[34.616773,0.277032]},"properties":{"id":"523221223","n":"Esokone PS1","t":"ps","c":"Kakamega"}},{"type":"Feature","geometry":{"type":"Point","coordinates":[34.616163,0.230417]},"properties":{"id":"523279415","n":"Shianda PS2","t":"ps","c":"Kakamega"}},{"type":"Feature","geometry":{"type":"Point","coordinates":[34.614945,0.196203]},"properties":{"id":"523348052","n":"Ebukulima US1","t":"us","c":"Kakamega"}},{"type":"Feature","geometry":{"type":"Point","coordinates":[34.636185,0.213107]},"properties":{"id":"523284857","n":"Mwiyenga A. PD5","t":"pdw","c":"Kakamega"}},{"type":"Feature","geometry":{"type":"Point","coordinates":[34.614692,0.21564]},"properties":{"id":"523208697","n":"Ekhananga PD2","t":"pdw","c":"Kakamega"}},{"type":"Feature","geometry":{"type":"Point","coordinates":[34.636693,0.259035]},"properties":{"id":"523210744","n":"Eshibakala PD15","t":"pdw","c":"Kakamega"}},{"type":"Feature","geometry":{"type":"Point","coordinates":[34.641947,0.248795]},"properties":{"id":"523194246","n":"Elwabembe PS2","t":"ps","c":"Kakamega"}},{"type":"Feature","geometry":{"type":"Point","coordinates":[34.635148,0.263798]},"properties":{"id":"523203348","n":"Eshibakala PD12","t":"ps","c":"Kakamega"}},{"type":"Feature","geometry":{"type":"Point","coordinates":[34.612213,0.217715]},"properties":{"id":"523267186","n":"Esokomi PD1","t":"pdw","c":"Kakamega"}},{"type":"Feature","geometry":{"type":"Point","coordinates":[34.628755,0.26656]},"properties":{"id":"523234388","n":"Eshimichini PD9","t":"pdw","c":"Kakamega"}},{"type":"Feature","geometry":{"type":"Point","coordinates":[34.621678,0.264933]},"properties":{"id":"523322753","n":"Eshimichini PD3","t":"pdw","c":"Kakamega"}},{"type":"Feature","geometry":{"type":"Point","coordinates":[34.617933,0.254618]},"properties":{"id":"523276591","n":"Eshirembe PD5","t":"pdw","c":"Kakamega"}},{"type":"Feature","geometry":{"type":"Point","coordinates":[34.63182,0.231372]},"properties":{"id":"523250584","n":"Eshirumba PS1","t":"ps","c":"Kakamega"}},{"type":"Feature","geometry":{"type":"Point","coordinates":[34.623975,0.252263]},"properties":{"id":"523327480","n":"Eshirembe PD12","t":"pdw","c":"Kakamega"}},{"type":"Feature","geometry":{"type":"Point","coordinates":[34.62412,0.254007]},"properties":{"id":"523307338","n":"Eshirembe PD13","t":"pdw","c":"Kakamega"}},{"type":"Feature","geometry":{"type":"Point","coordinates":[34.620205,0.273865]},"properties":{"id":"523217215","n":"Esokone PD8","t":"pdw","c":"Kakamega"}},{"type":"Feature","geometry":{"type":"Point","coordinates":[34.625364,0.240571]},"properties":{"id":"539195752","n":"Echibiywa Community, Kwadoya Spring - 23101","t":"ps","c":"Kakamega"}},{"type":"Feature","geometry":{"type":"Point","coordinates":[34.638307,0.212458]},"properties":{"id":"523320627","n":"Mwiyenga A PD2","t":"pdw","c":"Kakamega"}},{"type":"Feature","geometry":{"type":"Point","coordinates":[34.614515,0.216738]},"properties":{"id":"523212911","n":"Emakhatsa PD5","t":"pdw","c":"Kakamega"}},{"type":"Feature","geometry":{"type":"Point","coordinates":[34.624293,0.277808]},"properties":{"id":"523285164","n":"Emukangu PD4","t":"pdw","c":"Kakamega"}},{"type":"Feature","geometry":{"type":"Point","coordinates":[34.616013,0.235917]},"properties":{"id":"523221670","n":"Eshisendo PD1","t":"pdw","c":"Kakamega"}},{"type":"Feature","geometry":{"type":"Point","coordinates":[34.629893,0.264592]},"properties":{"id":"523284527","n":"Eshirembe US6","t":"us","c":"Kakamega"}},{"type":"Feature","geometry":{"type":"Point","coordinates":[34.616213,0.243867]},"properties":{"id":"523209241","n":"Emulundu PS1","t":"ps","c":"Kakamega"}},{"type":"Feature","geometry":{"type":"Point","coordinates":[34.61842,0.219048]},"properties":{"id":"523290393","n":"Emakhatsa PD8","t":"pdw","c":"Kakamega"}},{"type":"Feature","geometry":{"type":"Point","coordinates":[34.613929,0.280184]},"properties":{"id":"523330071","n":"Muitawa PS 10","t":"ps","c":"Kakamega"}},{"type":"Feature","geometry":{"type":"Point","coordinates":[34.612562,0.246507]},"properties":{"id":"523290032","n":"Mumbinga US2","t":"us","c":"Kakamega"}},{"type":"Feature","geometry":{"type":"Point","coordinates":[34.634292,0.265392]},"properties":{"id":"523211233","n":"Eshibakala PD10","t":"pdw","c":"Kakamega"}},{"type":"Feature","geometry":{"type":"Point","coordinates":[34.618767,0.254723]},"properties":{"id":"523193874","n":"Eshirembe PD4","t":"pdw","c":"Kakamega"}},{"type":"Feature","geometry":{"type":"Point","coordinates":[34.63263,0.263877]},"properties":{"id":"523323008","n":"Eshibakala PD7","t":"pdw","c":"Kakamega"}},{"type":"Feature","geometry":{"type":"Point","coordinates":[34.618913,0.254978]},"properties":{"id":"523302182","n":"Eshirembe PD3","t":"pdw","c":"Kakamega"}},{"type":"Feature","geometry":{"type":"Point","coordinates":[34.611532,0.206153]},"properties":{"id":"523246703","n":"Shiamshinjiri US2","t":"us","c":"Kakamega"}},{"type":"Feature","geometry":{"type":"Point","coordinates":[34.635923,0.25291]},"properties":{"id":"523253367","n":"Mulwanda PD1","t":"pdw","c":"Kakamega"}},{"type":"Feature","geometry":{"type":"Point","coordinates":[34.610322,0.192355]},"properties":{"id":"523252696","n":"Ebutenje PD5","t":"pdw","c":"Kakamega"}},{"type":"Feature","geometry":{"type":"Point","coordinates":[34.624948,0.206855]},"properties":{"id":"539195817","n":"Mwikholo Community, Mahero Spring - 23120","t":"ps","c":"Kakamega"}},{"type":"Feature","geometry":{"type":"Point","coordinates":[34.634172,0.248335]},"properties":{"id":"523284826","n":"Mulwanda PD4","t":"pdw","c":"Kakamega"}},{"type":"Feature","geometry":{"type":"Point","coordinates":[34.63002,0.256628]},"properties":{"id":"523326410","n":"Eshitua PS2","t":"ps","c":"Kakamega"}},{"type":"Feature","geometry":{"type":"Point","coordinates":[34.634472,0.205545]},"properties":{"id":"523222918","n":"Mwiyenga PD1","t":"pdw","c":"Kakamega"}},{"type":"Feature","geometry":{"type":"Point","coordinates":[34.635225,0.21627]},"properties":{"id":"523317476","n":"Bukalama PD16","t":"pdw","c":"Kakamega"}},{"type":"Feature","geometry":{"type":"Point","coordinates":[34.625862,0.25528]},"properties":{"id":"523328900","n":"Eshirembe UD2","t":"udw","c":"Kakamega"}},{"type":"Feature","geometry":{"type":"Point","coordinates":[34.617728,0.24194]},"properties":{"id":"523293372","n":"Emulundu BH1","t":"bh","c":"Kakamega"}},{"type":"Feature","geometry":{"type":"Point","coordinates":[34.627868,0.20397]},"properties":{"id":"523330301","n":"Mulwanda A PD11","t":"pdw","c":"Kakamega"}},{"type":"Feature","geometry":{"type":"Point","coordinates":[34.618252,0.208093]},"properties":{"id":"523262404","n":"Enyakwaka PD3","t":"pdw","c":"Kakamega"}},{"type":"Feature","geometry":{"type":"Point","coordinates":[34.615888,0.242118]},"properties":{"id":"523348643","n":"Emulundu US1","t":"us","c":"Kakamega"}},{"type":"Feature","geometry":{"type":"Point","coordinates":[34.620625,0.241273]},"properties":{"id":"523265177","n":"Echibiywa US1","t":"us","c":"Kakamega"}},{"type":"Feature","geometry":{"type":"Point","coordinates":[34.63109,0.252713]},"properties":{"id":"523325495","n":"Eshitua PD7","t":"pdw","c":"Kakamega"}},{"type":"Feature","geometry":{"type":"Point","coordinates":[34.636033,0.260885]},"properties":{"id":"523241382","n":"Eshibakala PD14","t":"pdw","c":"Kakamega"}},{"type":"Feature","geometry":{"type":"Point","coordinates":[34.626628,0.236597]},"properties":{"id":"523340140","n":"Elunani PD2","t":"pdw","c":"Kakamega"}},{"type":"Feature","geometry":{"type":"Point","coordinates":[34.63403,0.262045]},"properties":{"id":"523310596","n":"Eshibakala PD6","t":"pdw","c":"Kakamega"}},{"type":"Feature","geometry":{"type":"Point","coordinates":[34.618315,0.229249]},"properties":{"id":"493192666","n":"Esiandukusi Community, Wambaya Spring - 23111","t":"ps","c":"Kakamega"}},{"type":"Feature","geometry":{"type":"Point","coordinates":[34.62593,0.210912]},"properties":{"id":"523306203","n":"Eshiembekho PD7","t":"pdw","c":"Kakamega"}},{"type":"Feature","geometry":{"type":"Point","coordinates":[34.615978,0.211703]},"properties":{"id":"493192673","n":"Enyakwaka Community, Nyamwoso Spring - 23121","t":"ps","c":"Kakamega"}},{"type":"Feature","geometry":{"type":"Point","coordinates":[34.6166,0.21888]},"properties":{"id":"523298786","n":"Emakhatsa PD1","t":"pdw","c":"Kakamega"}},{"type":"Feature","geometry":{"type":"Point","coordinates":[34.6329,0.223695]},"properties":{"id":"523246071","n":"Emuyinda PD6","t":"pdw","c":"Kakamega"}},{"type":"Feature","geometry":{"type":"Point","coordinates":[34.62379,0.281799]},"properties":{"id":"523211082","n":"Isango A PD 1","t":"pdw","c":"Kakamega"}},{"type":"Feature","geometry":{"type":"Point","coordinates":[34.619422,0.199653]},"properties":{"id":"523318611","n":"Ebuyemi PD1","t":"pdw","c":"Kakamega"}},{"type":"Feature","geometry":{"type":"Point","coordinates":[34.644138,0.253717]},"properties":{"id":"523247182","n":"Ikuywa US2","t":"us","c":"Kakamega"}},{"type":"Feature","geometry":{"type":"Point","coordinates":[34.631632,0.257533]},"properties":{"id":"523323431","n":"Eshitua PD3","t":"pdw","c":"Kakamega"}},{"type":"Feature","geometry":{"type":"Point","coordinates":[34.617648,0.197688]},"properties":{"id":"523243906","n":"Ebuyemi PD2","t":"pdw","c":"Kakamega"}},{"type":"Feature","geometry":{"type":"Point","coordinates":[34.632387,0.214927]},"properties":{"id":"523305082","n":"Bukalama PD23","t":"pdw","c":"Kakamega"}},{"type":"Feature","geometry":{"type":"Point","coordinates":[34.612558,0.20204]},"properties":{"id":"523311793","n":"Elukhambi B PS1","t":"ps","c":"Kakamega"}},{"type":"Feature","geometry":{"type":"Point","coordinates":[34.640437,0.211393]},"properties":{"id":"523251293","n":"Mwiyenga A PS4","t":"ps","c":"Kakamega"}},{"type":"Feature","geometry":{"type":"Point","coordinates":[34.622272,0.253167]},"properties":{"id":"523202866","n":"Eshirembe US2","t":"ps","c":"Kakamega"}},{"type":"Feature","geometry":{"type":"Point","coordinates":[34.625735,0.232113]},"properties":{"id":"523232575","n":"Eshirumba PD6","t":"pdw","c":"Kakamega"}},{"type":"Feature","geometry":{"type":"Point","coordinates":[34.622212,0.26742]},"properties":{"id":"523250113","n":"Eshimichini PD2","t":"pdw","c":"Kakamega"}},{"type":"Feature","geometry":{"type":"Point","coordinates":[34.623922,0.230412]},"properties":{"id":"523292302","n":"Ekabala US1","t":"us","c":"Kakamega"}},{"type":"Feature","geometry":{"type":"Point","coordinates":[34.616641,0.212701]},"properties":{"id":"506970409","n":"Enyakwaka Community, Eviratsi Spring - 23103","t":"ps","c":"Kakamega"}},{"type":"Feature","geometry":{"type":"Point","coordinates":[34.630372,0.207637]},"properties":{"id":"523265270","n":"Soi PD2","t":"pdw","c":"Kakamega"}},{"type":"Feature","geometry":{"type":"Point","coordinates":[34.624928,0.21253]},"properties":{"id":"523256920","n":"Eshiembekho PS2","t":"ps","c":"Kakamega"}},{"type":"Feature","geometry":{"type":"Point","coordinates":[34.623037,0.259478]},"properties":{"id":"523316327","n":"Eshirembe PD18","t":"pdw","c":"Kakamega"}},{"type":"Feature","geometry":{"type":"Point","coordinates":[34.643023,0.253483]},"properties":{"id":"523344209","n":"Ikuywa PD2","t":"pdw","c":"Kakamega"}},{"type":"Feature","geometry":{"type":"Point","coordinates":[34.641128,0.209303]},"properties":{"id":"523262222","n":"Mwiyenga A PS2","t":"ps","c":"Kakamega"}},{"type":"Feature","geometry":{"type":"Point","coordinates":[34.617865,0.214467]},"properties":{"id":"539195783","n":"Ekapwonje Community, Mshindu Spring - 23122","t":"ps","c":"Kakamega"}},{"type":"Feature","geometry":{"type":"Point","coordinates":[34.633497,0.21645]},"properties":{"id":"523241368","n":"Bukalama PD19","t":"pdw","c":"Kakamega"}},{"type":"Feature","geometry":{"type":"Point","coordinates":[34.61267,0.193768]},"properties":{"id":"523238519","n":"Ebukulima PD4","t":"pdw","c":"Kakamega"}},{"type":"Feature","geometry":{"type":"Point","coordinates":[34.642887,0.265103]},"properties":{"id":"523329932","n":"Emuraka B PD3","t":"pdw","c":"Kakamega"}},{"type":"Feature","geometry":{"type":"Point","coordinates":[34.634497,0.24315]},"properties":{"id":"523336905","n":"Ebukhang'a PD7","t":"pdw","c":"Kakamega"}},{"type":"Feature","geometry":{"type":"Point","coordinates":[34.634727,0.211237]},"properties":{"id":"523246727","n":"Bukalama PD3","t":"pdw","c":"Kakamega"}},{"type":"Feature","geometry":{"type":"Point","coordinates":[34.629638,0.234985]},"properties":{"id":"523280200","n":"Eshirumba PD4","t":"pdw","c":"Kakamega"}}]}